{"accuracy": 0.675, "clf_time": 5031673.0, "vbs_time": 4937826.0, "chuffed_time": 41707462.0, "cp-sat_time": 63579297.0, "clf_vbs": 1.0190057324822706, "chuffed_vbs": 8.446523227023391, "cp-sat_vbs": 12.875969505608339, "clf_chuffed": 0.12064203283335725, "clf_cp-sat": 0.07914011694718802}