{"accuracy": 0.675, "clf_time": 26578062.0, "vbs_time": 2410539.0, "chuffed_time": 110089369.0, "cp-sat_time": 40144373.0, "clf_vbs": 11.025775563058719, "chuffed_vbs": 45.67002193285402, "cp-sat_vbs": 16.6536915602693, "clf_chuffed": 0.24142260275830993, "clf_cp-sat": 0.6620619532406198}