{"accuracy": 0.625, "clf_time": 17973247.0, "vbs_time": 4366685.0, "chuffed_time": 65536123.0, "cp-sat_time": 63882804.0, "clf_vbs": 4.115993482470111, "chuffed_vbs": 15.008209431181777, "cp-sat_vbs": 14.629588349056549, "clf_chuffed": 0.27424947002128885, "clf_cp-sat": 0.2813471838211735}