{"accuracy": 0.675, "clf_time": 52719576.0, "vbs_time": 6799902.0, "chuffed_time": 112624599.0, "cp-sat_time": 65089094.0, "clf_vbs": 7.752990557805098, "chuffed_vbs": 16.56267972685489, "cp-sat_vbs": 9.572063538562762, "clf_chuffed": 0.46810001072678625, "clf_cp-sat": 0.8099602062367007}