{"accuracy": 0.75, "clf_time": 52805114.0, "vbs_time": 6799902.0, "chuffed_time": 112624599.0, "cp-sat_time": 65089094.0, "clf_vbs": 7.7655698567420535, "chuffed_vbs": 16.56267972685489, "cp-sat_vbs": 9.572063538562762, "clf_chuffed": 0.4688595073266365, "clf_cp-sat": 0.8112743741678138}