{"accuracy": 0.6, "clf_time": 29236616.0, "vbs_time": 4937826.0, "chuffed_time": 41707462.0, "cp-sat_time": 63579297.0, "clf_vbs": 5.920949016834534, "chuffed_vbs": 8.446523227023391, "cp-sat_vbs": 12.875969505608339, "clf_chuffed": 0.7009924507034256, "clf_cp-sat": 0.45984490831976327}