{"accuracy": 0.725, "clf_time": 64694514.0, "vbs_time": 6799902.0, "chuffed_time": 112624599.0, "cp-sat_time": 65089094.0, "clf_vbs": 9.514036231698633, "chuffed_vbs": 16.56267972685489, "cp-sat_vbs": 9.572063538562762, "clf_chuffed": 0.574426142906844, "clf_cp-sat": 0.9939378477137814}