{"accuracy": 0.7, "clf_time": 29157961.0, "vbs_time": 4366685.0, "chuffed_time": 65536123.0, "cp-sat_time": 63882804.0, "clf_vbs": 6.677367614105437, "chuffed_vbs": 15.008209431181777, "cp-sat_vbs": 14.629588349056549, "clf_chuffed": 0.44491434136254904, "clf_cp-sat": 0.45642894760849884}