{"accuracy": 0.625, "clf_time": 73905940.0, "vbs_time": 2410539.0, "chuffed_time": 110089369.0, "cp-sat_time": 40144373.0, "clf_vbs": 30.659508101715012, "chuffed_vbs": 45.67002193285402, "cp-sat_vbs": 16.6536915602693, "clf_chuffed": 0.6713267654390861, "clf_cp-sat": 1.8410037192510142}