{"accuracy": 0.75, "clf_time": 6070073.0, "vbs_time": 4937826.0, "chuffed_time": 41707462.0, "cp-sat_time": 63579297.0, "clf_vbs": 1.229300708449427, "chuffed_vbs": 8.446523227023391, "cp-sat_vbs": 12.875969505608339, "clf_chuffed": 0.14553925626066624, "clf_cp-sat": 0.09547247746385117}