{"accuracy": 0.725, "clf_time": 38520202.0, "vbs_time": 2410539.0, "chuffed_time": 110089369.0, "cp-sat_time": 40144373.0, "clf_vbs": 15.97991237644361, "chuffed_vbs": 45.67002193285402, "cp-sat_vbs": 16.6536915602693, "clf_chuffed": 0.34989938038431306, "clf_cp-sat": 0.959541751966085}