{"accuracy": 0.7, "clf_time": 66329868.0, "vbs_time": 6799902.0, "chuffed_time": 112624599.0, "cp-sat_time": 65089094.0, "clf_vbs": 9.754532932974623, "chuffed_vbs": 16.56267972685489, "cp-sat_vbs": 9.572063538562762, "clf_chuffed": 0.5889465408884608, "clf_cp-sat": 1.0190627019635579}