{"accuracy": 0.675, "clf_time": 17618508.0, "vbs_time": 4937826.0, "chuffed_time": 41707462.0, "cp-sat_time": 63579297.0, "clf_vbs": 3.5680698347815416, "chuffed_vbs": 8.446523227023391, "cp-sat_vbs": 12.875969505608339, "clf_chuffed": 0.42243059527333504, "clf_cp-sat": 0.2771107708221436}