{"accuracy": 0.65, "clf_time": 50469005.0, "vbs_time": 2410539.0, "chuffed_time": 110089369.0, "cp-sat_time": 40144373.0, "clf_vbs": 20.936813301921273, "chuffed_vbs": 45.67002193285402, "cp-sat_vbs": 16.6536915602693, "clf_chuffed": 0.45843668156550155, "clf_cp-sat": 1.2571875266304446}