{"accuracy": 0.7, "clf_time": 28631419.0, "vbs_time": 4366685.0, "chuffed_time": 65536123.0, "cp-sat_time": 63882804.0, "clf_vbs": 6.556785982959614, "chuffed_vbs": 15.008209431181777, "cp-sat_vbs": 14.629588349056549, "clf_chuffed": 0.4368799631311727, "clf_cp-sat": 0.44818663563985073}