{"accuracy": 0.7, "clf_time": 16232207.0, "vbs_time": 2847731.0, "chuffed_time": 75625721.0, "cp-sat_time": 27469025.0, "clf_vbs": 5.700049267293856, "chuffed_vbs": 26.556483389758373, "cp-sat_vbs": 9.645933903167117, "clf_chuffed": 0.21463870737840635, "clf_cp-sat": 0.5909276721689248}