{"accuracy": 0.675, "clf_time": 29551175.0, "vbs_time": 4937826.0, "chuffed_time": 41707462.0, "cp-sat_time": 63579297.0, "clf_vbs": 5.9846529626600855, "chuffed_vbs": 8.446523227023391, "cp-sat_vbs": 12.875969505608339, "clf_chuffed": 0.708534482390705, "clf_cp-sat": 0.4647924150529692}