{"accuracy": 0.725, "clf_time": 66367543.0, "vbs_time": 6799902.0, "chuffed_time": 112624599.0, "cp-sat_time": 65089094.0, "clf_vbs": 9.760073453999778, "chuffed_vbs": 16.56267972685489, "cp-sat_vbs": 9.572063538562762, "clf_chuffed": 0.5892810592826173, "clf_cp-sat": 1.0196415239702061}