{"accuracy": 0.65, "clf_time": 38484894.0, "vbs_time": 2847731.0, "chuffed_time": 75625721.0, "cp-sat_time": 27469025.0, "clf_vbs": 13.514230803401023, "chuffed_vbs": 26.556483389758373, "cp-sat_vbs": 9.645933903167117, "clf_chuffed": 0.508886308667391, "clf_cp-sat": 1.4010287587564538}