{"accuracy": 0.525, "clf_time": 75686342.0, "vbs_time": 2847731.0, "chuffed_time": 75625721.0, "cp-sat_time": 27469025.0, "clf_vbs": 26.57777086389129, "chuffed_vbs": 26.556483389758373, "cp-sat_vbs": 9.645933903167117, "clf_chuffed": 1.0008015923577112, "clf_cp-sat": 2.755334126347768}