{"accuracy": 0.675, "clf_time": 76729115.0, "vbs_time": 6799902.0, "chuffed_time": 112624599.0, "cp-sat_time": 65089094.0, "clf_vbs": 11.283856002630626, "chuffed_vbs": 16.56267972685489, "cp-sat_vbs": 9.572063538562762, "clf_chuffed": 0.6812820261406658, "clf_cp-sat": 1.1788321250868847}