{"accuracy": 0.725, "clf_time": 27460693.0, "vbs_time": 2847731.0, "chuffed_time": 75625721.0, "cp-sat_time": 27469025.0, "clf_vbs": 9.643008065017376, "chuffed_vbs": 26.556483389758373, "cp-sat_vbs": 9.645933903167117, "clf_chuffed": 0.36311313977423104, "clf_cp-sat": 0.9996966765292907}