{"accuracy": 0.65, "clf_time": 29318939.0, "vbs_time": 4366685.0, "chuffed_time": 65536123.0, "cp-sat_time": 63882804.0, "clf_vbs": 6.714232650168262, "chuffed_vbs": 15.008209431181777, "cp-sat_vbs": 14.629588349056549, "clf_chuffed": 0.4473706660981456, "clf_cp-sat": 0.458948843259917}