{"accuracy": 0.575, "clf_time": 40140894.0, "vbs_time": 4937826.0, "chuffed_time": 41707462.0, "cp-sat_time": 63579297.0, "clf_vbs": 8.129264579189304, "chuffed_vbs": 8.446523227023391, "cp-sat_vbs": 12.875969505608339, "clf_chuffed": 0.9624391433839825, "clf_cp-sat": 0.6313516489495}