{"accuracy": 0.775, "clf_time": 42264922.0, "vbs_time": 6799902.0, "chuffed_time": 112624599.0, "cp-sat_time": 65089094.0, "clf_vbs": 6.215519282483777, "chuffed_vbs": 16.56267972685489, "cp-sat_vbs": 9.572063538562762, "clf_chuffed": 0.37527256367856193, "clf_cp-sat": 0.6493395345155673}