{"accuracy": 0.65, "clf_time": 26486042.0, "vbs_time": 2847731.0, "chuffed_time": 75625721.0, "cp-sat_time": 27469025.0, "clf_vbs": 9.300752774752953, "chuffed_vbs": 26.556483389758373, "cp-sat_vbs": 9.645933903167117, "clf_chuffed": 0.35022531553781816, "clf_cp-sat": 0.9642148565520618}