{"accuracy": 0.625, "clf_time": 27248798.0, "vbs_time": 2847731.0, "chuffed_time": 75625721.0, "cp-sat_time": 27469025.0, "clf_vbs": 9.568599702710685, "chuffed_vbs": 26.556483389758373, "cp-sat_vbs": 9.645933903167117, "clf_chuffed": 0.3603112491317603, "clf_cp-sat": 0.9919827150763451}