{"accuracy": 0.675, "clf_time": 38475943.0, "vbs_time": 2847731.0, "chuffed_time": 75625721.0, "cp-sat_time": 27469025.0, "clf_vbs": 13.511087599214953, "chuffed_vbs": 26.556483389758373, "cp-sat_vbs": 9.645933903167117, "clf_chuffed": 0.5087679494652355, "clf_cp-sat": 1.4007029008128247}