{"accuracy": 0.7, "clf_time": 40548112.0, "vbs_time": 4366685.0, "chuffed_time": 65536123.0, "cp-sat_time": 63882804.0, "clf_vbs": 9.285788189438898, "chuffed_vbs": 15.008209431181777, "cp-sat_vbs": 14.629588349056549, "clf_chuffed": 0.6187139266691135, "clf_cp-sat": 0.6347265533303766}