problem,year,instance,cp-sat,chuffed,graph
ATSP,2021,instance10_0p25,1.0,0.0,ATSP-2021-instance10_0p25.graph
ATSP,2021,instance16_0p35,1.0,0.0,ATSP-2021-instance16_0p35.graph
ATSP,2021,instance19_0p35,1.0,0.0,ATSP-2021-instance19_0p35.graph
ATSP,2021,instance5_0p15,0.5,0.5,ATSP-2021-instance5_0p15.graph
ATSP,2021,instance9_0p25,1.0,0.0,ATSP-2021-instance9_0p25.graph
EchoSched,2025,12-12-0-1_7,1.0,0.0,EchoSched-2025-12-12-0-1_7.graph
EchoSched,2025,13-14-0-2_6,1.0,0.0,EchoSched-2025-13-14-0-2_6.graph
EchoSched,2025,14-10-0-2_1,0.7970822281167109,0.2029177718832891,EchoSched-2025-14-10-0-2_1.graph
EchoSched,2025,14-10-0-2_3,1.0,0.0,EchoSched-2025-14-10-0-2_3.graph
EchoSched,2025,15-15-0-1_3,0.8076923076923077,0.1923076923076923,EchoSched-2025-15-15-0-1_3.graph
accap,2019,accap_instance3,0.1551401869158878,0.8448598130841122,accap-2019-accap_instance3.graph
accap,2019,accap_instance5,0.1742424242424242,0.8257575757575758,accap-2019-accap_instance5.graph
accap,2019,accap_instance6,0.0,1.0,accap-2019-accap_instance6.graph
accap,2019,accap_instance8,1.0,0.0,accap-2019-accap_instance8.graph
accap,2019,accap_instance9,1.0,0.0,accap-2019-accap_instance9.graph
accap,2022,accap_a12_f100_t60,0.7759856630824373,0.2240143369175627,accap-2022-accap_a12_f100_t60.graph
accap,2022,accap_a18_f140_t85,0.0,1.0,accap-2022-accap_a18_f140_t85.graph
accap,2022,accap_a40_f800_t180,1.0,0.0,accap-2022-accap_a40_f800_t180.graph
accap,2022,accap_a4_f30_t15,0.0,1.0,accap-2022-accap_a4_f30_t15.graph
accap,2022,accap_a5_f40_t20,0.1941747572815534,0.8058252427184466,accap-2022-accap_a5_f40_t20.graph
accap,2024,accap_a10_f80_t50,0.2514868309260832,0.7485131690739167,accap-2024-accap_a10_f80_t50.graph
accap,2024,accap_a20_f160_t90,1.0,0.0,accap-2024-accap_a20_f160_t90.graph
accap,2024,accap_a30_f300_t120,0.0,1.0,accap-2024-accap_a30_f300_t120.graph
accap,2024,accap_a3_f20_t10,0.7713178294573644,0.2286821705426356,accap-2024-accap_a3_f20_t10.graph
accap,2024,accap_a8_f50_t30,0.1395348837209302,0.8604651162790697,accap-2024-accap_a8_f50_t30.graph
aircraft-disassembly,2024,B737NG-600-01-Anon,1.0,0.0,aircraft-disassembly-2024-B737NG-600-01-Anon.graph
aircraft-disassembly,2024,B737NG-600-02-Anon,1.0,0.0,aircraft-disassembly-2024-B737NG-600-02-Anon.graph
aircraft-disassembly,2024,B737NG-600-04-Anon,1.0,0.0,aircraft-disassembly-2024-B737NG-600-04-Anon.graph
amaze,2012,2012-03-08,0.1059506531204644,0.8940493468795355,amaze-2012-2012-03-08.graph
amaze,2012,2012-03-15,0.5,0.5,amaze-2012-2012-03-15.graph
amaze,2012,2012-03-19,0.5,0.5,amaze-2012-2012-03-19.graph
amaze,2012,2012-06-22,0.0,1.0,amaze-2012-2012-06-22.graph
amaze,2012,2012-06-29,0.0175438596491228,0.9824561403508772,amaze-2012-2012-06-29.graph
amaze,2012,2012-07-04,0.0,1.0,amaze-2012-2012-07-04.graph
amaze,2014,2012-04-27,0.5,0.5,amaze-2014-2012-04-27.graph
amaze,2014,2012-05-31,0.5,0.5,amaze-2014-2012-05-31.graph
amaze,2014,2012-06-15,0.5,0.5,amaze-2014-2012-06-15.graph
amaze,2014,mod2012-03-19,0.5,0.5,amaze-2014-mod2012-03-19.graph
amaze,2014,mod2012-06-22,0.1875,0.8125,amaze-2014-mod2012-06-22.graph
amaze,2019,2012-03-19,0.5,0.5,amaze-2019-2012-03-19.graph
amaze,2019,2012-03-29,0.5,0.5,amaze-2019-2012-03-29.graph
amaze,2019,2012-07-13,0.5,0.5,amaze-2019-2012-07-13.graph
amaze,2019,2012-07-27,0.5,0.5,amaze-2019-2012-07-27.graph
amaze,2019,mod2012-03-29,0.5,0.5,amaze-2019-mod2012-03-29.graph
amaze2,2012,2012-03-08,0.974050046339203,0.025949953660797,amaze2-2012-2012-03-08.graph
amaze2,2012,2012-03-15,0.8,0.2,amaze2-2012-2012-03-15.graph
amaze2,2012,2012-06-22,0.75,0.25,amaze2-2012-2012-06-22.graph
amaze2,2012,2012-06-28,0.5,0.5,amaze2-2012-2012-06-28.graph
amaze2,2012,2012-06-29,0.929481733220051,0.070518266779949,amaze2-2012-2012-06-29.graph
amaze2,2012,2012-07-04,0.9578059071729956,0.0421940928270042,amaze2-2012-2012-07-04.graph
arithmetic-target,2022,4108_with_1_2_2_3_3_5_6_6_7_8_9,0.5714285714285714,0.4285714285714285,arithmetic-target-2022-4108_with_1_2_2_3_3_5_6_6_7_8_9.graph
arithmetic-target,2022,6872_with_1_2_3_3_4_4_5_6_7_9_10,0.8648648648648649,0.1351351351351351,arithmetic-target-2022-6872_with_1_2_3_3_4_4_5_6_7_9_10.graph
arithmetic-target,2022,814_with_1_2_4_6_6_7_8_9,0.0,1.0,arithmetic-target-2022-814_with_1_2_4_6_6_7_8_9.graph
arithmetic-target,2022,910_with_1_2_3_6_12_25_50_87,0.0,1.0,arithmetic-target-2022-910_with_1_2_3_6_12_25_50_87.graph
atsp,2025,instance11_0p25,1.0,0.0,atsp-2025-instance11_0p25.graph
atsp,2025,instance14_0p25,1.0,0.0,atsp-2025-instance14_0p25.graph
atsp,2025,instance1_0p05,0.5,0.5,atsp-2025-instance1_0p05.graph
atsp,2025,instance20_0p35,1.0,0.0,atsp-2025-instance20_0p35.graph
atsp,2025,instance4_0p15,1.0,0.0,atsp-2025-instance4_0p15.graph
black-hole,2013,12,0.0,1.0,black-hole-2013-12.graph
black-hole,2013,16,0.0,1.0,black-hole-2013-16.graph
black-hole,2013,18,0.0,1.0,black-hole-2013-18.graph
black-hole,2013,4,0.0,1.0,black-hole-2013-4.graph
black-hole,2013,6,0.5,0.5,black-hole-2013-6.graph
black-hole,2025,layout_14,0.0,1.0,black-hole-2025-layout_14.graph
black-hole,2025,layout_17,0.0,1.0,black-hole-2025-layout_17.graph
black-hole,2025,layout_25,0.0,1.0,black-hole-2025-layout_25.graph
black-hole,2025,layout_27,0.0,1.0,black-hole-2025-layout_27.graph
black-hole,2025,layout_3,0.0,1.0,black-hole-2025-layout_3.graph
blocks-world,2022,16-4-13,0.5754189944134078,0.4245810055865922,blocks-world-2022-16-4-13.graph
blocks-world,2022,16-4-40,0.7765567765567766,0.2234432234432234,blocks-world-2022-16-4-40.graph
blocks-world,2022,16-4-45,1.0,0.0,blocks-world-2022-16-4-45.graph
blocks-world,2022,16-4-5,0.6379310344827587,0.3620689655172414,blocks-world-2022-16-4-5.graph
blocks-world,2022,16-4-83,0.9227099236641222,0.0772900763358778,blocks-world-2022-16-4-83.graph
bnn-planner,2020,cellda_y_10s,0.0793650793650793,0.9206349206349206,bnn-planner-2020-cellda_y_10s.graph
bnn-planner,2020,inventory_4_8s,0.5,0.5,bnn-planner-2020-inventory_4_8s.graph
bnn-planner,2020,navigation_5x5_10s,0.1041666666666666,0.8958333333333334,bnn-planner-2020-navigation_5x5_10s.graph
bnn-planner,2020,sysadmin_4_2s,0.1111111111111111,0.8888888888888888,bnn-planner-2020-sysadmin_4_2s.graph
bnn-planner,2020,sysadmin_5_4s,0.4383030303030303,0.5616969696969697,bnn-planner-2020-sysadmin_5_4s.graph
cable-tree-wiring,2024,A022,0.0984455958549222,0.9015544041450776,cable-tree-wiring-2024-A022.graph
cable-tree-wiring,2024,A033,0.2700228832951945,0.7299771167048055,cable-tree-wiring-2024-A033.graph
cable-tree-wiring,2024,A041,0.0689655172413793,0.9310344827586208,cable-tree-wiring-2024-A041.graph
cable-tree-wiring,2024,A046,0.0576923076923076,0.9423076923076924,cable-tree-wiring-2024-A046.graph
cable-tree-wiring,2024,R193,0.3542009884678748,0.6457990115321252,cable-tree-wiring-2024-R193.graph
cable_tree_wiring,2020,A031,0.5,0.5,cable_tree_wiring-2020-A031.graph
cable_tree_wiring,2020,A073,0.0,1.0,cable_tree_wiring-2020-A073.graph
cable_tree_wiring,2020,R046,0.0967741935483871,0.9032258064516128,cable_tree_wiring-2020-R046.graph
cable_tree_wiring,2020,R189,0.0,1.0,cable_tree_wiring-2020-R189.graph
cable_tree_wiring,2020,R196,0.6169117647058824,0.3830882352941177,cable_tree_wiring-2020-R196.graph
cargo,2013,challenge04_1s_626,0.9916839916839916,0.0083160083160083,cargo-2013-challenge04_1s_626.graph
cargo,2013,challenge05_1s_954,0.9971469329529244,0.0028530670470756,cargo-2013-challenge05_1s_954.graph
cargo,2013,challenge07_1s_133,1.0,0.0,cargo-2013-challenge07_1s_133.graph
cargo,2013,challenge08_222f_3475,1.0,0.0,cargo-2013-challenge08_222f_3475.graph
cargo,2013,challenge10_15966f_2060,1.0,0.0,cargo-2013-challenge10_15966f_2060.graph
cargo,2017,challenge01_0s_1913,0.9829787234042552,0.0170212765957446,cargo-2017-challenge01_0s_1913.graph
cargo,2017,challenge02_0s_1139,0.9955489614243324,0.0044510385756676,cargo-2017-challenge02_0s_1139.graph
cargo,2017,challenge06_1s_3927,1.0,0.0,cargo-2017-challenge06_1s_3927.graph
cargo,2017,challenge16_10720f_4243,1.0,0.0,cargo-2017-challenge16_10720f_4243.graph
cargo,2017,challenge19_31058f_2548,1.0,0.0,cargo-2017-challenge19_31058f_2548.graph
cargo,2018,challenge12_1422f_1644,1.0,0.0,cargo-2018-challenge12_1422f_1644.graph
cargo,2018,challenge20_27613f_2435,1.0,0.0,cargo-2018-challenge20_27613f_2435.graph
cargo,2018,challenge22,0.9884393063583816,0.0115606936416184,cargo-2018-challenge22.graph
cargo,2018,challenge24,0.9662921348314608,0.0337078651685393,cargo-2018-challenge24.graph
cargo,2018,challenge25,0.9473684210526316,0.0526315789473684,cargo-2018-challenge25.graph
carpet-cutting,2012,mzn_rnd_test.05,0.1121951219512195,0.8878048780487805,carpet-cutting-2012-mzn_rnd_test.05.graph
carpet-cutting,2012,mzn_rnd_test.10,1.0,0.0,carpet-cutting-2012-mzn_rnd_test.10.graph
carpet-cutting,2012,mzn_rnd_test.14,0.0,1.0,carpet-cutting-2012-mzn_rnd_test.14.graph
carpet-cutting,2012,mzn_rnd_test.16,0.0357142857142857,0.9642857142857144,carpet-cutting-2012-mzn_rnd_test.16.graph
carpet-cutting,2012,mzn_rnd_test.17,1.0,0.0,carpet-cutting-2012-mzn_rnd_test.17.graph
carpet-cutting,2016,mzn_rnd_test.02,0.5,0.5,carpet-cutting-2016-mzn_rnd_test.02.graph
carpet-cutting,2016,mzn_rnd_test.06,0.6116504854368932,0.3883495145631068,carpet-cutting-2016-mzn_rnd_test.06.graph
carpet-cutting,2016,mzn_rnd_test.11,0.5,0.5,carpet-cutting-2016-mzn_rnd_test.11.graph
carpet-cutting,2016,mzn_rnd_test.13,0.0,1.0,carpet-cutting-2016-mzn_rnd_test.13.graph
carpet-cutting,2016,mzn_rnd_test.20,0.0,1.0,carpet-cutting-2016-mzn_rnd_test.20.graph
carpet-cutting,2021,mzn_rnd_test.01,0.5,0.5,carpet-cutting-2021-mzn_rnd_test.01.graph
carpet-cutting,2021,mzn_rnd_test.03,1.0,0.0,carpet-cutting-2021-mzn_rnd_test.03.graph
carpet-cutting,2021,mzn_rnd_test.09,0.4533333333333333,0.5466666666666666,carpet-cutting-2021-mzn_rnd_test.09.graph
carpet-cutting,2021,mzn_rnd_test.12,0.5,0.5,carpet-cutting-2021-mzn_rnd_test.12.graph
carpet-cutting,2021,mzn_rnd_test.19,0.4350797266514806,0.5649202733485194,carpet-cutting-2021-mzn_rnd_test.19.graph
carpet-cutting,2025,cc_rnd_12_3,0.4028776978417266,0.5971223021582733,carpet-cutting-2025-cc_rnd_12_3.graph
carpet-cutting,2025,cc_rnd_16_1,1.0,0.0,carpet-cutting-2025-cc_rnd_16_1.graph
carpet-cutting,2025,cc_rnd_4_4,0.5,0.5,carpet-cutting-2025-cc_rnd_4_4.graph
carpet-cutting,2025,cc_rnd_8_1,0.1097560975609756,0.8902439024390244,carpet-cutting-2025-cc_rnd_8_1.graph
carpet-cutting,2025,cc_rnd_8_2,0.1714285714285714,0.8285714285714286,carpet-cutting-2025-cc_rnd_8_2.graph
celar,2013,CELAR6-SUB2,1.0,0.0,celar-2013-CELAR6-SUB2.graph
celar,2013,CELAR6-SUB3,1.0,0.0,celar-2013-CELAR6-SUB3.graph
celar,2013,CELAR7-SUB3,1.0,0.0,celar-2013-CELAR7-SUB3.graph
celar,2013,graph11,1.0,0.0,celar-2013-graph11.graph
celar,2013,scen06,1.0,0.0,celar-2013-scen06.graph
celar,2016,CELAR6-SUB0,1.0,0.0,celar-2016-CELAR6-SUB0.graph
celar,2016,CELAR6-SUB4,1.0,0.0,celar-2016-CELAR6-SUB4.graph
celar,2016,CELAR7-SUB4,1.0,0.0,celar-2016-CELAR7-SUB4.graph
celar,2016,graph05,1.0,0.0,celar-2016-graph05.graph
celar,2016,scen07,1.0,0.0,celar-2016-scen07.graph
cgt,2025,cgt_12_h27_r0.05_s0.5_3,1.0,0.0,cgt-2025-cgt_12_h27_r0.05_s0.5_3.graph
cgt,2025,cgt_3_h39_r0.05_s0.5_0,1.0,0.0,cgt-2025-cgt_3_h39_r0.05_s0.5_0.graph
cgt,2025,cgt_3_h39_r0.05_s1_3,1.0,0.0,cgt-2025-cgt_3_h39_r0.05_s1_3.graph
cgt,2025,cgt_5_h27_r0.05_s0.8_0,1.0,0.0,cgt-2025-cgt_5_h27_r0.05_s0.8_0.graph
cgt,2025,cgt_8_h16_r0.05_s0.5_3,1.0,0.0,cgt-2025-cgt_8_h16_r0.05_s0.5_3.graph
chessboard,2023,chessboard3,0.0773067331670823,0.9226932668329176,chessboard-2023-chessboard3.graph
chessboard,2023,chessboard4,0.0,1.0,chessboard-2023-chessboard4.graph
chessboard,2023,chessboard_n12_1,0.5,0.5,chessboard-2023-chessboard_n12_1.graph
chessboard,2023,chessboard_n39_2,1.0,0.0,chessboard-2023-chessboard_n39_2.graph
chessboard,2023,chessboard_n9_1,1.0,0.0,chessboard-2023-chessboard_n9_1.graph
city-position,2017,city-5-05,1.0,0.0,city-position-2017-city-5-05.graph
city-position,2017,city-5-06,1.0,0.0,city-position-2017-city-5-06.graph
city-position,2017,city-5-08,1.0,0.0,city-position-2017-city-5-08.graph
city-position,2017,city-7-04,1.0,0.0,city-position-2017-city-7-04.graph
city-position,2017,city-8-06,1.0,0.0,city-position-2017-city-8-06.graph
code-generator,2019,mips_gcc.cfgrtl.update_br_prob_note,0.040983606557377,0.9590163934426228,code-generator-2019-mips_gcc.cfgrtl.update_br_prob_note.graph
code-generator,2019,mips_gcc.function.use_return_register,1.0,0.0,code-generator-2019-mips_gcc.function.use_return_register.graph
code-generator,2019,mips_gobmk.helpers.dragon_weak,0.0864197530864197,0.9135802469135802,code-generator-2019-mips_gobmk.helpers.dragon_weak.graph
code-generator,2019,mips_gobmk.patterns.autohelperpat1114,0.9642105263157896,0.0357894736842105,code-generator-2019-mips_gobmk.patterns.autohelperpat1114.graph
code-generator,2019,mips_mesa.shapes.auxWireBox,1.0,0.0,code-generator-2019-mips_mesa.shapes.auxWireBox.graph
code-generator,2020,hexagon_gcc.reload1.gen_reload,0.0,1.0,code-generator-2020-hexagon_gcc.reload1.gen_reload.graph
code-generator,2020,mips_gcc.cfgbuild.control_flow_insn_p,0.0294117647058823,0.9705882352941176,code-generator-2020-mips_gcc.cfgbuild.control_flow_insn_p.graph
code-generator,2020,mips_gcc.real.eiremain,1.0,0.0,code-generator-2020-mips_gcc.real.eiremain.graph
code-generator,2020,mips_gobmk.patterns.autohelperpat508,0.6578947368421053,0.3421052631578947,code-generator-2020-mips_gobmk.patterns.autohelperpat508.graph
code-generator,2020,mips_pgp.crypto.encryptfile,1.0,0.0,code-generator-2020-mips_pgp.crypto.encryptfile.graph
code-generator,2023,mips_gcc.flow.find_regno_partial,0.1153846153846153,0.8846153846153846,code-generator-2023-mips_gcc.flow.find_regno_partial.graph
code-generator,2023,mips_gcc.varasm.default_named_section_asm_out_destructor,1.0,0.0,code-generator-2023-mips_gcc.varasm.default_named_section_asm_out_destructor.graph
code-generator,2023,mips_mesa.eval.gl_Map1f,0.0,1.0,code-generator-2023-mips_mesa.eval.gl_Map1f.graph
code-generator,2023,mips_pegwit.ec_vlong.vlShortLshift,0.0769230769230769,0.9230769230769232,code-generator-2023-mips_pegwit.ec_vlong.vlShortLshift.graph
code-generator,2023,mips_rasta.mapping.comp_Jboundaries,0.3571428571428571,0.6428571428571429,code-generator-2023-mips_rasta.mapping.comp_Jboundaries.graph
collaborative-construction,2020,175,0.6973684210526315,0.3026315789473684,collaborative-construction-2020-175.graph
collaborative-construction,2020,307,0.640728476821192,0.3592715231788079,collaborative-construction-2020-307.graph
collaborative-construction,2020,37,0.7272727272727273,0.2727272727272727,collaborative-construction-2020-37.graph
collaborative-construction,2020,455,0.6559723593287266,0.3440276406712734,collaborative-construction-2020-455.graph
collaborative-construction,2020,46,0.375,0.625,collaborative-construction-2020-46.graph
community-detection,2017,Sampson.s10.k3,0.59375,0.40625,community-detection-2017-Sampson.s10.k3.graph
community-detection,2017,Strike.s2.k8,0.9318181818181818,0.0681818181818181,community-detection-2017-Strike.s2.k8.graph
community-detection,2017,Strike.s6.k5,0.9201228878648232,0.0798771121351766,community-detection-2017-Strike.s6.k5.graph
community-detection,2017,dolphin.s62.k3,1.0,0.0,community-detection-2017-dolphin.s62.k3.graph
community-detection,2017,mexican.s26.k4,0.5925925925925926,0.4074074074074074,community-detection-2017-mexican.s26.k4.graph
community-detection,2021,rnd_n100_e1000_s50_d30_c6_p70,1.0,0.0,community-detection-2021-rnd_n100_e1000_s50_d30_c6_p70.graph
community-detection,2021,rnd_n100_e5000_s500_d300_c4_p50,0.5,0.5,community-detection-2021-rnd_n100_e5000_s500_d300_c4_p50.graph
community-detection,2021,rnd_n100_e50_s10_d5_c10_p30,0.627906976744186,0.3720930232558139,community-detection-2021-rnd_n100_e50_s10_d5_c10_p30.graph
community-detection,2021,rnd_n100_e50_s50_d30_c9_p30,1.0,0.0,community-detection-2021-rnd_n100_e50_s50_d30_c9_p30.graph
community-detection,2021,rnd_n50_e2500_s10_d5_c4_p90,1.0,0.0,community-detection-2021-rnd_n50_e2500_s10_d5_c4_p90.graph
community-detection,2024,Polblogs.s2480.k2,0.5,0.5,community-detection-2024-Polblogs.s2480.k2.graph
community-detection,2024,Zakhary.s12.k3,0.9523809523809524,0.0476190476190476,community-detection-2024-Zakhary.s12.k3.graph
community-detection,2024,Zakhary.s12.k4,0.9422382671480144,0.0577617328519855,community-detection-2024-Zakhary.s12.k4.graph
community-detection,2024,adjourn.s200.k3,1.0,0.0,community-detection-2024-adjourn.s200.k3.graph
community-detection,2024,mexican.s26.k4,0.9310344827586208,0.0689655172413793,community-detection-2024-mexican.s26.k4.graph
compression,2024,bin_10,0.5,0.5,compression-2024-bin_10.graph
compression,2024,bin_20,0.017364657814096,0.982635342185904,compression-2024-bin_20.graph
compression,2024,bin_7,0.5,0.5,compression-2024-bin_7.graph
compression,2024,bin_8,0.5,0.5,compression-2024-bin_8.graph
compression,2024,lipsum_10,1.0,0.0,compression-2024-lipsum_10.graph
concert-hall-cap,2018,concert-cap.mznc2018.02,1.0,0.0,concert-hall-cap-2018-concert-cap.mznc2018.02.graph
concert-hall-cap,2018,concert-cap.mznc2018.03,1.0,0.0,concert-hall-cap-2018-concert-cap.mznc2018.03.graph
concert-hall-cap,2018,concert-cap.mznc2018.06,1.0,0.0,concert-hall-cap-2018-concert-cap.mznc2018.06.graph
concert-hall-cap,2018,concert-cap.mznc2018.148,1.0,0.0,concert-hall-cap-2018-concert-cap.mznc2018.148.graph
concert-hall-cap,2018,concert-cap.mznc2018.318,1.0,0.0,concert-hall-cap-2018-concert-cap.mznc2018.318.graph
concert-hall-cap,2024,concert-cap.mznc2018.04,1.0,0.0,concert-hall-cap-2024-concert-cap.mznc2018.04.graph
concert-hall-cap,2024,concert_100_20,1.0,0.0,concert-hall-cap-2024-concert_100_20.graph
concert-hall-cap,2024,concert_150_20,1.0,0.0,concert-hall-cap-2024-concert_150_20.graph
concert-hall-cap,2024,concert_200_20,1.0,0.0,concert-hall-cap-2024-concert_200_20.graph
concert-hall-cap,2024,concert_60_50,1.0,0.0,concert-hall-cap-2024-concert_60_50.graph
connect,2021,connect__0018,1.0,0.0,connect-2021-connect__0018.graph
connect,2021,connect__0041_02,1.0,0.0,connect-2021-connect__0041_02.graph
connect,2021,connect__0061,1.0,0.0,connect-2021-connect__0061.graph
connect,2021,connect__0083_02,1.0,0.0,connect-2021-connect__0083_02.graph
connect,2021,connect__0086_02,0.9994363021420518,0.0005636978579481,connect-2021-connect__0086_02.graph
costas-array,2015,16,0.3823529411764705,0.6176470588235294,costas-array-2015-16.graph
costas-array,2015,17,0.7180327868852459,0.2819672131147541,costas-array-2015-17.graph
costas-array,2015,18,0.6355140186915887,0.3644859813084112,costas-array-2015-18.graph
crosswords,2017,grid-05.02_dict-55,0.0,1.0,crosswords-2017-grid-05.02_dict-55.graph
crosswords,2017,grid-05.04_dict-80,0.0,1.0,crosswords-2017-grid-05.04_dict-80.graph
crosswords,2017,grid-19.05_dict-80,0.0,1.0,crosswords-2017-grid-19.05_dict-80.graph
crosswords,2017,grid-puzzle06_dict-55,0.5,0.5,crosswords-2017-grid-puzzle06_dict-55.graph
cvrp,2015,A-n37-k5.vrp,1.0,0.0,cvrp-2015-A-n37-k5.vrp.graph
cvrp,2015,A-n64-k9.vrp,1.0,0.0,cvrp-2015-A-n64-k9.vrp.graph
cvrp,2015,B-n45-k5.vrp,1.0,0.0,cvrp-2015-B-n45-k5.vrp.graph
cvrp,2015,P-n16-k8.vrp,1.0,0.0,cvrp-2015-P-n16-k8.vrp.graph
cvrp,2015,simple2,0.0526315789473684,0.9473684210526316,cvrp-2015-simple2.graph
cyclic-rcpsp,2014,easy_3,0.5,0.5,cyclic-rcpsp-2014-easy_3.graph
cyclic-rcpsp,2014,easy_5,0.0,1.0,cyclic-rcpsp-2014-easy_5.graph
cyclic-rcpsp,2014,hard_1,0.5,0.5,cyclic-rcpsp-2014-hard_1.graph
cyclic-rcpsp,2014,hard_2,0.5,0.5,cyclic-rcpsp-2014-hard_2.graph
cyclic-rcpsp,2014,medium_2,1.0,0.0,cyclic-rcpsp-2014-medium_2.graph
depot-placement,2016,att48_6,0.4,0.6,depot-placement-2016-att48_6.graph
depot-placement,2016,rat99_5,0.5,0.5,depot-placement-2016-rat99_5.graph
depot-placement,2016,rat99_6,0.5,0.5,depot-placement-2016-rat99_6.graph
depot-placement,2016,st70_5,0.5,0.5,depot-placement-2016-st70_5.graph
depot-placement,2016,ulysses22_5,0.5,0.5,depot-placement-2016-ulysses22_5.graph
diameterc-mst,2016,c_v15_a105_d7,1.0,0.0,diameterc-mst-2016-c_v15_a105_d7.graph
diameterc-mst,2016,c_v20_a190_d5,0.978601997146933,0.021398002853067,diameterc-mst-2016-c_v20_a190_d5.graph
diameterc-mst,2016,s_v20_a50_d4,0.9846153846153848,0.0153846153846153,diameterc-mst-2016-s_v20_a50_d4.graph
diameterc-mst,2016,s_v20_a50_d5,1.0,0.0,diameterc-mst-2016-s_v20_a50_d5.graph
diameterc-mst,2016,s_v40_a100_d5,1.0,0.0,diameterc-mst-2016-s_v40_a100_d5.graph
diameterc-mst,2022,c_v15_a105_d6,1.0,0.0,diameterc-mst-2022-c_v15_a105_d6.graph
diameterc-mst,2022,c_v15_a105_d9,1.0,0.0,diameterc-mst-2022-c_v15_a105_d9.graph
diameterc-mst,2022,c_v20_a190_d4,0.7105263157894737,0.2894736842105263,diameterc-mst-2022-c_v20_a190_d4.graph
diameterc-mst,2022,c_v20_a190_d9,1.0,0.0,diameterc-mst-2022-c_v20_a190_d9.graph
diameterc-mst,2022,s_v40_a100_d7,1.0,0.0,diameterc-mst-2022-s_v40_a100_d7.graph
elitserien,2014,handball11,0.1111111111111111,0.8888888888888888,elitserien-2014-handball11.graph
elitserien,2014,handball12,0.0,1.0,elitserien-2014-handball12.graph
elitserien,2014,handball13,0.05,0.95,elitserien-2014-handball13.graph
elitserien,2014,handball14,0.1111111111111111,0.8888888888888888,elitserien-2014-handball14.graph
elitserien,2014,handball19,0.0588235294117647,0.9411764705882352,elitserien-2014-handball19.graph
elitserien,2016,handball17,0.0666666666666666,0.9333333333333332,elitserien-2016-handball17.graph
elitserien,2016,handball20,0.0,1.0,elitserien-2016-handball20.graph
elitserien,2016,handball3,0.0625,0.9375,elitserien-2016-handball3.graph
elitserien,2016,handball5,0.15,0.85,elitserien-2016-handball5.graph
elitserien,2016,handball7,0.0,1.0,elitserien-2016-handball7.graph
elitserien,2018,handball1,0.5,0.5,elitserien-2018-handball1.graph
elitserien,2018,handball15,0.0625,0.9375,elitserien-2018-handball15.graph
elitserien,2018,handball16,0.2,0.8,elitserien-2018-handball16.graph
elitserien,2018,handball18,0.225,0.775,elitserien-2018-handball18.graph
elitserien,2018,handball6,0.0,1.0,elitserien-2018-handball6.graph
elitserien,2023,handball10,0.1111111111111111,0.8888888888888888,elitserien-2023-handball10.graph
elitserien,2023,handball2,0.0588235294117647,0.9411764705882352,elitserien-2023-handball2.graph
elitserien,2023,handball4,0.0625,0.9375,elitserien-2023-handball4.graph
elitserien,2023,handball8,0.0,1.0,elitserien-2023-handball8.graph
elitserien,2023,handball9,0.0588235294117647,0.9411764705882352,elitserien-2023-handball9.graph
evm-super-compilation,2023,BDARUMA_run_code_of_0_block_108_233_1_extended_input,0.0551378446115288,0.9448621553884712,evm-super-compilation-2023-BDARUMA_run_code_of_0_block_108_233_1_extended_input.graph
evm-super-compilation,2023,BDARUMA_run_code_of_0_block_284_170_0_input,0.5,0.5,evm-super-compilation-2023-BDARUMA_run_code_of_0_block_284_170_0_input.graph
evm-super-compilation,2023,Kongu_run_code_of_0_block_240_0_input,0.0,1.0,evm-super-compilation-2023-Kongu_run_code_of_0_block_240_0_input.graph
evm-super-compilation,2023,PlaylinkAirdrop_run_code_of_0_block_216_0_input,0.5,0.5,evm-super-compilation-2023-PlaylinkAirdrop_run_code_of_0_block_216_0_input.graph
evm-super-compilation,2023,isolated_block_6_0_input,0.0,1.0,evm-super-compilation-2023-isolated_block_6_0_input.graph
fast-food,2012,ff3,1.0,0.0,fast-food-2012-ff3.graph
fast-food,2012,ff58,0.696078431372549,0.3039215686274509,fast-food-2012-ff58.graph
fast-food,2012,ff59,1.0,0.0,fast-food-2012-ff59.graph
fast-food,2012,ff61,1.0,0.0,fast-food-2012-ff61.graph
fast-food,2012,ff63,1.0,0.0,fast-food-2012-ff63.graph
fbd1,2025,FBDk04,0.5,0.5,fbd1-2025-FBDk04.graph
fbd1,2025,FBDk06,0.1221719457013574,0.8778280542986425,fbd1-2025-FBDk06.graph
fbd1,2025,FBDk07,0.1117647058823529,0.888235294117647,fbd1-2025-FBDk07.graph
fbd1,2025,FBDk08,0.5,0.5,fbd1-2025-FBDk08.graph
fbd1,2025,FBDk09,1.0,0.0,fbd1-2025-FBDk09.graph
fillomino,2014,5x5_1,0.5,0.5,fillomino-2014-5x5_1.graph
fillomino,2014,5x5_6,0.5,0.5,fillomino-2014-5x5_6.graph
fillomino,2014,6x6_0,0.0,1.0,fillomino-2014-6x6_0.graph
fillomino,2014,6x6_5,0.0,1.0,fillomino-2014-6x6_5.graph
fillomino,2014,7x7_0,0.25,0.75,fillomino-2014-7x7_0.graph
filters,2012,ar_1_2,0.0,1.0,filters-2012-ar_1_2.graph
filters,2012,dct_1_1,1.0,0.0,filters-2012-dct_1_1.graph
filters,2012,ewf_1_1,0.5,0.5,filters-2012-ewf_1_1.graph
filters,2012,fir16_1_1,1.0,0.0,filters-2012-fir16_1_1.graph
filters,2012,fir_1_1,0.5,0.5,filters-2012-fir_1_1.graph
filters,2013,ar_2_3,0.5,0.5,filters-2013-ar_2_3.graph
filters,2013,dct_2_2,0.999507874015748,0.0004921259842519,filters-2013-dct_2_2.graph
filters,2013,dfq_1_1,0.5,0.5,filters-2013-dfq_1_1.graph
filters,2013,ewf_2_1,0.5,0.5,filters-2013-ewf_2_1.graph
filters,2013,fir_2_3,0.5,0.5,filters-2013-fir_2_3.graph
filters,2016,ar_1_3,0.5,0.5,filters-2016-ar_1_3.graph
filters,2016,dct_1_3,1.0,0.0,filters-2016-dct_1_3.graph
filters,2016,ewf_1_2,0.5,0.5,filters-2016-ewf_1_2.graph
filters,2016,fir_1_3,0.5,0.5,filters-2016-fir_1_3.graph
filters,2016,fir_1_4,0.5,0.5,filters-2016-fir_1_4.graph
fjsp,2013,easy01,0.5,0.5,fjsp-2013-easy01.graph
fjsp,2013,easy02,0.5,0.5,fjsp-2013-easy02.graph
fjsp,2013,hard19,1.0,0.0,fjsp-2013-hard19.graph
fjsp,2013,med04,1.0,0.0,fjsp-2013-med04.graph
fjsp,2013,med10,0.2,0.8,fjsp-2013-med10.graph
flowshop-workers,2021,5stat_ex3,0.9772727272727272,0.0227272727272727,flowshop-workers-2021-5stat_ex3.graph
flowshop-workers,2021,5stat_ex6,1.0,0.0,flowshop-workers-2021-5stat_ex6.graph
flowshop-workers,2021,8s_ex3,1.0,0.0,flowshop-workers-2021-8s_ex3.graph
flowshop-workers,2021,ex4,1.0,0.0,flowshop-workers-2021-ex4.graph
flowshop-workers,2021,real_ex2,1.0,0.0,flowshop-workers-2021-real_ex2.graph
fox-geese-corn,2019,fgc_06_07_08_00,0.0693512304250559,0.930648769574944,fox-geese-corn-2019-fgc_06_07_08_00.graph
fox-geese-corn,2019,fgc_50_50_50_00,1.0,0.0,fox-geese-corn-2019-fgc_50_50_50_00.graph
fox-geese-corn,2019,foxgeesecorn_13,0.02,0.98,fox-geese-corn-2019-foxgeesecorn_13.graph
fox-geese-corn,2019,foxgeesecorn_54,1.0,0.0,fox-geese-corn-2019-foxgeesecorn_54.graph
fox-geese-corn,2019,foxgeesecorn_60,0.3683083511777302,0.6316916488222698,fox-geese-corn-2019-foxgeesecorn_60.graph
fox-geese-corn,2024,fgc_06_26_08_00,0.0,1.0,fox-geese-corn-2024-fgc_06_26_08_00.graph
fox-geese-corn,2024,fgc_20_20_22_00,1.0,0.0,fox-geese-corn-2024-fgc_20_20_22_00.graph
fox-geese-corn,2024,foxgeesecorn_17,1.0,0.0,fox-geese-corn-2024-foxgeesecorn_17.graph
fox-geese-corn,2024,foxgeesecorn_19,1.0,0.0,fox-geese-corn-2024-foxgeesecorn_19.graph
fox-geese-corn,2024,foxgeesecorn_61,0.7792207792207793,0.2207792207792207,fox-geese-corn-2024-foxgeesecorn_61.graph
freepizza,2015,pizza27,1.0,0.0,freepizza-2015-pizza27.graph
freepizza,2015,pizza39,1.0,0.0,freepizza-2015-pizza39.graph
freepizza,2015,pizza45,1.0,0.0,freepizza-2015-pizza45.graph
freepizza,2015,pizza6,0.5,0.5,freepizza-2015-pizza6.graph
freepizza,2015,pizza78,1.0,0.0,freepizza-2015-pizza78.graph
gametes,2023,gamete_nl20_m30_12983649,0.0,1.0,gametes-2023-gamete_nl20_m30_12983649.graph
gametes,2023,gamete_nl20_m30_778477,0.0714285714285714,0.9285714285714286,gametes-2023-gamete_nl20_m30_778477.graph
gametes,2023,gamete_nl20_m40_10408565,0.0059259259259259,0.994074074074074,gametes-2023-gamete_nl20_m40_10408565.graph
gametes,2023,gamete_nl7_m10_134,0.0,1.0,gametes-2023-gamete_nl7_m10_134.graph
gametes,2023,gamete_nl7_m10_181,0.8886255924170616,0.1113744075829383,gametes-2023-gamete_nl7_m10_181.graph
gbac,2016,UD3-gbac,1.0,0.0,gbac-2016-UD3-gbac.graph
gbac,2016,UD5-gbac,1.0,0.0,gbac-2016-UD5-gbac.graph
gbac,2016,reduced_UD10-gbac,1.0,0.0,gbac-2016-reduced_UD10-gbac.graph
gbac,2016,reduced_UD3-gbac,1.0,0.0,gbac-2016-reduced_UD3-gbac.graph
gbac,2016,reduced_UD6-gbac,1.0,0.0,gbac-2016-reduced_UD6-gbac.graph
gbac,2017,UD2-gbac,1.0,0.0,gbac-2017-UD2-gbac.graph
gbac,2017,UD4-gbac,1.0,0.0,gbac-2017-UD4-gbac.graph
gbac,2017,UD5-gbac,1.0,0.0,gbac-2017-UD5-gbac.graph
gbac,2017,UD8-gbac,1.0,0.0,gbac-2017-UD8-gbac.graph
gbac,2017,reduced_UD4-gbac,1.0,0.0,gbac-2017-reduced_UD4-gbac.graph
gbac,2020,UD10-gbac,1.0,0.0,gbac-2020-UD10-gbac.graph
gbac,2020,UD9-gbac,1.0,0.0,gbac-2020-UD9-gbac.graph
gbac,2020,reduced_UD2-gbac,1.0,0.0,gbac-2020-reduced_UD2-gbac.graph
gbac,2020,reduced_UD5-gbac,1.0,0.0,gbac-2020-reduced_UD5-gbac.graph
gbac,2020,reduced_UD7-gbac,1.0,0.0,gbac-2020-reduced_UD7-gbac.graph
generalized-peacable-queens,2022,n11_q5,1.0,0.0,generalized-peacable-queens-2022-n11_q5.graph
generalized-peacable-queens,2022,n13_q5,1.0,0.0,generalized-peacable-queens-2022-n13_q5.graph
generalized-peacable-queens,2022,n25_q4,1.0,0.0,generalized-peacable-queens-2022-n25_q4.graph
generalized-peacable-queens,2022,n8_q3,0.4347026364193746,0.5652973635806254,generalized-peacable-queens-2022-n8_q3.graph
generalized-peacable-queens,2022,n9_q5,0.5,0.5,generalized-peacable-queens-2022-n9_q5.graph
gfd-schedule,2015,n120f5d50m50k20,0.0,1.0,gfd-schedule-2015-n120f5d50m50k20.graph
gfd-schedule,2015,n180f7d50m30k18,0.0416666666666666,0.9583333333333334,gfd-schedule-2015-n180f7d50m30k18.graph
gfd-schedule,2015,n30f3d30m7k4,0.5,0.5,gfd-schedule-2015-n30f3d30m7k4.graph
gfd-schedule,2015,n50f7d40m10k4,0.0,1.0,gfd-schedule-2015-n50f7d40m10k4.graph
gfd-schedule,2015,n75f5d30m20k20,0.9908536585365854,0.0091463414634146,gfd-schedule-2015-n75f5d30m20k20.graph
gfd-schedule,2016,n180f7d50m30k18,1.0,0.0,gfd-schedule-2016-n180f7d50m30k18.graph
gfd-schedule,2016,n25f5d20m10k3,0.5,0.5,gfd-schedule-2016-n25f5d20m10k3.graph
gfd-schedule,2016,n35f5d20m10k3,0.5,0.5,gfd-schedule-2016-n35f5d20m10k3.graph
gfd-schedule,2016,n55f2d50m30k3,0.5,0.5,gfd-schedule-2016-n55f2d50m30k3.graph
gfd-schedule,2016,n60f7d50m30k10,0.0,1.0,gfd-schedule-2016-n60f7d50m30k10.graph
gfd-schedule,2018,n100f7d50m20k10,0.25,0.75,gfd-schedule-2018-n100f7d50m20k10.graph
gfd-schedule,2018,n200f5d50m40k6,1.0,0.0,gfd-schedule-2018-n200f5d50m40k6.graph
gfd-schedule,2018,n65f2d50m20k10,0.0,1.0,gfd-schedule-2018-n65f2d50m20k10.graph
gfd-schedule,2018,n80f7d30m7k7,0.2127659574468085,0.7872340425531915,gfd-schedule-2018-n80f7d30m7k7.graph
gfd-schedule,2018,n90f5d40m30k6,0.0,1.0,gfd-schedule-2018-n90f5d40m30k6.graph
gfd-schedule,2022,n180f7d50m30k18_10124,1.0,0.0,gfd-schedule-2022-n180f7d50m30k18_10124.graph
gfd-schedule,2022,n200f5d50m40k6_10124,0.995813953488372,0.0041860465116279,gfd-schedule-2022-n200f5d50m40k6_10124.graph
gfd-schedule,2022,n55f2d50m30k3_10124,0.5,0.5,gfd-schedule-2022-n55f2d50m30k3_10124.graph
gfd-schedule,2022,n60f7d50m30k10_10124,0.0,1.0,gfd-schedule-2022-n60f7d50m30k10_10124.graph
gfd-schedule,2022,n85f3d50m8k20_10124,0.3333333333333333,0.6666666666666666,gfd-schedule-2022-n85f3d50m8k20_10124.graph
ghoulomb,2013,3-9-16,0.0,1.0,ghoulomb-2013-3-9-16.graph
ghoulomb,2013,4-9-10,0.5,0.5,ghoulomb-2013-4-9-10.graph
ghoulomb,2013,4-9-20,0.7419354838709677,0.2580645161290322,ghoulomb-2013-4-9-20.graph
graph-clear,2024,planar_n20_seed2022_14,0.4736842105263157,0.5263157894736842,graph-clear-2024-planar_n20_seed2022_14.graph
graph-clear,2024,planar_n20_seed2022_15,0.2537313432835821,0.746268656716418,graph-clear-2024-planar_n20_seed2022_15.graph
graph-clear,2024,planar_n20_seed2022_16,0.4166666666666667,0.5833333333333334,graph-clear-2024-planar_n20_seed2022_16.graph
graph-clear,2024,planar_n30_seed2022_4,0.5,0.5,graph-clear-2024-planar_n30_seed2022_4.graph
graph-clear,2024,planar_n30_seed2022_8,0.5,0.5,graph-clear-2024-planar_n30_seed2022_8.graph
grid-colouring,2015,10_5,0.0,1.0,grid-colouring-2015-10_5.graph
grid-colouring,2015,13_11,0.5,0.5,grid-colouring-2015-13_11.graph
grid-colouring,2015,19_17,1.0,0.0,grid-colouring-2015-19_17.graph
grid-colouring,2015,4_11,0.5,0.5,grid-colouring-2015-4_11.graph
grid-colouring,2015,4_8,0.5,0.5,grid-colouring-2015-4_8.graph
groupsplitter,2017,u12g1pref0,0.3,0.7,groupsplitter-2017-u12g1pref0.graph
groupsplitter,2017,u12g1pref1,0.3,0.7,groupsplitter-2017-u12g1pref1.graph
groupsplitter,2017,u15g3pref2,0.0,1.0,groupsplitter-2017-u15g3pref2.graph
groupsplitter,2017,u5g1pref0,0.1333333333333333,0.8666666666666667,groupsplitter-2017-u5g1pref0.graph
groupsplitter,2017,u6g3pref0,0.0,1.0,groupsplitter-2017-u6g3pref0.graph
groupsplitter,2019,u12g2pref1,0.0,1.0,groupsplitter-2019-u12g2pref1.graph
groupsplitter,2019,u15g5pref0,0.0,1.0,groupsplitter-2019-u15g5pref0.graph
groupsplitter,2019,u6g1pref1,0.1111111111111111,0.8888888888888888,groupsplitter-2019-u6g1pref1.graph
groupsplitter,2019,u7g2pref1,0.0,1.0,groupsplitter-2019-u7g2pref1.graph
groupsplitter,2019,u9g1pref1,0.1739130434782608,0.8260869565217391,groupsplitter-2019-u9g1pref1.graph
groupsplitter,2025,u12g2pref0,0.0,1.0,groupsplitter-2025-u12g2pref0.graph
groupsplitter,2025,u12g2pref2,0.0,1.0,groupsplitter-2025-u12g2pref2.graph
groupsplitter,2025,u15g1pref2,0.1666666666666666,0.8333333333333334,groupsplitter-2025-u15g1pref2.graph
groupsplitter,2025,u15g3pref0,0.0,1.0,groupsplitter-2025-u15g3pref0.graph
groupsplitter,2025,u15g5pref1,0.0,1.0,groupsplitter-2025-u15g5pref1.graph
gt-sort,2025,n13_ub20_50.0_BEST,1.0,0.0,gt-sort-2025-n13_ub20_50.0_BEST.graph
gt-sort,2025,n7_ub20_75.0_BEST,0.978902953586498,0.0210970464135021,gt-sort-2025-n7_ub20_75.0_BEST.graph
gt-sort,2025,n9_ub10_50.0_BEST,0.9585185185185184,0.0414814814814814,gt-sort-2025-n9_ub10_50.0_BEST.graph
gt-sort,2025,n9_ub10_75.0_BEST,1.0,0.0,gt-sort-2025-n9_ub10_75.0_BEST.graph
gt-sort,2025,n9_ub30_35.0_BEST,1.0,0.0,gt-sort-2025-n9_ub30_35.0_BEST.graph
harmony,2024,brother,0.4615384615384615,0.5384615384615384,harmony-2024-brother.graph
harmony,2024,canon,0.9886845827439888,0.0113154172560113,harmony-2024-canon.graph
harmony,2024,minuet,0.8970588235294118,0.1029411764705882,harmony-2024-minuet.graph
harmony,2024,ode,0.4545454545454545,0.5454545454545454,harmony-2024-ode.graph
harmony,2024,twinkle,0.6,0.4,harmony-2024-twinkle.graph
hitori,2025,h11-1,0.0,1.0,hitori-2025-h11-1.graph
hitori,2025,h14-1,1.0,0.0,hitori-2025-h14-1.graph
hitori,2025,h15-1,0.0,1.0,hitori-2025-h15-1.graph
hitori,2025,h20-2,1.0,0.0,hitori-2025-h20-2.graph
hitori,2025,h5-1,0.5,0.5,hitori-2025-h5-1.graph
hoist-benchmark,2020,PU_1_2_2,0.5,0.5,hoist-benchmark-2020-PU_1_2_2.graph
hoist-benchmark,2020,PU_2_8_1,0.0,1.0,hoist-benchmark-2020-PU_2_8_1.graph
hoist-benchmark,2020,PU_3_2_5,1.0,0.0,hoist-benchmark-2020-PU_3_2_5.graph
hoist-benchmark,2020,PU_3_4_1,0.660377358490566,0.3396226415094339,hoist-benchmark-2020-PU_3_4_1.graph
hoist-benchmark,2020,PU_3_8_5,0.75,0.25,hoist-benchmark-2020-PU_3_8_5.graph
hoist-benchmark,2024,PU_2_2_3,0.0,1.0,hoist-benchmark-2024-PU_2_2_3.graph
hoist-benchmark,2024,PU_2_4_3,0.0033195020746887,0.9966804979253112,hoist-benchmark-2024-PU_2_4_3.graph
hoist-benchmark,2024,PU_2_8_4,0.0,1.0,hoist-benchmark-2024-PU_2_8_4.graph
hoist-benchmark,2024,PU_3_2_1,1.0,0.0,hoist-benchmark-2024-PU_3_2_1.graph
hoist-benchmark,2024,PU_3_4_3,0.0177182368193604,0.9822817631806396,hoist-benchmark-2024-PU_3_4_3.graph
hrc,2017,exp1-1-5145,1.0,0.0,hrc-2017-exp1-1-5145.graph
hrc,2017,exp1-1-5670,0.5,0.5,hrc-2017-exp1-1-5670.graph
hrc,2017,exp1-1-945,0.5,0.5,hrc-2017-exp1-1-945.graph
hrc,2017,exp2-1-4795,0.6666666666666666,0.3333333333333333,hrc-2017-exp2-1-4795.graph
hrc,2017,exp2-1-5180,0.8333333333333334,0.1666666666666666,hrc-2017-exp2-1-5180.graph
hrc,2019,exp1-1-5110,1.0,0.0,hrc-2019-exp1-1-5110.graph
hrc,2019,exp1-1-5425,0.5,0.5,hrc-2019-exp1-1-5425.graph
hrc,2019,exp1-1-5460,0.5,0.5,hrc-2019-exp1-1-5460.graph
hrc,2019,exp2-1-5145,1.0,0.0,hrc-2019-exp2-1-5145.graph
hrc,2019,exp2-1-5600,0.6666666666666666,0.3333333333333333,hrc-2019-exp2-1-5600.graph
ihtc-2024-kletzander,2025,i02,1.0,0.0,ihtc-2024-kletzander-2025-i02.graph
ihtc-2024-kletzander,2025,i07,1.0,0.0,ihtc-2024-kletzander-2025-i07.graph
ihtc-2024-kletzander,2025,i09,1.0,0.0,ihtc-2024-kletzander-2025-i09.graph
ihtc-2024-kletzander,2025,test03,0.5,0.5,ihtc-2024-kletzander-2025-test03.graph
ihtc-2024-kletzander,2025,test05,1.0,0.0,ihtc-2024-kletzander-2025-test05.graph
ihtc-2024-marte,2025,i01,1.0,0.0,ihtc-2024-marte-2025-i01.graph
ihtc-2024-marte,2025,i03,1.0,0.0,ihtc-2024-marte-2025-i03.graph
ihtc-2024-marte,2025,i06,1.0,0.0,ihtc-2024-marte-2025-i06.graph
ihtc-2024-marte,2025,i11,1.0,0.0,ihtc-2024-marte-2025-i11.graph
is,2015,1YHXeG1xYs,0.5,0.5,is-2015-1YHXeG1xYs.graph
is,2015,A3PZaPjnUz,0.5,0.5,is-2015-A3PZaPjnUz.graph
is,2015,HgSWGJHxY5,0.3333333333333333,0.6666666666666666,is-2015-HgSWGJHxY5.graph
is,2015,jZ9pQqRxJ2,0.5,0.5,is-2015-jZ9pQqRxJ2.graph
is,2015,y21PnVA2Hj,0.5,0.5,is-2015-y21PnVA2Hj.graph
is,2020,A3PZaPjnUz,0.5,0.5,is-2020-A3PZaPjnUz.graph
is,2020,LeTaZW8Ij5,0.5,0.5,is-2020-LeTaZW8Ij5.graph
is,2020,Ws5Q6fhGi5,0.5,0.5,is-2020-Ws5Q6fhGi5.graph
is,2020,YfFfEiuCQo,0.5,0.5,is-2020-YfFfEiuCQo.graph
is,2020,v1HjuSBQMb,0.5,0.5,is-2020-v1HjuSBQMb.graph
is,2025,1vERFuvviS,0.5,0.5,is-2025-1vERFuvviS.graph
is,2025,9aGFgDaHX7,0.5,0.5,is-2025-9aGFgDaHX7.graph
is,2025,BnMUR3YMRk,0.5,0.5,is-2025-BnMUR3YMRk.graph
is,2025,avdoaYnfXq,0.5,0.5,is-2025-avdoaYnfXq.graph
is,2025,vWQp9idqMs,0.5,0.5,is-2025-vWQp9idqMs.graph
java-auto-gen,2016,binpack_11,1.0,0.0,java-auto-gen-2016-binpack_11.graph
java-auto-gen,2016,pizza_8_3,0.5,0.5,java-auto-gen-2016-pizza_8_3.graph
java-auto-gen,2016,plusexample_6,0.5,0.5,java-auto-gen-2016-plusexample_6.graph
java-auto-gen,2016,projplan1_15_15,0.5,0.5,java-auto-gen-2016-projplan1_15_15.graph
java-auto-gen,2016,routing_7,0.7330097087378641,0.2669902912621359,java-auto-gen-2016-routing_7.graph
java-routing,2021,trip_6_2,0.8157894736842105,0.1842105263157894,java-routing-2021-trip_6_2.graph
java-routing,2021,trip_7_4,0.9470899470899472,0.0529100529100529,java-routing-2021-trip_7_4.graph
java-routing,2021,trip_7_5,0.9341463414634148,0.0658536585365853,java-routing-2021-trip_7_5.graph
java-routing,2021,trip_8_2,1.0,0.0,java-routing-2021-trip_8_2.graph
java-routing,2021,trip_8_3,1.0,0.0,java-routing-2021-trip_8_3.graph
javarouting,2013,trip_6_3,0.5909090909090909,0.4090909090909091,javarouting-2013-trip_6_3.graph
javarouting,2013,trip_7_1,0.963855421686747,0.036144578313253,javarouting-2013-trip_7_1.graph
javarouting,2013,trip_7_2,0.9320388349514565,0.0679611650485436,javarouting-2013-trip_7_2.graph
javarouting,2013,trip_8_1,1.0,0.0,javarouting-2013-trip_8_1.graph
javarouting,2013,trip_8_5,1.0,0.0,javarouting-2013-trip_8_5.graph
jp-encoding,2014,data100,1.0,0.0,jp-encoding-2014-data100.graph
jp-encoding,2014,data1000,1.0,0.0,jp-encoding-2014-data1000.graph
jp-encoding,2014,data1700,1.0,0.0,jp-encoding-2014-data1700.graph
jp-encoding,2014,data400,1.0,0.0,jp-encoding-2014-data400.graph
jp-encoding,2014,data800,1.0,0.0,jp-encoding-2014-data800.graph
jp-encoding,2017,data1400,1.0,0.0,jp-encoding-2017-data1400.graph
jp-encoding,2017,data1900,1.0,0.0,jp-encoding-2017-data1900.graph
jp-encoding,2017,data200,1.0,0.0,jp-encoding-2017-data200.graph
jp-encoding,2017,data300,1.0,0.0,jp-encoding-2017-data300.graph
jp-encoding,2017,data900,1.0,0.0,jp-encoding-2017-data900.graph
kidney-exchange,2019,3_20_0.25_2,0.5,0.5,kidney-exchange-2019-3_20_0.25_2.graph
kidney-exchange,2019,3_20_0.25_5,0.5,0.5,kidney-exchange-2019-3_20_0.25_5.graph
kidney-exchange,2019,3_20_0.30_5,0.125,0.875,kidney-exchange-2019-3_20_0.30_5.graph
kidney-exchange,2019,3_20_0.40_3,0.5,0.5,kidney-exchange-2019-3_20_0.40_3.graph
kidney-exchange,2019,3_25_0.20_3,0.25,0.75,kidney-exchange-2019-3_25_0.20_3.graph
kidney-exchange,2023,3_20_0.15_3,0.5,0.5,kidney-exchange-2023-3_20_0.15_3.graph
kidney-exchange,2023,3_20_0.30_4,0.5,0.5,kidney-exchange-2023-3_20_0.30_4.graph
kidney-exchange,2023,3_20_0.40_2,0.3333333333333333,0.6666666666666666,kidney-exchange-2023-3_20_0.40_2.graph
kidney-exchange,2023,3_25_0.10_2,0.5,0.5,kidney-exchange-2023-3_25_0.10_2.graph
kidney-exchange,2023,3_25_0.15_4,0.5,0.5,kidney-exchange-2023-3_25_0.15_4.graph
l2p,2013,l2p1,0.5,0.5,l2p-2013-l2p1.graph
l2p,2013,l2p12,0.0,1.0,l2p-2013-l2p12.graph
l2p,2013,l2p13,0.5,0.5,l2p-2013-l2p13.graph
l2p,2013,l2p16,0.2,0.8,l2p-2013-l2p16.graph
l2p,2013,l2p2,0.0232558139534883,0.9767441860465116,l2p-2013-l2p2.graph
largescheduling,2015,instance-0100-1,1.0,0.0,largescheduling-2015-instance-0100-1.graph
largescheduling,2015,instance-0400-2,1.0,0.0,largescheduling-2015-instance-0400-2.graph
largescheduling,2015,instance-0800-1,1.0,0.0,largescheduling-2015-instance-0800-1.graph
largescheduling,2015,instance-1600-2,1.0,0.0,largescheduling-2015-instance-1600-2.graph
largescheduling,2015,instance-3200-3,1.0,0.0,largescheduling-2015-instance-3200-3.graph
largescheduling,2018,instance-0100-4,1.0,0.0,largescheduling-2018-instance-0100-4.graph
largescheduling,2018,instance-0400-4,1.0,0.0,largescheduling-2018-instance-0400-4.graph
largescheduling,2018,instance-0800-4,1.0,0.0,largescheduling-2018-instance-0800-4.graph
largescheduling,2018,instance-1600-4,1.0,0.0,largescheduling-2018-instance-1600-4.graph
largescheduling,2018,instance-3200-4,1.0,0.0,largescheduling-2018-instance-3200-4.graph
league,2012,model100-21-12,1.0,0.0,league-2012-model100-21-12.graph
league,2012,model20-3-5,0.5,0.5,league-2012-model20-3-5.graph
league,2012,model30-4-6,0.5,0.5,league-2012-model30-4-6.graph
league,2012,model50-4-4,1.0,0.0,league-2012-model50-4-4.graph
league,2012,model55-3-12,1.0,0.0,league-2012-model55-3-12.graph
league,2012,model90-18-20,1.0,0.0,league-2012-model90-18-20.graph
league,2013,model15-4-3,0.5,0.5,league-2013-model15-4-3.graph
league,2013,model20-5-4,0.5,0.5,league-2013-model20-5-4.graph
league,2013,model30-8-4,0.0,1.0,league-2013-model30-8-4.graph
league,2013,model40-5-11,1.0,0.0,league-2013-model40-5-11.graph
league,2013,model55-13-15,1.0,0.0,league-2013-model55-13-15.graph
liner-sf-repositioning,2014,fm3_11,0.3709677419354839,0.6290322580645161,liner-sf-repositioning-2014-fm3_11.graph
liner-sf-repositioning,2014,fm3_5,0.5777777777777777,0.4222222222222222,liner-sf-repositioning-2014-fm3_5.graph
liner-sf-repositioning,2014,tp7_0,0.9509803921568628,0.0490196078431372,liner-sf-repositioning-2014-tp7_0.graph
liner-sf-repositioning,2014,tp7_10,1.0,0.0,liner-sf-repositioning-2014-tp7_10.graph
liner-sf-repositioning,2014,tp7_8,0.6825396825396826,0.3174603174603174,liner-sf-repositioning-2014-tp7_8.graph
liner-sf-repositioning,2019,fm3_0,0.0909090909090909,0.9090909090909092,liner-sf-repositioning-2019-fm3_0.graph
liner-sf-repositioning,2019,fm3_3,0.1363636363636363,0.8636363636363636,liner-sf-repositioning-2019-fm3_3.graph
liner-sf-repositioning,2019,tp7_12,1.0,0.0,liner-sf-repositioning-2019-tp7_12.graph
liner-sf-repositioning,2019,tp7_2,1.0,0.0,liner-sf-repositioning-2019-tp7_2.graph
liner-sf-repositioning,2019,tp7_4,0.9107142857142856,0.0892857142857142,liner-sf-repositioning-2019-tp7_4.graph
lot-sizing,2019,pigment15a.psp,0.9166666666666666,0.0833333333333333,lot-sizing-2019-pigment15a.psp.graph
lot-sizing,2019,pigment15d.psp,1.0,0.0,lot-sizing-2019-pigment15d.psp.graph
lot-sizing,2019,pigment20a.psp,0.3768778576094056,0.6231221423905944,lot-sizing-2019-pigment20a.psp.graph
lot-sizing,2019,pigment20c.psp,0.9799498746867168,0.0200501253132832,lot-sizing-2019-pigment20c.psp.graph
lot-sizing,2019,pigment30b.psp,1.0,0.0,lot-sizing-2019-pigment30b.psp.graph
lot-sizing,2020,pigment15b.psp,0.4173285198555956,0.5826714801444043,lot-sizing-2020-pigment15b.psp.graph
lot-sizing,2020,pigment15c.psp,1.0,0.0,lot-sizing-2020-pigment15c.psp.graph
lot-sizing,2020,pigment20b.psp,0.8393782383419689,0.160621761658031,lot-sizing-2020-pigment20b.psp.graph
lot-sizing,2020,pigment30a.psp,1.0,0.0,lot-sizing-2020-pigment30a.psp.graph
lot-sizing,2020,pigment30c.psp,1.0,0.0,lot-sizing-2020-pigment30c.psp.graph
ma-path-finding,2017,ins_g16_p10_a10,0.7551020408163265,0.2448979591836734,ma-path-finding-2017-ins_g16_p10_a10.graph
ma-path-finding,2017,ins_g16_p10_a20,0.888663967611336,0.1113360323886639,ma-path-finding-2017-ins_g16_p10_a20.graph
ma-path-finding,2017,ins_g16_p20_a20,0.8848684210526315,0.1151315789473684,ma-path-finding-2017-ins_g16_p20_a20.graph
ma-path-finding,2017,ins_g16_p20_a40,0.9078091106290672,0.0921908893709327,ma-path-finding-2017-ins_g16_p20_a40.graph
ma-path-finding,2017,ins_g24_p10_a05,0.6381322957198443,0.3618677042801556,ma-path-finding-2017-ins_g24_p10_a05.graph
ma-path-finding,2022,ins_g16_p10_a20,0.890625,0.109375,ma-path-finding-2022-ins_g16_p10_a20.graph
ma-path-finding,2022,ins_g16_p10_a30,0.9314660309892728,0.068533969010727,ma-path-finding-2022-ins_g16_p10_a30.graph
ma-path-finding,2022,ins_g16_p20_a30,0.9139161462979484,0.0860838537020517,ma-path-finding-2022-ins_g16_p20_a30.graph
ma-path-finding,2022,ins_g24_p20_a10,0.5380434782608695,0.4619565217391304,ma-path-finding-2022-ins_g24_p20_a10.graph
ma-path-finding,2022,ins_g32_p20_a10,1.0,0.0,ma-path-finding-2022-ins_g32_p20_a10.graph
mapping,2015,full2x2,0.9991251093613298,0.0008748906386701,mapping-2015-full2x2.graph
mapping,2015,mesh2x2_mpeg,0.7777777777777778,0.2222222222222222,mapping-2015-mesh2x2_mpeg.graph
mapping,2015,mesh3x3_2,1.0,0.0,mapping-2015-mesh3x3_2.graph
mapping,2015,mesh3x3_mpeg_2,1.0,0.0,mapping-2015-mesh3x3_mpeg_2.graph
mapping,2015,ring_2,0.8333333333333334,0.1666666666666666,mapping-2015-ring_2.graph
mapping,2016,mesh2x2_1,0.5,0.5,mapping-2016-mesh2x2_1.graph
mapping,2016,mesh2x2_mp3,0.5,0.5,mapping-2016-mesh2x2_mp3.graph
mapping,2016,mesh3x3_mp3,0.9714285714285714,0.0285714285714285,mapping-2016-mesh3x3_mp3.graph
mapping,2016,mesh4x4_1,1.0,0.0,mapping-2016-mesh4x4_1.graph
mapping,2016,ring_1,0.9976905311778292,0.0023094688221709,mapping-2016-ring_1.graph
mapping,2018,full2x2_mp3,0.0,1.0,mapping-2018-full2x2_mp3.graph
mapping,2018,mesh3x3_mp3_2,0.25,0.75,mapping-2018-mesh3x3_mp3_2.graph
mapping,2018,mesh3x3_mpeg,1.0,0.0,mapping-2018-mesh3x3_mpeg.graph
mapping,2018,mesh_star_2,1.0,0.0,mapping-2018-mesh_star_2.graph
mapping,2018,ring_mp3,0.7142857142857143,0.2857142857142857,mapping-2018-ring_mp3.graph
mapping,2021,mesh2x2_2,1.0,0.0,mapping-2021-mesh2x2_2.graph
mapping,2021,mesh3x3_4,1.0,0.0,mapping-2021-mesh3x3_4.graph
mapping,2021,mesh4x4_2,1.0,0.0,mapping-2021-mesh4x4_2.graph
mapping,2021,mesh_star_mpeg,1.0,0.0,mapping-2021-mesh_star_mpeg.graph
mapping,2021,ring_3,1.0,0.0,mapping-2021-ring_3.graph
mario,2013,mario_easy_2,0.5,0.5,mario-2013-mario_easy_2.graph
mario,2013,mario_easy_4,0.5,0.5,mario-2013-mario_easy_4.graph
mario,2013,mario_n_medium_2,0.9948453608247424,0.0051546391752577,mario-2013-mario_n_medium_2.graph
mario,2013,mario_n_medium_4,1.0,0.0,mario-2013-mario_n_medium_4.graph
mario,2013,mario_t_hard_1,0.9587628865979382,0.0412371134020618,mario-2013-mario_t_hard_1.graph
mario,2014,mario_easy_5,0.5,0.5,mario-2014-mario_easy_5.graph
mario,2014,mario_n_medium_3,1.0,0.0,mario-2014-mario_n_medium_3.graph
mario,2014,mario_n_medium_5,0.9807692307692308,0.0192307692307692,mario-2014-mario_n_medium_5.graph
mario,2014,mario_t_hard_2,0.8958333333333334,0.1041666666666666,mario-2014-mario_t_hard_2.graph
mario,2014,mario_t_hard_5,0.8378378378378378,0.1621621621621621,mario-2014-mario_t_hard_5.graph
mario,2017,mario_medium_1,1.0,0.0,mario-2017-mario_medium_1.graph
mario,2017,mario_medium_3,1.0,0.0,mario-2017-mario_medium_3.graph
mario,2017,mario_medium_4,1.0,0.0,mario-2017-mario_medium_4.graph
mario,2017,mario_medium_5,1.0,0.0,mario-2017-mario_medium_5.graph
mario,2017,mario_n_medium_1,1.0,0.0,mario-2017-mario_n_medium_1.graph
maximum-dag,2016,25_01,0.5,0.5,maximum-dag-2016-25_01.graph
maximum-dag,2016,25_03,0.5,0.5,maximum-dag-2016-25_03.graph
maximum-dag,2016,25_04,0.5,0.5,maximum-dag-2016-25_04.graph
maximum-dag,2016,25_06,0.5,0.5,maximum-dag-2016-25_06.graph
maximum-dag,2016,31_02,0.5,0.5,maximum-dag-2016-31_02.graph
median-string,2019,p1_15_20-1,1.0,0.0,median-string-2019-p1_15_20-1.graph
median-string,2019,p2_10_8-0,0.2352941176470588,0.7647058823529411,median-string-2019-p2_10_8-0.graph
median-string,2019,p2_10_8-3,0.1818181818181818,0.8181818181818182,median-string-2019-p2_10_8-3.graph
median-string,2019,p2_2_20-2,0.0,1.0,median-string-2019-p2_2_20-2.graph
median-string,2019,p2_4_20-0,0.0,1.0,median-string-2019-p2_4_20-0.graph
minimal-decision-sets,2020,australian_train5,0.4196428571428571,0.5803571428571429,minimal-decision-sets-2020-australian_train5.graph
minimal-decision-sets,2020,backache_train4,0.0,1.0,minimal-decision-sets-2020-backache_train4.graph
minimal-decision-sets,2020,breast-cancer_train4,0.0588235294117647,0.9411764705882352,minimal-decision-sets-2020-breast-cancer_train4.graph
minimal-decision-sets,2020,cleve_train5,0.4320987654320987,0.5679012345679012,minimal-decision-sets-2020-cleve_train5.graph
minimal-decision-sets,2020,colic_train4,0.0584415584415584,0.9415584415584416,minimal-decision-sets-2020-colic_train4.graph
mondoku,2025,10-10-6,0.0,1.0,mondoku-2025-10-10-6.graph
mondoku,2025,12-12-8,0.0,1.0,mondoku-2025-12-12-8.graph
mondoku,2025,14-14-8,0.0319488817891373,0.9680511182108626,mondoku-2025-14-14-8.graph
mondoku,2025,20-18-9,0.0,1.0,mondoku-2025-20-18-9.graph
mondoku,2025,8-8-4,0.0,1.0,mondoku-2025-8-8-4.graph
monitor-placement-1id,2024,hop_counting_based_caida_139203,0.5469422911283376,0.4530577088716623,monitor-placement-1id-2024-hop_counting_based_caida_139203.graph
monitor-placement-1id,2024,hop_counting_based_zoo_Forthnet,0.0,1.0,monitor-placement-1id-2024-hop_counting_based_zoo_Forthnet.graph
monitor-placement-1id,2024,igp_weight_based_defo_rf6461_real_hard,0.5433962264150943,0.4566037735849056,monitor-placement-1id-2024-igp_weight_based_defo_rf6461_real_hard.graph
monitor-placement-1id,2024,igp_weight_based_rocketfuel_rf1755_real_hard,0.5454545454545454,0.4545454545454545,monitor-placement-1id-2024-igp_weight_based_rocketfuel_rf1755_real_hard.graph
monitor-placement-1id,2024,igp_weight_based_rocketfuel_rf6461_real_hard,0.5509950248756219,0.4490049751243781,monitor-placement-1id-2024-igp_weight_based_rocketfuel_rf6461_real_hard.graph
monomatch,2021,data_n_5_percentage_0.5,0.0,1.0,monomatch-2021-data_n_5_percentage_0.5.graph
monomatch,2021,data_n_6_percentage_0.5,0.2857142857142857,0.7142857142857143,monomatch-2021-data_n_6_percentage_0.5.graph
mqueens,2014,n11,0.3333333333333333,0.6666666666666666,mqueens-2014-n11.graph
mqueens,2014,n12,0.2828282828282828,0.7171717171717171,mqueens-2014-n12.graph
mqueens,2014,n13,0.7198581560283688,0.2801418439716312,mqueens-2014-n13.graph
mqueens,2014,n20,1.0,0.0,mqueens-2014-n20.graph
mqueens,2014,n31,1.0,0.0,mqueens-2014-n31.graph
mrcpsp,2016,j30_15_5,0.5,0.5,mrcpsp-2016-j30_15_5.graph
mrcpsp,2016,j30_17_10,0.5,0.5,mrcpsp-2016-j30_17_10.graph
mrcpsp,2016,j30_37_4,0.0534351145038167,0.9465648854961832,mrcpsp-2016-j30_37_4.graph
mrcpsp,2016,j30_53_3,0.5,0.5,mrcpsp-2016-j30_53_3.graph
mrcpsp,2023,j30_25_5,0.5,0.5,mrcpsp-2023-j30_25_5.graph
mrcpsp,2023,j30_29_3,0.5,0.5,mrcpsp-2023-j30_29_3.graph
mrcpsp,2023,j30_33_5,0.5,0.5,mrcpsp-2023-j30_33_5.graph
mrcpsp,2023,j30_41_8,0.5,0.5,mrcpsp-2023-j30_41_8.graph
mrcpsp,2023,j30_54_2,0.2,0.8,mrcpsp-2023-j30_54_2.graph
mspsp,2012,easy_01,0.5,0.5,mspsp-2012-easy_01.graph
mspsp,2012,hard_01,1.0,0.0,mspsp-2012-hard_01.graph
mspsp,2012,hard_03,0.5,0.5,mspsp-2012-hard_03.graph
mspsp,2012,medium_02,0.5,0.5,mspsp-2012-medium_02.graph
mspsp,2012,medium_03,0.5,0.5,mspsp-2012-medium_03.graph
mspsp,2012,medium_05,0.5,0.5,mspsp-2012-medium_05.graph
multi-agent-graph-coverage,2023,rnd_n10_p1500_c15_s1,0.4666666666666667,0.5333333333333333,multi-agent-graph-coverage-2023-rnd_n10_p1500_c15_s1.graph
multi-agent-graph-coverage,2023,rnd_n10_p2000_c15_s1,0.8571428571428571,0.1428571428571428,multi-agent-graph-coverage-2023-rnd_n10_p2000_c15_s1.graph
multi-agent-graph-coverage,2023,rnd_n20_p1000_c10_s1,1.0,0.0,multi-agent-graph-coverage-2023-rnd_n20_p1000_c10_s1.graph
multi-agent-graph-coverage,2023,rnd_n40_p1000_c20_s1,1.0,0.0,multi-agent-graph-coverage-2023-rnd_n40_p1000_c20_s1.graph
multi-agent-graph-coverage,2023,rnd_n75_p1000_c50_s1,1.0,0.0,multi-agent-graph-coverage-2023-rnd_n75_p1000_c50_s1.graph
multi-knapsack,2014,mknap1-6,1.0,0.0,multi-knapsack-2014-mknap1-6.graph
multi-knapsack,2014,mknap2-1,0.5,0.5,multi-knapsack-2014-mknap2-1.graph
multi-knapsack,2014,mknap2-10,1.0,0.0,multi-knapsack-2014-mknap2-10.graph
multi-knapsack,2014,mknap2-20,0.5,0.5,multi-knapsack-2014-mknap2-20.graph
multi-knapsack,2014,mknap2-31,1.0,0.0,multi-knapsack-2014-mknap2-31.graph
multi-knapsack,2015,mknap1-6,1.0,0.0,multi-knapsack-2015-mknap1-6.graph
multi-knapsack,2015,mknap2-1,1.0,0.0,multi-knapsack-2015-mknap2-1.graph
multi-knapsack,2015,mknap2-2,1.0,0.0,multi-knapsack-2015-mknap2-2.graph
multi-knapsack,2015,mknap2-20,0.5,0.5,multi-knapsack-2015-mknap2-20.graph
multi-knapsack,2015,mknap2-32,1.0,0.0,multi-knapsack-2015-mknap2-32.graph
multi-knapsack,2019,mknap1-5,0.5,0.5,multi-knapsack-2019-mknap1-5.graph
multi-knapsack,2019,mknap2-1,1.0,0.0,multi-knapsack-2019-mknap2-1.graph
multi-knapsack,2019,mknap2-10,1.0,0.0,multi-knapsack-2019-mknap2-10.graph
multi-knapsack,2019,mknap2-2,1.0,0.0,multi-knapsack-2019-mknap2-2.graph
multi-knapsack,2019,mknap2-40,1.0,0.0,multi-knapsack-2019-mknap2-40.graph
neighbours,2018,neighbours1,0.6153846153846154,0.3846153846153846,neighbours-2018-neighbours1.graph
neighbours,2018,neighbours3,0.9325842696629212,0.0674157303370786,neighbours-2018-neighbours3.graph
neighbours,2018,neighbours5,1.0,0.0,neighbours-2018-neighbours5.graph
neighbours,2018,neighbours7,1.0,0.0,neighbours-2018-neighbours7.graph
neighbours,2018,neighbours9,1.0,0.0,neighbours-2018-neighbours9.graph
neighbours,2021,neightbours-new-14,1.0,0.0,neighbours-2021-neightbours-new-14.graph
neighbours,2021,neightbours-new-17,1.0,0.0,neighbours-2021-neightbours-new-17.graph
neighbours,2021,neightbours-new-19,0.5,0.5,neighbours-2021-neightbours-new-19.graph
neighbours,2021,neightbours-new-20,1.0,0.0,neighbours-2021-neightbours-new-20.graph
neighbours,2021,neightbours-new-4,1.0,0.0,neighbours-2021-neightbours-new-4.graph
neighbours,2024,neightbours-new-15,1.0,0.0,neighbours-2024-neightbours-new-15.graph
neighbours,2024,neightbours-new-2,0.5,0.5,neighbours-2024-neightbours-new-2.graph
neighbours,2024,neightbours-new-5,1.0,0.0,neighbours-2024-neightbours-new-5.graph
neighbours,2024,neightbours-new-6,0.9723207948899928,0.027679205110007,neighbours-2024-neightbours-new-6.graph
neighbours,2024,neightbours-new-7,1.0,0.0,neighbours-2024-neightbours-new-7.graph
network_50_cstr,2024,MODEL1507180015,1.0,0.0,network_50_cstr-2024-MODEL1507180015.graph
network_50_cstr,2024,MODEL1507180022,0.4666666666666667,0.5333333333333333,network_50_cstr-2024-MODEL1507180022.graph
network_50_cstr,2024,MODEL2204150001,0.7313432835820896,0.2686567164179104,network_50_cstr-2024-MODEL2204150001.graph
network_50_cstr,2024,MODEL2204190004,0.5714285714285714,0.4285714285714285,network_50_cstr-2024-MODEL2204190004.graph
network_50_cstr,2024,toy_network_1000_m,0.9588235294117649,0.0411764705882352,network_50_cstr-2024-toy_network_1000_m.graph
nfc,2016,12_2_10,1.0,0.0,nfc-2016-12_2_10.graph
nfc,2016,12_2_5,1.0,0.0,nfc-2016-12_2_5.graph
nfc,2016,18_3_10,1.0,0.0,nfc-2016-18_3_10.graph
nfc,2016,18_3_5,1.0,0.0,nfc-2016-18_3_5.graph
nfc,2016,24_4_10,1.0,0.0,nfc-2016-24_4_10.graph
nfc,2022,12_2_11,1.0,0.0,nfc-2022-12_2_11.graph
nfc,2022,18_3_12,1.0,0.0,nfc-2022-18_3_12.graph
nfc,2022,24_4_2,1.0,0.0,nfc-2022-24_4_2.graph
nfc,2022,30_5_12,1.0,0.0,nfc-2022-30_5_12.graph
nfc,2022,30_5_6,1.0,0.0,nfc-2022-30_5_6.graph
nmseq,2013,143,0.575,0.425,nmseq-2013-143.graph
nmseq,2013,202,0.6991869918699187,0.3008130081300813,nmseq-2013-202.graph
nmseq,2013,395,0.947515745276417,0.0524842547235829,nmseq-2013-395.graph
nmseq,2013,478,1.0,0.0,nmseq-2013-478.graph
nmseq,2013,99,0.2,0.8,nmseq-2013-99.graph
nmseq,2015,176,0.6990291262135923,0.3009708737864077,nmseq-2015-176.graph
nmseq,2015,207,0.8187919463087249,0.1812080536912751,nmseq-2015-207.graph
nmseq,2015,269,0.914855072463768,0.0851449275362318,nmseq-2015-269.graph
nmseq,2015,393,1.0,0.0,nmseq-2015-393.graph
nmseq,2015,83,0.6,0.4,nmseq-2015-83.graph
nonogram,2012,non_awful_3,1.0,0.0,nonogram-2012-non_awful_3.graph
nonogram,2012,non_awful_5,1.0,0.0,nonogram-2012-non_awful_5.graph
nonogram,2012,non_fast_11,0.6666666666666666,0.3333333333333333,nonogram-2012-non_fast_11.graph
nonogram,2012,non_fast_4,1.0,0.0,nonogram-2012-non_fast_4.graph
nonogram,2012,non_fast_8,1.0,0.0,nonogram-2012-non_fast_8.graph
nonogram,2013,dom_06,0.5,0.5,nonogram-2013-dom_06.graph
nonogram,2013,dom_08,0.5,0.5,nonogram-2013-dom_08.graph
nonogram,2013,dom_10,0.5,0.5,nonogram-2013-dom_10.graph
nonogram,2013,dom_12,0.0,1.0,nonogram-2013-dom_12.graph
nonogram,2013,dom_14,0.0,1.0,nonogram-2013-dom_14.graph
nside,2019,EASY_200_50,0.2771084337349397,0.7228915662650602,nside-2019-EASY_200_50.graph
nside,2019,HARD_2000_500,1.0,0.0,nside-2019-HARD_2000_500.graph
nside,2019,HARD_200_50,0.4530386740331492,0.5469613259668509,nside-2019-HARD_200_50.graph
nside,2019,MEDIUM_1000_100,1.0,0.0,nside-2019-MEDIUM_1000_100.graph
nside,2019,MEDIUM_200_50,0.4294478527607362,0.5705521472392638,nside-2019-MEDIUM_200_50.graph
on-call-rostering,2013,10s-150d,1.0,0.0,on-call-rostering-2013-10s-150d.graph
on-call-rostering,2013,10s-50d,1.0,0.0,on-call-rostering-2013-10s-50d.graph
on-call-rostering,2013,20s-200d,1.0,0.0,on-call-rostering-2013-20s-200d.graph
on-call-rostering,2013,4s-10d,0.5,0.5,on-call-rostering-2013-4s-10d.graph
on-call-rostering,2013,4s-23d,1.0,0.0,on-call-rostering-2013-4s-23d.graph
on-call-rostering,2018,10s-100d-C,1.0,0.0,on-call-rostering-2018-10s-100d-C.graph
on-call-rostering,2018,20s-100d-B,1.0,0.0,on-call-rostering-2018-20s-100d-B.graph
on-call-rostering,2018,2s-200d,1.0,0.0,on-call-rostering-2018-2s-200d.graph
on-call-rostering,2018,30s-400d-A,1.0,0.0,on-call-rostering-2018-30s-400d-A.graph
on-call-rostering,2018,4s-100d,1.0,0.0,on-call-rostering-2018-4s-100d.graph
oocsp_racks,2016,oocsp_racks_030_e6_cc,0.3333333333333333,0.6666666666666666,oocsp_racks-2016-oocsp_racks_030_e6_cc.graph
oocsp_racks,2016,oocsp_racks_030_ea4_cc,0.2,0.8,oocsp_racks-2016-oocsp_racks_030_ea4_cc.graph
oocsp_racks,2016,oocsp_racks_030_f7_cc,0.5,0.5,oocsp_racks-2016-oocsp_racks_030_f7_cc.graph
oocsp_racks,2016,oocsp_racks_030_mii8,0.25,0.75,oocsp_racks-2016-oocsp_racks_030_mii8.graph
oocsp_racks,2016,oocsp_racks_100_r1,0.2666666666666666,0.7333333333333333,oocsp_racks-2016-oocsp_racks_100_r1.graph
oocsp_racks,2018,oocsp_racks_030_f7,0.1818181818181818,0.8181818181818182,oocsp_racks-2018-oocsp_racks_030_f7.graph
oocsp_racks,2018,oocsp_racks_030_mii8_cc,0.2,0.8,oocsp_racks-2018-oocsp_racks_030_mii8_cc.graph
oocsp_racks,2018,oocsp_racks_050_e5,0.3846153846153846,0.6153846153846154,oocsp_racks-2018-oocsp_racks_050_e5.graph
oocsp_racks,2018,oocsp_racks_050_r1,0.3333333333333333,0.6666666666666666,oocsp_racks-2018-oocsp_racks_050_r1.graph
oocsp_racks,2018,oocsp_racks_100_r1_cc,0.4457831325301205,0.5542168674698795,oocsp_racks-2018-oocsp_racks_100_r1_cc.graph
opd,2015,flener_et_al_10_350_100,0.0,1.0,opd-2015-flener_et_al_10_350_100.graph
opd,2015,medium_10_100_30,0.5,0.5,opd-2015-medium_10_100_30.graph
opd,2015,small_bibd_10_30_09,0.164569215876089,0.8354307841239109,opd-2015-small_bibd_10_30_09.graph
opd,2015,small_bibd_11_22_10,0.3970345963756178,0.6029654036243822,opd-2015-small_bibd_11_22_10.graph
opd,2015,small_bibd_13_26_06,0.0030138637733574,0.9969861362266426,opd-2015-small_bibd_13_26_06.graph
opd,2017,flener_et_al_15_350_100,1.0,0.0,opd-2017-flener_et_al_15_350_100.graph
opd,2017,medium_13_250_80,1.0,0.0,opd-2017-medium_13_250_80.graph
opd,2017,small_bibd_06_50_25,0.8888888888888888,0.1111111111111111,opd-2017-small_bibd_06_50_25.graph
opd,2017,small_bibd_06_60_30,0.948,0.052,opd-2017-small_bibd_06_60_30.graph
opd,2017,small_bibd_08_28_14,0.15,0.85,opd-2017-small_bibd_08_28_14.graph
open_stacks,2015,problem_20_20_1,0.0,1.0,open_stacks-2015-problem_20_20_1.graph
open_stacks,2015,problem_30_15_1,0.0227272727272727,0.9772727272727272,open_stacks-2015-problem_30_15_1.graph
open_stacks,2015,wbo_10_20_1,0.0112359550561797,0.9887640449438202,open_stacks-2015-wbo_10_20_1.graph
open_stacks,2015,wbop_15_30_1,0.0255885363357216,0.9744114636642784,open_stacks-2015-wbop_15_30_1.graph
open_stacks,2015,wbp_20_20_1,0.0,1.0,open_stacks-2015-wbp_20_20_1.graph
openshop,2014,gp10-4,0.8,0.2,openshop-2014-gp10-4.graph
openshop,2014,j7per10-1,1.0,0.0,openshop-2014-j7per10-1.graph
openshop,2014,j8per0-2,0.8231292517006803,0.1768707482993197,openshop-2014-j8per0-2.graph
openshop,2014,tai20-4,0.4117647058823529,0.5882352941176471,openshop-2014-tai20-4.graph
openshop,2014,tai20-6,0.3529411764705882,0.6470588235294118,openshop-2014-tai20-6.graph
opt-cryptanalysis,2017,r11,1.0,0.0,opt-cryptanalysis-2017-r11.graph
opt-cryptanalysis,2017,r5,0.8253521126760563,0.1746478873239436,opt-cryptanalysis-2017-r5.graph
opt-cryptanalysis,2017,r7,1.0,0.0,opt-cryptanalysis-2017-r7.graph
opt-cryptanalysis,2017,r9,1.0,0.0,opt-cryptanalysis-2017-r9.graph
opt-cryptanalysis,2018,r10,1.0,0.0,opt-cryptanalysis-2018-r10.graph
opt-cryptanalysis,2018,r12,1.0,0.0,opt-cryptanalysis-2018-r12.graph
opt-cryptanalysis,2018,r14,1.0,0.0,opt-cryptanalysis-2018-r14.graph
opt-cryptanalysis,2018,r6,1.0,0.0,opt-cryptanalysis-2018-r6.graph
opt-cryptanalysis,2018,r8,1.0,0.0,opt-cryptanalysis-2018-r8.graph
opt-cryptoanalysis,2021,r1,0.5,0.5,opt-cryptoanalysis-2021-r1.graph
opt-cryptoanalysis,2021,r13,1.0,0.0,opt-cryptoanalysis-2021-r13.graph
opt-cryptoanalysis,2021,r2,1.0,0.0,opt-cryptoanalysis-2021-r2.graph
opt-cryptoanalysis,2021,r3,1.0,0.0,opt-cryptoanalysis-2021-r3.graph
opt-cryptoanalysis,2021,r4,0.4,0.6,opt-cryptoanalysis-2021-r4.graph
p1f,2015,12,1.0,0.0,p1f-2015-12.graph
p1f,2015,14,0.5,0.5,p1f-2015-14.graph
p1f-pjs,2020,10,0.5714285714285714,0.4285714285714285,p1f-pjs-2020-10.graph
p1f-pjs,2021,12,1.0,0.0,p1f-pjs-2021-12.graph
p1f-pjs,2021,14,0.5,0.5,p1f-pjs-2021-14.graph
parity-learning,2012,44_22_5.2,0.375,0.625,parity-learning-2012-44_22_5.2.graph
parity-learning,2012,44_22_5.3,0.6818181818181818,0.3181818181818182,parity-learning-2012-44_22_5.3.graph
parity-learning,2012,48_24_6.1,0.6610738255033557,0.3389261744966443,parity-learning-2012-48_24_6.1.graph
parity-learning,2012,48_24_6.2,0.223826714801444,0.776173285198556,parity-learning-2012-48_24_6.2.graph
parity-learning,2012,52_26_6.1,0.0,1.0,parity-learning-2012-52_26_6.1.graph
parity-learning,2012,52_26_6.2,1.0,0.0,parity-learning-2012-52_26_6.2.graph
parity-learning,2012,52_26_6.3,1.0,0.0,parity-learning-2012-52_26_6.3.graph
pattern-set-mining,2013,anneal-k1,0.5714285714285714,0.4285714285714285,pattern-set-mining-2013-anneal-k1.graph
pattern-set-mining,2013,hypothyroid-k1,0.7391304347826086,0.2608695652173913,pattern-set-mining-2013-hypothyroid-k1.graph
pattern-set-mining,2013,kr-vs-kp-k2,1.0,0.0,pattern-set-mining-2013-kr-vs-kp-k2.graph
pattern-set-mining,2013,splice-1-k1,1.0,0.0,pattern-set-mining-2013-splice-1-k1.graph
pattern-set-mining,2013,yeast-k2,1.0,0.0,pattern-set-mining-2013-yeast-k2.graph
pattern-set-mining-k1,2012,ionosphere,0.8611111111111112,0.1388888888888889,pattern-set-mining-k1-2012-ionosphere.graph
pattern-set-mining-k1,2012,mushroom,0.9136104319478404,0.0863895680521597,pattern-set-mining-k1-2012-mushroom.graph
pattern-set-mining-k2,2012,audiology,0.6666666666666666,0.3333333333333333,pattern-set-mining-k2-2012-audiology.graph
pattern-set-mining-k2,2012,german-credit,1.0,0.0,pattern-set-mining-k2-2012-german-credit.graph
pattern-set-mining-k2,2012,segment,0.9396551724137931,0.0603448275862069,pattern-set-mining-k2-2012-segment.graph
peacable_queens,2021,11,1.0,0.0,peacable_queens-2021-11.graph
peacable_queens,2021,25,1.0,0.0,peacable_queens-2021-25.graph
peacable_queens,2021,40,1.0,0.0,peacable_queens-2021-40.graph
peacable_queens,2021,50,1.0,0.0,peacable_queens-2021-50.graph
peacable_queens,2021,8,0.0,1.0,peacable_queens-2021-8.graph
peacable_queens,2024,pq_n12,1.0,0.0,peacable_queens-2024-pq_n12.graph
peacable_queens,2024,pq_n19,1.0,0.0,peacable_queens-2024-pq_n19.graph
peacable_queens,2024,pq_n35,1.0,0.0,peacable_queens-2024-pq_n35.graph
peacable_queens,2024,pq_n7,0.03,0.97,peacable_queens-2024-pq_n7.graph
peacable_queens,2024,pq_n9,0.5,0.5,peacable_queens-2024-pq_n9.graph
pennies-opt,2023,n12,0.5,0.5,pennies-opt-2023-n12.graph
pennies-opt,2023,n5,0.5,0.5,pennies-opt-2023-n5.graph
pennies-opt,2023,n7,0.8571428571428571,0.1428571428571428,pennies-opt-2023-n7.graph
pennies-opt,2023,n8,0.0,1.0,pennies-opt-2023-n8.graph
pennies-opt,2023,n9,0.5,0.5,pennies-opt-2023-n9.graph
pentominoes,2020,02,0.0,1.0,pentominoes-2020-02.graph
pentominoes,2020,04,0.28,0.72,pentominoes-2020-04.graph
pentominoes,2020,05,0.631578947368421,0.3684210526315789,pentominoes-2020-05.graph
pentominoes,2020,06,0.1111111111111111,0.8888888888888888,pentominoes-2020-06.graph
pentominoes,2020,07,0.8505747126436781,0.1494252873563218,pentominoes-2020-07.graph
pentominoes-int,2013,02,0.0,1.0,pentominoes-int-2013-02.graph
pentominoes-int,2013,04,0.1904761904761904,0.8095238095238095,pentominoes-int-2013-04.graph
pentominoes-int,2013,05,1.0,0.0,pentominoes-int-2013-05.graph
pentominoes-int,2013,06,0.0,1.0,pentominoes-int-2013-06.graph
pentominoes-int,2013,07,0.8428571428571429,0.1571428571428571,pentominoes-int-2013-07.graph
pentominoes-zayenz,2021,size_10_tiles_10_seed_17_strategy_target,0.5,0.5,pentominoes-zayenz-2021-size_10_tiles_10_seed_17_strategy_target.graph
pentominoes-zayenz,2021,size_15_tiles_15_seed_17_strategy_source,1.0,0.0,pentominoes-zayenz-2021-size_15_tiles_15_seed_17_strategy_source.graph
pentominoes-zayenz,2021,size_20_tiles_10_seed_42_strategy_far,0.5706214689265536,0.4293785310734463,pentominoes-zayenz-2021-size_20_tiles_10_seed_42_strategy_far.graph
pentominoes-zayenz,2021,size_20_tiles_15_seed_4711_strategy_source,0.2948717948717949,0.7051282051282052,pentominoes-zayenz-2021-size_20_tiles_15_seed_4711_strategy_source.graph
pentominoes-zayenz,2021,size_5_tiles_20_seed_17_strategy_close,0.5,0.5,pentominoes-zayenz-2021-size_5_tiles_20_seed_17_strategy_close.graph
perfect_square,2021,102,0.6322869955156951,0.3677130044843049,perfect_square-2021-102.graph
perfect_square,2021,195,0.4881516587677725,0.5118483412322274,perfect_square-2021-195.graph
perfect_square,2021,205,0.2631578947368421,0.7368421052631579,perfect_square-2021-205.graph
perfect_square,2021,57,1.0,0.0,perfect_square-2021-57.graph
perfect_square,2021,92,0.0192307692307692,0.9807692307692308,perfect_square-2021-92.graph
physician-scheduling,2021,instance03_0.34,0.6923076923076923,0.3076923076923077,physician-scheduling-2021-instance03_0.34.graph
physician-scheduling,2021,instance10-duplicated_0.23,1.0,0.0,physician-scheduling-2021-instance10-duplicated_0.23.graph
physician-scheduling,2021,instance13-duplicated_0.56,1.0,0.0,physician-scheduling-2021-instance13-duplicated_0.56.graph
physician-scheduling,2021,instance17_oneweek_real,1.0,0.0,physician-scheduling-2021-instance17_oneweek_real.graph
physician-scheduling,2021,instance18_real,1.0,0.0,physician-scheduling-2021-instance18_real.graph
pillars-and-planks,2020,p-d10,0.5142857142857142,0.4857142857142857,pillars-and-planks-2020-p-d10.graph
pillars-and-planks,2020,p-d12,0.6666666666666666,0.3333333333333333,pillars-and-planks-2020-p-d12.graph
pillars-and-planks,2020,p-d17,0.5,0.5,pillars-and-planks-2020-p-d17.graph
pillars-and-planks,2020,p-d7,0.2781456953642384,0.7218543046357616,pillars-and-planks-2020-p-d7.graph
portal,2024,random_10_0_100,0.1894409937888198,0.8105590062111802,portal-2024-random_10_0_100.graph
portal,2024,random_10_9_10,0.0,1.0,portal-2024-random_10_9_10.graph
portal,2024,random_20_1_100,0.0,1.0,portal-2024-random_20_1_100.graph
portal,2024,random_20_9_100,0.0,1.0,portal-2024-random_20_9_100.graph
portal,2024,small_3,0.021505376344086,0.978494623655914,portal-2024-small_3.graph
prize-collecting,2016,28-4-7-1,1.0,0.0,prize-collecting-2016-28-4-7-1.graph
prize-collecting,2016,30-5-6-2,0.9090909090909092,0.0909090909090909,prize-collecting-2016-30-5-6-2.graph
prize-collecting,2016,30-5-6-8,1.0,0.0,prize-collecting-2016-30-5-6-8.graph
prize-collecting,2016,32-4-8-2,1.0,0.0,prize-collecting-2016-32-4-8-2.graph
prize-collecting,2016,32-4-8-5,0.9736842105263158,0.0263157894736842,prize-collecting-2016-32-4-8-5.graph
products-and-shelves,2025,ps-25-01,1.0,0.0,products-and-shelves-2025-ps-25-01.graph
products-and-shelves,2025,ps-25-03,1.0,0.0,products-and-shelves-2025-ps-25-03.graph
products-and-shelves,2025,ps-50-06,0.0560578661844484,0.9439421338155516,products-and-shelves-2025-ps-50-06.graph
products-and-shelves,2025,ps-50-09,1.0,0.0,products-and-shelves-2025-ps-50-09.graph
products-and-shelves,2025,toy,1.0,0.0,products-and-shelves-2025-toy.graph
project-planning,2012,ProjectPlannertest_12_8,0.0,1.0,project-planning-2012-ProjectPlannertest_12_8.graph
project-planning,2012,ProjectPlannertest_13_6,0.5,0.5,project-planning-2012-ProjectPlannertest_13_6.graph
project-planning,2012,ProjectPlannertest_13_8,0.0,1.0,project-planning-2012-ProjectPlannertest_13_8.graph
project-planning,2012,ProjectPlannertest_14_8,0.5,0.5,project-planning-2012-ProjectPlannertest_14_8.graph
project-planning,2012,ProjectPlannertest_16_7,0.3043478260869565,0.6956521739130435,project-planning-2012-ProjectPlannertest_16_7.graph
project-planning,2012,ProjectPlannertest_17_9,0.1027397260273972,0.8972602739726028,project-planning-2012-ProjectPlannertest_17_9.graph
project-planning,2015,ProjectPlannertest_12_7,0.0,1.0,project-planning-2015-ProjectPlannertest_12_7.graph
project-planning,2015,ProjectPlannertest_14_7,0.5,0.5,project-planning-2015-ProjectPlannertest_14_7.graph
project-planning,2015,ProjectPlannertest_15_6,0.75,0.25,project-planning-2015-ProjectPlannertest_15_6.graph
project-planning,2015,ProjectPlannertest_16_6,0.2857142857142857,0.7142857142857143,project-planning-2015-ProjectPlannertest_16_6.graph
project-planning,2015,ProjectPlannertest_16_8,0.3333333333333333,0.6666666666666666,project-planning-2015-ProjectPlannertest_16_8.graph
proteindesign12,2013,1HZ5.12p.19aa.usingEref_self,1.0,0.0,proteindesign12-2013-1HZ5.12p.19aa.usingEref_self.graph
proteindesign12,2013,1HZ5.12p.9aa.usingEref_self,0.1285714285714285,0.8714285714285714,proteindesign12-2013-1HZ5.12p.9aa.usingEref_self.graph
proteindesign12,2013,1PGB.11p.9aa.usingEref_self,0.1071428571428571,0.8928571428571429,proteindesign12-2013-1PGB.11p.9aa.usingEref_self.graph
proteindesign12,2013,1UBI.13p.9aa.usingEref_self,0.2809917355371901,0.71900826446281,proteindesign12-2013-1UBI.13p.9aa.usingEref_self.graph
proteindesign12,2013,2TRX.11p.8aa.usingEref_self,0.2,0.8,proteindesign12-2013-2TRX.11p.8aa.usingEref_self.graph
proteindesign12,2018,1CM1.17p.19aa.usingEref_self,1.0,0.0,proteindesign12-2018-1CM1.17p.19aa.usingEref_self.graph
proteindesign12,2018,1HZ5.12p.9aa.usingEref_self_x,0.7784431137724551,0.2215568862275449,proteindesign12-2018-1HZ5.12p.9aa.usingEref_self_x.graph
proteindesign12,2018,1PGB.11p.9aa.usingEref_self_x,0.8263546798029556,0.1736453201970443,proteindesign12-2018-1PGB.11p.9aa.usingEref_self_x.graph
proteindesign12,2018,2DHC.14p.19aa.usingEref_self,1.0,0.0,proteindesign12-2018-2DHC.14p.19aa.usingEref_self.graph
proteindesign12,2018,2PCY.18p.8aa.usingEref_self,0.928849902534113,0.0711500974658869,proteindesign12-2018-2PCY.18p.8aa.usingEref_self.graph
proteindesign12,2025,1HZ5.12p.19aa.usingEref_self,1.0,0.0,proteindesign12-2025-1HZ5.12p.19aa.usingEref_self.graph
proteindesign12,2025,1HZ5.12p.9aa.usingEref_self,0.1363636363636363,0.8636363636363636,proteindesign12-2025-1HZ5.12p.9aa.usingEref_self.graph
proteindesign12,2025,1UBI.13p.19aa.usingEref_self,1.0,0.0,proteindesign12-2025-1UBI.13p.19aa.usingEref_self.graph
proteindesign12,2025,1UBI.13p.9aa.usingEref_self_x,1.0,0.0,proteindesign12-2025-1UBI.13p.9aa.usingEref_self_x.graph
proteindesign12,2025,2TRX.11p.8aa.usingEref_self_x,0.8173913043478261,0.1826086956521739,proteindesign12-2025-2TRX.11p.8aa.usingEref_self_x.graph
ptv,2019,pax_period_20_1c,1.0,0.0,ptv-2019-pax_period_20_1c.graph
ptv,2019,pax_period_20_2b,1.0,0.0,ptv-2019-pax_period_20_2b.graph
ptv,2019,pax_period_20_3b,1.0,0.0,ptv-2019-pax_period_20_3b.graph
ptv,2019,pax_period_20_5a,1.0,0.0,ptv-2019-pax_period_20_5a.graph
ptv,2019,pax_period_20_5b,1.0,0.0,ptv-2019-pax_period_20_5b.graph
racp,2018,j30_13_6_1.25,0.1777777777777777,0.8222222222222222,racp-2018-j30_13_6_1.25.graph
racp,2018,j30_14_7_1.25,0.288135593220339,0.711864406779661,racp-2018-j30_14_7_1.25.graph
racp,2018,j30_26_2_1.0,0.5,0.5,racp-2018-j30_26_2_1.0.graph
racp,2018,j60_14_7_1.25,1.0,0.0,racp-2018-j60_14_7_1.25.graph
racp,2018,j60_29_10_1.0,0.0,1.0,racp-2018-j60_29_10_1.0.graph
racp,2020,j30_26_2_1.0,0.5,0.5,racp-2020-j30_26_2_1.0.graph
racp,2020,j60_10_6_1.25,0.0,1.0,racp-2020-j60_10_6_1.25.graph
racp,2020,j60_13_4_1.0,0.5384615384615384,0.4615384615384615,racp-2020-j60_13_4_1.0.graph
racp,2020,j60_48_9_1.0,0.0926640926640926,0.9073359073359072,racp-2020-j60_48_9_1.0.graph
racp,2020,j60_9_9_1.25,1.0,0.0,racp-2020-j60_9_9_1.25.graph
radiation,2012,m06_15_15,0.5,0.5,radiation-2012-m06_15_15.graph
radiation,2012,m07_07_20,0.5,0.5,radiation-2012-m07_07_20.graph
radiation,2012,m12_10_20,0.7023809523809523,0.2976190476190476,radiation-2012-m12_10_20.graph
radiation,2012,m18_12_05,1.0,0.0,radiation-2012-m18_12_05.graph
radiation,2012,m40_10_02,0.0,1.0,radiation-2012-m40_10_02.graph
radiation,2013,i6-11,0.5,0.5,radiation-2013-i6-11.graph
radiation,2013,i6-7,0.5,0.5,radiation-2013-i6-7.graph
radiation,2013,i7-15,0.1428571428571428,0.8571428571428571,radiation-2013-i7-15.graph
radiation,2013,i8-7,0.5,0.5,radiation-2013-i8-7.graph
radiation,2013,i9-23,1.0,0.0,radiation-2013-i9-23.graph
radiation,2015,i14-9,0.9,0.1,radiation-2015-i14-9.graph
radiation,2015,i6-11,0.5,0.5,radiation-2015-i6-11.graph
radiation,2015,i6-21,0.9295774647887324,0.0704225352112676,radiation-2015-i6-21.graph
radiation,2015,i7-9,0.5,0.5,radiation-2015-i7-9.graph
radiation,2015,i9-11,0.5,0.5,radiation-2015-i9-11.graph
radiation,2020,i6-9,0.5,0.5,radiation-2020-i6-9.graph
radiation,2020,i7-21,0.5,0.5,radiation-2020-i7-21.graph
radiation,2020,i8-40,1.0,0.0,radiation-2020-i8-40.graph
radiation,2020,i8-9,0.5,0.5,radiation-2020-i8-9.graph
radiation,2020,i9-21,0.967741935483871,0.032258064516129,radiation-2020-i9-21.graph
rcpsp,2013,11,0.0412371134020618,0.9587628865979382,rcpsp-2013-11.graph
rcpsp,2013,12,0.8888888888888888,0.1111111111111111,rcpsp-2013-12.graph
rcpsp,2013,13,1.0,0.0,rcpsp-2013-13.graph
rcpsp,2013,14,0.098188751191611,0.9018112488083888,rcpsp-2013-14.graph
rcpsp,2013,15,1.0,0.0,rcpsp-2013-15.graph
rcpsp-wet,2016,j30_27_5-wet,0.5,0.5,rcpsp-wet-2016-j30_27_5-wet.graph
rcpsp-wet,2016,j30_44_8-wet,0.5,0.5,rcpsp-wet-2016-j30_44_8-wet.graph
rcpsp-wet,2016,j60_36_8-wet,1.0,0.0,rcpsp-wet-2016-j60_36_8-wet.graph
rcpsp-wet,2016,j90_10_10-wet,1.0,0.0,rcpsp-wet-2016-j90_10_10-wet.graph
rcpsp-wet,2016,j90_19_7-wet,1.0,0.0,rcpsp-wet-2016-j90_19_7-wet.graph
rcpsp-wet,2017,j30_1_3-wet,0.5,0.5,rcpsp-wet-2017-j30_1_3-wet.graph
rcpsp-wet,2017,j30_43_10-wet,1.0,0.0,rcpsp-wet-2017-j30_43_10-wet.graph
rcpsp-wet,2017,j60_19_6-wet,1.0,0.0,rcpsp-wet-2017-j60_19_6-wet.graph
rcpsp-wet,2017,j60_28_3-wet,1.0,0.0,rcpsp-wet-2017-j60_28_3-wet.graph
rcpsp-wet,2017,j90_48_4-wet,1.0,0.0,rcpsp-wet-2017-j90_48_4-wet.graph
rcpsp-wet-diverse,2019,j30_27_5-wet-diverse-3,1.0,0.0,rcpsp-wet-diverse-2019-j30_27_5-wet-diverse-3.graph
rcpsp-wet-diverse,2019,j30_27_5-wet-diverse-4,1.0,0.0,rcpsp-wet-diverse-2019-j30_27_5-wet-diverse-4.graph
rcpsp-wet-diverse,2019,j30_44_8-wet-diverse-4,1.0,0.0,rcpsp-wet-diverse-2019-j30_44_8-wet-diverse-4.graph
rcpsp-wet-diverse,2019,j60_19_6-wet-diverse-3,1.0,0.0,rcpsp-wet-diverse-2019-j60_19_6-wet-diverse-3.graph
rcpsp-wet-diverse,2019,j90_48_4-wet-diverse-3,1.0,0.0,rcpsp-wet-diverse-2019-j90_48_4-wet-diverse-3.graph
rectangle-packing,2014,rpp18_true,0.5,0.5,rectangle-packing-2014-rpp18_true.graph
rectangle-packing,2014,rpp21_false,0.5,0.5,rectangle-packing-2014-rpp21_false.graph
rectangle-packing,2014,rpp22_false,0.5,0.5,rectangle-packing-2014-rpp22_false.graph
rectangle-packing,2014,rpp23_false,0.5,0.5,rectangle-packing-2014-rpp23_false.graph
rectangle-packing,2014,rpp26_false,0.5,0.5,rectangle-packing-2014-rpp26_false.graph
rel2onto,2017,3_9,1.0,0.0,rel2onto-2017-3_9.graph
rel2onto,2017,5_17,1.0,0.0,rel2onto-2017-5_17.graph
rel2onto,2017,5_28,1.0,0.0,rel2onto-2017-5_28.graph
rel2onto,2017,5_5,1.0,0.0,rel2onto-2017-5_5.graph
rel2onto,2017,5_6,1.0,0.0,rel2onto-2017-5_6.graph
road-cons,2014,road_11,1.0,0.0,road-cons-2014-road_11.graph
road-cons,2014,road_14,1.0,0.0,road-cons-2014-road_14.graph
road-cons,2014,road_16,1.0,0.0,road-cons-2014-road_16.graph
road-cons,2014,road_20,1.0,0.0,road-cons-2014-road_20.graph
road-cons,2014,road_9,1.0,0.0,road-cons-2014-road_9.graph
road-cons,2017,road_17,1.0,0.0,road-cons-2017-road_17.graph
road-cons,2017,road_18,1.0,0.0,road-cons-2017-road_18.graph
road-cons,2017,road_25,1.0,0.0,road-cons-2017-road_25.graph
road-cons,2017,road_26,1.0,0.0,road-cons-2017-road_26.graph
road-cons,2017,road_33,1.0,0.0,road-cons-2017-road_33.graph
roster,2015,chicroster_dataset_11,0.5,0.5,roster-2015-chicroster_dataset_11.graph
roster,2015,chicroster_dataset_17,0.5,0.5,roster-2015-chicroster_dataset_17.graph
roster,2015,chicroster_dataset_2,0.5,0.5,roster-2015-chicroster_dataset_2.graph
roster,2015,chicroster_dataset_5,0.5,0.5,roster-2015-chicroster_dataset_5.graph
roster,2015,chicroster_dataset_7,0.5,0.5,roster-2015-chicroster_dataset_7.graph
roster,2023,chicroster_dataset_10,0.5,0.5,roster-2023-chicroster_dataset_10.graph
roster,2023,chicroster_dataset_12,0.5,0.5,roster-2023-chicroster_dataset_12.graph
roster,2023,chicroster_dataset_8,0.5,0.5,roster-2023-chicroster_dataset_8.graph
roster,2023,chicroster_dataset_9,0.5,0.5,roster-2023-chicroster_dataset_9.graph
roster,2023,chicroster_dataset_large_16,0.5,0.5,roster-2023-chicroster_dataset_large_16.graph
roster-shifts-bool,2023,large,1.0,0.0,roster-shifts-bool-2023-large.graph
roster-shifts-bool,2023,s100_e20_c8,1.0,0.0,roster-shifts-bool-2023-s100_e20_c8.graph
roster-shifts-bool,2023,s200_e50_c8,1.0,0.0,roster-shifts-bool-2023-s200_e50_c8.graph
roster-shifts-bool,2023,s50_e50_c3,1.0,0.0,roster-shifts-bool-2023-s50_e50_c3.graph
roster-shifts-bool,2023,small,1.0,0.0,roster-shifts-bool-2023-small.graph
roster-sickness,2022,large-2,0.9852827265685516,0.0147172734314484,roster-sickness-2022-large-2.graph
roster-sickness,2022,large-2-2,0.5652173913043478,0.4347826086956521,roster-sickness-2022-large-2-2.graph
roster-sickness,2022,large-4,1.0,0.0,roster-sickness-2022-large-4.graph
roster-sickness,2022,large-4-2,0.5365853658536586,0.4634146341463415,roster-sickness-2022-large-4-2.graph
roster-sickness,2022,small-4,1.0,0.0,roster-sickness-2022-small-4.graph
rotating-workforce,2018,Example1014,0.7926267281105991,0.2073732718894009,rotating-workforce-2018-Example1014.graph
rotating-workforce,2018,Example103,0.0,1.0,rotating-workforce-2018-Example103.graph
rotating-workforce,2018,Example1479,0.6,0.4,rotating-workforce-2018-Example1479.graph
rotating-workforce,2018,Example1780,0.9846153846153848,0.0153846153846153,rotating-workforce-2018-Example1780.graph
rotating-workforce,2018,Example593,0.9415073115860516,0.0584926884139482,rotating-workforce-2018-Example593.graph
rotating-workforce,2019,Example1174,0.9439252336448598,0.0560747663551401,rotating-workforce-2019-Example1174.graph
rotating-workforce,2019,Example1242,0.0,1.0,rotating-workforce-2019-Example1242.graph
rotating-workforce,2019,Example1337,0.8571428571428571,0.1428571428571428,rotating-workforce-2019-Example1337.graph
rotating-workforce,2019,Example1370,0.9442307692307692,0.0557692307692307,rotating-workforce-2019-Example1370.graph
rotating-workforce,2019,Example789,0.8629441624365483,0.1370558375634517,rotating-workforce-2019-Example789.graph
rotating-workforce-scheduling,2022,rws-instance-e-100-s-2,1.0,0.0,rotating-workforce-scheduling-2022-rws-instance-e-100-s-2.graph
rotating-workforce-scheduling,2022,rws-instance-e-25-s-7,0.7272727272727273,0.2727272727272727,rotating-workforce-scheduling-2022-rws-instance-e-25-s-7.graph
rotating-workforce-scheduling,2022,rws-instance-e-30-s-9,0.9833333333333332,0.0166666666666666,rotating-workforce-scheduling-2022-rws-instance-e-30-s-9.graph
rotating-workforce-scheduling,2022,rws-instance-e-80-s-1,0.0,1.0,rotating-workforce-scheduling-2022-rws-instance-e-80-s-1.graph
rotating-workforce-scheduling,2022,rws-instance-e-90-s-2,1.0,0.0,rotating-workforce-scheduling-2022-rws-instance-e-90-s-2.graph
routing-flexible,2017,routing_GCM_0001,1.0,0.0,routing-flexible-2017-routing_GCM_0001.graph
routing-flexible,2017,routing_GCM_0005,0.995575221238938,0.0044247787610619,routing-flexible-2017-routing_GCM_0005.graph
routing-flexible,2017,routing_GCM_0006,0.98676293622142,0.01323706377858,routing-flexible-2017-routing_GCM_0006.graph
routing-flexible,2017,routing_GCM_0007,0.7254901960784313,0.2745098039215686,routing-flexible-2017-routing_GCM_0007.graph
routing-flexible,2017,routing_GCM_0022,0.9921875,0.0078125,routing-flexible-2017-routing_GCM_0022.graph
rubik,2013,4-cube,0.5,0.5,rubik-2013-4-cube.graph
rubik,2013,5-cube,1.0,0.0,rubik-2013-5-cube.graph
rubik,2013,6-cube,0.6666666666666666,0.3333333333333333,rubik-2013-6-cube.graph
rubik,2013,7-cube,0.8,0.2,rubik-2013-7-cube.graph
rubik,2013,8-cube,0.9534883720930232,0.0465116279069767,rubik-2013-8-cube.graph
sdn-chain,2020,d10n780-1,1.0,0.0,sdn-chain-2020-d10n780-1.graph
sdn-chain,2020,d10n780-2,0.5,0.5,sdn-chain-2020-d10n780-2.graph
sdn-chain,2020,d24n600-3,0.4,0.6,sdn-chain-2020-d24n600-3.graph
sdn-chain,2020,d26n600-2,0.3333333333333333,0.6666666666666666,sdn-chain-2020-d26n600-2.graph
sdn-chain,2020,d30n600-5,0.4,0.6,sdn-chain-2020-d30n600-5.graph
seat-moving,2018,sm-10-12-00,0.9411764705882352,0.0588235294117647,seat-moving-2018-sm-10-12-00.graph
seat-moving,2018,sm-10-20-05,0.5,0.5,seat-moving-2018-sm-10-20-05.graph
seat-moving,2018,sm-15-12-00,1.0,0.0,seat-moving-2018-sm-15-12-00.graph
seat-moving,2018,sm-15-20-00,0.0,1.0,seat-moving-2018-sm-15-20-00.graph
seat-moving,2018,sm-20-20-00,0.9765625,0.0234375,seat-moving-2018-sm-20-20-00.graph
seat-moving,2021,sm-10-11-00,0.9891975308641976,0.0108024691358024,seat-moving-2021-sm-10-11-00.graph
seat-moving,2021,sm-10-13-00,1.0,0.0,seat-moving-2021-sm-10-13-00.graph
seat-moving,2021,sm-20-13-00,1.0,0.0,seat-moving-2021-sm-20-13-00.graph
seat-moving,2021,sm-20-16-00,1.0,0.0,seat-moving-2021-sm-20-16-00.graph
seat-moving,2021,sm-20-20-02,1.0,0.0,seat-moving-2021-sm-20-20-02.graph
ship-schedule,2012,5Ships,0.0,1.0,ship-schedule-2012-5Ships.graph
ship-schedule,2012,6ShipsMixed,0.0,1.0,ship-schedule-2012-6ShipsMixed.graph
ship-schedule,2012,7ShipsMixed,0.0,1.0,ship-schedule-2012-7ShipsMixed.graph
ship-schedule,2012,7ShipsMixedUnconst,0.5,0.5,ship-schedule-2012-7ShipsMixedUnconst.graph
ship-schedule,2012,8ShipsUnconst,0.0,1.0,ship-schedule-2012-8ShipsUnconst.graph
ship-schedule,2014,3Ships,0.5,0.5,ship-schedule-2014-3Ships.graph
ship-schedule,2014,6Ships,0.0,1.0,ship-schedule-2014-6Ships.graph
ship-schedule,2014,7Ships,0.25,0.75,ship-schedule-2014-7Ships.graph
ship-schedule,2014,8ShipsMixed,0.0,1.0,ship-schedule-2014-8ShipsMixed.graph
ship-schedule,2014,8ShipsMixedUnconstr,0.0,1.0,ship-schedule-2014-8ShipsMixedUnconstr.graph
skill-allocation,2020,skill_allocation_mzn_1m_1,0.4736842105263157,0.5263157894736842,skill-allocation-2020-skill_allocation_mzn_1m_1.graph
skill-allocation,2020,skill_allocation_mzn_2m_1,0.2714285714285714,0.7285714285714285,skill-allocation-2020-skill_allocation_mzn_2m_1.graph
skill-allocation,2020,skill_allocation_mzn_2m_3,0.5,0.5,skill-allocation-2020-skill_allocation_mzn_2m_3.graph
skill-allocation,2020,skill_allocation_mzn_2w_1,0.4962962962962963,0.5037037037037037,skill-allocation-2020-skill_allocation_mzn_2w_1.graph
skill-allocation,2020,skill_allocation_mzn_3m_3,1.0,0.0,skill-allocation-2020-skill_allocation_mzn_3m_3.graph
skill-allocation,2025,skill_allocation_mzn_1m_2,0.9191919191919192,0.0808080808080808,skill-allocation-2025-skill_allocation_mzn_1m_2.graph
skill-allocation,2025,skill_allocation_mzn_2m_2,1.0,0.0,skill-allocation-2025-skill_allocation_mzn_2m_2.graph
skill-allocation,2025,skill_allocation_mzn_2w_2,0.5,0.5,skill-allocation-2025-skill_allocation_mzn_2w_2.graph
skill-allocation,2025,skill_allocation_mzn_3m_3,1.0,0.0,skill-allocation-2025-skill_allocation_mzn_3m_3.graph
skill-allocation,2025,skill_allocation_mzn_5d_1,0.5,0.5,skill-allocation-2025-skill_allocation_mzn_5d_1.graph
smelt,2014,smelt_11,1.0,0.0,smelt-2014-smelt_11.graph
smelt,2014,smelt_2,0.5,0.5,smelt-2014-smelt_2.graph
smelt,2014,smelt_3,1.0,0.0,smelt-2014-smelt_3.graph
smelt,2014,smelt_4,1.0,0.0,smelt-2014-smelt_4.graph
smelt,2014,smelt_5,1.0,0.0,smelt-2014-smelt_5.graph
soccer-computational,2018,xIGData_22_12_22_5,0.5,0.5,soccer-computational-2018-xIGData_22_12_22_5.graph
soccer-computational,2018,xIGData_22_17_16_1,0.6785714285714286,0.3214285714285714,soccer-computational-2018-xIGData_22_17_16_1.graph
soccer-computational,2018,xIGData_24_16_14_2,0.625,0.375,soccer-computational-2018-xIGData_24_16_14_2.graph
soccer-computational,2018,xIGData_26_16_20_4,0.6446280991735537,0.3553719008264462,soccer-computational-2018-xIGData_26_16_20_4.graph
soccer-computational,2018,xIGData_28_23_9_2,0.1891891891891892,0.8108108108108109,soccer-computational-2018-xIGData_28_23_9_2.graph
soccer-computational,2020,xIGData_22_12_22_5,0.8333333333333334,0.1666666666666666,soccer-computational-2020-xIGData_22_12_22_5.graph
soccer-computational,2020,xIGData_24_24_16_1,1.0,0.0,soccer-computational-2020-xIGData_24_24_16_1.graph
soccer-computational,2020,xIGData_28_22_7_4,0.8518518518518519,0.1481481481481481,soccer-computational-2020-xIGData_28_22_7_4.graph
soccer-computational,2020,xIGData_28_23_16_1,0.4787234042553192,0.5212765957446809,soccer-computational-2020-xIGData_28_23_16_1.graph
soccer-computational,2020,xIGData_30_25_15_4,0.9576271186440678,0.0423728813559322,soccer-computational-2020-xIGData_30_25_15_4.graph
solbat,2012,sb_12_12_5_1,0.0,1.0,solbat-2012-sb_12_12_5_1.graph
solbat,2012,sb_13_13_5_4,0.2857142857142857,0.7142857142857143,solbat-2012-sb_13_13_5_4.graph
solbat,2012,sb_14_14_6_0,0.0,1.0,solbat-2012-sb_14_14_6_0.graph
solbat,2012,sb_14_14_6_4,0.5714285714285714,0.4285714285714285,solbat-2012-sb_14_14_6_4.graph
solbat,2012,sb_15_15_6_3,0.0,1.0,solbat-2012-sb_15_15_6_3.graph
solbat,2014,sb_13_13_5_5,1.0,0.0,solbat-2014-sb_13_13_5_5.graph
solbat,2014,sb_13_13_6_5,0.0,1.0,solbat-2014-sb_13_13_6_5.graph
solbat,2014,sb_15_15_6_1,0.3125,0.6875,solbat-2014-sb_15_15_6_1.graph
solbat,2014,sb_15_15_7_1,0.0,1.0,solbat-2014-sb_15_15_7_1.graph
solbat,2014,sb_15_15_7_6,0.0,1.0,solbat-2014-sb_15_15_7_6.graph
solbat,2016,sb_13_13_5_1,0.25,0.75,solbat-2016-sb_13_13_5_1.graph
solbat,2016,sb_13_13_5_5,1.0,0.0,solbat-2016-sb_13_13_5_5.graph
solbat,2016,sb_15_15_6_0,0.5,0.5,solbat-2016-sb_15_15_6_0.graph
solbat,2016,sb_15_15_7_3,0.0,1.0,solbat-2016-sb_15_15_7_3.graph
solbat,2016,sb_15_15_7_5,0.0,1.0,solbat-2016-sb_15_15_7_5.graph
speck-optimisation,2023,easy_1,0.5,0.5,speck-optimisation-2023-easy_1.graph
speck-optimisation,2023,easy_3,0.5,0.5,speck-optimisation-2023-easy_3.graph
speck-optimisation,2023,hard_0,1.0,0.0,speck-optimisation-2023-hard_0.graph
speck-optimisation,2023,medium_6,0.2564102564102564,0.7435897435897436,speck-optimisation-2023-medium_6.graph
speck-optimisation,2023,very_hard_5,1.0,0.0,speck-optimisation-2023-very_hard_5.graph
spot5,2014,1502,1.0,0.0,spot5-2014-1502.graph
spot5,2014,29,1.0,0.0,spot5-2014-29.graph
spot5,2014,412,1.0,0.0,spot5-2014-412.graph
spot5,2014,42,1.0,0.0,spot5-2014-42.graph
spot5,2014,5,1.0,0.0,spot5-2014-5.graph
spot5,2015,1401,1.0,0.0,spot5-2015-1401.graph
spot5,2015,28,1.0,0.0,spot5-2015-28.graph
spot5,2015,414,1.0,0.0,spot5-2015-414.graph
spot5,2015,503,1.0,0.0,spot5-2015-503.graph
spot5,2015,54,0.5,0.5,spot5-2015-54.graph
spot5,2022,1405,1.0,0.0,spot5-2022-1405.graph
spot5,2022,1506,1.0,0.0,spot5-2022-1506.graph
spot5,2022,404,1.0,0.0,spot5-2022-404.graph
spot5,2022,507,1.0,0.0,spot5-2022-507.graph
spot5,2022,509,1.0,0.0,spot5-2022-509.graph
stable-goods,2020,s-d16,1.0,0.0,stable-goods-2020-s-d16.graph
stable-goods,2020,s-d19,1.0,0.0,stable-goods-2020-s-d19.graph
stable-goods,2020,s-d6,1.0,0.0,stable-goods-2020-s-d6.graph
stable-goods,2020,s-d7,0.3469387755102041,0.6530612244897959,stable-goods-2020-s-d7.graph
stable-goods,2020,s-d8,1.0,0.0,stable-goods-2020-s-d8.graph
stack-cuttingstock,2019,d14,0.0,1.0,stack-cuttingstock-2019-d14.graph
stack-cuttingstock,2019,d3,0.0,1.0,stack-cuttingstock-2019-d3.graph
stack-cuttingstock,2019,d5,0.0,1.0,stack-cuttingstock-2019-d5.graph
stack-cuttingstock,2019,d7,0.5,0.5,stack-cuttingstock-2019-d7.graph
stack-cuttingstock,2019,d8,0.5,0.5,stack-cuttingstock-2019-d8.graph
steelmillslab,2017,bench_13_0,1.0,0.0,steelmillslab-2017-bench_13_0.graph
steelmillslab,2017,bench_14_1,0.6984126984126984,0.3015873015873015,steelmillslab-2017-bench_14_1.graph
steelmillslab,2017,bench_15_11,0.8333333333333334,0.1666666666666666,steelmillslab-2017-bench_15_11.graph
steelmillslab,2017,bench_16_10,0.2019950124688279,0.7980049875311721,steelmillslab-2017-bench_16_10.graph
steelmillslab,2017,bench_19_5,1.0,0.0,steelmillslab-2017-bench_19_5.graph
steelmillslab,2019,bench_17_7,0.3865671641791044,0.6134328358208955,steelmillslab-2019-bench_17_7.graph
steelmillslab,2019,bench_19_6,0.6071428571428571,0.3928571428571428,steelmillslab-2019-bench_19_6.graph
steelmillslab,2019,bench_20_15,1.0,0.0,steelmillslab-2019-bench_20_15.graph
steelmillslab,2019,bench_20_8,0.25,0.75,steelmillslab-2019-bench_20_8.graph
steelmillslab,2019,bench_2_19,1.0,0.0,steelmillslab-2019-bench_2_19.graph
steiner-systems,2021,steiner_t3_k3_N11,0.3095238095238095,0.6904761904761905,steiner-systems-2021-steiner_t3_k3_N11.graph
steiner-systems,2021,steiner_t3_k4_N8,0.5,0.5,steiner-systems-2021-steiner_t3_k4_N8.graph
steiner-systems,2021,steiner_t4_k4_N10,0.2727272727272727,0.7272727272727273,steiner-systems-2021-steiner_t4_k4_N10.graph
steiner-systems,2021,steiner_t6_k6_N7,0.5,0.5,steiner-systems-2021-steiner_t6_k6_N7.graph
steiner-tree,2018,es10fst03.stp,0.5,0.5,steiner-tree-2018-es10fst03.stp.graph
steiner-tree,2018,es10fst10.stp,0.5,0.5,steiner-tree-2018-es10fst10.stp.graph
steiner-tree,2018,es20fst08.stp,1.0,0.0,steiner-tree-2018-es20fst08.stp.graph
steiner-tree,2018,es20fst09.stp,1.0,0.0,steiner-tree-2018-es20fst09.stp.graph
steiner-tree,2018,es20fst14.stp,1.0,0.0,steiner-tree-2018-es20fst14.stp.graph
still-life-wastage,2012,09,0.0666666666666666,0.9333333333333332,still-life-wastage-2012-09.graph
still-life-wastage,2012,10,0.0416666666666666,0.9583333333333334,still-life-wastage-2012-10.graph
still-life-wastage,2012,11,0.0174496644295302,0.9825503355704698,still-life-wastage-2012-11.graph
still-life-wastage,2012,12,0.0,1.0,still-life-wastage-2012-12.graph
still-life-wastage,2012,13,0.0,1.0,still-life-wastage-2012-13.graph
stochastic-fjsp,2014,fjsp-a1-s2_fjsp-t15-j3-m3-a1_det,0.5,0.5,stochastic-fjsp-2014-fjsp-a1-s2_fjsp-t15-j3-m3-a1_det.graph
stochastic-fjsp,2014,fjsp-a1-s3_fjsp-t20-j4-m3-a1_det,0.108695652173913,0.8913043478260869,stochastic-fjsp-2014-fjsp-a1-s3_fjsp-t20-j4-m3-a1_det.graph
stochastic-fjsp,2014,fjsp-a1-s4_fjsp-t8-j2-m3-a1_det,0.5,0.5,stochastic-fjsp-2014-fjsp-a1-s4_fjsp-t8-j2-m3-a1_det.graph
stochastic-fjsp,2014,fjsp-a1-s5_fjsp-t8-j2-m3-a1_det,0.5,0.5,stochastic-fjsp-2014-fjsp-a1-s5_fjsp-t8-j2-m3-a1_det.graph
stochastic-fjsp,2014,fjsp-a1-s6_fjsp-t8-j2-m3-a1_det,0.5,0.5,stochastic-fjsp-2014-fjsp-a1-s6_fjsp-t8-j2-m3-a1_det.graph
stochastic-vrp,2014,vrp-s2-v2-c7_vrp-v2-c7_det,0.5,0.5,stochastic-vrp-2014-vrp-s2-v2-c7_vrp-v2-c7_det.graph
stochastic-vrp,2014,vrp-s3-v2-c6_vrp-v2-c6_det,0.2,0.8,stochastic-vrp-2014-vrp-s3-v2-c6_vrp-v2-c6_det.graph
stochastic-vrp,2014,vrp-s3-v2-c7_vrp-v2-c7_det,0.2596153846153846,0.7403846153846154,stochastic-vrp-2014-vrp-s3-v2-c7_vrp-v2-c7_det.graph
stochastic-vrp,2014,vrp-s4-v2-c6_vrp-v2-c6_det,0.4285714285714285,0.5714285714285714,stochastic-vrp-2014-vrp-s4-v2-c6_vrp-v2-c6_det.graph
stochastic-vrp,2014,vrp-s5-v2-c8_vrp-v2-c8_det,0.7206012378426172,0.2793987621573828,stochastic-vrp-2014-vrp-s5-v2-c8_vrp-v2-c8_det.graph
stochastic-vrp,2019,vrp-s2-v2-c8_vrp-v2-c8_det,0.5441176470588235,0.4558823529411764,stochastic-vrp-2019-vrp-s2-v2-c8_vrp-v2-c8_det.graph
stochastic-vrp,2019,vrp-s2-v2-c9_vrp-v2-c9_det,0.3855140186915888,0.6144859813084113,stochastic-vrp-2019-vrp-s2-v2-c9_vrp-v2-c9_det.graph
stochastic-vrp,2019,vrp-s3-v2-c7_vrp-v2-c7_det,0.25,0.75,stochastic-vrp-2019-vrp-s3-v2-c7_vrp-v2-c7_det.graph
stochastic-vrp,2019,vrp-s4-v2-c3_svrp-v2-c3_det,0.5,0.5,stochastic-vrp-2019-vrp-s4-v2-c3_svrp-v2-c3_det.graph
stochastic-vrp,2019,vrp-s5-v2-c6_vrp-v2-c6_det,0.4444444444444444,0.5555555555555556,stochastic-vrp-2019-vrp-s5-v2-c6_vrp-v2-c6_det.graph
stripboard,2022,common-emitter-complex,1.0,0.0,stripboard-2022-common-emitter-complex.graph
stripboard,2022,common-emitter-simple,0.5472972972972973,0.4527027027027027,stripboard-2022-common-emitter-simple.graph
stripboard,2022,envelope-detector,1.0,0.0,stripboard-2022-envelope-detector.graph
stripboard,2022,nand-gate,1.0,0.0,stripboard-2022-nand-gate.graph
stripboard,2022,opamp-integrator,1.0,0.0,stripboard-2022-opamp-integrator.graph
stripboard,2025,stripboard_w10_h10_l12_c4_n24,0.0,1.0,stripboard-2025-stripboard_w10_h10_l12_c4_n24.graph
stripboard,2025,stripboard_w15_h10_l12_c6_n12,1.0,0.0,stripboard-2025-stripboard_w15_h10_l12_c6_n12.graph
stripboard,2025,stripboard_w20_h15_l12_c6_n12,0.2307692307692307,0.7692307692307693,stripboard-2025-stripboard_w20_h15_l12_c6_n12.graph
stripboard,2025,stripboard_w20_h15_l4_c4_n24,0.5,0.5,stripboard-2025-stripboard_w20_h15_l4_c4_n24.graph
stripboard,2025,stripboard_w20_h15_l7_c6_n24,0.6,0.4,stripboard-2025-stripboard_w20_h15_l7_c6_n24.graph
sudoku_fixed,2023,sudoku_p20,0.5,0.5,sudoku_fixed-2023-sudoku_p20.graph
sudoku_fixed,2023,sudoku_p26,0.6629213483146067,0.3370786516853932,sudoku_fixed-2023-sudoku_p26.graph
sudoku_fixed,2023,sudoku_p28,0.5454545454545454,0.4545454545454545,sudoku_fixed-2023-sudoku_p28.graph
sudoku_fixed,2023,sudoku_p48,0.5,0.5,sudoku_fixed-2023-sudoku_p48.graph
sudoku_fixed,2023,sudoku_p89,0.5,0.5,sudoku_fixed-2023-sudoku_p89.graph
sudoku_opt,2022,sudoku_p20,0.125,0.875,sudoku_opt-2022-sudoku_p20.graph
sudoku_opt,2022,sudoku_p22,0.3546511627906977,0.6453488372093024,sudoku_opt-2022-sudoku_p22.graph
sudoku_opt,2022,sudoku_p23,0.3333333333333333,0.6666666666666666,sudoku_opt-2022-sudoku_p23.graph
sudoku_opt,2022,sudoku_p29,0.22,0.78,sudoku_opt-2022-sudoku_p29.graph
sudoku_opt,2022,sudoku_p90,0.5,0.5,sudoku_opt-2022-sudoku_p90.graph
tc-graph-color,2017,k10_31,0.8,0.2,tc-graph-color-2017-k10_31.graph
tc-graph-color,2017,k10_34,0.9855643044619422,0.0144356955380577,tc-graph-color-2017-k10_34.graph
tc-graph-color,2017,k5_05,0.9767441860465116,0.0232558139534883,tc-graph-color-2017-k5_05.graph
tc-graph-color,2017,k9_39,0.9825119236883942,0.0174880763116057,tc-graph-color-2017-k9_39.graph
tdtsp,2015,inst_10_24_10,0.6721311475409836,0.3278688524590163,tdtsp-2015-inst_10_24_10.graph
tdtsp,2015,inst_10_34_00,0.1297709923664122,0.8702290076335878,tdtsp-2015-inst_10_34_00.graph
tdtsp,2015,inst_10_42_10,0.5639253628196268,0.4360746371803732,tdtsp-2015-inst_10_42_10.graph
tdtsp,2015,inst_20_14_10,1.0,0.0,tdtsp-2015-inst_20_14_10.graph
tdtsp,2015,inst_20_25_00,1.0,0.0,tdtsp-2015-inst_20_25_00.graph
tdtsp,2017,inst_10_35_20,0.6287064890416846,0.3712935109583154,tdtsp-2017-inst_10_35_20.graph
tdtsp,2017,inst_10_42_00,0.728030303030303,0.271969696969697,tdtsp-2017-inst_10_42_00.graph
tdtsp,2017,inst_10_58_20,0.8193046660567246,0.1806953339432754,tdtsp-2017-inst_10_58_20.graph
tdtsp,2017,inst_20_26_00,1.0,0.0,tdtsp-2017-inst_20_26_00.graph
tdtsp,2017,inst_20_36_10,1.0,0.0,tdtsp-2017-inst_20_36_10.graph
team-assignment,2018,data1_6_24,1.0,0.0,team-assignment-2018-data1_6_24.graph
team-assignment,2018,data2_4_15,1.0,0.0,team-assignment-2018-data2_4_15.graph
team-assignment,2018,data2_5_6,0.5,0.5,team-assignment-2018-data2_5_6.graph
team-assignment,2018,data2_6_12,0.9375,0.0625,team-assignment-2018-data2_6_12.graph
team-assignment,2018,data3_6_28,1.0,0.0,team-assignment-2018-data3_6_28.graph
team-assignment,2022,data1_4_6,0.5,0.5,team-assignment-2022-data1_4_6.graph
team-assignment,2022,data1_6_6,0.5,0.5,team-assignment-2022-data1_6_6.graph
team-assignment,2022,data2_6_15,0.94,0.06,team-assignment-2022-data2_6_15.graph
team-assignment,2022,data3_4_31,0.9966555183946488,0.0033444816053511,team-assignment-2022-data3_4_31.graph
team-assignment,2022,data3_5_31,1.0,0.0,team-assignment-2022-data3_5_31.graph
test-scheduling,2018,t100m10r3-2,1.0,0.0,test-scheduling-2018-t100m10r3-2.graph
test-scheduling,2018,t30m10r10-5,1.0,0.0,test-scheduling-2018-t30m10r10-5.graph
test-scheduling,2018,t30m10r3-15,1.0,0.0,test-scheduling-2018-t30m10r3-15.graph
test-scheduling,2018,t500m100r10-13,1.0,0.0,test-scheduling-2018-t500m100r10-13.graph
test-scheduling,2018,t50m10r5-6,0.9991095280498664,0.0008904719501335,test-scheduling-2018-t50m10r5-6.graph
test-scheduling,2023,t100m20r3-14,1.0,0.0,test-scheduling-2023-t100m20r3-14.graph
test-scheduling,2023,t20m10r10-17,1.0,0.0,test-scheduling-2023-t20m10r10-17.graph
test-scheduling,2023,t30m20r3-20,0.5,0.5,test-scheduling-2023-t30m20r3-20.graph
test-scheduling,2023,t500m50r10-8,1.0,0.0,test-scheduling-2023-t500m50r10-8.graph
test-scheduling,2023,t50m20r10-17,1.0,0.0,test-scheduling-2023-t50m20r10-17.graph
tiny-cvrp,2024,easy_instance_04,1.0,0.0,tiny-cvrp-2024-easy_instance_04.graph
tiny-cvrp,2024,hard_instance_18,1.0,0.0,tiny-cvrp-2024-hard_instance_18.graph
tiny-cvrp,2024,medium_instance_06,0.5,0.5,tiny-cvrp-2024-medium_instance_06.graph
tiny-cvrp,2024,medium_instance_11,0.5,0.5,tiny-cvrp-2024-medium_instance_11.graph
tiny-cvrp,2024,medium_instance_13,0.9812206572769951,0.0187793427230046,tiny-cvrp-2024-medium_instance_13.graph
tower,2022,100_100_20_100-04,0.9246619446233098,0.0753380553766902,tower-2022-100_100_20_100-04.graph
tower,2022,tower_070_070_15_070-09,0.5614617940199336,0.4385382059800664,tower-2022-tower_070_070_15_070-09.graph
tower,2022,tower_070_070_15_085-09,0.0714285714285714,0.9285714285714286,tower-2022-tower_070_070_15_085-09.graph
tower,2022,tower_300_300_40_200-00,1.0,0.0,tower-2022-tower_300_300_40_200-00.graph
tower,2022,tower_500_500_50_300-01,1.0,0.0,tower-2022-tower_500_500_50_300-01.graph
tower,2025,tower_050_050_10_050-03,0.6666666666666666,0.3333333333333333,tower-2025-tower_050_050_10_050-03.graph
tower,2025,tower_070_070_15_070-02,0.8260869565217391,0.1739130434782608,tower-2025-tower_070_070_15_070-02.graph
tower,2025,tower_070_070_15_070-08,0.7183098591549296,0.2816901408450704,tower-2025-tower_070_070_15_070-08.graph
tower,2025,tower_070_070_30_100-02,0.1666666666666666,0.8333333333333334,tower-2025-tower_070_070_30_100-02.graph
tower,2025,tower_500_500_50_300-05,1.0,0.0,tower-2025-tower_500_500_50_300-05.graph
tower_challenge,2020,tower_070_070_15_070-04,0.9465648854961832,0.0534351145038167,tower_challenge-2020-tower_070_070_15_070-04.graph
tower_challenge,2020,tower_070_070_15_070-06,0.9119496855345912,0.0880503144654088,tower_challenge-2020-tower_070_070_15_070-06.graph
tower_challenge,2020,tower_070_070_15_100-04,1.0,0.0,tower_challenge-2020-tower_070_070_15_100-04.graph
tower_challenge,2020,tower_070_070_15_100-05,0.5,0.5,tower_challenge-2020-tower_070_070_15_100-05.graph
tower_challenge,2020,tower_070_070_30_100-05,0.05,0.95,tower_challenge-2020-tower_070_070_30_100-05.graph
tpp,2012,tpp_3_3_30_1,0.5,0.5,tpp-2012-tpp_3_3_30_1.graph
tpp,2012,tpp_3_5_20_1,0.5,0.5,tpp-2012-tpp_3_5_20_1.graph
tpp,2012,tpp_5_3_20_1,0.5,0.5,tpp-2012-tpp_5_3_20_1.graph
tpp,2012,tpp_5_5_20_1,0.5,0.5,tpp-2012-tpp_5_5_20_1.graph
tpp,2012,tpp_7_3_20_1,0.5,0.5,tpp-2012-tpp_7_3_20_1.graph
tpp,2012,tpp_7_5_20_1,0.0,1.0,tpp-2012-tpp_7_5_20_1.graph
tpp,2012,tpp_7_5_30_1,0.0,1.0,tpp-2012-tpp_7_5_30_1.graph
tpp,2016,tpp_4_5_20_1,0.5,0.5,tpp-2016-tpp_4_5_20_1.graph
tpp,2016,tpp_5_3_30_1,0.5,0.5,tpp-2016-tpp_5_3_30_1.graph
tpp,2016,tpp_6_3_20_1,0.5,0.5,tpp-2016-tpp_6_3_20_1.graph
tpp,2016,tpp_7_3_20_1,0.5,0.5,tpp-2016-tpp_7_3_20_1.graph
tpp,2016,tpp_7_3_30_1,0.5,0.5,tpp-2016-tpp_7_3_30_1.graph
train,2012,instance.12,1.0,0.0,train-2012-instance.12.graph
train,2012,instance.15,0.9945652173913044,0.0054347826086956,train-2012-instance.15.graph
train,2012,instance.2,0.5,0.5,train-2012-instance.2.graph
train,2012,instance.3,1.0,0.0,train-2012-instance.3.graph
train,2012,instance.6,0.5714285714285714,0.4285714285714285,train-2012-instance.6.graph
train,2012,instance.7,0.5,0.5,train-2012-instance.7.graph
train,2014,instance.1,0.5,0.5,train-2014-instance.1.graph
train,2014,instance.13,1.0,0.0,train-2014-instance.13.graph
train,2014,instance.14,1.0,0.0,train-2014-instance.14.graph
train,2014,instance.8,1.0,0.0,train-2014-instance.8.graph
train,2014,instance.9,1.0,0.0,train-2014-instance.9.graph
train,2018,instance.10,1.0,0.0,train-2018-instance.10.graph
train,2018,instance.16,0.981132075471698,0.0188679245283018,train-2018-instance.16.graph
train,2018,instance.17,0.8863636363636364,0.1136363636363636,train-2018-instance.17.graph
train,2018,instance.4,1.0,0.0,train-2018-instance.4.graph
train,2018,instance.5,1.0,0.0,train-2018-instance.5.graph
train-scheduling,2024,trains05,1.0,0.0,train-scheduling-2024-trains05.graph
train-scheduling,2024,trains09,0.3191056910569105,0.6808943089430894,train-scheduling-2024-trains09.graph
train-scheduling,2024,trains12,0.3333333333333333,0.6666666666666666,train-scheduling-2024-trains12.graph
train-scheduling,2024,trains15,0.5,0.5,train-scheduling-2024-trains15.graph
traveling-tppv,2014,circ14bnonbal,1.0,0.0,traveling-tppv-2014-circ14bnonbal.graph
traveling-tppv,2014,circ20gnonbal,1.0,0.0,traveling-tppv-2014-circ20gnonbal.graph
traveling-tppv,2014,circ8bbal,1.0,0.0,traveling-tppv-2014-circ8bbal.graph
traveling-tppv,2014,circ8cbal,0.5,0.5,traveling-tppv-2014-circ8cbal.graph
traveling-tppv,2014,circ8ebal,0.5,0.5,traveling-tppv-2014-circ8ebal.graph
traveling-tppv,2017,circ14anonbal,1.0,0.0,traveling-tppv-2017-circ14anonbal.graph
traveling-tppv,2017,circ20inonbal,1.0,0.0,traveling-tppv-2017-circ20inonbal.graph
traveling-tppv,2017,circ8abal,0.5,0.5,traveling-tppv-2017-circ8abal.graph
traveling-tppv,2017,circ8dbal,0.5,0.5,traveling-tppv-2017-circ8dbal.graph
traveling-tppv,2022,circ14cnonbal,1.0,0.0,traveling-tppv-2022-circ14cnonbal.graph
traveling-tppv,2022,circ14enonbal,1.0,0.0,traveling-tppv-2022-circ14enonbal.graph
traveling-tppv,2022,circ20bnonbal,1.0,0.0,traveling-tppv-2022-circ20bnonbal.graph
traveling-tppv,2022,circ20jnonbal,1.0,0.0,traveling-tppv-2022-circ20jnonbal.graph
travelling-thief,2023,n10_k15_c5000_l10000_u11000_r49,0.5714285714285714,0.4285714285714285,travelling-thief-2023-n10_k15_c5000_l10000_u11000_r49.graph
travelling-thief,2023,n10_k3_c5000_l10000_u10100_r46,0.5,0.5,travelling-thief-2023-n10_k3_c5000_l10000_u10100_r46.graph
travelling-thief,2023,n20_k15_c5000_l100_u200_r32,1.0,0.0,travelling-thief-2023-n20_k15_c5000_l100_u200_r32.graph
travelling-thief,2023,n20_k20_c1000_l1000_u2000_r46,0.0393700787401574,0.9606299212598424,travelling-thief-2023-n20_k20_c1000_l1000_u2000_r46.graph
travelling-thief,2023,n20_k3_c10000_l100_u200_r81,0.6883739512584898,0.3116260487415102,travelling-thief-2023-n20_k3_c10000_l100_u200_r81.graph
triangular,2015,n10,1.0,0.0,triangular-2015-n10.graph
triangular,2015,n16,1.0,0.0,triangular-2015-n16.graph
triangular,2015,n22,1.0,0.0,triangular-2015-n22.graph
triangular,2015,n28,1.0,0.0,triangular-2015-n28.graph
triangular,2015,n37,1.0,0.0,triangular-2015-n37.graph
triangular,2019,n10,1.0,0.0,triangular-2019-n10.graph
triangular,2019,n17,1.0,0.0,triangular-2019-n17.graph
triangular,2019,n23,1.0,0.0,triangular-2019-n23.graph
triangular,2019,n29,1.0,0.0,triangular-2019-n29.graph
triangular,2019,n37,1.0,0.0,triangular-2019-n37.graph
triangular,2022,n10,1.0,0.0,triangular-2022-n10.graph
triangular,2022,n18,1.0,0.0,triangular-2022-n18.graph
triangular,2022,n24,1.0,0.0,triangular-2022-n24.graph
triangular,2022,n30,1.0,0.0,triangular-2022-n30.graph
triangular,2022,n39,1.0,0.0,triangular-2022-n39.graph
triangular,2024,n11,1.0,0.0,triangular-2024-n11.graph
triangular,2024,n14,0.5,0.5,triangular-2024-n14.graph
triangular,2024,n20,1.0,0.0,triangular-2024-n20.graph
triangular,2024,n31,1.0,0.0,triangular-2024-n31.graph
triangular,2024,n9,0.8636363636363636,0.1363636363636363,triangular-2024-n9.graph
tsptw,2025,n100w120.003,1.0,0.0,tsptw-2025-n100w120.003.graph
tsptw,2025,n20w140.005,0.5,0.5,tsptw-2025-n20w140.005.graph
tsptw,2025,n20w160.001,0.5,0.5,tsptw-2025-n20w160.001.graph
tsptw,2025,n20w180.004,0.7853107344632768,0.2146892655367231,tsptw-2025-n20w180.004.graph
unit-commitment,2023,L10-T48G10L10,1.0,0.0,unit-commitment-2023-L10-T48G10L10.graph
unit-commitment,2023,L12-T48G15L10,1.0,0.0,unit-commitment-2023-L12-T48G15L10.graph
unit-commitment,2023,L15-T48G30L15,1.0,0.0,unit-commitment-2023-L15-T48G30L15.graph
unit-commitment,2023,L3-T6G5L5,1.0,0.0,unit-commitment-2023-L3-T6G5L5.graph
unit-commitment,2023,L7-T12G5L5,1.0,0.0,unit-commitment-2023-L7-T12G5L5.graph
vaccine,2022,v11,0.3711340206185567,0.6288659793814433,vaccine-2022-v11.graph
vaccine,2022,v7,0.2156862745098039,0.7843137254901961,vaccine-2022-v7.graph
vaccine,2022,v8,1.0,0.0,vaccine-2022-v8.graph
vaccine,2022,v857,0.5714285714285714,0.4285714285714285,vaccine-2022-v857.graph
vaccine,2022,v946,0.2649006622516556,0.7350993377483444,vaccine-2022-v946.graph
valve-network,2023,horizon12,0.2962962962962963,0.7037037037037037,valve-network-2023-horizon12.graph
valve-network,2023,horizon19,0.4101995565410199,0.5898004434589801,valve-network-2023-horizon19.graph
valve-network,2023,horizon20,0.5238981998758535,0.4761018001241465,valve-network-2023-horizon20.graph
valve-network,2023,horizon28,1.0,0.0,valve-network-2023-horizon28.graph
valve-network,2023,horizon6,0.5,0.5,valve-network-2023-horizon6.graph
vrp,2012,A-n38-k5.vrp,1.0,0.0,vrp-2012-A-n38-k5.vrp.graph
vrp,2012,A-n62-k8.vrp,1.0,0.0,vrp-2012-A-n62-k8.vrp.graph
vrp,2012,B-n51-k7.vrp,1.0,0.0,vrp-2012-B-n51-k7.vrp.graph
vrp,2012,P-n20-k2.vrp,1.0,0.0,vrp-2012-P-n20-k2.vrp.graph
vrp,2012,P-n60-k15.vrp,1.0,0.0,vrp-2012-P-n60-k15.vrp.graph
vrp,2013,A-n33-k6.vrp,1.0,0.0,vrp-2013-A-n33-k6.vrp.graph
vrp,2013,A-n63-k10.vrp,1.0,0.0,vrp-2013-A-n63-k10.vrp.graph
vrp,2013,B-n52-k7.vrp,1.0,0.0,vrp-2013-B-n52-k7.vrp.graph
vrp,2013,P-n16-k8.vrp,0.900990099009901,0.099009900990099,vrp-2013-P-n16-k8.vrp.graph
vrp,2013,P-n51-k10.vrp,1.0,0.0,vrp-2013-P-n51-k10.vrp.graph
vrp-submission,2021,A_1v_7l_w_reload,0.5,0.5,vrp-submission-2021-A_1v_7l_w_reload.graph
vrp-submission,2021,A_4v_22l,1.0,0.0,vrp-submission-2021-A_4v_22l.graph
vrp-submission,2021,D_3v_25l_w_reload,1.0,0.0,vrp-submission-2021-D_3v_25l_w_reload.graph
vrp-submission,2021,toy_D_2v_4l_w_reload,1.0,0.0,vrp-submission-2021-toy_D_2v_4l_w_reload.graph
vrplc,2018,vrplc11_5_15_s3,1.0,0.0,vrplc-2018-vrplc11_5_15_s3.graph
vrplc,2018,vrplc13_11_15_s3,1.0,0.0,vrplc-2018-vrplc13_11_15_s3.graph
vrplc,2018,vrplc9_5_10_s1,0.6363636363636364,0.3636363636363636,vrplc-2018-vrplc9_5_10_s1.graph
vrplc,2018,vrplc9_5_10_s3,0.2407407407407407,0.7592592592592593,vrplc-2018-vrplc9_5_10_s3.graph
vrplc,2018,vrplc9_5_15_s3,1.0,0.0,vrplc-2018-vrplc9_5_15_s3.graph
vrplc,2023,vrplc10_5_20_s3,1.0,0.0,vrplc-2023-vrplc10_5_20_s3.graph
vrplc,2023,vrplc11_5_15_s4,1.0,0.0,vrplc-2023-vrplc11_5_15_s4.graph
vrplc,2023,vrplc13_11_20_s4,1.0,0.0,vrplc-2023-vrplc13_11_20_s4.graph
vrplc,2023,vrplc9_5_10_s2,0.1304347826086956,0.8695652173913043,vrplc-2023-vrplc9_5_10_s2.graph
vrplc,2023,vrplc9_5_15_s2,1.0,0.0,vrplc-2023-vrplc9_5_15_s2.graph
whirlpool,2020,d12,0.5328185328185329,0.4671814671814672,whirlpool-2020-d12.graph
whirlpool,2020,d21,1.0,0.0,whirlpool-2020-d21.graph
whirlpool,2020,d8,0.3661971830985915,0.6338028169014085,whirlpool-2020-d8.graph
wmsmc-int,2021,batch_0_case_115_instance_0_small_subset_elements_3_sumreqs_1295_candidates_41,1.0,0.0,wmsmc-int-2021-batch_0_case_115_instance_0_small_subset_elements_3_sumreqs_1295_candidates_41.graph
wmsmc-int,2021,batch_0_case_115_instance_1_base_full_elements_3_sumreqs_702_candidates_86,1.0,0.0,wmsmc-int-2021-batch_0_case_115_instance_1_base_full_elements_3_sumreqs_702_candidates_86.graph
wmsmc-int,2021,batch_0_case_253_instance_6_small_cost_elements_4_sumreqs_472_candidates_16,1.0,0.0,wmsmc-int-2021-batch_0_case_253_instance_6_small_cost_elements_4_sumreqs_472_candidates_16.graph
wmsmc-int,2021,batch_1_case_426_instance_3_base_full_elements_3_sumreqs_117_candidates_59,1.0,0.0,wmsmc-int-2021-batch_1_case_426_instance_3_base_full_elements_3_sumreqs_117_candidates_59.graph
wmsmc-int,2021,batch_2_case_710_instance_4_base_subset_elements_6_sumreqs_161_candidates_70,1.0,0.0,wmsmc-int-2021-batch_2_case_710_instance_4_base_subset_elements_6_sumreqs_161_candidates_70.graph
word-equations,2024,word_equations_01_track_140-int,0.5,0.5,word-equations-2024-word_equations_01_track_140-int.graph
word-equations,2024,word_equations_02_track_8-int,0.5,0.5,word-equations-2024-word_equations_02_track_8-int.graph
word-equations,2024,word_equations_03_track_133-int,0.1111111111111111,0.8888888888888888,word-equations-2024-word_equations_03_track_133-int.graph
wordpress,2022,Wordpress10_Offers500,1.0,0.0,wordpress-2022-Wordpress10_Offers500.graph
wordpress,2022,Wordpress11_Offers500,1.0,0.0,wordpress-2022-Wordpress11_Offers500.graph
wordpress,2022,Wordpress12_Offers500,1.0,0.0,wordpress-2022-Wordpress12_Offers500.graph
wordpress,2022,Wordpress7_Offers500,1.0,0.0,wordpress-2022-Wordpress7_Offers500.graph
wordpress,2022,Wordpress8_Offers500,1.0,0.0,wordpress-2022-Wordpress8_Offers500.graph
work-task-variation,2025,generated-seed-1-length-16-open-14-workers-12-block-15,1.0,0.0,work-task-variation-2025-generated-seed-1-length-16-open-14-workers-12-block-15.graph
work-task-variation,2025,generated-seed-10-length-12-open-10-workers-12-block-5,1.0,0.0,work-task-variation-2025-generated-seed-10-length-12-open-10-workers-12-block-5.graph
work-task-variation,2025,generated-seed-3-length-10-open-8-workers-12-block-15,1.0,0.0,work-task-variation-2025-generated-seed-3-length-10-open-8-workers-12-block-15.graph
work-task-variation,2025,generated-seed-4-length-14-open-12-workers-12-block-15,1.0,0.0,work-task-variation-2025-generated-seed-4-length-14-open-12-workers-12-block-15.graph
work-task-variation,2025,generated-seed-8-length-12-open-10-workers-10-block-15,0.7859531772575251,0.2140468227424749,work-task-variation-2025-generated-seed-8-length-12-open-10-workers-10-block-15.graph
yumi-dynamic,2024,p_4_GG_GG_yumi_grid_setup_5_5_zones,0.4740608228980322,0.5259391771019678,yumi-dynamic-2024-p_4_GG_GG_yumi_grid_setup_5_5_zones.graph
yumi-dynamic,2024,p_5_GG_GGG_yumi_grid_setup_5_5_zones,0.5722668313773934,0.4277331686226066,yumi-dynamic-2024-p_5_GG_GGG_yumi_grid_setup_5_5_zones.graph
yumi-dynamic,2024,p_5_GSS_SG_yumi_grid_setup_3_4_zones,1.0,0.0,yumi-dynamic-2024-p_5_GSS_SG_yumi_grid_setup_3_4_zones.graph
yumi-dynamic,2024,p_7_SSSS_SSS_yumi_grid_setup_3_3_zones,1.0,0.0,yumi-dynamic-2024-p_7_SSSS_SSS_yumi_grid_setup_3_3_zones.graph
yumi-dynamic,2024,p_9_GSGS_GSGSG_yumi_grid_setup_7_7_zones,1.0,0.0,yumi-dynamic-2024-p_9_GSGS_GSGSG_yumi_grid_setup_7_7_zones.graph
yumi-static,2022,example_instance_4_GS_SG_yumi_grid_setup_7_7,0.8822825219473264,0.1177174780526735,yumi-static-2022-example_instance_4_GS_SG_yumi_grid_setup_7_7.graph
yumi-static,2022,p_4_GS_SG_yumi_grid_setup_3_3,0.9592976855546688,0.0407023144453312,yumi-static-2022-p_4_GS_SG_yumi_grid_setup_3_3.graph
yumi-static,2022,p_8_SSSSS_SSS_yumi_grid_setup_3_4,1.0,0.0,yumi-static-2022-p_8_SSSSS_SSS_yumi_grid_setup_3_4.graph
yumi-static,2023,p_4_GG_GG_yumi_grid_setup_7_7,0.7109375,0.2890625,yumi-static-2023-p_4_GG_GG_yumi_grid_setup_7_7.graph
yumi-static,2023,p_4_SG_SG_yumi_grid_setup_3_3,0.8596491228070176,0.1403508771929824,yumi-static-2023-p_4_SG_SG_yumi_grid_setup_3_3.graph
yumi-static,2023,p_5_GG_GGG_yumi_grid_setup_7_7,0.9287833827893176,0.0712166172106825,yumi-static-2023-p_5_GG_GGG_yumi_grid_setup_7_7.graph
yumi-static,2023,p_7_GGG_GGGG_yumi_grid_setup_3_4,1.0,0.0,yumi-static-2023-p_7_GGG_GGGG_yumi_grid_setup_3_4.graph
yumi-static,2023,p_9_GGGG_GGGGG_yumi_grid_setup_3_4,1.0,0.0,yumi-static-2023-p_9_GGGG_GGGGG_yumi_grid_setup_3_4.graph
zephyrus,2015,zephyrus-FH-2-15,1.0,0.0,zephyrus-2015-zephyrus-FH-2-15.graph
zephyrus,2015,zephyrus_15_10,1.0,0.0,zephyrus-2015-zephyrus_15_10.graph
zephyrus,2015,zephyrus_20_20,1.0,0.0,zephyrus-2015-zephyrus_20_20.graph
zephyrus,2015,zephyrus_5_20,1.0,0.0,zephyrus-2015-zephyrus_5_20.graph
zephyrus,2015,zephyrus_5_4,1.0,0.0,zephyrus-2015-zephyrus_5_4.graph
zephyrus,2016,12__6__8__3,0.5,0.5,zephyrus-2016-12__6__8__3.graph
zephyrus,2016,12__8__6__3,0.5,0.5,zephyrus-2016-12__8__6__3.graph
zephyrus,2016,14__10__8__3,0.5,0.5,zephyrus-2016-14__10__8__3.graph
zephyrus,2016,14__6__8__3,0.5,0.5,zephyrus-2016-14__6__8__3.graph
zephyrus,2016,14__8__6__3,0.5,0.5,zephyrus-2016-14__8__6__3.graph
zephyrus,2019,12__10__8__3,0.5,0.5,zephyrus-2019-12__10__8__3.graph
zephyrus,2019,12__6__6__3,0.5,0.5,zephyrus-2019-12__6__6__3.graph
zephyrus,2019,12__8__6__3,0.5,0.5,zephyrus-2019-12__8__6__3.graph
zephyrus,2019,14__10__6__3,0.5,0.5,zephyrus-2019-14__10__6__3.graph
zephyrus,2019,14__6__6__3,0.5,0.5,zephyrus-2019-14__6__6__3.graph
