year,problem,model,instance,fzn2feat_time,ZincToWl_8_time,ZincToWl_1_time
2013,l2p,linear-to-program.mzn,l2p16.dzn,0.026871442794799805,0.44298267364501953,0.034897804260253906
2013,l2p,linear-to-program.mzn,l2p1.dzn,0.023407459259033203,0.018170833587646484,0.0463869571685791
2013,l2p,linear-to-program.mzn,l2p12.dzn,0.029794692993164062,0.030585050582885742,0.05383729934692383
2013,l2p,linear-to-program.mzn,l2p13.dzn,0.04416942596435547,0.03262472152709961,0.0690605640411377
2013,l2p,linear-to-program.mzn,l2p2.dzn,0.035405874252319336,0.03048992156982422,0.016286373138427734
2013,mario,mario.mzn,mario_easy_4.dzn,0.004283428192138672,0.0026702880859375,0.0023844242095947266
2013,mario,mario.mzn,mario_t_hard_1.dzn,0.028142452239990234,0.042627811431884766,0.023053646087646484
2013,mario,mario.mzn,mario_easy_2.dzn,0.0044171810150146484,0.0033288002014160156,0.002974987030029297
2013,mario,mario.mzn,mario_n_medium_2.dzn,0.005905628204345703,0.0053253173828125,0.003995418548583984
2013,mario,mario.mzn,mario_n_medium_4.dzn,0.006474971771240234,0.0054013729095458984,0.004828929901123047
2013,javarouting,trip_8_5.mzn,,0.01695108413696289,0.03581094741821289,0.008601903915405273
2013,javarouting,trip_7_2.mzn,,0.014229297637939453,0.005837440490722656,0.006645679473876953
2013,javarouting,trip_8_1.mzn,,0.014675140380859375,0.019052743911743164,0.006764888763427734
2013,javarouting,trip_6_3.mzn,,0.008427619934082031,0.005194425582885742,0.0050313472747802734
2013,javarouting,trip_7_1.mzn,,0.011358261108398438,0.03607463836669922,0.005665302276611328
2013,filters,filter.mzn,dfq_1_1.dzn,0.002768278121948242,0.0020711421966552734,0.0016164779663085938
2013,filters,filter.mzn,ar_2_3.dzn,0.0033936500549316406,0.0022423267364501953,0.0017020702362060547
2013,filters,filter.mzn,dct_2_2.dzn,0.003967761993408203,0.0018718242645263672,0.0015194416046142578
2013,filters,filter.mzn,fir_2_3.dzn,0.002753019332885742,0.003655672073364258,0.0030150413513183594
2013,filters,filter.mzn,ewf_2_1.dzn,0.002362489700317383,0.002797365188598633,0.0016453266143798828
2013,radiation,radiation.mzn,i9-23.dzn,0.03509402275085449,0.06976771354675293,0.044014692306518555
2013,radiation,radiation.mzn,i6-7.dzn,0.0074121952056884766,0.007631778717041016,0.03966808319091797
2013,radiation,radiation.mzn,i7-15.dzn,0.015316247940063477,0.01157689094543457,0.026948213577270508
2013,radiation,radiation.mzn,i6-11.dzn,0.009360551834106445,0.007638454437255859,0.005750179290771484
2013,radiation,radiation.mzn,i8-7.dzn,0.011856555938720703,0.03686809539794922,0.007906675338745117
2013,cargo,cargo_coarsePiles.mzn,challenge05_1s_954.dzn,0.003694295883178711,0.0031020641326904297,0.002530336380004883
2013,cargo,cargo_coarsePiles.mzn,challenge08_222f_3475.dzn,0.004273176193237305,0.0033485889434814453,0.002012968063354492
2013,cargo,cargo_coarsePiles.mzn,challenge07_1s_133.dzn,0.004363536834716797,0.0023517608642578125,0.0019481182098388672
2013,cargo,cargo_coarsePiles.mzn,challenge04_1s_626.dzn,0.004429340362548828,0.002124309539794922,0.0016317367553710938
2013,cargo,cargo_coarsePiles.mzn,challenge10_15966f_2060.dzn,0.003314971923828125,0.0034942626953125,0.0030651092529296875
2013,rubik,8-cube.mzn,,0.10541009902954102,0.1997838020324707,0.27619123458862305
2013,rubik,4-cube.mzn,,0.04648637771606445,0.07502889633178711,0.12066888809204102
2013,rubik,7-cube.mzn,,0.09298086166381836,0.15787482261657715,0.1818857192993164
2013,rubik,5-cube.mzn,,0.05887556076049805,0.12139773368835449,0.0962681770324707
2013,rubik,6-cube.mzn,,0.0774691104888916,0.14862585067749023,0.11427617073059082
2013,nmseq,nmseq.mzn,478.dzn,3.0804247856140137,5.0500311851501465,4.488470077514648
2013,nmseq,nmseq.mzn,395.dzn,2.0685648918151855,2.532651901245117,2.5434813499450684
2013,nmseq,nmseq.mzn,143.dzn,0.2474985122680664,0.3157365322113037,0.3878145217895508
2013,nmseq,nmseq.mzn,202.dzn,0.5393495559692383,0.599005937576294,0.5220415592193604
2013,nmseq,nmseq.mzn,99.dzn,0.11785483360290527,0.13409662246704102,0.11477136611938477
2013,rcpsp,rcpsp.mzn,11.dzn,0.005081892013549805,0.004559516906738281,0.002941131591796875
2013,rcpsp,rcpsp.mzn,15.dzn,0.07421040534973145,0.1158742904663086,0.06250548362731934
2013,rcpsp,rcpsp.mzn,14.dzn,0.0173490047454834,0.008062362670898438,0.011481761932373047
2013,rcpsp,rcpsp.mzn,12.dzn,0.0041370391845703125,0.0029642581939697266,0.002439260482788086
2013,rcpsp,rcpsp.mzn,13.dzn,0.002793550491333008,0.00156402587890625,0.0011200904846191406
2013,ghoulomb,ghoulomb.mzn,4-9-10.dzn,0.002607583999633789,0.002146482467651367,0.0014553070068359375
2013,ghoulomb,ghoulomb.mzn,3-11-29.dzn,0.005419254302978516,0.0050733089447021484,0.005242824554443359
2013,ghoulomb,ghoulomb.mzn,5-7-22.dzn,0.004261016845703125,0.004509687423706055,0.003244638442993164
2013,ghoulomb,ghoulomb.mzn,4-9-20.dzn,0.004008769989013672,0.002858877182006836,0.0024259090423583984
2013,ghoulomb,ghoulomb.mzn,3-9-16.dzn,0.003810405731201172,0.02900528907775879,0.003095388412475586
2013,black-hole,black-hole.mzn,4.dzn,0.011493444442749023,0.003864288330078125,0.0054340362548828125
2013,black-hole,black-hole.mzn,6.dzn,0.01395559310913086,0.004213571548461914,0.005541086196899414
2013,black-hole,black-hole.mzn,12.dzn,0.011362075805664062,0.0036840438842773438,0.003331422805786133
2013,black-hole,black-hole.mzn,16.dzn,0.01193094253540039,0.004153251647949219,0.003795146942138672
2013,black-hole,black-hole.mzn,18.dzn,0.011680841445922852,0.0048274993896484375,0.014853239059448242
2013,vrp,vrp.mzn,B-n52-k7.vrp.dzn,0.03112339973449707,0.0656137466430664,0.06145358085632324
2013,vrp,vrp.mzn,A-n63-k10.vrp.dzn,0.043118953704833984,0.050681114196777344,0.08374857902526855
2013,vrp,vrp.mzn,A-n33-k6.vrp.dzn,0.011997222900390625,0.010720491409301758,0.014220237731933594
2013,vrp,vrp.mzn,P-n51-k10.vrp.dzn,0.026895761489868164,0.05976438522338867,0.05534791946411133
2013,vrp,vrp.mzn,P-n16-k8.vrp.dzn,0.005845785140991211,0.004659414291381836,0.004464864730834961
2013,pentominoes-int,pentominoes-int.mzn,06.dzn,0.027231216430664062,0.04154205322265625,0.005399942398071289
2013,pentominoes-int,pentominoes-int.mzn,07.dzn,0.026049137115478516,0.006002902984619141,0.005463838577270508
2013,pentominoes-int,pentominoes-int.mzn,04.dzn,0.027673006057739258,0.020827770233154297,0.0075032711029052734
2013,pentominoes-int,pentominoes-int.mzn,02.dzn,0.018056869506835938,0.003888368606567383,0.0032761096954345703
2013,pentominoes-int,pentominoes-int.mzn,05.dzn,0.017019033432006836,0.004495143890380859,0.026244401931762695
2013,proteindesign12,wcsp.mzn,2TRX.11p.8aa.usingEref_self.dzn,0.36464524269104004,0.14278531074523926,0.11281442642211914
2013,proteindesign12,wcsp.mzn,1UBI.13p.9aa.usingEref_self.dzn,0.532989501953125,0.18447208404541016,0.16446638107299805
2013,proteindesign12,wcsp.mzn,1HZ5.12p.19aa.usingEref_self.dzn,8.284181118011475,2.7081139087677,2.5582427978515625
2013,proteindesign12,wcsp.mzn,1PGB.11p.9aa.usingEref_self.dzn,0.37627243995666504,0.10368776321411133,0.09989523887634277
2013,proteindesign12,wcsp.mzn,1HZ5.12p.9aa.usingEref_self.dzn,0.4522261619567871,0.08522868156433105,0.2465963363647461
2013,fjsp,fjsp.mzn,easy02.dzn,0.006434440612792969,0.005411863327026367,0.0036063194274902344
2013,fjsp,fjsp.mzn,med04.dzn,0.027872562408447266,0.03889656066894531,0.01642131805419922
2013,fjsp,fjsp.mzn,easy01.dzn,0.0033113956451416016,0.002223491668701172,0.001531839370727539
2013,fjsp,fjsp.mzn,med10.dzn,0.004671573638916016,0.037593841552734375,0.002368927001953125
2013,fjsp,fjsp.mzn,hard19.dzn,0.005846500396728516,0.004641294479370117,0.004112958908081055
2013,pattern-set-mining,pattern_set_mining.mzn,splice-1-k1.dzn,2.8535454273223877,1.5640132427215576,1.4704082012176514
2013,pattern-set-mining,pattern_set_mining.mzn,hypothyroid-k1.dzn,0.6916906833648682,0.4087948799133301,0.4640958309173584
2013,pattern-set-mining,pattern_set_mining.mzn,yeast-k2.dzn,0.3910672664642334,0.23762893676757812,0.2843918800354004
2013,pattern-set-mining,pattern_set_mining.mzn,kr-vs-kp-k2.dzn,1.21574068069458,0.6216330528259277,0.750586748123169
2013,pattern-set-mining,pattern_set_mining.mzn,anneal-k1.dzn,0.1555478572845459,0.08911919593811035,0.11920738220214844
2013,celar,celar.mzn,scen06.dzn,0.033704280853271484,0.04817914962768555,0.019057750701904297
2013,celar,celar.mzn,graph11.dzn,0.09596967697143555,0.13323402404785156,0.1012272834777832
2013,celar,celar.mzn,CELAR6-SUB2.dzn,0.010481834411621094,0.0077114105224609375,0.006680965423583984
2013,celar,celar.mzn,CELAR7-SUB3.dzn,0.013050317764282227,0.02727484703063965,0.011515617370605469
2013,celar,celar.mzn,CELAR6-SUB3.dzn,0.012398242950439453,0.0072383880615234375,0.0390777587890625
2013,nonogram,non.mzn,dom_06.dzn,0.003480195999145508,0.002569913864135742,0.0021185874938964844
2013,nonogram,non.mzn,dom_14.dzn,0.007632255554199219,0.0043027400970458984,0.003196239471435547
2013,nonogram,non.mzn,dom_10.dzn,0.006665706634521484,0.0032727718353271484,0.002033233642578125
2013,nonogram,non.mzn,dom_12.dzn,0.006134510040283203,0.0036699771881103516,0.002283334732055664
2013,nonogram,non.mzn,dom_08.dzn,0.0041730403900146484,0.002169370651245117,0.0023949146270751953
2013,league,league.mzn,model20-5-4.dzn,0.007624387741088867,0.020792722702026367,0.004378795623779297
2013,league,league.mzn,model30-8-4.dzn,0.01050114631652832,0.006922006607055664,0.006720542907714844
2013,league,league.mzn,model15-4-3.dzn,0.0071125030517578125,0.00555419921875,0.002837657928466797
2013,league,league.mzn,model40-5-11.dzn,0.018357276916503906,0.037206411361694336,0.010478734970092773
2013,league,league.mzn,model55-13-15.dzn,0.04409027099609375,0.07928180694580078,0.06277084350585938
2013,on-call-rostering,oc-roster.mzn,20s-200d.dzn,0.015359640121459961,0.011204719543457031,0.011009931564331055
2013,on-call-rostering,oc-roster.mzn,10s-50d.dzn,0.006772279739379883,0.01883673667907715,0.0038318634033203125
2013,on-call-rostering,oc-roster.mzn,4s-10d.dzn,0.003258943557739258,0.00266265869140625,0.0020797252655029297
2013,on-call-rostering,oc-roster.mzn,10s-150d.dzn,0.007742166519165039,0.006553173065185547,0.005130767822265625
2013,on-call-rostering,oc-roster.mzn,4s-23d.dzn,0.0028808116912841797,0.0028028488159179688,0.0019652843475341797
2020,soccer-computational,ecp.mzn,xIGData_30_25_15_4.dzn,0.042722225189208984,0.07396626472473145,0.06074070930480957
2020,soccer-computational,ecp.mzn,xIGData_28_23_16_1.dzn,0.04265403747558594,0.07065844535827637,0.03209877014160156
2020,soccer-computational,ecp.mzn,xIGData_28_22_7_4.dzn,0.03279876708984375,0.04465222358703613,0.05311131477355957
2020,soccer-computational,ecp.mzn,xIGData_22_12_22_5.dzn,0.029349088668823242,0.03798961639404297,0.05597519874572754
2020,soccer-computational,ecp.mzn,xIGData_24_24_16_1.dzn,0.029504776000976562,0.06013989448547363,0.023572444915771484
2020,lot-sizing,lot_sizing_cp.mzn,pigment30c.psp.dzn,0.00653386116027832,0.0183870792388916,0.003378152847290039
2020,lot-sizing,lot_sizing_cp.mzn,pigment30a.psp.dzn,0.005311727523803711,0.0040819644927978516,0.004180192947387695
2020,lot-sizing,lot_sizing_cp.mzn,pigment15b.psp.dzn,0.003875732421875,0.002351522445678711,0.0019609928131103516
2020,lot-sizing,lot_sizing_cp.mzn,pigment20b.psp.dzn,0.006928920745849609,0.004193544387817383,0.003999948501586914
2020,lot-sizing,lot_sizing_cp.mzn,pigment15c.psp.dzn,0.004625797271728516,0.0037889480590820312,0.0033309459686279297
2020,gbac,gbac.mzn,UD9-gbac.dzn,0.025275707244873047,0.05028581619262695,0.03282356262207031
2020,gbac,gbac.mzn,UD10-gbac.dzn,0.00855398178100586,0.0061016082763671875,0.005674839019775391
2020,gbac,gbac.mzn,reduced_UD7-gbac.dzn,0.021318912506103516,0.009755134582519531,0.041876792907714844
2020,gbac,gbac.mzn,reduced_UD2-gbac.dzn,0.009112358093261719,0.006113529205322266,0.005357503890991211
2020,gbac,gbac.mzn,reduced_UD5-gbac.dzn,0.012520790100097656,0.007336854934692383,0.019098997116088867
2020,collaborative-construction,macc.mzn,307.dzn,0.7507510185241699,0.7250804901123047,0.7720637321472168
2020,collaborative-construction,macc.mzn,37.dzn,0.25256776809692383,0.23998618125915527,0.30376124382019043
2020,collaborative-construction,macc.mzn,46.dzn,0.3841586112976074,0.3814542293548584,0.39008116722106934
2020,collaborative-construction,macc.mzn,455.dzn,0.39049744606018066,0.3868892192840576,0.41817498207092285
2020,collaborative-construction,macc.mzn,175.dzn,0.5980279445648193,0.5439119338989258,0.5406267642974854
2020,radiation,radiation.mzn,i9-21.dzn,0.021626710891723633,0.05604386329650879,0.015276193618774414
2020,radiation,radiation.mzn,i7-21.dzn,0.011812448501586914,0.008031129837036133,0.011989116668701172
2020,radiation,radiation.mzn,i8-9.dzn,0.007782697677612305,0.006464719772338867,0.006580352783203125
2020,radiation,radiation.mzn,i8-40.dzn,0.028972148895263672,0.02633047103881836,0.02613544464111328
2020,radiation,radiation.mzn,i6-9.dzn,0.005857944488525391,0.004896879196166992,0.0032806396484375
2020,hoist-benchmark,hoist-benchmark.mzn,PU_3_4_1.dzn,0.033373117446899414,0.03475141525268555,0.018286705017089844
2020,hoist-benchmark,hoist-benchmark.mzn,PU_2_8_1.dzn,0.015785932540893555,0.008561849594116211,0.010407447814941406
2020,hoist-benchmark,hoist-benchmark.mzn,PU_3_8_5.dzn,0.031557321548461914,0.07984709739685059,0.02050638198852539
2020,hoist-benchmark,hoist-benchmark.mzn,PU_1_2_2.dzn,0.007306337356567383,0.005925655364990234,0.029787540435791016
2020,hoist-benchmark,hoist-benchmark.mzn,PU_3_2_5.dzn,0.03772282600402832,0.030643463134765625,0.023922204971313477
2020,racp,racp.mzn,j60_10_6_1.25.dzn,0.03182792663574219,0.04099607467651367,0.030461549758911133
2020,racp,racp.mzn,j60_48_9_1.0.dzn,0.024669408798217773,0.040959835052490234,0.01594829559326172
2020,racp,racp.mzn,j60_9_9_1.25.dzn,0.028898000717163086,0.0249176025390625,0.01587986946105957
2020,racp,racp.mzn,j30_26_2_1.0.dzn,0.007536172866821289,0.005925178527832031,0.027525901794433594
2020,racp,racp.mzn,j60_13_4_1.0.dzn,0.046521902084350586,0.032701730728149414,0.05505943298339844
2020,p1f-pjs,p1f-pjs.mzn,16.dzn,0.0268096923828125,0.010525941848754883,0.023081541061401367
2020,p1f-pjs,p1f-pjs.mzn,20.dzn,0.05318737030029297,0.05400991439819336,0.039942264556884766
2020,p1f-pjs,p1f-pjs.mzn,21.dzn,0.07015490531921387,0.05496716499328613,0.0413362979888916
2020,p1f-pjs,p1f-pjs.mzn,10.dzn,0.008282661437988281,0.004908561706542969,0.0035958290100097656
2020,p1f-pjs,p1f-pjs.mzn,17.dzn,0.03254508972167969,0.039260149002075195,0.014567375183105469
2020,skill-allocation,skill_allocation_only.mzn,skill_allocation_mzn_2m_3.dzn,0.8396573066711426,0.8839066028594971,1.0875308513641357
2020,skill-allocation,skill_allocation_only.mzn,skill_allocation_mzn_1m_1.dzn,0.405426025390625,0.4268519878387451,0.45270395278930664
2020,skill-allocation,skill_allocation_only.mzn,skill_allocation_mzn_2w_1.dzn,0.19506597518920898,0.21427154541015625,0.16985774040222168
2020,skill-allocation,skill_allocation_only.mzn,skill_allocation_mzn_2m_1.dzn,0.8143444061279297,1.029806137084961,0.9725804328918457
2020,skill-allocation,skill_allocation_only.mzn,skill_allocation_mzn_3m_3.dzn,1.7475969791412354,2.6594789028167725,2.377366304397583
2020,bnn-planner,sysadmin_4_2s.mzn,,0.047438859939575195,0.029863834381103516,0.09987211227416992
2020,bnn-planner,inventory_4_8s.mzn,,0.22662711143493652,0.18635129928588867,0.16563749313354492
2020,bnn-planner,sysadmin_5_4s.mzn,,0.15478944778442383,0.15327835083007812,0.16048693656921387
2020,bnn-planner,cellda_y_10s.mzn,,1.0711126327514648,0.7089736461639404,0.7975742816925049
2020,bnn-planner,navigation_5x5_10s.mzn,,0.22616362571716309,0.18584609031677246,0.2679481506347656
2020,sdn-chain,model.mzn,d26n600-2.dzn,0.20984578132629395,0.17287945747375488,0.2036445140838623
2020,sdn-chain,model.mzn,d24n600-3.dzn,0.1446518898010254,0.14007186889648438,0.12278079986572266
2020,sdn-chain,model.mzn,d10n780-2.dzn,0.1110994815826416,0.10967230796813965,0.1274111270904541
2020,sdn-chain,model.mzn,d30n600-5.dzn,0.27097535133361816,0.21648836135864258,0.29479002952575684
2020,sdn-chain,model.mzn,d10n780-1.dzn,0.09789872169494629,0.06963372230529785,0.07792043685913086
2020,pentominoes,pentominoes-int.mzn,06.dzn,0.02416062355041504,0.006750345230102539,0.005331277847290039
2020,pentominoes,pentominoes-int.mzn,07.dzn,0.024319171905517578,0.005193471908569336,0.005965471267700195
2020,pentominoes,pentominoes-int.mzn,04.dzn,0.027610063552856445,0.036438703536987305,0.006407976150512695
2020,pentominoes,pentominoes-int.mzn,02.dzn,0.013590812683105469,0.0037326812744140625,0.004622220993041992
2020,pentominoes,pentominoes-int.mzn,05.dzn,0.019088268280029297,0.013437747955322266,0.004647970199584961
2020,pillars-and-planks,pillars-planks-solution.mzn,p-d10.dzn,0.004284858703613281,0.003572702407836914,0.0038492679595947266
2020,pillars-and-planks,pillars-planks-solution.mzn,p-d2.dzn,0.005232095718383789,0.003314971923828125,0.0037755966186523438
2020,pillars-and-planks,pillars-planks-solution.mzn,p-d7.dzn,0.0040438175201416016,0.0032312870025634766,0.003210306167602539
2020,pillars-and-planks,pillars-planks-solution.mzn,p-d12.dzn,0.004495382308959961,0.003861665725708008,0.0032045841217041016
2020,pillars-and-planks,pillars-planks-solution.mzn,p-d17.dzn,0.005770206451416016,0.005996227264404297,0.015281200408935547
2020,minimal-decision-sets,sparse_mds.mzn,backache_train4.dzn,0.03924059867858887,0.04658794403076172,0.035051584243774414
2020,minimal-decision-sets,sparse_mds.mzn,breast-cancer_train4.dzn,0.03722882270812988,0.04768204689025879,0.036675214767456055
2020,minimal-decision-sets,sparse_mds.mzn,cleve_train5.dzn,0.05340409278869629,0.05168485641479492,0.057198286056518555
2020,minimal-decision-sets,sparse_mds.mzn,australian_train5.dzn,0.1151418685913086,0.0996866226196289,0.11614179611206055
2020,minimal-decision-sets,sparse_mds.mzn,colic_train4.dzn,0.07595992088317871,0.0731956958770752,0.06855082511901855
2020,is,model.mzn,A3PZaPjnUz.dzn,0.01101374626159668,0.006525754928588867,0.004667520523071289
2020,is,model.mzn,YfFfEiuCQo.dzn,0.020029067993164062,0.008364677429199219,0.009573221206665039
2020,is,model.mzn,LeTaZW8Ij5.dzn,0.0201570987701416,0.06087517738342285,0.012318849563598633
2020,is,model.mzn,v1HjuSBQMb.dzn,0.012001991271972656,0.007479190826416016,0.004830360412597656
2020,is,model.mzn,Ws5Q6fhGi5.dzn,0.01584768295288086,0.019718408584594727,0.010329484939575195
2020,whirlpool,whirlpool-x.mzn,d8.dzn,0.00519871711730957,0.005876064300537109,0.004271745681762695
2020,whirlpool,whirlpool-x.mzn,d21.dzn,0.027460098266601562,0.06193137168884277,0.05094552040100098
2020,whirlpool,whirlpool-x.mzn,d30.dzn,0.05414223670959473,0.09423565864562988,0.08212423324584961
2020,whirlpool,whirlpool-x.mzn,d12.dzn,0.011615276336669922,0.008414506912231445,0.00971841812133789
2020,whirlpool,whirlpool-x.mzn,d29.dzn,0.048404693603515625,0.07557153701782227,0.06967544555664062
2020,code-generator,unison.mzn,mips_gobmk.patterns.autohelperpat508.dzn,0.21726441383361816,0.22593259811401367,0.23493337631225586
2020,code-generator,unison.mzn,mips_gcc.real.eiremain.dzn,2.6735925674438477,2.5227701663970947,2.506169319152832
2020,code-generator,unison.mzn,hexagon_gcc.reload1.gen_reload.dzn,4.556973457336426,4.951400995254517,4.485919713973999
2020,code-generator,unison.mzn,mips_pgp.crypto.encryptfile.dzn,3.5813117027282715,3.4906303882598877,3.645326614379883
2020,code-generator,unison.mzn,mips_gcc.cfgbuild.control_flow_insn_p.dzn,0.43218255043029785,0.2946944236755371,0.4713568687438965
2020,stable-goods,stable-goods-solution.mzn,s-d6.dzn,0.02425408363342285,0.05476212501525879,0.014136075973510742
2020,stable-goods,stable-goods-solution.mzn,s-d8.dzn,0.09649324417114258,0.07427263259887695,0.058034658432006836
2020,stable-goods,stable-goods-solution.mzn,s-d7.dzn,0.09809231758117676,0.16767573356628418,0.058956146240234375
2020,stable-goods,stable-goods-solution.mzn,s-d19.dzn,0.455059289932251,0.3373908996582031,0.4088165760040283
2020,stable-goods,stable-goods-solution.mzn,s-d16.dzn,0.4012577533721924,0.291672945022583,0.29131221771240234
2020,tower_challenge,tower.mzn,tower_070_070_15_070-04.dzn,0.022942304611206055,0.014668941497802734,0.03607034683227539
2020,tower_challenge,tower.mzn,tower_070_070_15_100-04.dzn,0.034780263900756836,0.016409635543823242,0.020693302154541016
2020,tower_challenge,tower.mzn,tower_070_070_15_100-05.dzn,0.030324220657348633,0.06751132011413574,0.018661022186279297
2020,tower_challenge,tower.mzn,tower_070_070_15_070-06.dzn,0.026118040084838867,0.04239368438720703,0.01355433464050293
2020,tower_challenge,tower.mzn,tower_070_070_30_100-05.dzn,0.05472064018249512,0.07537508010864258,0.05650639533996582
2020,cable_tree_wiring,ctw.mzn,A031.dzn,0.007774829864501953,0.006407022476196289,0.005861043930053711
2020,cable_tree_wiring,ctw.mzn,R189.dzn,0.1525576114654541,0.20450806617736816,0.21205711364746094
2020,cable_tree_wiring,ctw.mzn,R196.dzn,0.2733943462371826,0.29165220260620117,0.31881260871887207
2020,cable_tree_wiring,ctw.mzn,R046.dzn,0.04291534423828125,0.06052255630493164,0.04140043258666992
2020,cable_tree_wiring,ctw.mzn,A073.dzn,0.9350261688232422,1.019698143005371,1.080104112625122
2022,wordpress,wordpress.mzn,Wordpress12_Offers500.dzn,0.0186307430267334,0.010550498962402344,0.009852170944213867
2022,wordpress,wordpress.mzn,Wordpress8_Offers500.dzn,0.014721155166625977,0.008087158203125,0.00731348991394043
2022,wordpress,wordpress.mzn,Wordpress7_Offers500.dzn,0.011913776397705078,0.007596492767333984,0.06470894813537598
2022,wordpress,wordpress.mzn,Wordpress10_Offers500.dzn,0.017919540405273438,0.009348630905151367,0.009285449981689453
2022,wordpress,wordpress.mzn,Wordpress11_Offers500.dzn,0.018868207931518555,0.012265205383300781,0.008054971694946289
2022,stripboard,stripboard.mzn,common-emitter-complex.dzn,0.019519329071044922,0.011175155639648438,0.012535810470581055
2022,stripboard,stripboard.mzn,common-emitter-simple.dzn,0.013791561126708984,0.007394313812255859,0.008201837539672852
2022,stripboard,stripboard.mzn,nand-gate.dzn,0.018559932708740234,0.008198976516723633,0.009453058242797852
2022,stripboard,stripboard.mzn,opamp-integrator.dzn,0.03284287452697754,0.01570916175842285,0.0176849365234375
2022,stripboard,stripboard.mzn,envelope-detector.dzn,0.018934965133666992,0.07459187507629395,0.024853229522705078
2022,yumi-static,yumi-static.mzn,p_8_SSSSS_SSS_yumi_grid_setup_3_4.dzn,0.05483818054199219,0.045821428298950195,0.03366899490356445
2022,yumi-static,yumi-static.mzn,p_10_GGGGG_GGGGG_yumi_grid_setup_5_5.dzn,0.10301971435546875,0.06708097457885742,0.056704044342041016
2022,yumi-static,yumi-static.mzn,p_4_GG_GG_yumi_grid_setup_3_3.dzn,0.01654338836669922,0.010425329208374023,0.009527921676635742
2022,yumi-static,yumi-static.mzn,p_4_GS_SG_yumi_grid_setup_3_3.dzn,0.019341468811035156,0.024636030197143555,0.013662099838256836
2022,yumi-static,yumi-static.mzn,example_instance_4_GS_SG_yumi_grid_setup_7_7.dzn,0.16964483261108398,0.0610966682434082,0.07560324668884277
2022,team-assignment,model.mzn,data2_6_15.dzn,0.003474712371826172,0.003335714340209961,0.001973390579223633
2022,team-assignment,model.mzn,data3_4_31.dzn,0.003688335418701172,0.002640247344970703,0.002044677734375
2022,team-assignment,model.mzn,data1_4_6.dzn,0.0034432411193847656,0.0017750263214111328,0.0012767314910888672
2022,team-assignment,model.mzn,data1_6_6.dzn,0.002826690673828125,0.0019178390502929688,0.001415252685546875
2022,team-assignment,model.mzn,data3_5_31.dzn,0.003935575485229492,0.0033423900604248047,0.0023381710052490234
2022,diameterc-mst,dcmst.mzn,c_v15_a105_d6.dzn,0.017256498336791992,0.022487878799438477,0.007388591766357422
2022,diameterc-mst,dcmst.mzn,s_v40_a100_d7.dzn,0.02132129669189453,0.04027199745178223,0.014962434768676758
2022,diameterc-mst,dcmst.mzn,c_v20_a190_d9.dzn,0.029955625534057617,0.027198076248168945,0.0457150936126709
2022,diameterc-mst,dcmst.mzn,c_v15_a105_d9.dzn,0.014425516128540039,0.008070230484008789,0.008219480514526367
2022,diameterc-mst,dcmst.mzn,c_v20_a190_d4.dzn,0.023633956909179688,0.02375650405883789,0.0414578914642334
2022,ma-path-finding,mapf.mzn,ins_g32_p20_a10.dzn,13.452465295791626,17.592586040496826,17.54618787765503
2022,ma-path-finding,mapf.mzn,ins_g16_p20_a30.dzn,5.62345552444458,6.887188911437988,7.635056495666504
2022,ma-path-finding,mapf.mzn,ins_g16_p10_a20.dzn,3.615358591079712,3.699500560760498,4.551501035690308
2022,ma-path-finding,mapf.mzn,ins_g24_p20_a10.dzn,4.970274209976196,6.946688652038574,8.369690418243408
2022,ma-path-finding,mapf.mzn,ins_g16_p10_a30.dzn,5.377552270889282,6.804746627807617,7.3764050006866455
2022,rotating-workforce-scheduling,rotating-workforce-scheduling.mzn,rws-instance-e-30-s-9.dzn,0.01555013656616211,0.008858919143676758,0.00975656509399414
2022,rotating-workforce-scheduling,rotating-workforce-scheduling.mzn,rws-instance-e-100-s-2.dzn,0.04098916053771973,0.2497415542602539,0.029245376586914062
2022,rotating-workforce-scheduling,rotating-workforce-scheduling.mzn,rws-instance-e-80-s-1.dzn,0.04463315010070801,0.019923686981201172,0.031926631927490234
2022,rotating-workforce-scheduling,rotating-workforce-scheduling.mzn,rws-instance-e-90-s-2.dzn,0.03916811943054199,0.02413201332092285,0.02207183837890625
2022,rotating-workforce-scheduling,rotating-workforce-scheduling.mzn,rws-instance-e-25-s-7.dzn,0.01215982437133789,0.006723165512084961,0.009468317031860352
2022,vaccine,vaccine.mzn,v11.dzn,0.009174585342407227,0.006434440612792969,0.009602546691894531
2022,vaccine,vaccine.mzn,v857.dzn,0.009341955184936523,0.00695490837097168,0.005769968032836914
2022,vaccine,vaccine.mzn,v946.dzn,0.009383916854858398,0.005617618560791016,0.007762432098388672
2022,vaccine,vaccine.mzn,v8.dzn,0.035874366760253906,0.023295879364013672,0.023876190185546875
2022,vaccine,vaccine.mzn,v7.dzn,0.009035110473632812,0.007057905197143555,0.0060882568359375
2022,generalized-peacable-queens,peaceable_queens.mzn,n9_q5.json,0.005477190017700195,0.003180980682373047,0.004075288772583008
2022,generalized-peacable-queens,peaceable_queens.mzn,n11_q5.json,0.00908041000366211,0.005382537841796875,0.0041234493255615234
2022,generalized-peacable-queens,peaceable_queens.mzn,n8_q3.json,0.00493311882019043,0.003003835678100586,0.003736734390258789
2022,generalized-peacable-queens,peaceable_queens.mzn,n13_q5.json,0.009698152542114258,0.27068066596984863,0.004394054412841797
2022,generalized-peacable-queens,peaceable_queens.mzn,n25_q4.json,0.0312647819519043,0.037201642990112305,0.016020536422729492
2022,tower,tower.mzn,tower_300_300_40_200-00.dzn,0.14991235733032227,0.19104886054992676,0.13463926315307617
2022,tower,tower.mzn,tower_070_070_15_085-09.dzn,0.04965543746948242,0.044371604919433594,0.03243112564086914
2022,tower,tower.mzn,100_100_20_100-04.dzn,0.04657101631164551,0.059234619140625,0.04349160194396973
2022,tower,tower.mzn,tower_070_070_15_070-09.dzn,0.02234959602355957,0.04251694679260254,0.012807846069335938
2022,tower,tower.mzn,tower_500_500_50_300-01.dzn,0.24405145645141602,0.22098779678344727,0.25095391273498535
2022,blocks-world,blocks.mzn,16-4-5.dzn,0.08781123161315918,0.08724308013916016,0.07186007499694824
2022,blocks-world,blocks.mzn,16-4-13.dzn,0.08769917488098145,0.07724118232727051,0.10521245002746582
2022,blocks-world,blocks.mzn,16-4-45.dzn,0.09006404876708984,0.1083827018737793,0.09959554672241211
2022,blocks-world,blocks.mzn,16-4-83.dzn,0.0905613899230957,0.10665106773376465,0.09573721885681152
2022,blocks-world,blocks.mzn,16-4-40.dzn,0.08387374877929688,0.09683918952941895,0.057103633880615234
2022,gfd-schedule,gfd-schedule2.mzn,n180f7d50m30k18_10124.dzn,0.1306917667388916,0.14612507820129395,0.15692877769470215
2022,gfd-schedule,gfd-schedule2.mzn,n55f2d50m30k3_10124.dzn,0.020920276641845703,0.04685711860656738,0.014627456665039062
2022,gfd-schedule,gfd-schedule2.mzn,n200f5d50m40k6_10124.dzn,0.19636297225952148,0.22991299629211426,0.2640852928161621
2022,gfd-schedule,gfd-schedule2.mzn,n60f7d50m30k10_10124.dzn,0.02530837059020996,0.06745767593383789,0.02532815933227539
2022,gfd-schedule,gfd-schedule2.mzn,n85f3d50m8k20_10124.dzn,0.030420780181884766,0.017096996307373047,0.0292971134185791
2022,spot5,spot5.mzn,509.dzn,0.20433735847473145,0.07057356834411621,0.11737513542175293
2022,spot5,spot5.mzn,1405.dzn,0.40064167976379395,0.18590998649597168,0.19907832145690918
2022,spot5,spot5.mzn,1506.dzn,0.3534517288208008,0.12368249893188477,0.16390585899353027
2022,spot5,spot5.mzn,507.dzn,0.12088227272033691,0.04195284843444824,0.0777885913848877
2022,spot5,spot5.mzn,404.dzn,0.011728525161743164,0.005208730697631836,0.0045588016510009766
2022,roster-sickness,bool-model-sickness.mzn,large-2.dzn,0.028945207595825195,0.026531457901000977,0.04870176315307617
2022,roster-sickness,bool-model-sickness.mzn,large-2-2.dzn,0.15678811073303223,0.2781815528869629,0.2921631336212158
2022,roster-sickness,bool-model-sickness.mzn,large-4.dzn,0.0844717025756836,0.14432168006896973,0.1373908519744873
2022,roster-sickness,bool-model-sickness.mzn,large-4-2.dzn,0.03920316696166992,0.07708263397216797,0.042012691497802734
2022,roster-sickness,bool-model-sickness.mzn,small-4.dzn,0.0157773494720459,0.008252382278442383,0.025090694427490234
2022,sudoku_opt,sudoku_opt.mzn,sudoku_p20.dzn,0.0072324275970458984,0.004059553146362305,0.0033147335052490234
2022,sudoku_opt,sudoku_opt.mzn,sudoku_p90.dzn,0.0064733028411865234,0.0032978057861328125,0.003815174102783203
2022,sudoku_opt,sudoku_opt.mzn,sudoku_p29.dzn,0.0072710514068603516,0.003015756607055664,0.002714872360229492
2022,sudoku_opt,sudoku_opt.mzn,sudoku_p22.dzn,0.007262468338012695,0.0032587051391601562,0.032350778579711914
2022,sudoku_opt,sudoku_opt.mzn,sudoku_p23.dzn,0.0066280364990234375,0.004377126693725586,0.00318145751953125
2022,arithmetic-target,model.mzn,6872_with_1_2_3_3_4_4_5_6_7_9_10.json,0.0346832275390625,0.05216574668884277,0.03806185722351074
2022,arithmetic-target,model.mzn,814_with_1_2_4_6_6_7_8_9.json,0.023159265518188477,0.03624224662780762,0.028949737548828125
2022,arithmetic-target,model.mzn,910_with_1_2_3_6_12_25_50_87.json,0.022198200225830078,0.037370920181274414,0.026829004287719727
2022,arithmetic-target,model.mzn,8657_with_1_1_2_3_4_4_5_5_8_9_50.json,0.034767866134643555,0.05144906044006348,0.04365396499633789
2022,arithmetic-target,model.mzn,4108_with_1_2_2_3_3_5_6_6_7_8_9.json,0.035065412521362305,0.03246760368347168,0.05122494697570801
2022,triangular,triangular.mzn,n30.dzn,0.15424180030822754,0.264545202255249,0.2957460880279541
2022,triangular,triangular.mzn,n18.dzn,0.02347731590270996,0.04409933090209961,0.027625083923339844
2022,triangular,triangular.mzn,n24.dzn,0.06496334075927734,0.12358260154724121,0.12196207046508789
2022,triangular,triangular.mzn,n39.dzn,0.44185876846313477,0.5788695812225342,0.745173454284668
2022,triangular,triangular.mzn,n10.dzn,0.005305290222167969,0.005113124847412109,0.004011631011962891
2022,accap,accap.mzn,accap_a4_f30_t15.json,0.0030503273010253906,0.0026633739471435547,0.0023221969604492188
2022,accap,accap.mzn,accap_a5_f40_t20.json,0.004434823989868164,0.0035429000854492188,0.00376129150390625
2022,accap,accap.mzn,accap_a12_f100_t60.json,0.00768280029296875,0.009739160537719727,0.04194045066833496
2022,accap,accap.mzn,accap_a40_f800_t180.json,0.07178854942321777,0.11650633811950684,0.12407875061035156
2022,accap,accap.mzn,accap_a18_f140_t85.json,0.0067141056060791016,0.03252673149108887,0.00684809684753418
2022,nfc,nfc.mzn,30_5_12.dzn,0.0031943321228027344,0.0028541088104248047,0.002543926239013672
2022,nfc,nfc.mzn,18_3_12.dzn,0.0026476383209228516,0.0023207664489746094,0.0013227462768554688
2022,nfc,nfc.mzn,12_2_11.dzn,0.00295257568359375,0.0017552375793457031,0.0013217926025390625
2022,nfc,nfc.mzn,24_4_2.dzn,0.00283050537109375,0.0028264522552490234,0.0014781951904296875
2022,nfc,nfc.mzn,30_5_6.dzn,0.003634214401245117,0.0028197765350341797,0.002110004425048828
2022,traveling-tppv,ttppv.mzn,circ20bnonbal.dzn,0.07762384414672852,0.02401566505432129,0.043700456619262695
2022,traveling-tppv,ttppv.mzn,circ20fnonbal.dzn,0.07829117774963379,0.047353267669677734,0.045543670654296875
2022,traveling-tppv,ttppv.mzn,circ14enonbal.dzn,0.0271298885345459,0.03510260581970215,0.011790752410888672
2022,traveling-tppv,ttppv.mzn,circ20jnonbal.dzn,0.07964253425598145,0.03324127197265625,0.055719614028930664
2022,traveling-tppv,ttppv.mzn,circ14cnonbal.dzn,0.028809785842895508,0.022639751434326172,0.010521173477172852
2016,gbac,gbac.mzn,UD5-gbac.dzn,0.017043113708496094,0.03585171699523926,0.008997440338134766
2016,gbac,gbac.mzn,reduced_UD6-gbac.dzn,0.005572080612182617,0.006094932556152344,0.005032062530517578
2016,gbac,gbac.mzn,reduced_UD3-gbac.dzn,0.013749361038208008,0.0211794376373291,0.03586125373840332
2016,gbac,gbac.mzn,UD3-gbac.dzn,0.020229578018188477,0.02505207061767578,0.011708974838256836
2016,gbac,gbac.mzn,reduced_UD10-gbac.dzn,0.005937099456787109,0.006543636322021484,0.004000663757324219
2016,prize-collecting,pc.mzn,30-5-6-2.dzn,0.015494585037231445,0.03044271469116211,0.009212255477905273
2016,prize-collecting,pc.mzn,30-5-6-8.dzn,0.0157473087310791,0.02087116241455078,0.009113788604736328
2016,prize-collecting,pc.mzn,28-4-7-1.dzn,0.018415212631225586,0.036569833755493164,0.008066892623901367
2016,prize-collecting,pc.mzn,32-4-8-2.dzn,0.020948410034179688,0.024175643920898438,0.014302730560302734
2016,prize-collecting,pc.mzn,32-4-8-5.dzn,0.017667531967163086,0.03709745407104492,0.009226560592651367
2016,zephyrus,zephyrus.mzn,14__6__8__3.dzn,0.010255813598632812,0.01920151710510254,0.006063699722290039
2016,zephyrus,zephyrus.mzn,14__10__8__3.dzn,0.009865283966064453,0.03256654739379883,0.006956577301025391
2016,zephyrus,zephyrus.mzn,12__6__8__3.dzn,0.012130260467529297,0.006893634796142578,0.0076105594635009766
2016,zephyrus,zephyrus.mzn,12__8__6__3.dzn,0.010068416595458984,0.006008148193359375,0.02039623260498047
2016,zephyrus,zephyrus.mzn,14__8__6__3.dzn,0.009750127792358398,0.005928754806518555,0.005667924880981445
2016,solbat,sb.mzn,sb_15_15_6_0.dzn,0.07567858695983887,0.09972023963928223,0.06447625160217285
2016,solbat,sb.mzn,sb_13_13_5_5.dzn,0.049063920974731445,0.061760663986206055,0.04369211196899414
2016,solbat,sb.mzn,sb_13_13_5_1.dzn,0.0490262508392334,0.05189347267150879,0.03198599815368652
2016,solbat,sb.mzn,sb_15_15_7_3.dzn,0.07797908782958984,0.08448958396911621,0.05806422233581543
2016,solbat,sb.mzn,sb_15_15_7_5.dzn,0.07343411445617676,0.08641314506530762,0.04754352569580078
2016,cryptanalysis,step1_aes.mzn,kb128_n5_obj17.dzn,0.17047548294067383,0.1800689697265625,0.22299861907958984
2016,cryptanalysis,step1_aes.mzn,kb128_n5_obj14.dzn,0.15513348579406738,0.1707313060760498,0.18586993217468262
2016,cryptanalysis,step1_aes.mzn,kb128_n5_obj16.dzn,0.15621662139892578,0.1643056869506836,0.25604963302612305
2016,cryptanalysis,step1_aes.mzn,kb128_n5_obj11.dzn,0.15514898300170898,0.16047167778015137,0.22181344032287598
2016,cryptanalysis,step1_aes.mzn,kb192_n7_obj10.dzn,0.40964818000793457,0.4417598247528076,0.5454857349395752
2016,filters,filter.mzn,fir_1_4.dzn,0.002882242202758789,0.002035856246948242,0.0011551380157470703
2016,filters,filter.mzn,ewf_1_2.dzn,0.0030312538146972656,0.0028247833251953125,0.002142190933227539
2016,filters,filter.mzn,fir_1_3.dzn,0.0027937889099121094,0.002062082290649414,0.0012726783752441406
2016,filters,filter.mzn,ar_1_3.dzn,0.003188610076904297,0.0023720264434814453,0.001222372055053711
2016,filters,filter.mzn,dct_1_3.dzn,0.004026889801025391,0.0025911331176757812,0.002037525177001953
2016,java-auto-gen,pizza_8_3.mzn,,0.014404296875,0.006135463714599609,0.006195068359375
2016,java-auto-gen,routing_7.mzn,,0.036754608154296875,0.015874385833740234,0.019053220748901367
2016,java-auto-gen,binpack_11.mzn,,0.00858163833618164,0.005690813064575195,0.00524139404296875
2016,java-auto-gen,plusexample_6.mzn,,0.004085063934326172,0.0031938552856445312,0.0016188621520996094
2016,java-auto-gen,projplan1_15_15.mzn,,0.005355358123779297,0.040410757064819336,0.0036339759826660156
2016,mapping,mapping.mzn,mesh4x4_1.dzn,0.011766910552978516,0.009329080581665039,0.009380340576171875
2016,mapping,mapping.mzn,mesh3x3_mp3.dzn,0.015158414840698242,0.0076847076416015625,0.007011890411376953
2016,mapping,mapping.mzn,ring_1.dzn,0.007176637649536133,0.005162239074707031,0.0035631656646728516
2016,mapping,mapping.mzn,mesh2x2_1.dzn,0.004408597946166992,0.0035278797149658203,0.003155231475830078
2016,mapping,mapping.mzn,mesh2x2_mp3.dzn,0.006493091583251953,0.005635976791381836,0.004814624786376953
2016,diameterc-mst,dcmst.mzn,s_v20_a50_d5.dzn,0.008599996566772461,0.005227327346801758,0.004633426666259766
2016,diameterc-mst,dcmst.mzn,s_v40_a100_d5.dzn,0.02133488655090332,0.009143352508544922,0.05856776237487793
2016,diameterc-mst,dcmst.mzn,c_v20_a190_d5.dzn,0.028309106826782227,0.06328868865966797,0.019002437591552734
2016,diameterc-mst,dcmst.mzn,c_v15_a105_d7.dzn,0.014534711837768555,0.018462181091308594,0.00927281379699707
2016,diameterc-mst,dcmst.mzn,s_v20_a50_d4.dzn,0.007996559143066406,0.005440711975097656,0.028070926666259766
2016,oocsp_racks,oocsp_racks.mzn,oocsp_racks_030_ea4_cc.dzn,0.16541290283203125,0.17587041854858398,0.16203522682189941
2016,oocsp_racks,oocsp_racks.mzn,oocsp_racks_100_r1.dzn,1.7954044342041016,1.839514970779419,2.010263442993164
2016,oocsp_racks,oocsp_racks.mzn,oocsp_racks_030_e6_cc.dzn,0.14124202728271484,0.1868116855621338,0.09776520729064941
2016,oocsp_racks,oocsp_racks.mzn,oocsp_racks_030_f7_cc.dzn,0.1636056900024414,0.13774657249450684,0.16582918167114258
2016,oocsp_racks,oocsp_racks.mzn,oocsp_racks_030_mii8.dzn,0.1638498306274414,0.21518182754516602,0.18230700492858887
2016,elitserien,handball.mzn,handball7.dzn,0.023850440979003906,0.012774467468261719,0.043257713317871094
2016,elitserien,handball.mzn,handball17.dzn,0.01994013786315918,0.022931337356567383,0.012003421783447266
2016,elitserien,handball.mzn,handball3.dzn,0.01952505111694336,0.038951873779296875,0.032198429107666016
2016,elitserien,handball.mzn,handball5.dzn,0.018566370010375977,0.009743452072143555,0.0386962890625
2016,elitserien,handball.mzn,handball20.dzn,0.021275043487548828,0.024604082107543945,0.014245986938476562
2016,rcpsp-wet,rcpsp-wet.mzn,j90_19_7-wet.dzn,0.004878997802734375,0.005571126937866211,0.0030219554901123047
2016,rcpsp-wet,rcpsp-wet.mzn,j60_36_8-wet.dzn,0.004008293151855469,0.0037043094635009766,0.028860807418823242
2016,rcpsp-wet,rcpsp-wet.mzn,j90_10_10-wet.dzn,0.007269144058227539,0.004189968109130859,0.0030989646911621094
2016,rcpsp-wet,rcpsp-wet.mzn,j30_44_8-wet.dzn,0.0049436092376708984,0.002621173858642578,0.0027251243591308594
2016,rcpsp-wet,rcpsp-wet.mzn,j30_27_5-wet.dzn,0.004638195037841797,0.002672433853149414,0.002513885498046875
2016,tpp,tpp.mzn,tpp_7_3_30_1.dzn,0.007136344909667969,0.0035004615783691406,0.0038530826568603516
2016,tpp,tpp.mzn,tpp_5_3_30_1.dzn,0.0046236515045166016,0.002761363983154297,0.0022192001342773438
2016,tpp,tpp.mzn,tpp_7_3_20_1.dzn,0.004748106002807617,0.004000186920166016,0.002445697784423828
2016,tpp,tpp.mzn,tpp_6_3_20_1.dzn,0.0065119266510009766,0.002691984176635742,0.002160787582397461
2016,tpp,tpp.mzn,tpp_4_5_20_1.dzn,0.005623340606689453,0.002788066864013672,0.0056111812591552734
2016,mrcpsp,mrcpsp.mzn,j30_15_5.dzn,0.009293317794799805,0.005464792251586914,0.004318952560424805
2016,mrcpsp,mrcpsp.mzn,j30_37_4.dzn,0.012620210647583008,0.008940935134887695,0.005521297454833984
2016,mrcpsp,mrcpsp.mzn,j30_53_3.dzn,0.009208202362060547,0.006111621856689453,0.004182577133178711
2016,mrcpsp,mrcpsp.mzn,j30_17_10.dzn,0.012243986129760742,0.019114017486572266,0.006136417388916016
2016,mrcpsp,mrcpsp.mzn,j30_1_10.dzn,0.011289834976196289,0.006804704666137695,0.0077135562896728516
2016,gfd-schedule,gfd-schedule2.mzn,n180f7d50m30k18.dzn,0.14521002769470215,0.18622374534606934,0.17011308670043945
2016,gfd-schedule,gfd-schedule2.mzn,n55f2d50m30k3.dzn,0.027453899383544922,0.03354167938232422,0.01454925537109375
2016,gfd-schedule,gfd-schedule2.mzn,n25f5d20m10k3.dzn,0.00872945785522461,0.00628209114074707,0.004780769348144531
2016,gfd-schedule,gfd-schedule2.mzn,n60f7d50m30k10.dzn,0.02730274200439453,0.01222372055053711,0.044812917709350586
2016,gfd-schedule,gfd-schedule2.mzn,n35f5d20m10k3.dzn,0.012635946273803711,0.008462667465209961,0.007611751556396484
2016,celar,celar.mzn,CELAR6-SUB0.dzn,0.0067980289459228516,0.01742410659790039,0.003983020782470703
2016,celar,celar.mzn,scen07.dzn,0.0724027156829834,0.10724401473999023,0.06730842590332031
2016,celar,celar.mzn,graph05.dzn,0.02685403823852539,0.015347480773925781,0.04647397994995117
2016,celar,celar.mzn,CELAR7-SUB4.dzn,0.015614032745361328,0.020281314849853516,0.008187532424926758
2016,celar,celar.mzn,CELAR6-SUB4.dzn,0.012375354766845703,0.03329181671142578,0.00854349136352539
2016,carpet-cutting,cc_base.mzn,mzn_rnd_test.02.dzn,0.002715587615966797,0.0022590160369873047,0.001916646957397461
2016,carpet-cutting,cc_base.mzn,mzn_rnd_test.06.dzn,0.003913402557373047,0.0033676624298095703,0.0020148754119873047
2016,carpet-cutting,cc_base.mzn,mzn_rnd_test.11.dzn,0.0030150413513183594,0.0021545886993408203,0.0018415451049804688
2016,carpet-cutting,cc_base.mzn,mzn_rnd_test.13.dzn,0.0033659934997558594,0.002627849578857422,0.0021657943725585938
2016,carpet-cutting,cc_base.mzn,mzn_rnd_test.20.dzn,0.0035185813903808594,0.01528310775756836,0.0025267601013183594
2016,maximum-dag,maximum-dag.mzn,31_02.dzn,0.004264354705810547,0.0023717880249023438,0.002474069595336914
2016,maximum-dag,maximum-dag.mzn,25_01.dzn,0.0038709640502929688,0.0022394657135009766,0.0017871856689453125
2016,maximum-dag,maximum-dag.mzn,25_06.dzn,0.0037937164306640625,0.0022249221801757812,0.0026252269744873047
2016,maximum-dag,maximum-dag.mzn,25_04.dzn,0.0031774044036865234,0.00220489501953125,0.0015873908996582031
2016,maximum-dag,maximum-dag.mzn,25_03.dzn,0.004397392272949219,0.002213001251220703,0.0018055438995361328
2016,nfc,nfc.mzn,12_2_10.dzn,0.002840280532836914,0.0022118091583251953,0.001397848129272461
2016,nfc,nfc.mzn,18_3_10.dzn,0.002569437026977539,0.002271413803100586,0.0013272762298583984
2016,nfc,nfc.mzn,12_2_5.dzn,0.0034248828887939453,0.0016036033630371094,0.001699686050415039
2016,nfc,nfc.mzn,18_3_5.dzn,0.002439260482788086,0.0015537738800048828,0.0012857913970947266
2016,nfc,nfc.mzn,24_4_10.dzn,0.003178119659423828,0.0017690658569335938,0.0012979507446289062
2016,depot-placement,depot_placement.mzn,att48_6.dzn,0.0043947696685791016,0.003444194793701172,0.002820730209350586
2016,depot-placement,depot_placement.mzn,rat99_6.dzn,0.0066242218017578125,0.002421855926513672,0.02857828140258789
2016,depot-placement,depot_placement.mzn,st70_5.dzn,0.004743099212646484,0.002297639846801758,0.001898050308227539
2016,depot-placement,depot_placement.mzn,rat99_5.dzn,0.003983736038208008,0.003214597702026367,0.001958608627319336
2016,depot-placement,depot_placement.mzn,ulysses22_5.dzn,0.0036895275115966797,0.0022573471069335938,0.002069711685180664
2024,portal,portal.mzn,small_3.dzn,0.02525019645690918,0.022037506103515625,0.013415098190307617
2024,portal,portal.mzn,random_10_9_10.json,0.011553764343261719,0.006014585494995117,0.00484466552734375
2024,portal,portal.mzn,random_20_9_100.json,0.22692084312438965,0.13643145561218262,0.15379714965820312
2024,portal,portal.mzn,random_20_1_100.json,0.24278998374938965,0.12147688865661621,0.1073458194732666
2024,portal,portal.mzn,random_10_0_100.json,0.11494064331054688,0.10947608947753906,0.09894776344299316
2024,network_50_cstr,efm_cstr.mzn,MODEL2204190004.dzn,0.04747915267944336,0.07580995559692383,0.05791640281677246
2024,network_50_cstr,efm_cstr.mzn,MODEL2204150001.dzn,0.04768633842468262,0.08100152015686035,0.09137082099914551
2024,network_50_cstr,efm_cstr.mzn,MODEL1507180015.dzn,0.05235624313354492,0.10735225677490234,0.06106925010681152
2024,network_50_cstr,efm_cstr.mzn,toy_network_1000_m.dzn,0.07303118705749512,0.1379690170288086,0.10255646705627441
2024,network_50_cstr,efm_cstr.mzn,MODEL1507180022.dzn,0.03885340690612793,0.13371729850769043,0.06610584259033203
2024,hoist-benchmark,hoist-benchmark.mzn,PU_3_2_1.dzn,0.03638505935668945,0.06903481483459473,0.02190876007080078
2024,hoist-benchmark,hoist-benchmark.mzn,PU_3_4_3.dzn,0.03821706771850586,0.03523612022399902,0.023108720779418945
2024,hoist-benchmark,hoist-benchmark.mzn,PU_2_4_3.dzn,0.017469167709350586,0.04104471206665039,0.026134490966796875
2024,hoist-benchmark,hoist-benchmark.mzn,PU_2_2_3.dzn,0.01793360710144043,0.03696298599243164,0.012138128280639648
2024,hoist-benchmark,hoist-benchmark.mzn,PU_2_8_4.dzn,0.019051790237426758,0.010430574417114258,0.01119685173034668
2024,fox-geese-corn,foxgeesecorn.mzn,foxgeesecorn_17.dzn,0.016918659210205078,0.021450042724609375,0.013692855834960938
2024,fox-geese-corn,foxgeesecorn.mzn,foxgeesecorn_19.dzn,0.01441192626953125,0.042801856994628906,0.010541439056396484
2024,fox-geese-corn,foxgeesecorn.mzn,fgc_20_20_22_00.dzn,0.008904457092285156,0.005914449691772461,0.018458843231201172
2024,fox-geese-corn,foxgeesecorn.mzn,foxgeesecorn_61.dzn,0.01228785514831543,0.0074596405029296875,0.008183956146240234
2024,fox-geese-corn,foxgeesecorn.mzn,fgc_06_26_08_00.dzn,0.011027097702026367,0.03879904747009277,0.0070514678955078125
2024,monitor-placement-1id,monitor_1id.mzn,igp_weight_based_rocketfuel_rf1755_real_hard.dzn,0.030579805374145508,0.023725032806396484,0.010321855545043945
2024,monitor-placement-1id,monitor_1id.mzn,igp_weight_based_rocketfuel_rf6461_real_hard.dzn,0.06707096099853516,0.0863499641418457,0.04324030876159668
2024,monitor-placement-1id,monitor_1id.mzn,igp_weight_based_defo_rf6461_real_hard.dzn,0.06666994094848633,0.10104060173034668,0.06252312660217285
2024,monitor-placement-1id,monitor_1id.mzn,hop_counting_based_zoo_Forthnet.dzn,0.005418062210083008,0.0028421878814697266,0.0018317699432373047
2024,monitor-placement-1id,monitor_1id.mzn,hop_counting_based_caida_139203.dzn,0.029831409454345703,0.019909381866455078,0.007975339889526367
2024,tiny-cvrp,TinyCVRP_ExactlyOneSolution.mzn,medium_instance_13.dzn,0.02323150634765625,0.043927669525146484,0.028055906295776367
2024,tiny-cvrp,TinyCVRP_ExactlyOneSolution.mzn,easy_instance_04.dzn,0.016125202178955078,0.009405851364135742,0.03625369071960449
2024,tiny-cvrp,TinyCVRP_ExactlyOneSolution.mzn,medium_instance_06.dzn,0.030357837677001953,0.03101372718811035,0.0493929386138916
2024,tiny-cvrp,TinyCVRP_ExactlyOneSolution.mzn,medium_instance_11.dzn,0.04276227951049805,0.10526227951049805,0.024763822555541992
2024,tiny-cvrp,TinyCVRP_ExactlyOneSolution.mzn,hard_instance_18.dzn,0.08669090270996094,0.1924581527709961,0.13569331169128418
2024,compression,compression.mzn,bin_8.json,0.0052394866943359375,0.0052950382232666016,0.004816770553588867
2024,compression,compression.mzn,bin_20.json,0.014443159103393555,0.03655505180358887,0.010084152221679688
2024,compression,compression.mzn,bin_7.json,0.00498509407043457,0.004037618637084961,0.0033936500549316406
2024,compression,compression.mzn,lipsum_10.json,0.05493664741516113,0.10577511787414551,0.07714700698852539
2024,compression,compression.mzn,bin_10.json,0.005976438522338867,0.004875659942626953,0.019536972045898438
2024,aircraft-disassembly,aircraft.mzn,B737NG-600-01-Anon.json.dzn,0.02550959587097168,0.04241347312927246,0.03136110305786133
2024,aircraft-disassembly,aircraft.mzn,B737NG-600-06-Anon.json.dzn,0.6717686653137207,0.8410937786102295,0.864872932434082
2024,aircraft-disassembly,aircraft.mzn,B737NG-600-04-Anon.json.dzn,0.1873302459716797,0.15377187728881836,0.23877644538879395
2024,aircraft-disassembly,aircraft.mzn,B737NG-600-02-Anon.json.dzn,0.061864614486694336,0.10056471824645996,0.1007394790649414
2024,aircraft-disassembly,aircraft.mzn,B737NG-600-09-Anon.json.dzn,1.305166482925415,1.3809471130371094,1.5420606136322021
2024,peacable_queens,peaceable_queens_mznc2021.mzn,pq_n19.dzn,0.013559818267822266,0.0071697235107421875,0.005561351776123047
2024,peacable_queens,peaceable_queens_mznc2021.mzn,pq_n35.dzn,0.06441807746887207,0.027468442916870117,0.028553009033203125
2024,peacable_queens,peaceable_queens_mznc2021.mzn,pq_n12.dzn,0.008462190628051758,0.0064241886138916016,0.006531953811645508
2024,peacable_queens,peaceable_queens_mznc2021.mzn,pq_n7.dzn,0.005528688430786133,0.0034537315368652344,0.0022132396697998047
2024,peacable_queens,peaceable_queens_mznc2021.mzn,pq_n9.dzn,0.005843400955200195,0.0027937889099121094,0.0032358169555664062
2024,train-scheduling,trains.mzn,trains05.dzn,0.01199650764465332,0.006981849670410156,0.008174419403076172
2024,train-scheduling,trains.mzn,trains15.dzn,0.0053403377532958984,0.006596803665161133,0.0045316219329833984
2024,train-scheduling,trains.mzn,trains12.dzn,0.0069484710693359375,0.0054874420166015625,0.004385232925415039
2024,train-scheduling,trains.mzn,trains09.dzn,0.01278233528137207,0.09297513961791992,0.007577180862426758
2024,train-scheduling,trains.mzn,trains18.dzn,0.00894927978515625,0.018493175506591797,0.007018089294433594
2024,neighbours,neighbours-rect.mzn,neightbours-new-7.dzn,0.03856778144836426,0.045745134353637695,0.03357958793640137
2024,neighbours,neighbours-rect.mzn,neightbours-new-2.dzn,0.0030465126037597656,0.0016796588897705078,0.001821279525756836
2024,neighbours,neighbours-rect.mzn,neightbours-new-5.dzn,0.06450462341308594,0.09385824203491211,0.04530596733093262
2024,neighbours,neighbours-rect.mzn,neightbours-new-15.dzn,0.008918523788452148,0.004210472106933594,0.0032186508178710938
2024,neighbours,neighbours-rect.mzn,neightbours-new-6.dzn,0.003984212875366211,0.002949237823486328,0.0020668506622314453
2024,concert-hall-cap,concert-hall-cap.mzn,concert_60_50.json,0.053308725357055664,0.08289289474487305,0.0428617000579834
2024,concert-hall-cap,concert-hall-cap.mzn,concert_200_20.json,0.09576082229614258,0.1271359920501709,0.07373619079589844
2024,concert-hall-cap,concert-hall-cap.mzn,concert-cap.mznc2018.04.dzn,0.005253791809082031,0.007169246673583984,0.0033130645751953125
2024,concert-hall-cap,concert-hall-cap.mzn,concert_100_20.json,0.044950008392333984,0.08717203140258789,0.041864871978759766
2024,concert-hall-cap,concert-hall-cap.mzn,concert_150_20.json,0.054224491119384766,0.07686781883239746,0.06360816955566406
2024,triangular,triangular.mzn,n14.dzn,0.009334802627563477,0.006217002868652344,0.02083563804626465
2024,triangular,triangular.mzn,n20.dzn,0.03310561180114746,0.059165000915527344,0.07821226119995117
2024,triangular,triangular.mzn,n31.dzn,0.16408705711364746,0.24624347686767578,0.3219270706176758
2024,triangular,triangular.mzn,n11.dzn,0.006844043731689453,0.00537872314453125,0.004186868667602539
2024,triangular,triangular.mzn,n9.dzn,0.004508256912231445,0.003871917724609375,0.0023491382598876953
2024,graph-clear,graph_clear_cp.mzn,planar_n30_seed2022_4.json,0.11149144172668457,0.17733359336853027,0.12576770782470703
2024,graph-clear,graph_clear_cp.mzn,planar_n20_seed2022_15.json,0.04920792579650879,0.07731318473815918,0.050282955169677734
2024,graph-clear,graph_clear_cp.mzn,planar_n20_seed2022_14.json,0.0542445182800293,0.05896162986755371,0.05753469467163086
2024,graph-clear,graph_clear_cp.mzn,planar_n30_seed2022_8.json,0.11791253089904785,0.1843879222869873,0.11953210830688477
2024,graph-clear,graph_clear_cp.mzn,planar_n20_seed2022_16.json,0.04556679725646973,0.08322024345397949,0.037693023681640625
2024,word-equations,word_equations_01_track_140-int.mzn,,0.023944854736328125,0.01311635971069336,0.029518842697143555
2024,word-equations,word_equations_02_track_8-int.mzn,,0.018536090850830078,0.011297941207885742,0.011753559112548828
2024,word-equations,word_equations_03_track_31-int.mzn,,0.09821677207946777,0.11918163299560547,0.10227251052856445
2024,word-equations,word_equations_03_track_133-int.mzn,,0.036649465560913086,0.015794038772583008,0.04241490364074707
2024,word-equations,word_equations_01_track_123-int.mzn,,0.0022742748260498047,0.001483917236328125,0.0008625984191894531
2024,accap,accap.mzn,accap_a20_f160_t90.json,0.008395195007324219,0.0069200992584228516,0.033423423767089844
2024,accap,accap.mzn,accap_a10_f80_t50.json,0.005651235580444336,0.005173683166503906,0.004383563995361328
2024,accap,accap.mzn,accap_a8_f50_t30.json,0.004811525344848633,0.0026397705078125,0.0026624202728271484
2024,accap,accap.mzn,accap_a30_f300_t120.json,0.01645660400390625,0.0214383602142334,0.04568815231323242
2024,accap,accap.mzn,accap_a3_f20_t10.json,0.003349781036376953,0.0019154548645019531,0.0015823841094970703
2024,community-detection,community-detection.mzn,Polblogs.s2480.k2.dzn,0.25748705863952637,0.29117703437805176,0.2622334957122803
2024,community-detection,community-detection.mzn,adjourn.s200.k3.dzn,0.00896453857421875,0.04300284385681152,0.006242036819458008
2024,community-detection,community-detection.mzn,Zakhary.s12.k4.dzn,0.007155656814575195,0.006587982177734375,0.004023313522338867
2024,community-detection,community-detection.mzn,mexican.s26.k4.dzn,0.007192134857177734,0.006133079528808594,0.003670215606689453
2024,community-detection,community-detection.mzn,Zakhary.s12.k3.dzn,0.008658409118652344,0.0053560733795166016,0.005369663238525391
2024,cable-tree-wiring,ctw.mzn,A041.dzn,0.041571617126464844,0.04667806625366211,0.07913017272949219
2024,cable-tree-wiring,ctw.mzn,A046.dzn,0.1320478916168213,0.16867876052856445,0.16438627243041992
2024,cable-tree-wiring,ctw.mzn,R193.dzn,0.22407007217407227,0.27034425735473633,0.29093265533447266
2024,cable-tree-wiring,ctw.mzn,A033.dzn,0.13808608055114746,0.17003798484802246,0.1571485996246338
2024,cable-tree-wiring,ctw.mzn,A022.dzn,0.1271958351135254,0.11997795104980469,0.16912603378295898
2024,harmony,harmony.mzn,brother.dzn,0.02290034294128418,0.0360102653503418,0.014035940170288086
2024,harmony,harmony.mzn,canon.dzn,0.03397560119628906,0.02166295051574707,0.07958388328552246
2024,harmony,harmony.mzn,ode.dzn,0.02385878562927246,0.038561105728149414,0.015223264694213867
2024,harmony,harmony.mzn,twinkle.dzn,0.018445968627929688,0.024141788482666016,0.011097908020019531
2024,harmony,harmony.mzn,minuet.dzn,0.02379155158996582,0.04057598114013672,0.015274524688720703
2024,yumi-dynamic,yumi-dynamic.mzn,p_9_GSGS_GSGSG_yumi_grid_setup_7_7_zones.dzn,21.99935555458069,5.580979824066162,5.671618223190308
2024,yumi-dynamic,yumi-dynamic.mzn,p_5_GSS_SG_yumi_grid_setup_3_4_zones.dzn,0.442960262298584,0.10474848747253418,0.09079313278198242
2024,yumi-dynamic,yumi-dynamic.mzn,p_5_GG_GGG_yumi_grid_setup_5_5_zones.dzn,2.418281078338623,0.6417295932769775,0.9781455993652344
2024,yumi-dynamic,yumi-dynamic.mzn,p_4_GG_GG_yumi_grid_setup_5_5_zones.dzn,2.1631548404693604,0.5865960121154785,0.6534223556518555
2024,yumi-dynamic,yumi-dynamic.mzn,p_7_SSSS_SSS_yumi_grid_setup_3_3_zones.dzn,0.19693970680236816,0.10289740562438965,0.10474324226379395
2026,gcc-benchmark,roomsgcc.mzn,instance-l42_6.json,0.07721209526062012,0.10322880744934082,0.1346135139465332
2026,gcc-benchmark,roomsgcc.mzn,instance-l42_3.json,0.025475263595581055,0.04297065734863281,0.07814741134643555
2026,gcc-benchmark,roomsgcc.mzn,toy-instance.json,0.0028107166290283203,0.0021979808807373047,0.0017473697662353516
2026,gcc-benchmark,roomsgcc.mzn,instance-i24.json,0.037978172302246094,0.04662442207336426,0.07065606117248535
2026,gcc-benchmark,roomsgcc.mzn,instance-l35_1.json,0.005950450897216797,0.007205009460449219,0.0038411617279052734
2026,gbac,gbac.mzn,UD6-gbac.dzn,0.008712530136108398,0.007722139358520508,0.0047910213470458984
2026,gbac,gbac.mzn,reduced_UD9-gbac.dzn,0.01984548568725586,0.011964082717895508,0.010584354400634766
2026,gbac,gbac.mzn,UD1-gbac.dzn,0.026401758193969727,0.028904199600219727,0.04580807685852051
2026,gbac,gbac.mzn,csplib12-gbac.dzn,0.003476381301879883,0.0029587745666503906,0.002753019332885742
2026,gbac,gbac.mzn,reduced_UD1-gbac.dzn,0.02199411392211914,0.011339664459228516,0.013488292694091797
2026,orthorio,orthorio.mzn,challenge_13.dzn,0.1147150993347168,0.12036848068237305,0.1026608943939209
2026,orthorio,orthorio.mzn,challenge_01.dzn,0.047945261001586914,0.045223236083984375,0.028091907501220703
2026,orthorio,orthorio.mzn,challenge_04.dzn,0.07564353942871094,0.07030344009399414,0.05884742736816406
2026,orthorio,orthorio.mzn,challenge_12.dzn,0.1095728874206543,0.10528254508972168,0.08945679664611816
2026,orthorio,orthorio.mzn,challenge_03.dzn,0.06153512001037598,0.04583454132080078,0.06546545028686523
2026,rect-euler,RectEuler_max_clique.mzn,Vitamins_combined_model_input.json,0.00897836685180664,0.005705595016479492,0.005331277847290039
2026,rect-euler,RectEuler_max_clique.mzn,3venn_combined_model_input.json,0.0048520565032958984,0.0038461685180664062,0.003435850143432617
2026,rect-euler,RectEuler_max_clique.mzn,EU_combined_model_input.json,0.02146434783935547,0.029166698455810547,0.015826940536499023
2026,rect-euler,RectEuler_max_clique.mzn,harrypotter_combined_model_input.json,0.00890660285949707,0.034697771072387695,0.006578207015991211
2026,rect-euler,RectEuler_max_clique.mzn,british_isles_combined_model_input.json,0.004186868667602539,0.0038046836853027344,0.002513408660888672
2026,filters,filter.mzn,ar_4_2.dzn,0.0024979114532470703,0.002370119094848633,0.0015587806701660156
2026,filters,filter.mzn,ewf_1_3.dzn,0.003223419189453125,0.002506256103515625,0.002016782760620117
2026,filters,filter.mzn,fir_4_2.dzn,0.0031452178955078125,0.002315998077392578,0.001800537109375
2026,filters,filter.mzn,dct_4_3.dzn,0.002796649932861328,0.0026438236236572266,0.002142667770385742
2026,filters,filter.mzn,dct_3_3.dzn,0.0037522315979003906,0.0027022361755371094,0.002765178680419922
2026,multiple-constant-multiplication,mcm_min.mzn,JOHANSSON08_28.json,0.011177539825439453,0.006144046783447266,0.00445556640625
2026,multiple-constant-multiplication,mcm_min.mzn,HIGHPASS_15.json,0.009431123733520508,0.005293130874633789,0.004146575927734375
2026,multiple-constant-multiplication,mcm_min.mzn,LOWPASS_9.json,0.0069773197174072266,0.00591731071472168,0.01687788963317871
2026,multiple-constant-multiplication,mcm_min.mzn,CHEN99_28B.json,0.010634422302246094,0.006085872650146484,0.005849361419677734
2026,multiple-constant-multiplication,mcm_min.mzn,XU07_28.json,0.010295629501342773,0.006956577301025391,0.004249095916748047
2026,atp-stage2,stage2_disjunctive_search.mzn,instance9-stage2.dzn,0.3650777339935303,0.3533821105957031,0.3252549171447754
2026,atp-stage2,stage2_disjunctive_search.mzn,instance1-stage2.dzn,0.009133577346801758,0.006768941879272461,0.007112264633178711
2026,atp-stage2,stage2_disjunctive_search.mzn,instance2-stage2.dzn,0.015422582626342773,0.03955364227294922,0.007519721984863281
2026,atp-stage2,stage2_disjunctive_search.mzn,instance5-stage2.dzn,0.007039785385131836,0.0040590763092041016,0.0045430660247802734
2026,atp-stage2,stage2_disjunctive_search.mzn,instance6-stage2.dzn,0.0021576881408691406,0.001434326171875,0.0009250640869140625
2026,kitchen,kitchen.mzn,larger.instance.json,0.010342597961425781,0.009671211242675781,0.020966768264770508
2026,kitchen,kitchen.mzn,linear.instance.json,0.01302480697631836,0.008740901947021484,0.03210806846618652
2026,kitchen,kitchen.mzn,kitchen_b1.instance.json,0.21481800079345703,0.17067503929138184,0.1827869415283203
2026,kitchen,kitchen.mzn,tall_complex.instance.json,0.0073854923248291016,0.00640559196472168,0.004884958267211914
2026,kitchen,kitchen.mzn,real_kitchen_b1.instance.json,0.0436711311340332,0.018424272537231445,0.05609726905822754
2026,warehouse,ms-cflp-ci.mzn,olal41.dzn,0.0918586254119873,0.09635663032531738,0.08211517333984375
2026,warehouse,ms-cflp-ci.mzn,oly20.dzn,0.12029337882995605,0.1543722152709961,0.12919330596923828
2026,warehouse,ms-cflp-ci.mzn,wlp22.dzn,0.396686315536499,0.27257561683654785,0.2768557071685791
2026,warehouse,ms-cflp-ci.mzn,olil4.dzn,0.08092308044433594,0.0840616226196289,0.060655832290649414
2026,warehouse,ms-cflp-ci.mzn,wlp02.dzn,0.1576533317565918,0.16972732543945312,0.13845157623291016
2026,vrplc,vrplc_service.mzn,vrplc10_5_15_s4.dzn,0.008047819137573242,0.006098508834838867,0.005052089691162109
2026,vrplc,vrplc_service.mzn,vrplc13_11_20_s3.dzn,0.014293670654296875,0.008071660995483398,0.006458282470703125
2026,vrplc,vrplc_service.mzn,vrplc11_5_20_s2.dzn,0.01179647445678711,0.007497310638427734,0.0342562198638916
2026,vrplc,vrplc_service.mzn,vrplc9_8_15_s3.dzn,0.008037567138671875,0.007457256317138672,0.004727840423583984
2026,vrplc,vrplc_service.mzn,vrplc9_5_20_s2.dzn,0.015741586685180664,0.007515668869018555,0.01786017417907715
2026,community-detection-2021,community-detection.mzn,rnd_n100_e5000_s100_d70_c4_p90.json,0.05806469917297363,0.07391214370727539,0.06242966651916504
2026,community-detection-2021,community-detection.mzn,rnd_n100_e50_s50_d30_c10_p50.json,0.02069687843322754,0.029200315475463867,0.01519632339477539
2026,community-detection-2021,community-detection.mzn,rnd_n50_e100_s10_d5_c7_p90.json,0.013598203659057617,0.034975290298461914,0.009569644927978516
2026,community-detection-2021,community-detection.mzn,rnd_n100_e50_s10_d5_c9_p70.json,0.025766611099243164,0.027945518493652344,0.014595985412597656
2026,community-detection-2021,community-detection.mzn,rnd_n100_e1000_s50_d30_c8_p70.json,0.057692766189575195,0.07677459716796875,0.0662689208984375
2026,sdn-chain,model.mzn,d28n600-6.dzn,0.21591854095458984,0.23540472984313965,0.2290792465209961
2026,sdn-chain,model.mzn,d15n180-1.dzn,0.03989529609680176,0.03858041763305664,0.03201627731323242
2026,sdn-chain,model.mzn,d30n600-7.dzn,0.3365957736968994,0.32060694694519043,0.3227360248565674
2026,sdn-chain,model.mzn,d10n780-7.dzn,0.14550065994262695,0.13241171836853027,0.12075567245483398
2026,sdn-chain,model.mzn,d26n600-5.dzn,0.2130718231201172,0.2057490348815918,0.20328617095947266
2026,zephyrus-2016,zephyrus.mzn,14__8__8__3.dzn,0.011649131774902344,0.02794480323791504,0.00890803337097168
2026,zephyrus-2016,zephyrus.mzn,14__10__10__3.dzn,0.01110386848449707,0.006180286407470703,0.006952047348022461
2026,zephyrus-2016,zephyrus.mzn,12__10__10__3.dzn,0.008959054946899414,0.006923198699951172,0.006289005279541016
2026,zephyrus-2016,zephyrus.mzn,14__6__10__3.dzn,0.01158595085144043,0.042520761489868164,0.008951187133789062
2026,zephyrus-2016,zephyrus.mzn,12__6__10__3.dzn,0.011040925979614258,0.016998767852783203,0.0055065155029296875
2026,nside,full.mzn,MEDIUM_2000_500.dzn,5.088283061981201,5.27100944519043,5.873718738555908
2026,nside,full.mzn,MEDIUM_5_3.dzn,0.005381107330322266,0.004698514938354492,0.0044786930084228516
2026,nside,full.mzn,EASY_2000_500.dzn,3.9466192722320557,5.177638292312622,5.455032587051392
2026,nside,full.mzn,HARD_1000_100.dzn,1.3178505897521973,1.3607192039489746,1.4976413249969482
2026,nside,full.mzn,EASY_1000_100.dzn,1.1257328987121582,1.0799920558929443,1.2788269519805908
2026,surface-based-tsp,dual_surface_tsp_cp_combined.mzn,burma14.dzn,0.008388042449951172,0.00487518310546875,0.003942012786865234
2026,surface-based-tsp,dual_surface_tsp_cp_combined.mzn,ch130.dzn,0.12468099594116211,0.14838790893554688,0.06847763061523438
2026,surface-based-tsp,dual_surface_tsp_cp_combined.mzn,st70.dzn,0.04778146743774414,0.14019370079040527,0.05870223045349121
2026,surface-based-tsp,dual_surface_tsp_cp_combined.mzn,ulysses16.dzn,0.006734371185302734,0.006448507308959961,0.005731105804443359
2026,surface-based-tsp,dual_surface_tsp_cp_combined.mzn,berlin52.dzn,0.031255483627319336,0.032843828201293945,0.025829553604125977
2026,saeling,encoding_challenge_v2_0.mzn,instance__j0050_m016_w04_g5x5_s027.dzn,3.851189374923706,3.5660908222198486,4.147681713104248
2026,saeling,encoding_challenge_v2_0.mzn,instance__j0010_m008_w02_g2x2_s021.dzn,0.07474184036254883,0.21557331085205078,0.05328631401062012
2026,saeling,encoding_challenge_v2_0.mzn,instance__j0010_m003_w01_g2x2_s018.dzn,0.024582386016845703,0.010535478591918945,0.016576290130615234
2026,saeling,encoding_challenge_v2_0.mzn,instance__j0050_m003_w01_g5x5_s022.dzn,1.1158525943756104,0.569666862487793,0.8918936252593994
2026,saeling,encoding_challenge_v2_0.mzn,instance__j0005_m001_w01_g2x2_s018.dzn,0.004869699478149414,0.004282474517822266,0.003786802291870117
2026,spot5,spot5.mzn,505.dzn,0.03757667541503906,0.011933326721191406,0.015028715133666992
2026,spot5,spot5.mzn,1407.dzn,0.47794604301452637,0.24193096160888672,0.22013354301452637
2026,spot5,spot5.mzn,1504.dzn,0.08238434791564941,0.018274307250976562,0.058855533599853516
2026,spot5,spot5.mzn,1403.dzn,0.30852460861206055,0.11736369132995605,0.13338923454284668
2026,spot5,spot5.mzn,408.dzn,0.0282137393951416,0.03909134864807129,0.013135433197021484
2026,nonogram,non.mzn,easy_01.json,0.0036988258361816406,0.002880096435546875,0.002319812774658203
2026,nonogram,non.mzn,hard_03.json,0.018776416778564453,0.007875204086303711,0.004314422607421875
2026,nonogram,non.mzn,medium_05.json,0.0073947906494140625,0.0032720565795898438,0.0025310516357421875
2026,nonogram,non.mzn,hard_01.json,0.013023614883422852,0.005853891372680664,0.008349418640136719
2026,nonogram,non.mzn,hard_02.json,0.012506961822509766,0.005310773849487305,0.006468772888183594
2026,tdtsp,tdtsp.mzn,inst_10_53_00.dzn,0.015993833541870117,0.007502079010009766,0.006575822830200195
2026,tdtsp,tdtsp.mzn,inst_10_1_20.dzn,0.016392946243286133,0.02242732048034668,0.005364894866943359
2026,tdtsp,tdtsp.mzn,inst_10_51_10.dzn,0.01607656478881836,0.009477853775024414,0.006303310394287109
2026,tdtsp,tdtsp.mzn,inst_20_56_00.dzn,0.06926774978637695,0.042901039123535156,0.03201699256896973
2026,tdtsp,tdtsp.mzn,inst_10_58_20.dzn,0.02394247055053711,0.03337359428405762,0.005778074264526367
2026,workforce-alloc,scheduling_model.mzn,instance_202.dzn,0.02089667320251465,0.0222322940826416,0.012040376663208008
2026,workforce-alloc,scheduling_model.mzn,instance_19.dzn,0.05235624313354492,0.06781363487243652,0.029635906219482422
2026,workforce-alloc,scheduling_model.mzn,instance_71.dzn,0.043027400970458984,0.06180405616760254,0.04657697677612305
2026,workforce-alloc,scheduling_model.mzn,instance_24_56.dzn,0.018948793411254883,0.00984644889831543,0.013004302978515625
2026,workforce-alloc,scheduling_model.mzn,instance_174.dzn,0.0023114681243896484,0.0033152103424072266,0.002170085906982422
2017,rel2onto,rel2onto.mzn,3_9.dzn,0.018847942352294922,0.02059340476989746,0.008479833602905273
2017,rel2onto,rel2onto.mzn,5_17.dzn,0.018470048904418945,0.008954048156738281,0.04111170768737793
2017,rel2onto,rel2onto.mzn,5_6.dzn,0.018616199493408203,0.009025812149047852,0.019685983657836914
2017,rel2onto,rel2onto.mzn,5_5.dzn,0.018621206283569336,0.009896993637084961,0.033037662506103516
2017,rel2onto,rel2onto.mzn,5_28.dzn,0.019836902618408203,0.00935983657836914,0.010840892791748047
2017,gbac,gbac.mzn,UD5-gbac.dzn,0.014263391494750977,0.01956486701965332,0.036782264709472656
2017,gbac,gbac.mzn,UD8-gbac.dzn,0.008445024490356445,0.007252693176269531,0.0068111419677734375
2017,gbac,gbac.mzn,reduced_UD4-gbac.dzn,0.007775545120239258,0.0043299198150634766,0.004446506500244141
2017,gbac,gbac.mzn,UD4-gbac.dzn,0.010020971298217773,0.006634235382080078,0.01608586311340332
2017,gbac,gbac.mzn,UD2-gbac.dzn,0.009723424911499023,0.006565570831298828,0.005903720855712891
2017,mario,mario.mzn,mario_n_medium_1.dzn,0.005640983581542969,0.00586700439453125,0.025803089141845703
2017,mario,mario.mzn,mario_medium_4.dzn,0.005388975143432617,0.005063772201538086,0.0039446353912353516
2017,mario,mario.mzn,mario_medium_1.dzn,0.0053560733795166016,0.00402522087097168,0.0029938220977783203
2017,mario,mario.mzn,mario_medium_3.dzn,0.005288839340209961,0.0054509639739990234,0.003766298294067383
2017,mario,mario.mzn,mario_medium_5.dzn,0.005368232727050781,0.005761623382568359,0.0042645931243896484
2017,city-position,city-position.mzn,city-5-06.dzn,0.003311634063720703,0.001867055892944336,0.0013527870178222656
2017,city-position,city-position.mzn,city-8-06.dzn,0.0036840438842773438,0.002079010009765625,0.001840353012084961
2017,city-position,city-position.mzn,city-7-04.dzn,0.003205537796020508,0.002421855926513672,0.0017926692962646484
2017,city-position,city-position.mzn,city-5-05.dzn,0.002660512924194336,0.001739501953125,0.0013196468353271484
2017,city-position,city-position.mzn,city-5-08.dzn,0.0030493736267089844,0.0020799636840820312,0.0014865398406982422
2017,ma-path-finding,mapf.mzn,ins_g16_p10_a20.dzn,3.6009714603424072,3.578864574432373,3.9620022773742676
2017,ma-path-finding,mapf.mzn,ins_g16_p20_a40.dzn,6.022506952285767,6.98118257522583,8.102731227874756
2017,ma-path-finding,mapf.mzn,ins_g24_p10_a05.dzn,3.084050416946411,3.8549275398254395,4.093063592910767
2017,ma-path-finding,mapf.mzn,ins_g16_p10_a10.dzn,1.474593162536621,1.532240867614746,1.8260676860809326
2017,ma-path-finding,mapf.mzn,ins_g16_p20_a20.dzn,3.1050338745117188,3.416778802871704,3.7944066524505615
2017,cargo,cargo_coarsePiles.mzn,challenge01_0s_1913.dzn,0.0041310787200927734,0.0031986236572265625,0.002872467041015625
2017,cargo,cargo_coarsePiles.mzn,challenge19_31058f_2548.dzn,0.006992816925048828,0.006911039352416992,0.004916191101074219
2017,cargo,cargo_coarsePiles.mzn,challenge02_0s_1139.dzn,0.003706693649291992,0.0030350685119628906,0.002040386199951172
2017,cargo,cargo_coarsePiles.mzn,challenge06_1s_3927.dzn,0.003782033920288086,0.0027370452880859375,0.0030736923217773438
2017,cargo,cargo_coarsePiles.mzn,challenge16_10720f_4243.dzn,0.005598545074462891,0.005458831787109375,0.005606651306152344
2017,crosswords,crossword_opt.mzn,grid-23.10_dict-35.dzn,1.3445866107940674,0.22601795196533203,0.32370710372924805
2017,crosswords,crossword_opt.mzn,grid-05.02_dict-55.dzn,0.06686234474182129,0.022400856018066406,0.01644134521484375
2017,crosswords,crossword_opt.mzn,grid-05.04_dict-80.dzn,0.10610842704772949,0.0211484432220459,0.025856971740722656
2017,crosswords,crossword_opt.mzn,grid-puzzle06_dict-55.dzn,0.05865144729614258,0.012946844100952148,0.013230085372924805
2017,crosswords,crossword_opt.mzn,grid-19.05_dict-80.dzn,1.837921380996704,0.6508667469024658,0.5316293239593506
2017,rcpsp-wet,rcpsp-wet.mzn,j30_43_10-wet.dzn,0.0046117305755615234,0.004123687744140625,0.002726316452026367
2017,rcpsp-wet,rcpsp-wet.mzn,j60_28_3-wet.dzn,0.006324291229248047,0.0047304630279541016,0.0027017593383789062
2017,rcpsp-wet,rcpsp-wet.mzn,j30_1_3-wet.dzn,0.00411534309387207,0.0027151107788085938,0.002787351608276367
2017,rcpsp-wet,rcpsp-wet.mzn,j90_48_4-wet.dzn,0.007228851318359375,0.010930776596069336,0.007169246673583984
2017,rcpsp-wet,rcpsp-wet.mzn,j60_19_6-wet.dzn,0.005639791488647461,0.005300283432006836,0.0033965110778808594
2017,hrc,hrc.mzn,exp1-1-5145.dzn,0.05715346336364746,0.03244185447692871,0.030704021453857422
2017,hrc,hrc.mzn,exp1-1-945.dzn,0.028467655181884766,0.022834300994873047,0.017416000366210938
2017,hrc,hrc.mzn,exp2-1-5180.dzn,0.09176278114318848,0.10246539115905762,0.06959056854248047
2017,hrc,hrc.mzn,exp1-1-5670.dzn,0.02698373794555664,0.053938865661621094,0.01483011245727539
2017,hrc,hrc.mzn,exp2-1-4795.dzn,0.09634256362915039,0.06894135475158691,0.09749841690063477
2017,jp-encoding,jp-encoding.mzn,data900.dzn,0.33065176010131836,0.2730860710144043,0.35768699645996094
2017,jp-encoding,jp-encoding.mzn,data200.dzn,0.06854820251464844,0.06681537628173828,0.04350566864013672
2017,jp-encoding,jp-encoding.mzn,data300.dzn,0.09821462631225586,0.09667634963989258,0.12576079368591309
2017,jp-encoding,jp-encoding.mzn,data1400.dzn,0.48188328742980957,0.4900643825531006,0.5162885189056396
2017,jp-encoding,jp-encoding.mzn,data1900.dzn,0.5378625392913818,0.545989990234375,0.5934102535247803
2017,opt-cryptanalysis,mznc2017_aes_opt.mzn,r9.dzn,0.03545999526977539,0.015387535095214844,0.012616157531738281
2017,opt-cryptanalysis,mznc2017_aes_opt.mzn,r11.dzn,0.04262256622314453,0.015306234359741211,0.015079736709594727
2017,opt-cryptanalysis,mznc2017_aes_opt.mzn,r5.dzn,0.01950383186340332,0.0054972171783447266,0.0053822994232177734
2017,opt-cryptanalysis,mznc2017_aes_opt.mzn,r15.dzn,0.05840277671813965,0.017183303833007812,0.012153863906860352
2017,opt-cryptanalysis,mznc2017_aes_opt.mzn,r7.dzn,0.026637792587280273,0.04812335968017578,0.007613182067871094
2017,tc-graph-color,tcgc2.mzn,k10_34.dzn,0.010790109634399414,0.0075342655181884766,0.012440681457519531
2017,tc-graph-color,tcgc2.mzn,k10_31.dzn,0.010831117630004883,0.007030487060546875,0.008682966232299805
2017,tc-graph-color,tcgc2.mzn,k5_05.dzn,0.008182764053344727,0.007855415344238281,0.05990767478942871
2017,tc-graph-color,tcgc2.mzn,k2_42.dzn,0.011366844177246094,0.00901174545288086,0.021767139434814453
2017,tc-graph-color,tcgc2.mzn,k9_39.dzn,0.012747526168823242,0.008770465850830078,0.03519797325134277
2017,steelmillslab,steelmillslab.mzn,bench_13_0.dzn,0.14873862266540527,0.1856381893157959,0.1933760643005371
2017,steelmillslab,steelmillslab.mzn,bench_19_5.dzn,0.15409278869628906,0.1612071990966797,0.14926648139953613
2017,steelmillslab,steelmillslab.mzn,bench_14_1.dzn,0.15389227867126465,0.1747293472290039,0.14189982414245605
2017,steelmillslab,steelmillslab.mzn,bench_15_11.dzn,0.15331006050109863,0.18456196784973145,0.13122844696044922
2017,steelmillslab,steelmillslab.mzn,bench_16_10.dzn,0.17117810249328613,0.15438532829284668,0.15496492385864258
2017,groupsplitter,group.mzn,u15g3pref2.dzn,9.640102624893188,3.2457635402679443,3.083272695541382
2017,groupsplitter,group.mzn,u5g1pref0.dzn,1.6737866401672363,0.4556543827056885,0.6210408210754395
2017,groupsplitter,group.mzn,u6g3pref0.dzn,2.0736632347106934,0.5854578018188477,0.6054975986480713
2017,groupsplitter,group.mzn,u12g1pref0.dzn,6.25848388671875,2.088855504989624,2.0517611503601074
2017,groupsplitter,group.mzn,u12g1pref1.dzn,6.3660993576049805,1.9952208995819092,1.8806698322296143
2017,opd,opd.mzn,medium_13_250_80.dzn,0.19907498359680176,0.26342153549194336,0.16901755332946777
2017,opd,opd.mzn,small_bibd_06_50_25.dzn,0.009402751922607422,0.007981061935424805,0.007963180541992188
2017,opd,opd.mzn,small_bibd_08_28_14.dzn,0.00961446762084961,0.006809711456298828,0.03666234016418457
2017,opd,opd.mzn,small_bibd_06_60_30.dzn,0.013318300247192383,0.008053064346313477,0.0071544647216796875
2017,opd,opd.mzn,flener_et_al_15_350_100.dzn,0.41233038902282715,0.41076087951660156,0.32549095153808594
2017,tdtsp,tdtsp.mzn,inst_20_26_00.dzn,0.06501364707946777,0.07764935493469238,0.021574974060058594
2017,tdtsp,tdtsp.mzn,inst_20_36_10.dzn,0.0673682689666748,0.021671295166015625,0.01902461051940918
2017,tdtsp,tdtsp.mzn,inst_10_42_00.dzn,0.016436338424682617,0.007838249206542969,0.00807046890258789
2017,tdtsp,tdtsp.mzn,inst_10_58_20.dzn,0.017656326293945312,0.009792566299438477,0.00807046890258789
2017,tdtsp,tdtsp.mzn,inst_10_35_20.dzn,0.015699148178100586,0.008223295211791992,0.03926491737365723
2017,routing-flexible,routing_GCM_0022.mzn,,0.03005504608154297,0.020219087600708008,0.01805567741394043
2017,routing-flexible,routing_GCM_0005.mzn,,0.03339886665344238,0.05603456497192383,0.018644332885742188
2017,routing-flexible,routing_GCM_0001.mzn,,0.026118040084838867,0.029070615768432617,0.04289841651916504
2017,routing-flexible,routing_GCM_0006.mzn,,0.029766559600830078,0.028511524200439453,0.04504227638244629
2017,routing-flexible,routing_GCM_0007.mzn,,0.028534650802612305,0.013572216033935547,0.030077457427978516
2017,road-cons,road_naive.mzn,road_17.dzn,0.22716593742370605,0.2391035556793213,0.28749513626098633
2017,road-cons,road_naive.mzn,road_18.dzn,0.29483914375305176,0.26540327072143555,0.3516690731048584
2017,road-cons,road_naive.mzn,road_25.dzn,1.3095321655273438,1.1850855350494385,1.6592950820922852
2017,road-cons,road_naive.mzn,road_26.dzn,1.471423625946045,1.5769717693328857,1.9540565013885498
2017,road-cons,road_naive.mzn,road_33.dzn,4.061458349227905,7.400886535644531,8.792236328125
2017,community-detection,community-detection.mzn,Strike.s2.k8.dzn,0.006859302520751953,0.00504302978515625,0.0030257701873779297
2017,community-detection,community-detection.mzn,mexican.s26.k4.dzn,0.007449626922607422,0.004998922348022461,0.0063288211822509766
2017,community-detection,community-detection.mzn,dolphin.s62.k3.dzn,0.009453773498535156,0.006443977355957031,0.005319356918334961
2017,community-detection,community-detection.mzn,Strike.s6.k5.dzn,0.004719257354736328,0.003899097442626953,0.003730297088623047
2017,community-detection,community-detection.mzn,Sampson.s10.k3.dzn,0.0053653717041015625,0.004827022552490234,0.0031404495239257812
2017,traveling-tppv,ttppv.mzn,circ14anonbal.dzn,0.026530981063842773,0.011966943740844727,0.011345863342285156
2017,traveling-tppv,ttppv.mzn,circ20inonbal.dzn,0.0765388011932373,0.021572351455688477,0.030585050582885742
2017,traveling-tppv,ttppv.mzn,circ8dbal.dzn,0.007555723190307617,0.00658416748046875,0.005661964416503906
2017,traveling-tppv,ttppv.mzn,circ20hnonbal.dzn,0.0789036750793457,0.19462251663208008,0.028628110885620117
2017,traveling-tppv,ttppv.mzn,circ8abal.dzn,0.009382009506225586,0.0065097808837890625,0.0037755966186523438
2021,ATSP,atsp.mzn,instance5_0p15.dzn,0.004550933837890625,0.008410930633544922,0.0030629634857177734
2021,ATSP,atsp.mzn,instance9_0p25.dzn,0.07291722297668457,0.035958051681518555,0.04438281059265137
2021,ATSP,atsp.mzn,instance16_0p35.dzn,0.27722740173339844,0.4412655830383301,0.2876448631286621
2021,ATSP,atsp.mzn,instance10_0p25.dzn,0.016733407974243164,0.007834434509277344,0.010271310806274414
2021,ATSP,atsp.mzn,instance19_0p35.dzn,0.15699195861816406,0.09917736053466797,0.16959309577941895
2021,pentominoes-zayenz,pentominoes.mzn,size_5_tiles_20_seed_17_strategy_close.dzn,0.004187822341918945,0.0022115707397460938,0.001486063003540039
2021,pentominoes-zayenz,pentominoes.mzn,size_20_tiles_15_seed_4711_strategy_source.dzn,0.16632652282714844,0.07311367988586426,0.05673694610595703
2021,pentominoes-zayenz,pentominoes.mzn,size_20_tiles_10_seed_42_strategy_far.dzn,0.1052403450012207,0.019095420837402344,0.06145501136779785
2021,pentominoes-zayenz,pentominoes.mzn,size_10_tiles_10_seed_17_strategy_target.dzn,0.01919269561767578,0.005004405975341797,0.00486302375793457
2021,pentominoes-zayenz,pentominoes.mzn,size_15_tiles_15_seed_17_strategy_source.dzn,0.07259273529052734,0.026312828063964844,0.04102611541748047
2021,connect,connect__0083_02.mzn,,0.04866290092468262,0.08115148544311523,0.06659507751464844
2021,connect,connect__0041_02.mzn,,0.03467202186584473,0.024076223373413086,0.04216766357421875
2021,connect,connect__0086_02.mzn,,0.02821040153503418,0.06232309341430664,0.02962970733642578
2021,connect,connect__0061.mzn,,0.056589603424072266,0.07274270057678223,0.07223200798034668
2021,connect,connect__0018.mzn,,0.014040231704711914,0.012225151062011719,0.027402639389038086
2021,java-routing,trip_7_5.mzn,,0.013490438461303711,0.006570339202880859,0.00817561149597168
2021,java-routing,trip_7_4.mzn,,0.010355472564697266,0.006030082702636719,0.0074880123138427734
2021,java-routing,trip_8_3.mzn,,0.013792753219604492,0.008278846740722656,0.03362083435058594
2021,java-routing,trip_6_2.mzn,,0.010554313659667969,0.005980968475341797,0.005758762359619141
2021,java-routing,trip_8_2.mzn,,0.013509273529052734,0.008287906646728516,0.01886153221130371
2021,mapping,mapping.mzn,ring_3.dzn,0.014821767807006836,0.007299900054931641,0.0064389705657958984
2021,mapping,mapping.mzn,mesh2x2_2.dzn,0.005054473876953125,0.003734588623046875,0.002988100051879883
2021,mapping,mapping.mzn,mesh_star_mpeg.dzn,0.0295255184173584,0.04152703285217285,0.029079198837280273
2021,mapping,mapping.mzn,mesh4x4_2.dzn,0.011669397354125977,0.007879018783569336,0.033847808837890625
2021,mapping,mapping.mzn,mesh3x3_4.dzn,0.009575605392456055,0.006875038146972656,0.005652904510498047
2021,vrp-submission,cvrptw_w_reload.mzn,D_3v_25l_w_reload.json,0.013031005859375,0.013200998306274414,0.0241696834564209
2021,vrp-submission,cvrptw_w_reload.mzn,A_4v_22l.json,0.0057299137115478516,0.0035712718963623047,0.004240512847900391
2021,vrp-submission,cvrptw_w_reload.mzn,A_7v_48l.json,0.01477193832397461,0.01009368896484375,0.03448486328125
2021,vrp-submission,cvrptw_w_reload.mzn,toy_D_2v_4l_w_reload.json,0.003469228744506836,0.0024394989013671875,0.0017075538635253906
2021,vrp-submission,cvrptw_w_reload.mzn,A_1v_7l_w_reload.json,0.0038094520568847656,0.0024385452270507812,0.002355337142944336
2021,steiner-systems,steiner-systems.mzn,steiner_t6_k6_N7.json,0.002912759780883789,0.0017542839050292969,0.0015156269073486328
2021,steiner-systems,steiner-systems.mzn,steiner_t2_k7_N21.json,0.003676891326904297,0.0022895336151123047,0.0016889572143554688
2021,steiner-systems,steiner-systems.mzn,steiner_t3_k3_N11.json,0.13392019271850586,0.15837454795837402,0.12133312225341797
2021,steiner-systems,steiner-systems.mzn,steiner_t3_k4_N8.json,0.0036454200744628906,0.002637624740600586,0.002019643783569336
2021,steiner-systems,steiner-systems.mzn,steiner_t4_k4_N10.json,0.22618889808654785,0.2293720245361328,0.2675516605377197
2021,p1f-pjs,p1f-pjs.mzn,22.dzn,0.08631157875061035,0.053597450256347656,0.032305240631103516
2021,p1f-pjs,p1f-pjs.mzn,14.dzn,0.0203702449798584,0.011287212371826172,0.042680978775024414
2021,p1f-pjs,p1f-pjs.mzn,12.dzn,0.012049198150634766,0.009400606155395508,0.008882761001586914
2021,p1f-pjs,p1f-pjs.mzn,18.dzn,0.042089223861694336,0.031200170516967773,0.017760515213012695
2021,p1f-pjs,p1f-pjs.mzn,17.dzn,0.032846689224243164,0.041863203048706055,0.014068841934204102
2021,physician-scheduling,physician-scheduling.mzn,instance18_real.dzn,0.38875794410705566,0.49292588233947754,0.47208070755004883
2021,physician-scheduling,physician-scheduling.mzn,instance03_0.34.dzn,0.10655736923217773,0.09696650505065918,0.1372058391571045
2021,physician-scheduling,physician-scheduling.mzn,instance10-duplicated_0.23.dzn,0.1539473533630371,0.17951369285583496,0.15451526641845703
2021,physician-scheduling,physician-scheduling.mzn,instance13-duplicated_0.56.dzn,0.24877667427062988,0.2648904323577881,0.26009440422058105
2021,physician-scheduling,physician-scheduling.mzn,instance17_oneweek_real.dzn,0.18768048286437988,0.19609689712524414,0.2319021224975586
2021,perfect_square,perfect_square.mzn,102.dzn,0.0026137828826904297,0.0020475387573242188,0.0014891624450683594
2021,perfect_square,perfect_square.mzn,57.dzn,0.0031824111938476562,0.0015573501586914062,0.001386404037475586
2021,perfect_square,perfect_square.mzn,205.dzn,0.003055572509765625,0.001898050308227539,0.0018298625946044922
2021,perfect_square,perfect_square.mzn,92.dzn,0.003333568572998047,0.002130746841430664,0.0016336441040039062
2021,perfect_square,perfect_square.mzn,195.dzn,0.0028123855590820312,0.0021715164184570312,0.001184225082397461
2021,wmsmc-int,multisetcover.mzn,batch_2_case_710_instance_4_base_subset_elements_6_sumreqs_161_candidates_70.dzn,0.0035665035247802734,0.002096414566040039,0.0020084381103515625
2021,wmsmc-int,multisetcover.mzn,batch_0_case_115_instance_1_base_full_elements_3_sumreqs_702_candidates_86.dzn,0.0032231807708740234,0.0036013126373291016,0.0034792423248291016
2021,wmsmc-int,multisetcover.mzn,batch_1_case_426_instance_3_base_full_elements_3_sumreqs_117_candidates_59.dzn,0.003059864044189453,0.002351522445678711,0.0016095638275146484
2021,wmsmc-int,multisetcover.mzn,batch_0_case_115_instance_0_small_subset_elements_3_sumreqs_1295_candidates_41.dzn,0.0023276805877685547,0.002562284469604492,0.00173187255859375
2021,wmsmc-int,multisetcover.mzn,batch_0_case_253_instance_6_small_cost_elements_4_sumreqs_472_candidates_16.dzn,0.002904653549194336,0.002081632614135742,0.0016067028045654297
2021,opt-cryptoanalysis,mznc2017_aes_opt.mzn,r4.dzn,0.018913984298706055,0.005074024200439453,0.005364894866943359
2021,opt-cryptoanalysis,mznc2017_aes_opt.mzn,r1.dzn,0.006936073303222656,0.0027399063110351562,0.002772092819213867
2021,opt-cryptoanalysis,mznc2017_aes_opt.mzn,r2.dzn,0.009951114654541016,0.0031418800354003906,0.00302886962890625
2021,opt-cryptoanalysis,mznc2017_aes_opt.mzn,r3.dzn,0.012740850448608398,0.003759145736694336,0.005006551742553711
2021,opt-cryptoanalysis,mznc2017_aes_opt.mzn,r13.dzn,0.051303863525390625,0.01294255256652832,0.014935970306396484
2021,peacable_queens,peaceable_queens_mznc2021.mzn,11.dzn,0.006443977355957031,0.0039594173431396484,0.0028417110443115234
2021,peacable_queens,peaceable_queens_mznc2021.mzn,40.dzn,0.11212992668151855,0.14095807075500488,0.05519604682922363
2021,peacable_queens,peaceable_queens_mznc2021.mzn,25.dzn,0.026759862899780273,0.04520988464355469,0.009809017181396484
2021,peacable_queens,peaceable_queens_mznc2021.mzn,8.dzn,0.005495309829711914,0.0032520294189453125,0.0020003318786621094
2021,peacable_queens,peaceable_queens_mznc2021.mzn,50.dzn,0.2859935760498047,0.21049213409423828,0.17653870582580566
2021,neighbours,neighbours-rect.mzn,neightbours-new-4.dzn,0.009940385818481445,0.005960226058959961,0.006459474563598633
2021,neighbours,neighbours-rect.mzn,neightbours-new-14.dzn,0.15578460693359375,0.17407822608947754,0.17558050155639648
2021,neighbours,neighbours-rect.mzn,neightbours-new-17.dzn,0.03174996376037598,0.020983457565307617,0.01592087745666504
2021,neighbours,neighbours-rect.mzn,neightbours-new-20.dzn,0.004945993423461914,0.0033652782440185547,0.0020177364349365234
2021,neighbours,neighbours-rect.mzn,neightbours-new-19.dzn,0.0035233497619628906,0.0026209354400634766,0.0023279190063476562
2021,monomatch,monomatch.mzn,data_n_3_percentage_0.97.dzn,0.002949237823486328,0.002519369125366211,0.015313386917114258
2021,monomatch,monomatch.mzn,data_n_5_percentage_0.5.dzn,0.003797769546508789,0.0020906925201416016,0.0021376609802246094
2021,monomatch,monomatch.mzn,data_n_4_percentage_0.75.dzn,0.0029935836791992188,0.002135753631591797,0.0021677017211914062
2021,monomatch,monomatch.mzn,data_n_6_percentage_0.5.dzn,0.0050656795501708984,0.003143310546875,0.002652406692504883
2021,monomatch,monomatch.mzn,data_n_4_percentage_0.97.dzn,0.0043485164642333984,0.004143953323364258,0.0020456314086914062
2021,carpet-cutting,cc_base.mzn,mzn_rnd_test.03.dzn,0.003016233444213867,0.002691030502319336,0.0017695426940917969
2021,carpet-cutting,cc_base.mzn,mzn_rnd_test.01.dzn,0.002918720245361328,0.002973794937133789,0.0018076896667480469
2021,carpet-cutting,cc_base.mzn,mzn_rnd_test.12.dzn,0.002660989761352539,0.002673625946044922,0.0015230178833007812
2021,carpet-cutting,cc_base.mzn,mzn_rnd_test.19.dzn,0.003328084945678711,0.0032324790954589844,0.0019123554229736328
2021,carpet-cutting,cc_base.mzn,mzn_rnd_test.09.dzn,0.003939628601074219,0.030390024185180664,0.0033087730407714844
2021,seat-moving,seat-moving.mzn,sm-10-11-00.dzn,0.014199018478393555,0.007169485092163086,0.007901191711425781
2021,seat-moving,seat-moving.mzn,sm-10-13-00.dzn,0.006918191909790039,0.005253314971923828,0.01609349250793457
2021,seat-moving,seat-moving.mzn,sm-20-13-00.dzn,0.015795469284057617,0.008652210235595703,0.01311349868774414
2021,seat-moving,seat-moving.mzn,sm-20-20-02.dzn,0.010615825653076172,0.00748443603515625,0.029374361038208008
2021,seat-moving,seat-moving.mzn,sm-20-16-00.dzn,0.01145315170288086,0.006306886672973633,0.0050160884857177734
2021,community-detection,community-detection.mzn,rnd_n100_e50_s50_d30_c9_p30.json,0.025737285614013672,0.02682042121887207,0.038634300231933594
2021,community-detection,community-detection.mzn,rnd_n100_e5000_s500_d300_c4_p50.json,0.05868101119995117,0.08361458778381348,0.08285379409790039
2021,community-detection,community-detection.mzn,rnd_n100_e1000_s50_d30_c6_p70.json,0.05780982971191406,0.08352446556091309,0.07883167266845703
2021,community-detection,community-detection.mzn,rnd_n100_e50_s10_d5_c10_p30.json,0.024261474609375,0.07972407341003418,0.018083810806274414
2021,community-detection,community-detection.mzn,rnd_n50_e2500_s10_d5_c4_p90.json,0.017281293869018555,0.022996902465820312,0.010521173477172852
2021,flowshop-workers,flowshop-workers.mzn,5stat_ex3.dzn,0.05108475685119629,0.09480714797973633,0.04797077178955078
2021,flowshop-workers,flowshop-workers.mzn,real_ex2.dzn,0.2000725269317627,0.24325108528137207,0.2672159671783447
2021,flowshop-workers,flowshop-workers.mzn,ex4.dzn,0.2250809669494629,0.2587099075317383,0.28757333755493164
2021,flowshop-workers,flowshop-workers.mzn,5stat_ex6.dzn,0.06088757514953613,0.050243377685546875,0.07061958312988281
2021,flowshop-workers,flowshop-workers.mzn,8s_ex3.dzn,0.08856058120727539,0.1062479019165039,0.12583541870117188
2021,yumi-dynamic,yumi-dynamic.mzn,p_10_SSSSSS_SSSS_yumi_grid_setup_3_3_zones.dzn,0.2644319534301758,0.12863731384277344,0.15297937393188477
2021,yumi-dynamic,yumi-dynamic.mzn,p_7_SGSG_GSG_yumi_grid_setup_5_5_zones.dzn,3.269301652908325,1.0818984508514404,0.9567549228668213
2021,yumi-dynamic,yumi-dynamic.mzn,p_4_GG_GG_yumi_grid_setup_7_7_zones.dzn,13.868442058563232,3.7042994499206543,3.8251590728759766
2021,yumi-dynamic,yumi-dynamic.mzn,p_4_SG_SG_yumi_grid_setup_3_4_zones.dzn,0.386089563369751,0.06636857986450195,0.08553791046142578
2021,yumi-dynamic,yumi-dynamic.mzn,p_4_GG_GG_yumi_grid_setup_3_4_zones.dzn,0.35076355934143066,0.11897873878479004,0.07359933853149414
2023,pennies-opt,pennies.mzn,n7.dzn,0.004975557327270508,0.005858898162841797,0.0034067630767822266
2023,pennies-opt,pennies.mzn,n8.dzn,0.00824427604675293,0.00559234619140625,0.00431370735168457
2023,pennies-opt,pennies.mzn,n12.dzn,0.01406717300415039,0.00800943374633789,0.00851750373840332
2023,pennies-opt,pennies.mzn,n5.dzn,0.004854440689086914,0.0037200450897216797,0.0026412010192871094
2023,pennies-opt,pennies.mzn,n9.dzn,0.007112026214599609,0.006636619567871094,0.004309177398681641
2023,unit-commitment,Unit-Commitment.mzn,L7-T12G5L5.dzn,0.006863594055175781,0.0049359798431396484,0.0039577484130859375
2023,unit-commitment,Unit-Commitment.mzn,L12-T48G15L10.dzn,0.053656816482543945,0.06518411636352539,0.03675580024719238
2023,unit-commitment,Unit-Commitment.mzn,L10-T48G10L10.dzn,0.04454326629638672,0.01775074005126953,0.020743131637573242
2023,unit-commitment,Unit-Commitment.mzn,L3-T6G5L5.dzn,0.004285573959350586,0.0033817291259765625,0.0021164417266845703
2023,unit-commitment,Unit-Commitment.mzn,L15-T48G30L15.dzn,0.10999655723571777,0.09562492370605469,0.09958744049072266
2023,gametes,gametes.mzn,gamete_nl20_m30_12983649.json,0.2450885772705078,0.1683790683746338,0.221527099609375
2023,gametes,gametes.mzn,gamete_nl20_m30_778477.json,0.2719390392303467,0.3437998294830322,0.1704392433166504
2023,gametes,gametes.mzn,gamete_nl7_m10_181.json,0.02373027801513672,0.035700321197509766,0.018471240997314453
2023,gametes,gametes.mzn,gamete_nl7_m10_134.json,0.022069692611694336,0.010898351669311523,0.01267862319946289
2023,gametes,gametes.mzn,gamete_nl20_m40_10408565.json,0.24083352088928223,0.327561616897583,0.17912840843200684
2023,evm-super-compilation,evmopt-generic.mzn,BDARUMA_run_code_of_0_block_284_170_0_input.dzn,0.012549400329589844,0.006800651550292969,0.010308027267456055
2023,evm-super-compilation,evmopt-generic.mzn,Kongu_run_code_of_0_block_240_0_input.dzn,0.13486719131469727,0.16110849380493164,0.169464111328125
2023,evm-super-compilation,evmopt-generic.mzn,BDARUMA_run_code_of_0_block_108_233_1_extended_input.dzn,0.09433126449584961,0.07471251487731934,0.07146406173706055
2023,evm-super-compilation,evmopt-generic.mzn,PlaylinkAirdrop_run_code_of_0_block_216_0_input.dzn,0.06781673431396484,0.09332275390625,0.07452225685119629
2023,evm-super-compilation,evmopt-generic.mzn,isolated_block_6_0_input.dzn,0.027525663375854492,0.012937068939208984,0.01561284065246582
2023,yumi-static,yumi-static.mzn,p_7_GGG_GGGG_yumi_grid_setup_3_4.dzn,0.03984546661376953,0.031172990798950195,0.014177322387695312
2023,yumi-static,yumi-static.mzn,p_4_GG_GG_yumi_grid_setup_7_7.dzn,0.14426016807556152,0.0610506534576416,0.04503583908081055
2023,yumi-static,yumi-static.mzn,p_9_GGGG_GGGGG_yumi_grid_setup_3_4.dzn,0.05256223678588867,0.05164766311645508,0.03582572937011719
2023,yumi-static,yumi-static.mzn,p_4_SG_SG_yumi_grid_setup_3_3.dzn,0.018882274627685547,0.008944272994995117,0.007639884948730469
2023,yumi-static,yumi-static.mzn,p_5_GG_GGG_yumi_grid_setup_7_7.dzn,0.19125890731811523,0.07824468612670898,0.07509851455688477
2023,travelling-thief,ttp.mzn,n20_k20_c1000_l1000_u2000_r46.dzn,0.34505128860473633,0.35633182525634766,0.32808995246887207
2023,travelling-thief,ttp.mzn,n10_k15_c5000_l10000_u11000_r49.dzn,0.04417014122009277,0.023938417434692383,0.06283020973205566
2023,travelling-thief,ttp.mzn,n20_k15_c5000_l100_u200_r32.dzn,0.20533275604248047,0.23412108421325684,0.22217011451721191
2023,travelling-thief,ttp.mzn,n20_k3_c10000_l100_u200_r81.dzn,0.016981124877929688,0.013633966445922852,0.011829376220703125
2023,travelling-thief,ttp.mzn,n10_k3_c5000_l10000_u10100_r46.dzn,0.006935596466064453,0.00732731819152832,0.006979465484619141
2023,elitserien,handball.mzn,handball4.dzn,0.020306825637817383,0.032794952392578125,0.013887166976928711
2023,elitserien,handball.mzn,handball10.dzn,0.021019697189331055,0.01194310188293457,0.046253204345703125
2023,elitserien,handball.mzn,handball2.dzn,0.020432233810424805,0.025478363037109375,0.01712179183959961
2023,elitserien,handball.mzn,handball8.dzn,0.021621227264404297,0.041463375091552734,0.017279863357543945
2023,elitserien,handball.mzn,handball9.dzn,0.019837141036987305,0.025568246841430664,0.01256251335144043
2023,test-scheduling,test-scheduling.mzn,t20m10r10-17.dzn,0.006892681121826172,0.03263401985168457,0.0046977996826171875
2023,test-scheduling,test-scheduling.mzn,t500m50r10-8.dzn,0.3368232250213623,0.31320691108703613,0.3108682632446289
2023,test-scheduling,test-scheduling.mzn,t30m20r3-20.dzn,0.009533882141113281,0.005388021469116211,0.004427909851074219
2023,test-scheduling,test-scheduling.mzn,t100m20r3-14.dzn,0.026273012161254883,0.012534141540527344,0.014185190200805664
2023,test-scheduling,test-scheduling.mzn,t50m20r10-17.dzn,0.013792991638183594,0.007889032363891602,0.03653979301452637
2023,table-layout,TableLayout.mzn,p1000_m20_r200_c20.dzn,0.2788417339324951,0.22958827018737793,0.2139267921447754
2023,table-layout,TableLayout.mzn,p2000_m10_r500_c20.dzn,0.275174617767334,0.36818909645080566,0.39147067070007324
2023,table-layout,TableLayout.mzn,p2000_m16_r1000_c200.dzn,13.0747389793396,10.910090684890747,11.717479228973389
2023,table-layout,TableLayout.mzn,p1000_m10_r200_c15.dzn,0.08336973190307617,0.26818323135375977,0.08376955986022949
2023,table-layout,TableLayout.mzn,p1000_m3_r100_c10.dzn,0.025736331939697266,0.014634370803833008,0.023502349853515625
2023,roster-shifts-bool,bool-model.mzn,s50_e50_c3.json,0.03261375427246094,0.022637367248535156,0.028001785278320312
2023,roster-shifts-bool,bool-model.mzn,s100_e20_c8.json,0.03036189079284668,0.02336597442626953,0.0318913459777832
2023,roster-shifts-bool,bool-model.mzn,large.dzn,2.169443130493164,3.566378593444824,4.515017032623291
2023,roster-shifts-bool,bool-model.mzn,s200_e50_c8.json,0.03579425811767578,0.025848388671875,0.044245243072509766
2023,roster-shifts-bool,bool-model.mzn,small.dzn,0.1551353931427002,0.17171478271484375,0.1598973274230957
2023,vrplc,vrplc_service.mzn,vrplc13_11_20_s4.dzn,0.015009880065917969,0.009385824203491211,0.008048057556152344
2023,vrplc,vrplc_service.mzn,vrplc10_5_20_s3.dzn,0.011865615844726562,0.07692766189575195,0.0077342987060546875
2023,vrplc,vrplc_service.mzn,vrplc9_5_10_s2.dzn,0.007222175598144531,0.00419306755065918,0.00389862060546875
2023,vrplc,vrplc_service.mzn,vrplc9_5_15_s2.dzn,0.009323835372924805,0.007287263870239258,0.0055849552154541016
2023,vrplc,vrplc_service.mzn,vrplc11_5_15_s4.dzn,0.008693933486938477,0.007467985153198242,0.007288694381713867
2023,sudoku_fixed,sudoku_fixed.mzn,sudoku_p20.dzn,0.009026527404785156,0.0029489994049072266,0.0022735595703125
2023,sudoku_fixed,sudoku_fixed.mzn,sudoku_p48.dzn,0.0045318603515625,0.0034890174865722656,0.0032503604888916016
2023,sudoku_fixed,sudoku_fixed.mzn,sudoku_p28.dzn,0.007985115051269531,0.004168987274169922,0.0028591156005859375
2023,sudoku_fixed,sudoku_fixed.mzn,sudoku_p26.dzn,0.00899052619934082,0.003625631332397461,0.0030770301818847656
2023,sudoku_fixed,sudoku_fixed.mzn,sudoku_p89.dzn,0.007758140563964844,0.0025429725646972656,0.0024101734161376953
2023,kidney-exchange,ccmcp.mzn,3_20_0.40_2.dzn,0.0037033557891845703,0.0020220279693603516,0.0017726421356201172
2023,kidney-exchange,ccmcp.mzn,3_25_0.10_2.dzn,0.0036487579345703125,0.003384828567504883,0.0023827552795410156
2023,kidney-exchange,ccmcp.mzn,3_20_0.15_3.dzn,0.0037047863006591797,0.0020225048065185547,0.0018069744110107422
2023,kidney-exchange,ccmcp.mzn,3_20_0.30_4.dzn,0.004911661148071289,0.0030057430267333984,0.001863718032836914
2023,kidney-exchange,ccmcp.mzn,3_25_0.15_4.dzn,0.00472569465637207,0.0030412673950195312,0.0018835067749023438
2023,mrcpsp,mrcpsp.mzn,j30_33_5.dzn,0.016619205474853516,0.011415719985961914,0.012503385543823242
2023,mrcpsp,mrcpsp.mzn,j30_54_2.dzn,0.010626554489135742,0.0056569576263427734,0.004889011383056641
2023,mrcpsp,mrcpsp.mzn,j30_29_3.dzn,0.009308338165283203,0.007478952407836914,0.006392240524291992
2023,mrcpsp,mrcpsp.mzn,j30_25_5.dzn,0.012955665588378906,0.007961750030517578,0.009206533432006836
2023,mrcpsp,mrcpsp.mzn,j30_41_8.dzn,0.010143756866455078,0.00603485107421875,0.0050427913665771484
2023,roster,roster_model.mzn,chicroster_dataset_8.dzn,0.009093999862670898,0.0074634552001953125,0.0043544769287109375
2023,roster,roster_model.mzn,chicroster_dataset_large_16.dzn,0.015730857849121094,0.007510185241699219,0.14056038856506348
2023,roster,roster_model.mzn,chicroster_dataset_12.dzn,0.013878107070922852,0.026366710662841797,0.012060403823852539
2023,roster,roster_model.mzn,chicroster_dataset_10.dzn,0.013216018676757812,0.040910959243774414,0.00830221176147461
2023,roster,roster_model.mzn,chicroster_dataset_9.dzn,0.014280319213867188,0.008588314056396484,0.01941990852355957
2023,speck-optimisation,SPECK-Optimisation.mzn,very_hard_5.dzn,0.19132351875305176,0.21843791007995605,0.19479060173034668
2023,speck-optimisation,SPECK-Optimisation.mzn,medium_6.dzn,0.05020761489868164,0.02288651466369629,0.049362897872924805
2023,speck-optimisation,SPECK-Optimisation.mzn,easy_1.dzn,0.0065801143646240234,0.007338047027587891,0.0040187835693359375
2023,speck-optimisation,SPECK-Optimisation.mzn,hard_0.dzn,0.07988500595092773,0.06331515312194824,0.06048989295959473
2023,speck-optimisation,SPECK-Optimisation.mzn,easy_3.dzn,0.01060342788696289,0.005848884582519531,0.005235433578491211
2023,code-generator,unison.mzn,mips_gcc.varasm.default_named_section_asm_out_destructor.dzn,0.4883875846862793,0.4291684627532959,0.4897572994232178
2023,code-generator,unison.mzn,mips_rasta.mapping.comp_Jboundaries.dzn,0.3521995544433594,0.25081849098205566,0.3531663417816162
2023,code-generator,unison.mzn,mips_mesa.eval.gl_Map1f.dzn,6.181280851364136,6.874161720275879,6.303602457046509
2023,code-generator,unison.mzn,mips_pegwit.ec_vlong.vlShortLshift.dzn,0.49741458892822266,0.6362271308898926,0.48184633255004883
2023,code-generator,unison.mzn,mips_gcc.flow.find_regno_partial.dzn,0.37722110748291016,0.30098938941955566,0.34677600860595703
2023,multi-agent-graph-coverage,graph-scan-revised.mzn,rnd_n75_p1000_c50_s1.dzn,0.39523911476135254,0.4077911376953125,0.26067423820495605
2023,multi-agent-graph-coverage,graph-scan-revised.mzn,rnd_n20_p1000_c10_s1.dzn,0.008584022521972656,0.009145259857177734,0.0061626434326171875
2023,multi-agent-graph-coverage,graph-scan-revised.mzn,rnd_n10_p1500_c15_s1.dzn,0.005080223083496094,0.005003929138183594,0.002955913543701172
2023,multi-agent-graph-coverage,graph-scan-revised.mzn,rnd_n40_p1000_c20_s1.dzn,0.03587603569030762,0.03449583053588867,0.07615828514099121
2023,multi-agent-graph-coverage,graph-scan-revised.mzn,rnd_n10_p2000_c15_s1.dzn,0.005601167678833008,0.004079580307006836,0.003933429718017578
2023,valve-network,valve-network.mzn,horizon28.dzn,0.1248161792755127,0.14826130867004395,0.09754157066345215
2023,valve-network,valve-network.mzn,horizon19.dzn,0.07910513877868652,0.09702038764953613,0.06236886978149414
2023,valve-network,valve-network.mzn,horizon20.dzn,0.08803915977478027,0.10277557373046875,0.05960702896118164
2023,valve-network,valve-network.mzn,horizon6.dzn,0.027074098587036133,0.05872988700866699,0.020141124725341797
2023,valve-network,valve-network.mzn,horizon12.dzn,0.06151938438415527,0.05155658721923828,0.06471800804138184
2023,chessboard,chessboard.mzn,chessboard_n9_1.json,0.010756492614746094,0.006272554397583008,0.006521463394165039
2023,chessboard,chessboard.mzn,chessboard4.dzn,0.00919795036315918,0.006330966949462891,0.0047757625579833984
2023,chessboard,chessboard.mzn,chessboard_n39_2.json,0.16808271408081055,0.18163681030273438,0.16906189918518066
2023,chessboard,chessboard.mzn,chessboard3.dzn,0.007043123245239258,0.006737947463989258,0.004194736480712891
2023,chessboard,chessboard.mzn,chessboard_n12_1.json,0.01671886444091797,0.009354591369628906,0.03430485725402832
2015,zephyrus,zephyrus_15_10.mzn,,0.02033853530883789,0.010997533798217773,0.027367115020751953
2015,zephyrus,zephyrus_5_4.mzn,,0.008224248886108398,0.005994081497192383,0.004496097564697266
2015,zephyrus,zephyrus_5_20.mzn,,0.009769201278686523,0.0055637359619140625,0.004532575607299805
2015,zephyrus,zephyrus_20_20.mzn,,0.023432016372680664,0.03821229934692383,0.027253389358520508
2015,zephyrus,zephyrus-FH-2-15.mzn,,0.020463228225708008,0.04078197479248047,0.014540672302246094
2015,mapping,mapping.mzn,full2x2.dzn,0.007211446762084961,0.005149126052856445,0.0031900405883789062
2015,mapping,mapping.mzn,ring_2.dzn,0.00702667236328125,0.0049169063568115234,0.016737699508666992
2015,mapping,mapping.mzn,mesh3x3_mpeg_2.dzn,0.024326086044311523,0.038735389709472656,0.014914512634277344
2015,mapping,mapping.mzn,mesh3x3_2.dzn,0.007478475570678711,0.005603790283203125,0.017977476119995117
2015,mapping,mapping.mzn,mesh2x2_mpeg.dzn,0.01083827018737793,0.008403778076171875,0.00816965103149414
2015,radiation,radiation.mzn,i6-21.dzn,0.01389455795288086,0.05663895606994629,0.009796619415283203
2015,radiation,radiation.mzn,i14-9.dzn,0.030867338180541992,0.05769920349121094,0.03847098350524902
2015,radiation,radiation.mzn,i7-9.dzn,0.01148533821105957,0.04285240173339844,0.010178327560424805
2015,radiation,radiation.mzn,i6-11.dzn,0.010181188583374023,0.006937503814697266,0.005972385406494141
2015,radiation,radiation.mzn,i9-11.dzn,0.017481565475463867,0.024750471115112305,0.012722253799438477
2015,nmseq,nmseq.mzn,393.dzn,2.0828309059143066,2.404243230819702,2.5386548042297363
2015,nmseq,nmseq.mzn,269.dzn,0.9436426162719727,1.0541377067565918,1.132446050643921
2015,nmseq,nmseq.mzn,207.dzn,0.5973489284515381,0.5369117259979248,0.5022339820861816
2015,nmseq,nmseq.mzn,176.dzn,0.37932634353637695,0.5460786819458008,0.36768531799316406
2015,nmseq,nmseq.mzn,83.dzn,0.08264303207397461,0.13152623176574707,0.05773425102233887
2015,largescheduling,largecumulative.mzn,instance-0800-1.dzn,0.013212203979492188,0.008351325988769531,0.011368989944458008
2015,largescheduling,largecumulative.mzn,instance-0100-1.dzn,0.004011631011962891,0.0053806304931640625,0.003395557403564453
2015,largescheduling,largecumulative.mzn,instance-1600-2.dzn,0.029724836349487305,0.056229591369628906,0.0287020206451416
2015,largescheduling,largecumulative.mzn,instance-0400-2.dzn,0.00935053825378418,0.007351875305175781,0.00775146484375
2015,largescheduling,largecumulative.mzn,instance-3200-3.dzn,0.0502164363861084,0.1321728229522705,0.0775446891784668
2015,open_stacks,open_stacks_01.mzn,problem_20_20_1.dzn,0.019093036651611328,0.00862884521484375,0.012798786163330078
2015,open_stacks,open_stacks_01.mzn,problem_30_15_1.dzn,0.021474361419677734,0.024085283279418945,0.010057687759399414
2015,open_stacks,open_stacks_01.mzn,wbop_15_30_1.dzn,0.020671606063842773,0.009517669677734375,0.0389094352722168
2015,open_stacks,open_stacks_01.mzn,wbp_20_20_1.dzn,0.016615867614746094,0.008618593215942383,0.010760307312011719
2015,open_stacks,open_stacks_01.mzn,wbo_10_20_1.dzn,0.009478569030761719,0.01847076416015625,0.005559444427490234
2015,multi-knapsack,mknapsack_global.mzn,mknap2-20.dzn,0.003126382827758789,0.0023605823516845703,0.0019409656524658203
2015,multi-knapsack,mknapsack_global.mzn,mknap1-6.dzn,0.003515005111694336,0.001993417739868164,0.0015254020690917969
2015,multi-knapsack,mknapsack_global.mzn,mknap2-32.dzn,0.004053354263305664,0.002402067184448242,0.002026796340942383
2015,multi-knapsack,mknapsack_global.mzn,mknap2-1.dzn,0.0068073272705078125,0.004987239837646484,0.0039517879486083984
2015,multi-knapsack,mknapsack_global.mzn,mknap2-2.dzn,0.006395578384399414,0.028850078582763672,0.00413823127746582
2015,grid-colouring,GridColoring.mzn,13_11.dzn,0.029733657836914062,0.025023937225341797,0.05005502700805664
2015,grid-colouring,GridColoring.mzn,4_8.dzn,0.00515294075012207,0.004055023193359375,0.0024192333221435547
2015,grid-colouring,GridColoring.mzn,4_11.dzn,0.005248069763183594,0.00528264045715332,0.0029489994049072266
2015,grid-colouring,GridColoring.mzn,10_5.dzn,0.0064733028411865234,0.0046617984771728516,0.0038864612579345703
2015,grid-colouring,GridColoring.mzn,19_17.dzn,0.16905856132507324,0.17830324172973633,0.20673441886901855
2015,freepizza,freepizza.mzn,pizza6.dzn,0.005655765533447266,0.005539655685424805,0.004032611846923828
2015,freepizza,freepizza.mzn,pizza45.dzn,0.17499232292175293,0.1390366554260254,0.16087627410888672
2015,freepizza,freepizza.mzn,pizza78.dzn,0.37195420265197754,0.331068754196167,0.40006065368652344
2015,freepizza,freepizza.mzn,pizza39.dzn,0.3501753807067871,0.26643967628479004,0.33635401725769043
2015,freepizza,freepizza.mzn,pizza27.dzn,0.29733920097351074,0.3139333724975586,0.29181766510009766
2015,is,model.mzn,A3PZaPjnUz.dzn,0.011898517608642578,0.03317904472351074,0.0048830509185791016
2015,is,model.mzn,HgSWGJHxY5.dzn,0.01839137077331543,0.007922649383544922,0.011689901351928711
2015,is,model.mzn,y21PnVA2Hj.dzn,0.026468515396118164,0.009310483932495117,0.009873390197753906
2015,is,model.mzn,jZ9pQqRxJ2.dzn,0.008909225463867188,0.0055086612701416016,0.003735065460205078
2015,is,model.mzn,1YHXeG1xYs.dzn,0.029811620712280273,0.05059552192687988,0.010702848434448242
2015,roster,roster_model.mzn,chicroster_dataset_5.dzn,0.010354280471801758,0.006696462631225586,0.006078958511352539
2015,roster,roster_model.mzn,chicroster_dataset_11.dzn,0.014243364334106445,0.021807193756103516,0.007816076278686523
2015,roster,roster_model.mzn,chicroster_dataset_7.dzn,0.010344505310058594,0.007230520248413086,0.004750728607177734
2015,roster,roster_model.mzn,chicroster_dataset_17.dzn,0.016403675079345703,0.038144588470458984,0.008973360061645508
2015,roster,roster_model.mzn,chicroster_dataset_2.dzn,0.0074465274810791016,0.0041882991790771484,0.0029103755950927734
2015,gfd-schedule,gfd-schedule.mzn,n120f5d50m50k20.dzn,0.17089629173278809,0.18119549751281738,0.20151472091674805
2015,gfd-schedule,gfd-schedule.mzn,n180f7d50m30k18.dzn,0.4076991081237793,0.42154455184936523,0.46527528762817383
2015,gfd-schedule,gfd-schedule.mzn,n50f7d40m10k4.dzn,0.04282021522521973,0.019219398498535156,0.0420985221862793
2015,gfd-schedule,gfd-schedule.mzn,n30f3d30m7k4.dzn,0.014574050903320312,0.007605791091918945,0.011087894439697266
2015,gfd-schedule,gfd-schedule.mzn,n75f5d30m20k20.dzn,0.06579184532165527,0.06561660766601562,0.04240107536315918
2015,spot5,spot5.mzn,503.dzn,0.010806083679199219,0.006303310394287109,0.0047109127044677734
2015,spot5,spot5.mzn,28.dzn,0.06369614601135254,0.07441377639770508,0.055702924728393555
2015,spot5,spot5.mzn,414.dzn,0.24220561981201172,0.09931206703186035,0.12261486053466797
2015,spot5,spot5.mzn,1401.dzn,0.2137610912322998,0.09865951538085938,0.0846257209777832
2015,spot5,spot5.mzn,54.dzn,0.0054340362548828125,0.00426483154296875,0.002584695816040039
2015,cvrp,cvrp.mzn,A-n64-k9.vrp.dzn,0.06997156143188477,0.055068254470825195,0.04212307929992676
2015,cvrp,cvrp.mzn,B-n45-k5.vrp.dzn,0.0319218635559082,0.04364633560180664,0.01656198501586914
2015,cvrp,cvrp.mzn,simple2.dzn,0.0032024383544921875,0.0022220611572265625,0.0021076202392578125
2015,cvrp,cvrp.mzn,A-n37-k5.vrp.dzn,0.023363828659057617,0.024017333984375,0.011341333389282227
2015,cvrp,cvrp.mzn,P-n16-k8.vrp.dzn,0.006209373474121094,0.003652334213256836,0.004652261734008789
2015,opd,opd.mzn,small_bibd_11_22_10.dzn,0.013960838317871094,0.03643202781677246,0.007260322570800781
2015,opd,opd.mzn,small_bibd_13_26_06.dzn,0.02062058448791504,0.022764205932617188,0.01160120964050293
2015,opd,opd.mzn,small_bibd_10_30_09.dzn,0.014468908309936523,0.03036952018737793,0.006983518600463867
2015,opd,opd.mzn,medium_10_100_30.dzn,0.04549884796142578,0.05978083610534668,0.03529524803161621
2015,opd,opd.mzn,flener_et_al_10_350_100.dzn,0.17278027534484863,0.1858367919921875,0.13166499137878418
2015,tdtsp,tdtsp.mzn,inst_10_42_10.dzn,0.015595674514770508,0.030212879180908203,0.006412982940673828
2015,tdtsp,tdtsp.mzn,inst_10_34_00.dzn,0.015847206115722656,0.007089376449584961,0.00565648078918457
2015,tdtsp,tdtsp.mzn,inst_20_14_10.dzn,0.0706486701965332,0.022861003875732422,0.05247044563293457
2015,tdtsp,tdtsp.mzn,inst_10_24_10.dzn,0.018676280975341797,0.011098146438598633,0.018690109252929688
2015,tdtsp,tdtsp.mzn,inst_20_25_00.dzn,0.06925153732299805,0.02103590965270996,0.049559593200683594
2015,triangular,triangular.mzn,n16.dzn,0.01531362533569336,0.07830309867858887,0.018764972686767578
2015,triangular,triangular.mzn,n28.dzn,0.11400508880615234,0.1966080665588379,0.23369145393371582
2015,triangular,triangular.mzn,n37.dzn,0.33670711517333984,0.4497530460357666,0.6171438694000244
2015,triangular,triangular.mzn,n10.dzn,0.004596233367919922,0.0056917667388916016,0.0034203529357910156
2015,triangular,triangular.mzn,n22.dzn,0.046369314193725586,0.08186769485473633,0.09876561164855957
2015,project-planning,ProjectPlannertest_12_7.mzn,,0.017410755157470703,0.012432575225830078,0.010813236236572266
2015,project-planning,ProjectPlannertest_15_6.mzn,,0.02519845962524414,0.0337216854095459,0.016069650650024414
2015,project-planning,ProjectPlannertest_16_6.mzn,,0.029366016387939453,0.04951214790344238,0.017754316329956055
2015,project-planning,ProjectPlannertest_16_8.mzn,,0.03088545799255371,0.031062841415405273,0.051584720611572266
2015,project-planning,ProjectPlannertest_14_7.mzn,,0.021152019500732422,0.02954554557800293,0.015958309173583984
2015,p1f,p1f.mzn,15.dzn,0.022334575653076172,0.034717559814453125,0.009976625442504883
2015,p1f,p1f.mzn,14.dzn,0.02242279052734375,0.009109735488891602,0.007529020309448242
2015,p1f,p1f.mzn,12.dzn,0.011661291122436523,0.018397808074951172,0.007434844970703125
2015,p1f,p1f.mzn,13.dzn,0.014793157577514648,0.007735252380371094,0.006621599197387695
2015,p1f,p1f.mzn,17.dzn,0.032421112060546875,0.03821277618408203,0.019275188446044922
2015,costas-array,CostasArray.mzn,19.dzn,0.005815267562866211,0.005707502365112305,0.0037992000579833984
2015,costas-array,CostasArray.mzn,16.dzn,0.004399776458740234,0.002786397933959961,0.013251066207885742
2015,costas-array,CostasArray.mzn,20.dzn,0.005934476852416992,0.00386810302734375,0.0028083324432373047
2015,costas-array,CostasArray.mzn,18.dzn,0.00439453125,0.0038864612579345703,0.00428318977355957
2015,costas-array,CostasArray.mzn,17.dzn,0.004128456115722656,0.002925395965576172,0.002234220504760742
2018,soccer-computational,ecp.mzn,xIGData_22_17_16_1.dzn,0.027848482131958008,0.04218745231628418,0.030571460723876953
2018,soccer-computational,ecp.mzn,xIGData_26_16_20_4.dzn,0.042632341384887695,0.06155967712402344,0.05475282669067383
2018,soccer-computational,ecp.mzn,xIGData_24_16_14_2.dzn,0.02864861488342285,0.03205084800720215,0.04679560661315918
2018,soccer-computational,ecp.mzn,xIGData_28_23_9_2.dzn,0.03174853324890137,0.032674551010131836,0.05028986930847168
2018,soccer-computational,ecp.mzn,xIGData_22_12_22_5.dzn,0.0314028263092041,0.03831005096435547,0.04766726493835449
2018,team-assignment,model.mzn,data2_4_15.dzn,0.002904176712036133,0.0020225048065185547,0.0021386146545410156
2018,team-assignment,model.mzn,data3_6_28.dzn,0.0050487518310546875,0.009963035583496094,0.0025093555450439453
2018,team-assignment,model.mzn,data2_6_12.dzn,0.0030405521392822266,0.0026531219482421875,0.0014264583587646484
2018,team-assignment,model.mzn,data2_5_6.dzn,0.002130270004272461,0.0015778541564941406,0.0014641284942626953
2018,team-assignment,model.mzn,data1_6_24.dzn,0.004566669464111328,0.0036306381225585938,0.002111196517944336
2018,mapping,mapping.mzn,full2x2_mp3.dzn,0.007242679595947266,0.006411075592041016,0.004749298095703125
2018,mapping,mapping.mzn,mesh3x3_mp3_2.dzn,0.013903379440307617,0.01196742057800293,0.01895594596862793
2018,mapping,mapping.mzn,ring_mp3.dzn,0.012287616729736328,0.0077800750732421875,0.006323575973510742
2018,mapping,mapping.mzn,mesh_star_2.dzn,0.02937483787536621,0.03603982925415039,0.03593015670776367
2018,mapping,mapping.mzn,mesh3x3_mpeg.dzn,0.023783445358276367,0.042873382568359375,0.028520584106445312
2018,cargo,cargo_coarsePiles.mzn,challenge20_27613f_2435.dzn,0.0064544677734375,0.005525350570678711,0.0034406185150146484
2018,cargo,cargo_coarsePiles.mzn,challenge12_1422f_1644.dzn,0.004395723342895508,0.003973722457885742,0.0031766891479492188
2018,cargo,cargo_coarsePiles.mzn,challenge25.dzn,0.003532886505126953,0.0030989646911621094,0.002779722213745117
2018,cargo,cargo_coarsePiles.mzn,challenge24.dzn,0.0035238265991210938,0.0029964447021484375,0.0025141239166259766
2018,cargo,cargo_coarsePiles.mzn,challenge22.dzn,0.002971649169921875,0.001995086669921875,0.001722574234008789
2018,oocsp_racks,oocsp_racks.mzn,oocsp_racks_030_f7.dzn,0.16963982582092285,0.19376254081726074,0.17270994186401367
2018,oocsp_racks,oocsp_racks.mzn,oocsp_racks_100_r1_cc.dzn,1.7938621044158936,2.0425639152526855,2.079854965209961
2018,oocsp_racks,oocsp_racks.mzn,oocsp_racks_050_e5.dzn,0.26340150833129883,0.27877092361450195,0.33563828468322754
2018,oocsp_racks,oocsp_racks.mzn,oocsp_racks_030_mii8_cc.dzn,0.16494011878967285,0.1977832317352295,0.1482999324798584
2018,oocsp_racks,oocsp_racks.mzn,oocsp_racks_050_r1.dzn,0.44464945793151855,0.46155786514282227,0.47631049156188965
2018,largescheduling,largecumulative.mzn,instance-1600-4.dzn,0.028176546096801758,0.02283024787902832,0.05309462547302246
2018,largescheduling,largecumulative.mzn,instance-0400-4.dzn,0.008358001708984375,0.006987094879150391,0.005974292755126953
2018,largescheduling,largecumulative.mzn,instance-0100-4.dzn,0.004858255386352539,0.00556182861328125,0.003375530242919922
2018,largescheduling,largecumulative.mzn,instance-0800-4.dzn,0.014755487442016602,0.00972890853881836,0.011946916580200195
2018,largescheduling,largecumulative.mzn,instance-3200-4.dzn,0.0509793758392334,0.09812140464782715,0.08893775939941406
2018,elitserien,handball.mzn,handball18.dzn,0.020015954971313477,0.02787303924560547,0.01759648323059082
2018,elitserien,handball.mzn,handball15.dzn,0.022460460662841797,0.04426693916320801,0.01717352867126465
2018,elitserien,handball.mzn,handball1.dzn,0.02126455307006836,0.029373645782470703,0.013271093368530273
2018,elitserien,handball.mzn,handball6.dzn,0.02315044403076172,0.052793025970458984,0.026290416717529297
2018,elitserien,handball.mzn,handball16.dzn,0.023148775100708008,0.011162281036376953,0.04255557060241699
2018,test-scheduling,test-scheduling.mzn,t500m100r10-13.dzn,0.6614058017730713,0.617621660232544,0.5979831218719482
2018,test-scheduling,test-scheduling.mzn,t50m10r5-6.dzn,0.01032114028930664,0.0059316158294677734,0.00467371940612793
2018,test-scheduling,test-scheduling.mzn,t30m10r3-15.dzn,0.0069217681884765625,0.0038683414459228516,0.0030426979064941406
2018,test-scheduling,test-scheduling.mzn,t30m10r10-5.dzn,0.00613093376159668,0.00462651252746582,0.00512242317199707
2018,test-scheduling,test-scheduling.mzn,t100m10r3-2.dzn,0.015155315399169922,0.008556127548217773,0.00854635238647461
2018,racp,racp.mzn,j30_14_7_1.25.dzn,0.009633779525756836,0.005896806716918945,0.005841493606567383
2018,racp,racp.mzn,j60_14_7_1.25.dzn,0.03990817070007324,0.06296014785766602,0.04952216148376465
2018,racp,racp.mzn,j30_13_6_1.25.dzn,0.011835098266601562,0.04418349266052246,0.007155656814575195
2018,racp,racp.mzn,j30_26_2_1.0.dzn,0.006326198577880859,0.006429195404052734,0.0038089752197265625
2018,racp,racp.mzn,j60_29_10_1.0.dzn,0.05031013488769531,0.031620025634765625,0.02000260353088379
2018,vrplc,vrplc_service.mzn,vrplc13_11_15_s3.dzn,0.008255481719970703,0.032653093338012695,0.0065937042236328125
2018,vrplc,vrplc_service.mzn,vrplc9_5_10_s1.dzn,0.007251739501953125,0.00474238395690918,0.0036547183990478516
2018,vrplc,vrplc_service.mzn,vrplc9_5_10_s3.dzn,0.005956172943115234,0.004230022430419922,0.0032362937927246094
2018,vrplc,vrplc_service.mzn,vrplc9_5_15_s3.dzn,0.008993387222290039,0.005868196487426758,0.006798744201660156
2018,vrplc,vrplc_service.mzn,vrplc11_5_15_s3.dzn,0.008344173431396484,0.018074750900268555,0.004811525344848633
2018,opt-cryptanalysis,mznc2017_aes_opt.mzn,r6.dzn,0.0243377685546875,0.0061528682708740234,0.01039743423461914
2018,opt-cryptanalysis,mznc2017_aes_opt.mzn,r14.dzn,0.05509519577026367,0.03489422798156738,0.011957406997680664
2018,opt-cryptanalysis,mznc2017_aes_opt.mzn,r10.dzn,0.041297197341918945,0.01086735725402832,0.020063161849975586
2018,opt-cryptanalysis,mznc2017_aes_opt.mzn,r12.dzn,0.04914426803588867,0.011457681655883789,0.033554792404174805
2018,opt-cryptanalysis,mznc2017_aes_opt.mzn,r8.dzn,0.03292512893676758,0.008697032928466797,0.010397195816040039
2018,proteindesign12,wcsp.mzn,1CM1.17p.19aa.usingEref_self.dzn,17.19156575202942,5.4547812938690186,4.888067722320557
2018,proteindesign12,wcsp.mzn,2PCY.18p.8aa.usingEref_self.dzn,1.0389344692230225,0.4742584228515625,0.3429863452911377
2018,proteindesign12,wcsp.mzn,2DHC.14p.19aa.usingEref_self.dzn,11.176746606826782,3.4778919219970703,3.1367392539978027
2018,proteindesign12,wcsp.mzn,1PGB.11p.9aa.usingEref_self_x.dzn,0.38796043395996094,0.07137680053710938,0.1280679702758789
2018,proteindesign12,wcsp.mzn,1HZ5.12p.9aa.usingEref_self_x.dzn,0.4660923480987549,0.10081291198730469,0.10919809341430664
2018,gfd-schedule,gfd-schedule2.mzn,n200f5d50m40k6.dzn,0.1866917610168457,0.20092988014221191,0.3106536865234375
2018,gfd-schedule,gfd-schedule2.mzn,n90f5d40m30k6.dzn,0.04718661308288574,0.08768773078918457,0.0322873592376709
2018,gfd-schedule,gfd-schedule2.mzn,n100f7d50m20k10.dzn,0.05596280097961426,0.0721883773803711,0.05833315849304199
2018,gfd-schedule,gfd-schedule2.mzn,n65f2d50m20k10.dzn,0.021685361862182617,0.011427640914916992,0.02121281623840332
2018,gfd-schedule,gfd-schedule2.mzn,n80f7d30m7k7.dzn,0.0411989688873291,0.050823211669921875,0.04199862480163574
2018,neighbours,neighbours-rect.mzn,neighbours9.dzn,0.00404047966003418,0.0025610923767089844,0.0030364990234375
2018,neighbours,neighbours-rect.mzn,neighbours1.dzn,0.003958225250244141,0.0021729469299316406,0.0024461746215820312
2018,neighbours,neighbours-rect.mzn,neighbours5.dzn,0.005395174026489258,0.004130840301513672,0.029311180114746094
2018,neighbours,neighbours-rect.mzn,neighbours3.dzn,0.0046350955963134766,0.0022699832916259766,0.001954793930053711
2018,neighbours,neighbours-rect.mzn,neighbours7.dzn,0.004208564758300781,0.0026853084564208984,0.00217437744140625
2018,concert-hall-cap,concert-hall-cap.mzn,concert-cap.mznc2018.318.dzn,0.007195472717285156,0.0054242610931396484,0.0032215118408203125
2018,concert-hall-cap,concert-hall-cap.mzn,concert-cap.mznc2018.148.dzn,0.004792213439941406,0.004485130310058594,0.0036330223083496094
2018,concert-hall-cap,concert-hall-cap.mzn,concert-cap.mznc2018.06.dzn,0.008580207824707031,0.0066950321197509766,0.003654956817626953
2018,concert-hall-cap,concert-hall-cap.mzn,concert-cap.mznc2018.03.dzn,0.005719900131225586,0.0051081180572509766,0.002559661865234375
2018,concert-hall-cap,concert-hall-cap.mzn,concert-cap.mznc2018.02.dzn,0.00449824333190918,0.0042226314544677734,0.003376007080078125
2018,rotating-workforce,rotating-workforce.mzn,Example1780.dzn,0.005196094512939453,0.006112813949584961,0.0028009414672851562
2018,rotating-workforce,rotating-workforce.mzn,Example593.dzn,0.010576963424682617,0.007344245910644531,0.006058692932128906
2018,rotating-workforce,rotating-workforce.mzn,Example1479.dzn,0.010485172271728516,0.01967644691467285,0.006335258483886719
2018,rotating-workforce,rotating-workforce.mzn,Example1014.dzn,0.007642507553100586,0.006426572799682617,0.03130817413330078
2018,rotating-workforce,rotating-workforce.mzn,Example103.dzn,0.007921934127807617,0.00552678108215332,0.0038690567016601562
2018,seat-moving,seat-moving.mzn,sm-10-12-00.dzn,0.010056495666503906,0.00613856315612793,0.0050296783447265625
2018,seat-moving,seat-moving.mzn,sm-20-20-00.dzn,0.00833749771118164,0.007132530212402344,0.004640340805053711
2018,seat-moving,seat-moving.mzn,sm-10-20-05.dzn,0.00610804557800293,0.002995729446411133,0.002543926239013672
2018,seat-moving,seat-moving.mzn,sm-15-12-00.dzn,0.01508021354675293,0.020232200622558594,0.006884336471557617
2018,seat-moving,seat-moving.mzn,sm-15-20-00.dzn,0.007786750793457031,0.006158113479614258,0.0052928924560546875
2018,train,train.mzn,instance.5.dzn,0.005117177963256836,0.026259183883666992,0.0027060508728027344
2018,train,train.mzn,instance.16.dzn,0.003522634506225586,0.002715587615966797,0.0022754669189453125
2018,train,train.mzn,instance.17.dzn,0.004089832305908203,0.0030336380004882812,0.0025000572204589844
2018,train,train.mzn,instance.10.dzn,0.003384828567504883,0.0029234886169433594,0.0025014877319335938
2018,train,train.mzn,instance.4.dzn,0.004414081573486328,0.002759695053100586,0.002738475799560547
2018,steiner-tree,steiner-tree.mzn,es10fst03.stp.dzn,0.005898237228393555,0.005261421203613281,0.004273414611816406
2018,steiner-tree,steiner-tree.mzn,es20fst09.stp.dzn,0.009430885314941406,0.005591869354248047,0.0174560546875
2018,steiner-tree,steiner-tree.mzn,es20fst08.stp.dzn,0.016263484954833984,0.007994651794433594,0.007343292236328125
2018,steiner-tree,steiner-tree.mzn,es10fst10.stp.dzn,0.005194902420043945,0.028003215789794922,0.003062009811401367
2018,steiner-tree,steiner-tree.mzn,es20fst14.stp.dzn,0.009271383285522461,0.013343334197998047,0.008533477783203125
2018,on-call-rostering,oc-roster.mzn,30s-400d-A.dzn,0.0347902774810791,0.057288408279418945,0.03572964668273926
2018,on-call-rostering,oc-roster.mzn,4s-100d.dzn,0.0051975250244140625,0.004105567932128906,0.004685401916503906
2018,on-call-rostering,oc-roster.mzn,20s-100d-B.dzn,0.011980772018432617,0.03407096862792969,0.0075397491455078125
2018,on-call-rostering,oc-roster.mzn,2s-200d.dzn,0.007576942443847656,0.0054111480712890625,0.004525423049926758
2018,on-call-rostering,oc-roster.mzn,10s-100d-C.dzn,0.00508427619934082,0.0040357112884521484,0.0028879642486572266
2012,amaze2,amaze2.mzn,2012-03-15.dzn,0.02456831932067871,0.027466535568237305,0.04121518135070801
2012,amaze2,amaze2.mzn,2012-06-28.dzn,0.00666356086730957,0.0052640438079833984,0.003466367721557617
2012,amaze2,amaze2.mzn,2012-06-29.dzn,0.020360469818115234,0.03022289276123047,0.011165380477905273
2012,amaze2,amaze2.mzn,2012-06-22.dzn,0.01762104034423828,0.03750300407409668,0.021332740783691406
2012,amaze2,amaze2.mzn,2012-07-04.dzn,0.011399984359741211,0.006816387176513672,0.008753776550292969
2012,amaze2,amaze2.mzn,2012-03-08.dzn,0.028073549270629883,0.060129404067993164,0.013782501220703125
2012,solbat,sb.mzn,sb_14_14_6_4.dzn,0.0637521743774414,0.11263132095336914,0.08655381202697754
2012,solbat,sb.mzn,sb_14_14_6_0.dzn,0.06474900245666504,0.06395888328552246,0.045027971267700195
2012,solbat,sb.mzn,sb_13_13_5_4.dzn,0.05066275596618652,0.048511505126953125,0.08016371726989746
2012,solbat,sb.mzn,sb_15_15_6_3.dzn,0.07460498809814453,0.08634829521179199,0.06429219245910645
2012,solbat,sb.mzn,sb_12_12_5_1.dzn,0.045355796813964844,0.05324721336364746,0.04659223556518555
2012,filters,filter.mzn,fir_1_1.dzn,0.0034134387969970703,0.002276897430419922,0.0017693042755126953
2012,filters,filter.mzn,fir16_1_1.dzn,0.002767324447631836,0.0024008750915527344,0.0015263557434082031
2012,filters,filter.mzn,ar_1_2.dzn,0.002604961395263672,0.0018007755279541016,0.0012433528900146484
2012,filters,filter.mzn,dct_1_1.dzn,0.0031745433807373047,0.0029511451721191406,0.0015721321105957031
2012,filters,filter.mzn,ewf_1_1.dzn,0.0033190250396728516,0.002407073974609375,0.0013604164123535156
2012,radiation,radiation.mzn,m07_07_20.dzn,0.007287740707397461,0.006417274475097656,0.03251814842224121
2012,radiation,radiation.mzn,m18_12_05.dzn,0.10562705993652344,0.11050176620483398,0.10759973526000977
2012,radiation,radiation.mzn,m40_10_02.dzn,0.31526827812194824,0.4381439685821533,0.4443075656890869
2012,radiation,radiation.mzn,m12_10_20.dzn,0.028394222259521484,0.06582474708557129,0.024121761322021484
2012,radiation,radiation.mzn,m06_15_15.dzn,0.013444185256958008,0.008708477020263672,0.011873960494995117
2012,tpp,tpp.mzn,tpp_7_5_30_1.dzn,0.008398056030273438,0.00519108772277832,0.004349470138549805
2012,tpp,tpp.mzn,tpp_7_3_20_1.dzn,0.004988670349121094,0.008908748626708984,0.004287242889404297
2012,tpp,tpp.mzn,tpp_3_5_20_1.dzn,0.005002498626708984,0.004772186279296875,0.0036134719848632812
2012,tpp,tpp.mzn,tpp_7_5_20_1.dzn,0.007465362548828125,0.0058820247650146484,0.003709077835083008
2012,tpp,tpp.mzn,tpp_3_3_30_1.dzn,0.004291534423828125,0.002707958221435547,0.0020661354064941406
2012,tpp,tpp.mzn,tpp_5_5_20_1.dzn,0.007173299789428711,0.004638671875,0.0032460689544677734
2012,tpp,tpp.mzn,tpp_5_3_20_1.dzn,0.004395961761474609,0.0034236907958984375,0.003245830535888672
2012,vrp,vrp.mzn,B-n51-k7.vrp.dzn,0.028629064559936523,0.039444684982299805,0.0604708194732666
2012,vrp,vrp.mzn,P-n20-k2.vrp.dzn,0.007024049758911133,0.005541086196899414,0.005658864974975586
2012,vrp,vrp.mzn,A-n38-k5.vrp.dzn,0.018839359283447266,0.05433082580566406,0.02211761474609375
2012,vrp,vrp.mzn,P-n60-k15.vrp.dzn,0.04004549980163574,0.09325146675109863,0.06937694549560547
2012,vrp,vrp.mzn,A-n62-k8.vrp.dzn,0.045114994049072266,0.04755544662475586,0.0856163501739502
2012,amaze,amaze.mzn,2012-03-19.dzn,0.006268739700317383,0.004336833953857422,0.0027310848236083984
2012,amaze,amaze.mzn,2012-03-15.dzn,0.0074367523193359375,0.004332780838012695,0.003594636917114258
2012,amaze,amaze.mzn,2012-06-29.dzn,0.005778789520263672,0.003059864044189453,0.002695322036743164
2012,amaze,amaze.mzn,2012-06-22.dzn,0.006864786148071289,0.004152774810791016,0.0031278133392333984
2012,amaze,amaze.mzn,2012-07-04.dzn,0.004302501678466797,0.002454996109008789,0.0021636486053466797
2012,amaze,amaze.mzn,2012-03-08.dzn,0.007014751434326172,0.005005359649658203,0.002908945083618164
2012,nonogram,non.mzn,non_awful_3.dzn,0.024686336517333984,0.0076100826263427734,0.007006406784057617
2012,nonogram,non.mzn,non_fast_8.dzn,0.023737430572509766,0.03333473205566406,0.00979471206665039
2012,nonogram,non.mzn,non_awful_5.dzn,0.022826433181762695,0.007854223251342773,0.019513368606567383
2012,nonogram,non.mzn,non_fast_4.dzn,0.017838239669799805,0.006623983383178711,0.006014823913574219
2012,nonogram,non.mzn,non_fast_11.dzn,0.024076223373413086,0.008803844451904297,0.03862428665161133
2012,fast-food,fastfood.mzn,ff58.dzn,0.005316972732543945,0.004430055618286133,0.00507807731628418
2012,fast-food,fastfood.mzn,ff61.dzn,0.00651860237121582,0.00548243522644043,0.003737926483154297
2012,fast-food,fastfood.mzn,ff3.dzn,0.005334138870239258,0.0036487579345703125,0.0025696754455566406
2012,fast-food,fastfood.mzn,ff63.dzn,0.006918907165527344,0.004851102828979492,0.015382051467895508
2012,fast-food,fastfood.mzn,ff59.dzn,0.007336139678955078,0.00391077995300293,0.003168344497680664
2012,league,league.mzn,model20-3-5.dzn,0.004407167434692383,0.00262451171875,0.0022711753845214844
2012,league,league.mzn,model55-3-12.dzn,0.017046213150024414,0.0073146820068359375,0.006375312805175781
2012,league,league.mzn,model50-4-4.dzn,0.010252952575683594,0.02985835075378418,0.007221221923828125
2012,league,league.mzn,model90-18-20.dzn,0.05435466766357422,0.0835716724395752,0.06315398216247559
2012,league,league.mzn,model30-4-6.dzn,0.007733821868896484,0.005299091339111328,0.005165576934814453
2012,league,league.mzn,model100-21-12.dzn,0.06629133224487305,0.07768726348876953,0.058376312255859375
2012,still-life-wastage,still-life.mzn,11.dzn,0.01999211311340332,0.0413973331451416,0.012774944305419922
2012,still-life-wastage,still-life.mzn,09.dzn,0.014168500900268555,0.0069463253021240234,0.009510993957519531
2012,still-life-wastage,still-life.mzn,12.dzn,0.02306652069091797,0.0249631404876709,0.039214134216308594
2012,still-life-wastage,still-life.mzn,13.dzn,0.02702021598815918,0.012750625610351562,0.030214786529541016
2012,still-life-wastage,still-life.mzn,10.dzn,0.017643451690673828,0.03620409965515137,0.014656543731689453
2012,pattern-set-mining-k2,pattern_set_mining_k2.mzn,german-credit.dzn,0.6046280860900879,0.40104103088378906,0.3822317123413086
2012,pattern-set-mining-k2,pattern_set_mining_k2.mzn,segment.dzn,0.7073407173156738,0.5271203517913818,0.6485028266906738
2012,pattern-set-mining-k2,pattern_set_mining_k2.mzn,audiology.dzn,0.056767940521240234,0.02971816062927246,0.049508094787597656
2012,carpet-cutting,cc_base.mzn,mzn_rnd_test.10.dzn,0.004077911376953125,0.005761146545410156,0.0037941932678222656
2012,carpet-cutting,cc_base.mzn,mzn_rnd_test.05.dzn,0.004381895065307617,0.002227306365966797,0.0019295215606689453
2012,carpet-cutting,cc_base.mzn,mzn_rnd_test.16.dzn,0.003877878189086914,0.002767801284790039,0.0023550987243652344
2012,carpet-cutting,cc_base.mzn,mzn_rnd_test.14.dzn,0.0038602352142333984,0.0035619735717773438,0.0034596920013427734
2012,carpet-cutting,cc_base.mzn,mzn_rnd_test.17.dzn,0.004359722137451172,0.005424976348876953,0.003469705581665039
2012,project-planning,ProjectPlannertest_17_9.mzn,,0.033243656158447266,0.06804966926574707,0.04732036590576172
2012,project-planning,ProjectPlannertest_12_8.mzn,,0.018010616302490234,0.022902727127075195,0.012187480926513672
2012,project-planning,ProjectPlannertest_14_8.mzn,,0.02301335334777832,0.041080474853515625,0.026859283447265625
2012,project-planning,ProjectPlannertest_13_8.mzn,,0.017813444137573242,0.042226552963256836,0.01128697395324707
2012,project-planning,ProjectPlannertest_16_7.mzn,,0.02943134307861328,0.02893805503845215,0.04516935348510742
2012,project-planning,ProjectPlannertest_13_6.mzn,,0.018587589263916016,0.011018753051757812,0.023210525512695312
2012,parity-learning,parity-learning.mzn,48_24_6.2.dzn,0.005631208419799805,0.0023789405822753906,0.0017180442810058594
2012,parity-learning,parity-learning.mzn,44_22_5.3.dzn,0.003835439682006836,0.0021979808807373047,0.002278566360473633
2012,parity-learning,parity-learning.mzn,44_22_5.2.dzn,0.00419163703918457,0.00228118896484375,0.0024366378784179688
2012,parity-learning,parity-learning.mzn,52_26_6.1.dzn,0.0050048828125,0.003312349319458008,0.0028820037841796875
2012,parity-learning,parity-learning.mzn,48_24_6.1.dzn,0.0063190460205078125,0.003286600112915039,0.001976490020751953
2012,parity-learning,parity-learning.mzn,52_26_6.2.dzn,0.005724668502807617,0.0031363964080810547,0.0032536983489990234
2012,parity-learning,parity-learning.mzn,52_26_6.3.dzn,0.0055849552154541016,0.0035047531127929688,0.0024406909942626953
2012,pattern-set-mining-k1,pattern_set_mining_k1.mzn,mushroom.dzn,2.8787379264831543,1.5804100036621094,1.538558006286621
2012,pattern-set-mining-k1,pattern_set_mining_k1.mzn,ionosphere.dzn,0.3177156448364258,0.13995146751403809,0.23979878425598145
2012,mspsp,mspsp.mzn,medium_05.dzn,0.005812883377075195,0.004819393157958984,0.003762960433959961
2012,mspsp,mspsp.mzn,medium_03.dzn,0.004857778549194336,0.003007650375366211,0.002663135528564453
2012,mspsp,mspsp.mzn,medium_02.dzn,0.004205942153930664,0.002985715866088867,0.002128124237060547
2012,mspsp,mspsp.mzn,hard_01.dzn,0.004266500473022461,0.0037147998809814453,0.002374887466430664
2012,mspsp,mspsp.mzn,hard_03.dzn,0.005054473876953125,0.004996061325073242,0.0035276412963867188
2012,mspsp,mspsp.mzn,easy_01.dzn,0.0051021575927734375,0.0035910606384277344,0.0024788379669189453
2012,train,train.mzn,instance.2.dzn,0.0037813186645507812,0.005046367645263672,0.0030303001403808594
2012,train,train.mzn,instance.7.dzn,0.004602909088134766,0.0039098262786865234,0.0030515193939208984
2012,train,train.mzn,instance.6.dzn,0.003641843795776367,0.002672433853149414,0.0022592544555664062
2012,train,train.mzn,instance.12.dzn,0.004635810852050781,0.003133535385131836,0.002504587173461914
2012,train,train.mzn,instance.3.dzn,0.004917621612548828,0.0038022994995117188,0.0028350353240966797
2012,train,train.mzn,instance.15.dzn,0.004772663116455078,0.0029349327087402344,0.01787853240966797
2012,ship-schedule,ship-schedule.cp.mzn,6ShipsMixed.dzn,0.034362077713012695,0.055342674255371094,0.03613424301147461
2012,ship-schedule,ship-schedule.cp.mzn,5Ships.dzn,0.03402304649353027,0.04828000068664551,0.039925575256347656
2012,ship-schedule,ship-schedule.cp.mzn,7ShipsMixedUnconst.dzn,0.045937538146972656,0.05308938026428223,0.049991607666015625
2012,ship-schedule,ship-schedule.cp.mzn,7ShipsMixed.dzn,0.04139900207519531,0.0565187931060791,0.02756047248840332
2012,ship-schedule,ship-schedule.cp.mzn,8ShipsUnconst.dzn,0.05494093894958496,0.08296537399291992,0.05924844741821289
2019,lot-sizing,lot_sizing_cp.mzn,pigment30b.psp.dzn,0.004576206207275391,0.0033006668090820312,0.002693653106689453
2019,lot-sizing,lot_sizing_cp.mzn,pigment15d.psp.dzn,0.0037436485290527344,0.0033614635467529297,0.0035245418548583984
2019,lot-sizing,lot_sizing_cp.mzn,pigment20c.psp.dzn,0.006695985794067383,0.004313945770263672,0.004023075103759766
2019,lot-sizing,lot_sizing_cp.mzn,pigment15a.psp.dzn,0.004313230514526367,0.0030477046966552734,0.00226593017578125
2019,lot-sizing,lot_sizing_cp.mzn,pigment20a.psp.dzn,0.005959510803222656,0.003955841064453125,0.0033698081970214844
2019,zephyrus,zephyrus.mzn,14__6__6__3.dzn,0.010670661926269531,0.04082441329956055,0.0069811344146728516
2019,zephyrus,zephyrus.mzn,12__6__6__3.dzn,0.011779069900512695,0.007334470748901367,0.005660295486450195
2019,zephyrus,zephyrus.mzn,12__8__6__3.dzn,0.00972437858581543,0.0058689117431640625,0.006292104721069336
2019,zephyrus,zephyrus.mzn,14__10__6__3.dzn,0.011342048645019531,0.0073261260986328125,0.02014899253845215
2019,zephyrus,zephyrus.mzn,12__10__8__3.dzn,0.009480476379394531,0.006085872650146484,0.008387327194213867
2019,median-string,median_string_dp.mzn,p2_4_20-0.dzn,0.03366971015930176,0.047742366790771484,0.03223371505737305
2019,median-string,median_string_dp.mzn,p2_10_8-0.dzn,0.020804882049560547,0.038541316986083984,0.015034198760986328
2019,median-string,median_string_dp.mzn,p1_15_20-1.dzn,0.2618107795715332,0.2655801773071289,0.29363250732421875
2019,median-string,median_string_dp.mzn,p2_2_20-2.dzn,0.021129846572875977,0.011806964874267578,0.02157735824584961
2019,median-string,median_string_dp.mzn,p2_10_8-3.dzn,0.019190073013305664,0.009652376174926758,0.013318777084350586
2019,ptv,pax_model.mzn,pax_period_20_5a.dzn,0.11667990684509277,0.1288292407989502,0.08389544486999512
2019,ptv,pax_model.mzn,pax_period_20_5b.dzn,0.06922507286071777,0.037743568420410156,0.061981201171875
2019,ptv,pax_model.mzn,pax_period_20_2b.dzn,0.0643458366394043,0.05486488342285156,0.033083438873291016
2019,ptv,pax_model.mzn,pax_period_20_3b.dzn,0.10070466995239258,0.0696558952331543,0.047193050384521484
2019,ptv,pax_model.mzn,pax_period_20_1c.dzn,0.10491728782653809,0.09262871742248535,0.09127068519592285
2019,multi-knapsack,mknapsack_global.mzn,mknap2-40.dzn,0.004484415054321289,0.003486156463623047,0.002496480941772461
2019,multi-knapsack,mknapsack_global.mzn,mknap2-1.dzn,0.01019287109375,0.007298707962036133,0.005906343460083008
2019,multi-knapsack,mknapsack_global.mzn,mknap2-10.dzn,0.004709482192993164,0.002969026565551758,0.0021817684173583984
2019,multi-knapsack,mknapsack_global.mzn,mknap1-5.dzn,0.003431081771850586,0.0025534629821777344,0.0019817352294921875
2019,multi-knapsack,mknapsack_global.mzn,mknap2-2.dzn,0.00815272331237793,0.030559301376342773,0.004144191741943359
2019,fox-geese-corn,foxgeesecorn.mzn,foxgeesecorn_60.dzn,0.008016347885131836,0.0068416595458984375,0.004848957061767578
2019,fox-geese-corn,foxgeesecorn.mzn,fgc_06_07_08_00.dzn,0.009013175964355469,0.005120515823364258,0.004619598388671875
2019,fox-geese-corn,foxgeesecorn.mzn,fgc_50_50_50_00.dzn,0.01340627670288086,0.020755767822265625,0.009934186935424805
2019,fox-geese-corn,foxgeesecorn.mzn,foxgeesecorn_54.dzn,0.003853321075439453,0.003019571304321289,0.002603769302368164
2019,fox-geese-corn,foxgeesecorn.mzn,foxgeesecorn_13.dzn,0.011148929595947266,0.030585289001464844,0.008045434951782227
2019,hrc,hrc.mzn,exp1-1-5425.dzn,0.03168797492980957,0.034606218338012695,0.04544973373413086
2019,hrc,hrc.mzn,exp1-1-5110.dzn,0.043337106704711914,0.034783124923706055,0.04815387725830078
2019,hrc,hrc.mzn,exp2-1-5600.dzn,0.07457423210144043,0.07202792167663574,0.06446337699890137
2019,hrc,hrc.mzn,exp2-1-5145.dzn,0.07312631607055664,0.0634307861328125,0.037099599838256836
2019,hrc,hrc.mzn,exp1-1-5460.dzn,0.025813817977905273,0.031296491622924805,0.014784812927246094
2019,liner-sf-repositioning,tp7_2.mzn,,0.026013851165771484,0.007343292236328125,0.01111459732055664
2019,liner-sf-repositioning,tp7_12.mzn,,0.05496048927307129,0.051694631576538086,0.015302181243896484
2019,liner-sf-repositioning,fm3_3.mzn,,0.020711183547973633,0.0190584659576416,0.006173372268676758
2019,liner-sf-repositioning,tp7_4.mzn,,0.017331361770629883,0.005321025848388672,0.004366874694824219
2019,liner-sf-repositioning,fm3_0.mzn,,0.014887094497680664,0.028810977935791016,0.005640506744384766
2019,kidney-exchange,ccmcp.mzn,3_20_0.25_5.dzn,0.0038475990295410156,0.002125263214111328,0.0015711784362792969
2019,kidney-exchange,ccmcp.mzn,3_20_0.30_5.dzn,0.003857135772705078,0.002134084701538086,0.001697540283203125
2019,kidney-exchange,ccmcp.mzn,3_20_0.25_2.dzn,0.003818035125732422,0.002858400344848633,0.0022745132446289062
2019,kidney-exchange,ccmcp.mzn,3_20_0.40_3.dzn,0.004285097122192383,0.002106189727783203,0.0017828941345214844
2019,kidney-exchange,ccmcp.mzn,3_25_0.20_3.dzn,0.004650592803955078,0.002018451690673828,0.0019941329956054688
2019,nside,full.mzn,HARD_200_50.dzn,0.6471309661865234,0.5829761028289795,0.5655486583709717
2019,nside,full.mzn,HARD_2000_500.dzn,5.021255016326904,5.125511169433594,5.606832981109619
2019,nside,full.mzn,MEDIUM_200_50.dzn,0.656517744064331,0.717583417892456,0.7066769599914551
2019,nside,full.mzn,EASY_200_50.dzn,0.5732905864715576,0.5305290222167969,0.5573980808258057
2019,nside,full.mzn,MEDIUM_1000_100.dzn,1.3222217559814453,1.2849748134613037,1.2895722389221191
2019,stack-cuttingstock,stack-cutstock-cumu.mzn,d3.dzn,0.003942966461181641,0.0023729801177978516,0.001966714859008789
2019,stack-cuttingstock,stack-cutstock-cumu.mzn,d8.dzn,0.007936954498291016,0.005436897277832031,0.00604557991027832
2019,stack-cuttingstock,stack-cutstock-cumu.mzn,d5.dzn,0.005145549774169922,0.006277799606323242,0.005639791488647461
2019,stack-cuttingstock,stack-cutstock-cumu.mzn,d7.dzn,0.005306720733642578,0.0066301822662353516,0.0035202503204345703
2019,stack-cuttingstock,stack-cutstock-cumu.mzn,d14.dzn,0.0056743621826171875,0.005064487457275391,0.0038955211639404297
2019,stochastic-vrp,vrp-s4-v2-c3_svrp-v2-c3_det.mzn,,0.0034787654876708984,0.002345561981201172,0.0029256343841552734
2019,stochastic-vrp,vrp-s5-v2-c6_vrp-v2-c6_det.mzn,,0.0048367977142333984,0.005796909332275391,0.004015207290649414
2019,stochastic-vrp,vrp-s2-v2-c9_vrp-v2-c9_det.mzn,,0.004445314407348633,0.0045053958892822266,0.0026922225952148438
2019,stochastic-vrp,vrp-s3-v2-c7_vrp-v2-c7_det.mzn,,0.003850698471069336,0.0039997100830078125,0.0023407936096191406
2019,stochastic-vrp,vrp-s2-v2-c8_vrp-v2-c8_det.mzn,,0.0032799243927001953,0.0025141239166259766,0.0022237300872802734
2019,code-generator,unison.mzn,mips_gcc.cfgrtl.update_br_prob_note.dzn,0.3677053451538086,0.3358597755432129,0.2992057800292969
2019,code-generator,unison.mzn,mips_mesa.shapes.auxWireBox.dzn,1.3276243209838867,0.9443295001983643,1.0523321628570557
2019,code-generator,unison.mzn,mips_gobmk.patterns.autohelperpat1114.dzn,0.24719452857971191,0.22619318962097168,0.18064022064208984
2019,code-generator,unison.mzn,mips_gobmk.helpers.dragon_weak.dzn,0.525590181350708,0.42554521560668945,0.4313526153564453
2019,code-generator,unison.mzn,mips_gcc.function.use_return_register.dzn,0.6851227283477783,0.5408339500427246,0.5653879642486572
2019,steelmillslab,steelmillslab.mzn,bench_17_7.dzn,0.1572265625,0.1861426830291748,0.14470934867858887
2019,steelmillslab,steelmillslab.mzn,bench_2_19.dzn,0.15666532516479492,0.17192554473876953,0.13547492027282715
2019,steelmillslab,steelmillslab.mzn,bench_20_15.dzn,0.15730738639831543,0.149522066116333,0.15729427337646484
2019,steelmillslab,steelmillslab.mzn,bench_19_6.dzn,0.15877747535705566,0.15897417068481445,0.16611123085021973
2019,steelmillslab,steelmillslab.mzn,bench_20_8.dzn,0.15975236892700195,0.1484065055847168,0.16028499603271484
2019,amaze,amaze3.mzn,2012-07-27.dzn,0.010946989059448242,0.007965803146362305,0.005733489990234375
2019,amaze,amaze3.mzn,2012-03-19.dzn,0.0069997310638427734,0.005772590637207031,0.004395723342895508
2019,amaze,amaze3.mzn,2012-03-29.dzn,0.007221221923828125,0.006621360778808594,0.003817319869995117
2019,amaze,amaze3.mzn,2012-07-13.dzn,0.009714126586914062,0.034256696701049805,0.007428169250488281
2019,amaze,amaze3.mzn,mod2012-03-29.dzn,0.011464118957519531,0.008764982223510742,0.007038116455078125
2019,rcpsp-wet-diverse,rcpsp-wet-diverse.mzn,j30_27_5-wet-diverse-3.dzn,0.17737197875976562,0.2613832950592041,0.2099308967590332
2019,rcpsp-wet-diverse,rcpsp-wet-diverse.mzn,j30_27_5-wet-diverse-4.dzn,0.3581562042236328,0.36848878860473633,0.37597084045410156
2019,rcpsp-wet-diverse,rcpsp-wet-diverse.mzn,j60_19_6-wet-diverse-3.dzn,1.6929175853729248,2.20361065864563,2.3424503803253174
2019,rcpsp-wet-diverse,rcpsp-wet-diverse.mzn,j30_44_8-wet-diverse-4.dzn,0.5908534526824951,0.6121261119842529,0.6277792453765869
2019,rcpsp-wet-diverse,rcpsp-wet-diverse.mzn,j90_48_4-wet-diverse-3.dzn,14.720695495605469,27.92415976524353,27.50744652748108
2019,groupsplitter,group.mzn,u6g1pref1.dzn,2.0513882637023926,0.5279366970062256,0.8474245071411133
2019,groupsplitter,group.mzn,u9g1pref1.dzn,4.025937795639038,2.073765993118286,1.2697179317474365
2019,groupsplitter,group.mzn,u12g2pref1.dzn,6.492738723754883,2.1755216121673584,2.186722993850708
2019,groupsplitter,group.mzn,u15g5pref0.dzn,9.82265567779541,2.813119411468506,2.753397226333618
2019,groupsplitter,group.mzn,u7g2pref1.dzn,3.005295515060425,0.9952857494354248,0.985424280166626
2019,triangular,triangular.mzn,n17.dzn,0.01798081398010254,0.01589059829711914,0.022023677825927734
2019,triangular,triangular.mzn,n37.dzn,0.34377551078796387,0.4597196578979492,0.5903573036193848
2019,triangular,triangular.mzn,n10.dzn,0.0043261051177978516,0.0055408477783203125,0.003561735153198242
2019,triangular,triangular.mzn,n23.dzn,0.05433249473571777,0.07687568664550781,0.10560417175292969
2019,triangular,triangular.mzn,n29.dzn,0.1302781105041504,0.17776131629943848,0.2248528003692627
2019,rotating-workforce,rotating-workforce.mzn,Example789.dzn,0.014811515808105469,0.009112358093261719,0.04088854789733887
2019,rotating-workforce,rotating-workforce.mzn,Example1242.dzn,0.007325172424316406,0.00574493408203125,0.006213188171386719
2019,rotating-workforce,rotating-workforce.mzn,Example1174.dzn,0.01001119613647461,0.0069882869720458984,0.0048923492431640625
2019,rotating-workforce,rotating-workforce.mzn,Example1337.dzn,0.010214090347290039,0.018934011459350586,0.0069866180419921875
2019,rotating-workforce,rotating-workforce.mzn,Example1370.dzn,0.009543895721435547,0.006783962249755859,0.00836491584777832
2019,accap,accap.mzn,accap_instance9.dzn,0.03998064994812012,0.0911111831665039,0.06124544143676758
2019,accap,accap.mzn,accap_instance8.dzn,0.02641439437866211,0.05120682716369629,0.050200700759887695
2019,accap,accap.mzn,accap_instance6.dzn,0.010231494903564453,0.007098197937011719,0.008883953094482422
2019,accap,accap.mzn,accap_instance5.dzn,0.004841327667236328,0.0050809383392333984,0.004720449447631836
2019,accap,accap.mzn,accap_instance3.dzn,0.002762317657470703,0.002927064895629883,0.0024595260620117188
2025,stripboard,stripboard.mzn,stripboard_w10_h10_l12_c4_n24.json,0.021101951599121094,0.03644132614135742,0.012148141860961914
2025,stripboard,stripboard.mzn,stripboard_w20_h15_l7_c6_n24.json,0.020793676376342773,0.03032994270324707,0.014639854431152344
2025,stripboard,stripboard.mzn,stripboard_w20_h15_l4_c4_n24.json,0.006343841552734375,0.0048143863677978516,0.0040514469146728516
2025,stripboard,stripboard.mzn,stripboard_w15_h10_l12_c6_n12.json,0.033879756927490234,0.05989718437194824,0.021683931350708008
2025,stripboard,stripboard.mzn,stripboard_w20_h15_l12_c6_n12.json,0.030805587768554688,0.038565874099731445,0.014236211776733398
2025,products-and-shelves,product-and-shelves.mzn,ps-50-09.dzn,1.618206262588501,1.3598358631134033,1.4606125354766846
2025,products-and-shelves,product-and-shelves.mzn,ps-25-03.dzn,0.19692373275756836,0.11302304267883301,0.18152332305908203
2025,products-and-shelves,product-and-shelves.mzn,toy.dzn,0.0825350284576416,0.10887026786804199,0.0903770923614502
2025,products-and-shelves,product-and-shelves.mzn,ps-25-01.dzn,0.19131827354431152,0.15989017486572266,0.17187952995300293
2025,products-and-shelves,product-and-shelves.mzn,ps-50-06.dzn,1.5740935802459717,1.358306646347046,1.5920608043670654
2025,fbd1,FBD1.mzn,FBDk06.dzn,0.003165006637573242,0.0030035972595214844,0.002376556396484375
2025,fbd1,FBD1.mzn,FBDk04.dzn,0.0030095577239990234,0.002447366714477539,0.0013477802276611328
2025,fbd1,FBD1.mzn,FBDk08.dzn,0.003765583038330078,0.0035228729248046875,0.003016233444213867
2025,fbd1,FBD1.mzn,FBDk09.dzn,0.004180431365966797,0.0034728050231933594,0.0036673545837402344
2025,fbd1,FBD1.mzn,FBDk07.dzn,0.003835916519165039,0.003332853317260742,0.0021147727966308594
2025,ihtc-2024-kletzander,model4_opt.mzn,test03.dzn,0.04612135887145996,0.03354644775390625,0.12720394134521484
2025,ihtc-2024-kletzander,model4_opt.mzn,i02.dzn,0.04612112045288086,0.06887698173522949,0.02313089370727539
2025,ihtc-2024-kletzander,model4_opt.mzn,test05.dzn,0.08839631080627441,0.08570361137390137,0.09874606132507324
2025,ihtc-2024-kletzander,model4_opt.mzn,i07.dzn,0.17095732688903809,0.17705583572387695,0.1785264015197754
2025,ihtc-2024-kletzander,model4_opt.mzn,i09.dzn,0.20414447784423828,0.19466233253479004,0.20772051811218262
2025,ihtc-2024-marte,model.mzn,i06.json,0.363527774810791,0.33666539192199707,0.3072638511657715
2025,ihtc-2024-marte,model.mzn,i03.json,0.0976099967956543,0.07052493095397949,0.049567222595214844
2025,ihtc-2024-marte,model.mzn,i01.json,0.06652522087097168,0.10267448425292969,0.04260849952697754
2025,ihtc-2024-marte,model.mzn,i11.json,0.6943755149841309,0.5806729793548584,0.46547508239746094
2025,ihtc-2024-marte,model.mzn,i14.json,1.078594446182251,0.7792139053344727,0.746100902557373
2025,skill-allocation,skill_allocation_only.mzn,skill_allocation_mzn_5d_1.dzn,0.08070993423461914,0.099334716796875,0.05143594741821289
2025,skill-allocation,skill_allocation_only.mzn,skill_allocation_mzn_1m_2.dzn,0.40585970878601074,0.43761134147644043,0.3811979293823242
2025,skill-allocation,skill_allocation_only.mzn,skill_allocation_mzn_3m_3.dzn,1.799936056137085,2.1836986541748047,2.2040300369262695
2025,skill-allocation,skill_allocation_only.mzn,skill_allocation_mzn_2m_2.dzn,1.1105947494506836,1.3192522525787354,1.3309545516967773
2025,skill-allocation,skill_allocation_only.mzn,skill_allocation_mzn_2w_2.dzn,0.18618035316467285,0.2299056053161621,0.15776777267456055
2025,tower,tower.mzn,tower_070_070_15_070-02.dzn,0.022814035415649414,0.013225078582763672,0.01742720603942871
2025,tower,tower.mzn,tower_070_070_30_100-02.dzn,0.056311607360839844,0.05101776123046875,0.04155278205871582
2025,tower,tower.mzn,tower_050_050_10_050-03.dzn,0.013191461563110352,0.008410930633544922,0.008036375045776367
2025,tower,tower.mzn,tower_070_070_15_070-08.dzn,0.02199721336364746,0.014300107955932617,0.014503955841064453
2025,tower,tower.mzn,tower_500_500_50_300-05.dzn,0.23082995414733887,0.2928495407104492,0.1977217197418213
2025,mondoku,mondoku-gcc-model-balance.mzn,14-14-8.dzn,0.014351606369018555,0.04611635208129883,0.00998067855834961
2025,mondoku,mondoku-gcc-model-balance.mzn,20-18-9.dzn,0.02445507049560547,0.014885902404785156,0.019145727157592773
2025,mondoku,mondoku-gcc-model-balance.mzn,10-10-6.dzn,0.008348464965820312,0.005775928497314453,0.006693601608276367
2025,mondoku,mondoku-gcc-model-balance.mzn,8-8-4.dzn,0.011759757995605469,0.005292177200317383,0.005205869674682617
2025,mondoku,mondoku-gcc-model-balance.mzn,12-12-8.dzn,0.013561725616455078,0.009499311447143555,0.009513378143310547
2025,black-hole,black-hole.mzn,layout_3.json,0.014763832092285156,0.006440401077270508,0.006488323211669922
2025,black-hole,black-hole.mzn,layout_25.json,0.011781692504882812,0.004412412643432617,0.0034987926483154297
2025,black-hole,black-hole.mzn,layout_17.json,0.011831521987915039,0.005904197692871094,0.0037288665771484375
2025,black-hole,black-hole.mzn,layout_27.json,0.012241125106811523,0.004292726516723633,0.0038950443267822266
2025,black-hole,black-hole.mzn,layout_14.json,0.012726306915283203,0.0069048404693603516,0.0038111209869384766
2025,EchoSched,JSP0.mzn,14-10-0-2_3.dzn,0.023584842681884766,0.014299154281616211,0.03885245323181152
2025,EchoSched,JSP0.mzn,13-14-0-2_6.dzn,0.03249764442443848,0.05133223533630371,0.01930689811706543
2025,EchoSched,JSP0.mzn,12-12-0-1_7.dzn,0.024336576461791992,0.026391983032226562,0.04287385940551758
2025,EchoSched,JSP0.mzn,14-10-0-2_1.dzn,0.02360987663269043,0.011436939239501953,0.028403282165527344
2025,EchoSched,JSP0.mzn,15-15-0-1_3.dzn,0.03406262397766113,0.04590868949890137,0.03660869598388672
2025,is,model.mzn,avdoaYnfXq.dzn,0.0061397552490234375,0.0035605430603027344,0.0034546852111816406
2025,is,model.mzn,9aGFgDaHX7.dzn,0.004885435104370117,0.03309369087219238,0.0025839805603027344
2025,is,model.mzn,vWQp9idqMs.dzn,0.010575056076049805,0.006455659866333008,0.006180524826049805
2025,is,model.mzn,BnMUR3YMRk.dzn,0.006353139877319336,0.0032291412353515625,0.003096342086791992
2025,is,model.mzn,1vERFuvviS.dzn,0.005684375762939453,0.003424406051635742,0.0037376880645751953
2025,cgt,cgt.mzn,cgt_5_h27_r0.05_s0.8_0.json,0.0450289249420166,0.01709270477294922,0.027733564376831055
2025,cgt,cgt.mzn,cgt_3_h39_r0.05_s1_3.json,0.0744621753692627,0.0447688102722168,0.04029679298400879
2025,cgt,cgt.mzn,cgt_12_h27_r0.05_s0.5_3.json,0.10015058517456055,0.07508587837219238,0.08216547966003418
2025,cgt,cgt.mzn,cgt_8_h16_r0.05_s0.5_3.json,0.014354705810546875,0.007380485534667969,0.005939483642578125
2025,cgt,cgt.mzn,cgt_3_h39_r0.05_s0.5_0.json,0.0878450870513916,0.0645294189453125,0.04202151298522949
2025,proteindesign12,wcsp.mzn,1HZ5.12p.19aa.usingEref_self.dzn,7.910375595092773,2.7378334999084473,2.454134225845337
2025,proteindesign12,wcsp.mzn,1UBI.13p.9aa.usingEref_self_x.dzn,0.5571973323822021,0.19139504432678223,0.2981278896331787
2025,proteindesign12,wcsp.mzn,1UBI.13p.19aa.usingEref_self.dzn,9.271931409835815,2.858614444732666,2.7123095989227295
2025,proteindesign12,wcsp.mzn,1HZ5.12p.9aa.usingEref_self.dzn,0.4733009338378906,0.16169166564941406,0.2269289493560791
2025,proteindesign12,wcsp.mzn,2TRX.11p.8aa.usingEref_self_x.dzn,0.35771608352661133,0.1176445484161377,0.10437917709350586
2025,tsptw,tsptw.mzn,n20w180.004.dzn,0.003140687942504883,0.0028519630432128906,0.0020987987518310547
2025,tsptw,tsptw.mzn,n20w140.005.dzn,0.00299835205078125,0.002968311309814453,0.002154827117919922
2025,tsptw,tsptw.mzn,n100w120.003.dzn,0.02155160903930664,0.009117603302001953,0.00688934326171875
2025,tsptw,tsptw.mzn,n80w180.003.dzn,0.01580810546875,0.007022857666015625,0.035660743713378906
2025,tsptw,tsptw.mzn,n20w160.001.dzn,0.0030622482299804688,0.003289937973022461,0.002504587173461914
2025,groupsplitter,group.mzn,u15g5pref1.dzn,9.902092695236206,2.8912296295166016,2.8590681552886963
2025,groupsplitter,group.mzn,u12g2pref0.dzn,6.187434673309326,2.0097429752349854,1.812941312789917
2025,groupsplitter,group.mzn,u12g2pref2.dzn,6.585483074188232,2.022061824798584,1.9155223369598389
2025,groupsplitter,group.mzn,u15g1pref2.dzn,9.732049942016602,2.9657199382781982,3.001777410507202
2025,groupsplitter,group.mzn,u15g3pref0.dzn,9.966917037963867,2.9161312580108643,2.798332452774048
2025,atsp,atsp.mzn,instance1_0p05.dzn,0.0036749839782714844,0.0031287670135498047,0.0017876625061035156
2025,atsp,atsp.mzn,instance4_0p15.dzn,0.01687312126159668,0.011362075805664062,0.010996818542480469
2025,atsp,atsp.mzn,instance20_0p35.dzn,0.06220388412475586,0.04267382621765137,0.05191922187805176
2025,atsp,atsp.mzn,instance11_0p25.dzn,0.023780345916748047,0.013835906982421875,0.015117168426513672
2025,atsp,atsp.mzn,instance14_0p25.dzn,0.05764627456665039,0.04483675956726074,0.04832315444946289
2025,carpet-cutting,cc_base.mzn,cc_rnd_8_2.json,0.0032684803009033203,0.0026395320892333984,0.0017323493957519531
2025,carpet-cutting,cc_base.mzn,cc_rnd_12_3.json,0.0038444995880126953,0.0028688907623291016,0.0016512870788574219
2025,carpet-cutting,cc_base.mzn,cc_rnd_4_4.json,0.002857685089111328,0.0017611980438232422,0.0017824172973632812
2025,carpet-cutting,cc_base.mzn,cc_rnd_8_1.json,0.0028886795043945312,0.0026717185974121094,0.0015349388122558594
2025,carpet-cutting,cc_base.mzn,cc_rnd_16_1.json,0.003478527069091797,0.002439737319946289,0.002576112747192383
2025,hitori,hitori.mzn,h5-1.dzn,0.005843400955200195,0.005284309387207031,0.0028624534606933594
2025,hitori,hitori.mzn,h20-2.dzn,0.23449969291687012,0.28104281425476074,0.20758700370788574
2025,hitori,hitori.mzn,h11-1.dzn,0.03230094909667969,0.013976335525512695,0.015799522399902344
2025,hitori,hitori.mzn,h15-1.dzn,0.08417630195617676,0.11115765571594238,0.061837196350097656
2025,hitori,hitori.mzn,h14-1.dzn,0.07539677619934082,0.061240196228027344,0.05839061737060547
2025,work-task-variation,work-task-variation.mzn,generated-seed-4-length-14-open-12-workers-12-block-15.dzn,0.11103177070617676,0.06574797630310059,0.06606674194335938
2025,work-task-variation,work-task-variation.mzn,generated-seed-3-length-10-open-8-workers-12-block-15.dzn,0.0724179744720459,0.0662684440612793,0.043959856033325195
2025,work-task-variation,work-task-variation.mzn,generated-seed-1-length-16-open-14-workers-12-block-15.dzn,0.12491035461425781,0.08509540557861328,0.09464359283447266
2025,work-task-variation,work-task-variation.mzn,generated-seed-8-length-12-open-10-workers-10-block-15.dzn,0.07265472412109375,0.04434561729431152,0.029930830001831055
2025,work-task-variation,work-task-variation.mzn,generated-seed-10-length-12-open-10-workers-12-block-5.dzn,0.523963212966919,0.29698801040649414,0.32041049003601074
2025,gt-sort,gt-sort.mzn,n9_ub10_75.0_BEST.json,0.09250783920288086,0.1211385726928711,0.12066936492919922
2025,gt-sort,gt-sort.mzn,n7_ub20_75.0_BEST.json,0.050359249114990234,0.05246734619140625,0.03753805160522461
2025,gt-sort,gt-sort.mzn,n9_ub30_35.0_BEST.json,0.19803810119628906,0.20841336250305176,0.23436236381530762
2025,gt-sort,gt-sort.mzn,n13_ub20_50.0_BEST.json,0.4145069122314453,0.48524928092956543,0.5150835514068604
2025,gt-sort,gt-sort.mzn,n9_ub10_50.0_BEST.json,0.0547337532043457,0.03065633773803711,0.08845162391662598
2014,mario,mario.mzn,mario_t_hard_5.dzn,0.023991823196411133,0.017444849014282227,0.010979890823364258
2014,mario,mario.mzn,mario_t_hard_2.dzn,0.02537369728088379,0.010973453521728516,0.010985851287841797
2014,mario,mario.mzn,mario_n_medium_3.dzn,0.006569385528564453,0.0049991607666015625,0.005369424819946289
2014,mario,mario.mzn,mario_n_medium_5.dzn,0.005339384078979492,0.004354953765869141,0.0035262107849121094
2014,mario,mario.mzn,mario_easy_5.dzn,0.003361940383911133,0.0025415420532226562,0.002031087875366211
2014,solbat,sb.mzn,sb_15_15_6_1.dzn,0.07376503944396973,0.0992581844329834,0.09312152862548828
2014,solbat,sb.mzn,sb_15_15_7_1.dzn,0.07423973083496094,0.07222676277160645,0.06435179710388184
2014,solbat,sb.mzn,sb_15_15_7_6.dzn,0.07820272445678711,0.08746576309204102,0.05024409294128418
2014,solbat,sb.mzn,sb_13_13_5_5.dzn,0.04988574981689453,0.06368541717529297,0.053540945053100586
2014,solbat,sb.mzn,sb_13_13_6_5.dzn,0.05394244194030762,0.05856680870056152,0.05309915542602539
2014,rectangle-packing,rect_packing.mzn,rpp18_true.dzn,0.0034210681915283203,0.0033674240112304688,0.002810239791870117
2014,rectangle-packing,rect_packing.mzn,rpp23_false.dzn,0.00485682487487793,0.004569530487060547,0.0023941993713378906
2014,rectangle-packing,rect_packing.mzn,rpp21_false.dzn,0.004662513732910156,0.003606557846069336,0.003069639205932617
2014,rectangle-packing,rect_packing.mzn,rpp22_false.dzn,0.0041353702545166016,0.0028672218322753906,0.0032324790954589844
2014,rectangle-packing,rect_packing.mzn,rpp26_false.dzn,0.004601001739501953,0.0036547183990478516,0.002615690231323242
2014,cyclic-rcpsp,rcmsp.mzn,hard_2.dzn,0.01473093032836914,0.00753474235534668,0.03480935096740723
2014,cyclic-rcpsp,rcmsp.mzn,hard_1.dzn,0.010872840881347656,0.0072095394134521484,0.021414518356323242
2014,cyclic-rcpsp,rcmsp.mzn,medium_2.dzn,0.004240512847900391,0.00422358512878418,0.0026521682739257812
2014,cyclic-rcpsp,rcmsp.mzn,easy_3.dzn,0.008901119232177734,0.005462646484375,0.00464940071105957
2014,cyclic-rcpsp,rcmsp.mzn,easy_5.dzn,0.005236148834228516,0.0044934749603271484,0.02653336524963379
2014,elitserien,handball.mzn,handball11.dzn,0.018781423568725586,0.011871337890625,0.024098634719848633
2014,elitserien,handball.mzn,handball13.dzn,0.020447254180908203,0.04970383644104004,0.014004707336425781
2014,elitserien,handball.mzn,handball14.dzn,0.02237391471862793,0.030023574829101562,0.012258052825927734
2014,elitserien,handball.mzn,handball19.dzn,0.01917552947998047,0.039046287536621094,0.012664079666137695
2014,elitserien,handball.mzn,handball12.dzn,0.021238327026367188,0.024698734283447266,0.011380434036254883
2014,smelt,smelt.mzn,smelt_3.dzn,0.004711151123046875,0.003828287124633789,0.025657176971435547
2014,smelt,smelt.mzn,smelt_4.dzn,0.0046617984771728516,0.0033614635467529297,0.0020644664764404297
2014,smelt,smelt.mzn,smelt_2.dzn,0.003716707229614258,0.0021898746490478516,0.0016307830810546875
2014,smelt,smelt.mzn,smelt_11.dzn,0.017118215560913086,0.009140968322753906,0.021787166595458984
2014,smelt,smelt.mzn,smelt_5.dzn,0.005830526351928711,0.004550933837890625,0.005445718765258789
2014,multi-knapsack,mknapsack.mzn,mknap2-20.dzn,0.0031845569610595703,0.0027916431427001953,0.002063274383544922
2014,multi-knapsack,mknapsack.mzn,mknap2-31.dzn,0.003363370895385742,0.0036318302154541016,0.0018384456634521484
2014,multi-knapsack,mknapsack.mzn,mknap1-6.dzn,0.003526449203491211,0.002588510513305664,0.0014774799346923828
2014,multi-knapsack,mknapsack.mzn,mknap2-1.dzn,0.004619121551513672,0.004862546920776367,0.004052877426147461
2014,multi-knapsack,mknapsack.mzn,mknap2-10.dzn,0.0032510757446289062,0.0026395320892333984,0.025435924530029297
2014,stochastic-fjsp,fjsp-a1-s6_fjsp-t8-j2-m3-a1_det.mzn,,0.004395961761474609,0.005074024200439453,0.0038390159606933594
2014,stochastic-fjsp,fjsp-a1-s5_fjsp-t8-j2-m3-a1_det.mzn,,0.005208015441894531,0.0037467479705810547,0.0023386478424072266
2014,stochastic-fjsp,fjsp-a1-s2_fjsp-t15-j3-m3-a1_det.mzn,,0.006377458572387695,0.004458427429199219,0.0036826133728027344
2014,stochastic-fjsp,fjsp-a1-s3_fjsp-t20-j4-m3-a1_det.mzn,,0.013069868087768555,0.007231712341308594,0.020956754684448242
2014,stochastic-fjsp,fjsp-a1-s4_fjsp-t8-j2-m3-a1_det.mzn,,0.004403114318847656,0.002732515335083008,0.0021905899047851562
2014,liner-sf-repositioning,tp7_10.mzn,,0.05755424499511719,0.01903247833251953,0.03888082504272461
2014,liner-sf-repositioning,tp7_8.mzn,,0.01903676986694336,0.006496429443359375,0.009026527404785156
2014,liner-sf-repositioning,tp7_0.mzn,,0.01818108558654785,0.0159761905670166,0.006894350051879883
2014,liner-sf-repositioning,fm3_5.mzn,,0.027467012405395508,0.010747194290161133,0.007029056549072266
2014,liner-sf-repositioning,fm3_11.mzn,,0.024392366409301758,0.03139543533325195,0.008823633193969727
2014,jp-encoding,jp-encoding.mzn,data400.dzn,0.16587209701538086,0.20809531211853027,0.17151403427124023
2014,jp-encoding,jp-encoding.mzn,data1000.dzn,0.27434539794921875,0.23459911346435547,0.3304910659790039
2014,jp-encoding,jp-encoding.mzn,data800.dzn,0.22144246101379395,0.1852092742919922,0.2520134449005127
2014,jp-encoding,jp-encoding.mzn,data100.dzn,0.046457529067993164,0.019459009170532227,0.06624245643615723
2014,jp-encoding,jp-encoding.mzn,data1700.dzn,0.48626279830932617,0.4587743282318115,0.5045311450958252
2014,stochastic-vrp,vrp-s2-v2-c7_vrp-v2-c7_det.mzn,,0.004657268524169922,0.0024137496948242188,0.002416372299194336
2014,stochastic-vrp,vrp-s5-v2-c8_vrp-v2-c8_det.mzn,,0.005727291107177734,0.0032813549041748047,0.0035910606384277344
2014,stochastic-vrp,vrp-s3-v2-c6_vrp-v2-c6_det.mzn,,0.0031538009643554688,0.002665996551513672,0.002921581268310547
2014,stochastic-vrp,vrp-s4-v2-c6_vrp-v2-c6_det.mzn,,0.0037636756896972656,0.002548694610595703,0.002278566360473633
2014,stochastic-vrp,vrp-s3-v2-c7_vrp-v2-c7_det.mzn,,0.0042324066162109375,0.002515077590942383,0.002798318862915039
2014,spot5,spot5.mzn,42.dzn,0.01866316795349121,0.007478237152099609,0.01042485237121582
2014,spot5,spot5.mzn,1502.dzn,0.008730411529541016,0.005934953689575195,0.004438638687133789
2014,spot5,spot5.mzn,5.dzn,0.07957601547241211,0.05549764633178711,0.033000946044921875
2014,spot5,spot5.mzn,412.dzn,0.05877852439880371,0.017238140106201172,0.022904396057128906
2014,spot5,spot5.mzn,29.dzn,0.007919073104858398,0.005013227462768555,0.04593682289123535
2014,amaze,amaze3.mzn,mod2012-06-22.dzn,0.020188570022583008,0.015474081039428711,0.015547752380371094
2014,amaze,amaze3.mzn,2012-06-15.dzn,0.012413263320922852,0.013602495193481445,0.0070514678955078125
2014,amaze,amaze3.mzn,2012-04-27.dzn,0.00915217399597168,0.015977859497070312,0.004246950149536133
2014,amaze,amaze3.mzn,2012-05-31.dzn,0.010063648223876953,0.006173849105834961,0.005859375
2014,amaze,amaze3.mzn,mod2012-03-19.dzn,0.010092735290527344,0.006852149963378906,0.0065250396728515625
2014,mqueens,mqueens2.mzn,n13.dzn,0.01100301742553711,0.030572175979614258,0.004727363586425781
2014,mqueens,mqueens2.mzn,n20.dzn,0.029204845428466797,0.023090362548828125,0.042749881744384766
2014,mqueens,mqueens2.mzn,n31.dzn,0.09220194816589355,0.0901482105255127,0.06690168380737305
2014,mqueens,mqueens2.mzn,n11.dzn,0.00823068618774414,0.005495786666870117,0.004351615905761719
2014,mqueens,mqueens2.mzn,n12.dzn,0.009030342102050781,0.007502317428588867,0.006212711334228516
2014,openshop,openshop.mzn,tai20-6.dzn,0.12984418869018555,0.15494203567504883,0.14527630805969238
2014,openshop,openshop.mzn,j7per10-1.dzn,0.006882190704345703,0.006153106689453125,0.005860805511474609
2014,openshop,openshop.mzn,tai20-4.dzn,0.1293351650238037,0.11805605888366699,0.13646745681762695
2014,openshop,openshop.mzn,j8per0-2.dzn,0.011533975601196289,0.006717205047607422,0.008704185485839844
2014,openshop,openshop.mzn,gp10-4.dzn,0.018110036849975586,0.041857004165649414,0.010567188262939453
2014,fillomino,fillomino.mzn,5x5_6.dzn,0.011194944381713867,0.006751298904418945,0.007160663604736328
2014,fillomino,fillomino.mzn,5x5_1.dzn,0.009923934936523438,0.019617319107055664,0.007580995559692383
2014,fillomino,fillomino.mzn,7x7_0.dzn,0.028167247772216797,0.04814910888671875,0.0319972038269043
2014,fillomino,fillomino.mzn,6x6_0.dzn,0.0170896053314209,0.0400087833404541,0.010976791381835938
2014,fillomino,fillomino.mzn,6x6_5.dzn,0.018191099166870117,0.02724742889404297,0.011287689208984375
2014,road-cons,road_naive.mzn,road_9.dzn,0.01694321632385254,0.0352931022644043,0.01226663589477539
2014,road-cons,road_naive.mzn,road_16.dzn,0.21896123886108398,0.23436689376831055,0.25376224517822266
2014,road-cons,road_naive.mzn,road_20.dzn,0.5189635753631592,0.5124657154083252,0.5933189392089844
2014,road-cons,road_naive.mzn,road_11.dzn,0.0430445671081543,0.05635190010070801,0.0406186580657959
2014,road-cons,road_naive.mzn,road_14.dzn,0.10700345039367676,0.14223814010620117,0.12724542617797852
2014,train,train.mzn,instance.8.dzn,0.00403904914855957,0.004204988479614258,0.0037589073181152344
2014,train,train.mzn,instance.13.dzn,0.004558563232421875,0.004138469696044922,0.003683805465698242
2014,train,train.mzn,instance.14.dzn,0.0057392120361328125,0.004960775375366211,0.002584695816040039
2014,train,train.mzn,instance.1.dzn,0.003026247024536133,0.0023648738861083984,0.002044200897216797
2014,train,train.mzn,instance.9.dzn,0.004492759704589844,0.0038671493530273438,0.0033397674560546875
2014,ship-schedule,ship-schedule.cp.mzn,7Ships.dzn,0.04547238349914551,0.059409379959106445,0.038416147232055664
2014,ship-schedule,ship-schedule.cp.mzn,3Ships.dzn,0.019539833068847656,0.03209257125854492,0.012554407119750977
2014,ship-schedule,ship-schedule.cp.mzn,8ShipsMixedUnconstr.dzn,0.04911398887634277,0.0786890983581543,0.05938720703125
2014,ship-schedule,ship-schedule.cp.mzn,8ShipsMixed.dzn,0.055538177490234375,0.046604156494140625,0.06699442863464355
2014,ship-schedule,ship-schedule.cp.mzn,6Ships.dzn,0.04337716102600098,0.041597843170166016,0.029273033142089844
2014,traveling-tppv,ttppv.mzn,circ20gnonbal.dzn,0.07422518730163574,0.05352616310119629,0.0430445671081543
2014,traveling-tppv,ttppv.mzn,circ14bnonbal.dzn,0.02642536163330078,0.010898828506469727,0.04131150245666504
2014,traveling-tppv,ttppv.mzn,circ8ebal.dzn,0.010729312896728516,0.006381034851074219,0.0052661895751953125
2014,traveling-tppv,ttppv.mzn,circ8cbal.dzn,0.00906825065612793,0.0065157413482666016,0.0044460296630859375
2014,traveling-tppv,ttppv.mzn,circ8bbal.dzn,0.007419109344482422,0.005190134048461914,0.005282878875732422
