problem,year,instance,c_avg_deg_cons,c_avg_dom_cons,c_avg_domdeg_cons,c_bounds_d,c_bounds_r,c_bounds_z,c_cv_deg_cons,c_cv_dom_cons,c_cv_domdeg_cons,c_domain,c_ent_deg_cons,c_ent_dom_cons,c_ent_domdeg_cons,c_logprod_deg_cons,c_logprod_dom_cons,c_max_deg_cons,c_max_dom_cons,c_max_domdeg_cons,c_min_deg_cons,c_min_dom_cons,c_min_domdeg_cons,c_num_cons,c_priority,c_ratio_cons,c_sum_ari_cons,c_sum_dom_cons,c_sum_domdeg_cons,d_array_cons,d_bool_cons,d_bool_vars,d_float_cons,d_float_vars,d_int_cons,d_int_vars,d_ratio_array_cons,d_ratio_bool_cons,d_ratio_bool_vars,d_ratio_float_cons,d_ratio_float_vars,d_ratio_int_cons,d_ratio_int_vars,d_ratio_set_cons,d_ratio_set_vars,d_set_cons,d_set_vars,gc_diff_globs,gc_global_cons,gc_ratio_diff,gc_ratio_globs,o_deg,o_deg_avg,o_deg_cons,o_deg_std,o_dom,o_dom_avg,o_dom_deg,o_dom_std,s_bool_search,s_first_fail,s_goal,s_indomain_max,s_indomain_min,s_input_order,s_int_search,s_labeled_vars,s_other_val,s_other_var,s_set_search,v_avg_deg_vars,v_avg_dom_vars,v_avg_domdeg_vars,v_cv_deg_vars,v_cv_dom_vars,v_cv_domdeg_vars,v_def_vars,v_ent_deg_vars,v_ent_dom_vars,v_ent_domdeg_vars,v_intro_vars,v_logprod_deg_vars,v_logprod_dom_vars,v_max_deg_vars,v_max_dom_vars,v_max_domdeg_vars,v_min_deg_vars,v_min_dom_vars,v_min_domdeg_vars,v_num_aliases,v_num_consts,v_num_vars,v_ratio_bounded,v_ratio_vars,v_sum_deg_vars,v_sum_dom_vars,v_sum_domdeg_vars
ATSP,2021,instance10_0p25,2.77669,14.9174,4.33263,0.0,0.0,0.0,1.52795,3.04699,0.97923,0.0,1.02555,3.24846,2.53868,3176.68,7044.7,101.0,767.874,25.0,1.0,2.0,1.0,2651.0,0.0,1.38145,7137.0,39546.1,11485.8,1.0,896.0,1188.0,0.0,0.0,1348.0,717.0,0.000377216,0.337986,0.619072,0.0,0.0,0.508487,0.373632,0.129385,0.00729547,343.0,14.0,1.0,39.0,0.025641,0.0147114,1.0,0.260698,0.000377216,-0.81864,22072700.0,84.5286,22072700.0,0.0,0.0,0.0,2.0,0.0,1.0,0.0,1.0,1.0,0.0,1.0,0.0,3.83585,261127.0,39486.3,0.903085,0.0,0.0,1362.0,2.35517,1.76824,2.23711,2972.0,3201.38,6846.79,26.0,33554400.0,22072700.0,0.0,2.0,0.08,1578.0,815.0,1919.0,1.247,0.723878,7361.0,501103000.0,75774100.0
ATSP,2021,instance16_0p35,3.33562,17.2248,5.24152,0.0,0.0,0.0,8.51649,12.7831,1.32179,0.0,1.44928,3.2739,2.61544,47532.2,104560.0,5251.0,40549.1,50.0,1.0,2.0,1.0,35642.0,0.0,1.12913,97800.0,613926.0,186818.0,1151.0,8309.0,16373.0,0.0,0.0,21798.0,15123.0,0.0322934,0.233124,0.518691,0.0,0.0,0.611582,0.479091,0.0972168,0.00221758,3465.0,70.0,1.0,120.0,0.00833333,0.00336681,1.0,0.26551,2.80568e-05,-0.481556,166840000.0,8.90966e-05,166840000.0,0.0,0.0,0.0,2.0,0.0,1.0,0.0,1.0,1.0,0.0,1.0,0.0,3.76633,1872580000000.0,37706300000.0,1.52524,0.0,0.0,22581.0,2.215,1.52435,1.77649,56399.0,50974.0,108392.0,107.0,1125900000000000.0,22518000000000.0,0.0,2.0,0.04,41092.0,8340.0,31566.0,1.56599,0.885641,118888.0,5.91097e+16,1190240000000000.0
ATSP,2021,instance19_0p35,3.39718,16.434,4.74314,0.0,0.0,0.0,6.14646,9.95012,1.36634,0.0,1.5662,3.30623,2.57914,25262.2,52645.3,2751.0,21246.4,50.0,1.0,2.0,1.0,18503.0,0.0,1.10889,50833.0,304079.0,87762.3,701.0,4089.0,8573.0,0.0,0.0,11349.0,8083.0,0.0378857,0.220991,0.513784,0.0,0.0,0.61336,0.484418,0.0802573,0.00179791,1485.0,30.0,1.0,80.0,0.0125,0.00432362,1.0,0.265455,5.40453e-05,-0.58995,74798000.0,4.92675e-05,74798000.0,0.0,0.0,0.0,2.0,0.0,1.0,0.0,1.0,1.0,0.0,1.0,0.0,3.76711,1518200000000.0,30570600000.0,1.2451,0.0,0.0,12221.0,2.22582,1.52434,1.62413,29639.0,27005.6,55232.5,57.0,1125900000000000.0,22518000000000.0,0.0,2.0,0.04,21652.0,5664.0,16686.0,1.63706,0.9018,62858.0,2.53327e+16,510102000000000.0
ATSP,2021,instance5_0p15,2.85249,14.166,3.30035,0.0,0.0,0.0,1.16271,2.74037,1.00493,0.0,1.10425,2.97943,2.41834,566.239,1065.77,31.0,330.245,20.3961,1.0,2.0,1.0,461.0,0.0,1.23262,1282.0,6530.52,1521.46,1.0,145.0,233.0,0.0,0.0,255.0,139.0,0.0021692,0.314534,0.622995,0.0,0.0,0.553145,0.371658,0.0629067,0.00534759,29.0,2.0,1.0,17.0,0.0588235,0.0368764,1.0,0.284411,0.0021692,-1.02717,3405110.0,40.9986,3405110.0,0.0,0.0,0.0,2.0,0.0,1.0,0.0,1.0,1.0,0.0,1.0,0.0,3.51604,83054.2,30924.9,0.696661,0.0,0.0,283.0,2.26195,1.60944,2.22721,594.0,588.44,1412.9,16.0,3405110.0,3405110.0,0.0,2.0,0.133333,377.0,287.0,374.0,1.7754,0.81128,1315.0,31062300.0,11565900.0
ATSP,2021,instance9_0p25,3.04301,13.8306,4.08414,0.0,0.0,0.0,3.71793,6.47427,0.948298,0.0,1.37373,3.19102,2.55716,14215.3,30331.8,1126.0,8698.59,25.0,1.0,2.0,1.0,10997.0,0.0,1.23882,29760.0,152096.0,44913.3,426.0,2878.0,4953.0,0.0,0.0,6195.0,3876.0,0.0387378,0.261708,0.557959,0.0,0.0,0.563335,0.436634,0.106938,0.00540723,1176.0,48.0,1.0,73.0,0.0136986,0.00663817,1.0,0.26527,9.09339e-05,-0.715144,57671200.0,330.695,57671200.0,0.0,0.0,0.0,2.0,0.0,1.0,0.0,1.0,1.0,0.0,1.0,0.0,3.76974,174394.0,24813.2,1.02739,0.0,0.0,6428.0,2.32996,1.53526,1.77043,14046.0,14644.7,30213.7,47.0,57671200.0,57671200.0,0.0,2.0,0.0625,8820.0,2013.0,8877.0,1.22034,0.80722,33464.0,1548100000.0,220267000.0
EchoSched,2025,12-12-0-1_7,2.52112,19.2652,7.43679,0.0,0.0,0.0,0.971587,1.5889,0.520787,0.0,1.00228,1.52477,1.51794,4246.76,12364.3,145.0,1696.23,11.7381,2.0,2.0,1.0,3314.0,0.0,1.76841,10733.0,63844.8,24645.5,1.0,792.0,1584.0,0.0,0.0,2521.0,290.0,0.00030175,0.238986,0.845251,0.0,0.0,0.760712,0.154749,0.0,0.0,0.0,0.0,0.0,0.0,0.0,0.0,1.0,0.224297,0.00030175,-0.407574,3416.0,6.62185,3416.0,2.41483,0.0,1.0,2.0,0.0,1.0,0.0,1.0,1.0,0.0,0.0,0.0,4.45838,515.868,138.72,1.90322,2.32805,3.23409,1730.0,0.397459,0.630796,0.785545,2161.0,2461.59,4976.45,34.0,3416.0,3416.0,0.0,2.0,1.0,432.0,148.0,1874.0,0.309498,0.56548,8355.0,966736.0,259962.0
EchoSched,2025,13-14-0-2_6,3.13921,21.9716,6.38406,0.0,0.0,0.0,1.1035,1.61171,0.519516,0.0,1.62728,5.60211,2.67566,7805.35,19078.2,183.0,2301.68,12.5775,1.0,1.0,1.0,5007.0,0.0,1.63627,16476.0,110012.0,31965.0,1.0,1092.0,2184.0,0.0,0.0,3550.0,876.0,0.00019972,0.218095,0.713725,0.0,0.0,0.709007,0.286275,0.0,0.0,0.0,0.0,1.0,364.0,0.00274725,0.0726982,1.0,0.194681,0.00019972,-0.446061,8457.0,11.5189,8457.0,3.89653,0.0,1.0,2.0,0.0,1.0,0.0,1.0,1.0,0.0,0.0,0.0,5.1366,734.188,196.292,1.8054,2.69954,3.76077,2696.0,0.829726,1.94289,1.63307,3241.0,4378.77,8168.79,38.0,8457.0,8457.0,0.0,2.0,0.0740741,910.0,10.0,3060.0,0.300654,0.611144,15718.0,2246610.0,600652.0
EchoSched,2025,14-10-0-2_1,3.15019,20.9051,5.9673,0.0,0.0,0.0,0.952325,1.48829,0.5558,0.0,1.60849,5.4391,2.52284,5897.66,13977.6,141.0,1724.64,12.2315,1.0,1.0,1.0,3782.0,0.0,1.51888,12535.0,79062.9,22568.3,1.0,910.0,1820.0,0.0,0.0,2591.0,670.0,0.00026441,0.240613,0.730924,0.0,0.0,0.685087,0.269076,0.0,0.0,0.0,0.0,1.0,280.0,0.00357143,0.0740349,1.0,0.208998,0.00026441,-0.446036,6685.0,12.2056,6685.0,4.03094,0.0,1.0,2.0,0.0,1.0,0.0,1.0,1.0,0.0,0.0,0.0,4.78474,547.699,147.538,1.77341,2.7799,3.86144,2210.0,0.763725,1.80648,1.5288,2629.0,3478.56,6318.89,36.0,6685.0,6685.0,0.0,2.0,0.0952381,700.0,10.0,2490.0,0.285141,0.658382,11914.0,1363770.0,367370.0
EchoSched,2025,14-10-0-2_3,3.17742,20.6964,5.85636,0.0,0.0,0.0,0.995235,1.48533,0.539973,0.0,1.5723,5.44695,2.43437,5946.19,13960.1,141.0,1700.64,12.0613,1.0,1.0,1.0,3782.0,0.0,1.51159,12535.0,78273.6,22148.8,1.0,910.0,1820.0,0.0,0.0,2591.0,682.0,0.00026441,0.240613,0.727418,0.0,0.0,0.685087,0.272582,0.0,0.0,0.0,0.0,1.0,280.0,0.00357143,0.0740349,1.0,0.208205,0.00026441,-0.448183,6003.0,12.3854,6003.0,4.08668,0.0,1.0,2.0,0.0,1.0,0.0,1.0,1.0,0.0,0.0,0.0,4.80296,484.683,130.627,1.76668,2.78598,3.86925,2222.0,0.778797,1.82735,1.52033,2641.0,3508.3,6288.68,36.0,6003.0,6003.0,0.0,2.0,0.0869565,700.0,10.0,2502.0,0.283773,0.661555,12017.0,1212680.0,326829.0
EchoSched,2025,15-15-0-1_3,2.51693,20.1101,7.77808,0.0,0.0,0.0,1.05118,1.77419,0.530093,0.0,1.00114,1.51858,1.51483,8376.45,24665.5,226.0,2788.39,12.3647,2.0,2.0,1.0,6527.0,0.0,1.81205,21155.0,131258.0,50767.5,1.0,1575.0,3150.0,0.0,0.0,4951.0,452.0,0.00015321,0.241305,0.874514,0.0,0.0,0.758541,0.125486,0.0,0.0,0.0,0.0,0.0,0.0,0.0,0.0,1.0,0.21926,0.00015321,-0.359695,5274.0,8.09587,5274.0,2.69622,0.0,1.0,2.0,0.0,1.0,0.0,1.0,1.0,0.0,0.0,0.0,4.5608,651.443,172.283,2.17056,2.63179,3.66835,3377.0,0.340809,0.550068,0.675554,4051.0,4596.91,8726.78,43.0,5274.0,5274.0,0.0,2.0,1.0,675.0,231.0,3602.0,0.251527,0.551861,16428.0,2346500.0,620562.0
accap,2019,accap_instance3,2.99351,18.0477,6.02525,0.0,0.0,0.0,0.472427,0.476645,0.0,0.0,0.667445,0.667445,0.0,235.859,634.872,20.0,120.447,6.41278,2.0,11.9531,5.97655,154.0,0.0,6.16,463.0,2779.34,927.888,0.0,0.0,0.0,0.0,0.0,153.0,25.0,0.0,0.0,0.0,0.0,0.0,0.993506,1.0,0.0,0.0,0.0,0.0,1.0,1.0,1.0,0.00649351,1.0,0.0542299,0.00649351,-1.08577,256.0,3.52617,256.0,4.89807,0.0,5.0,2.0,0.0,5.0,0.0,5.0,5.0,0.0,0.0,0.0,18.44,72.6,14.5734,0.871062,0.515748,3.38392,1.0,2.37469,0.996118,2.01565,1.0,96.2838,152.511,91.0,256.0,256.0,0.0,61.0,0.725275,24.0,70.0,25.0,3.76,0.162338,461.0,1815.0,364.336
accap,2019,accap_instance5,3.00452,21.9271,7.29601,0.0,0.0,0.0,0.744233,0.756284,0.0,0.0,0.554754,0.554754,0.0231425,676.779,1944.04,50.0,364.731,7.6471,2.0,14.552,7.276,442.0,0.0,7.62069,1327.0,9691.79,3224.83,0.0,0.0,0.0,0.0,0.0,441.0,58.0,0.0,0.0,0.0,0.0,0.0,0.997738,1.0,0.0,0.0,0.0,0.0,1.0,1.0,1.0,0.00226244,1.0,0.0436747,0.00226244,-1.18576,1095.0,6.32192,1095.0,7.54985,0.0,5.0,2.0,0.0,5.0,0.0,5.0,5.0,0.0,0.0,0.0,22.8966,173.207,27.3844,0.806505,0.704904,5.16508,1.0,3.18447,0.725178,3.03215,1.0,245.879,425.908,111.0,1095.0,1095.0,0.0,153.0,1.42342,57.0,163.0,58.0,3.7931,0.131222,1328.0,10046.0,1588.29
accap,2019,accap_instance6,3.00062,23.9254,7.97297,0.0,0.0,0.0,0.666528,0.686788,0.0,0.0,0.313806,0.313806,0.0,2500.19,7307.35,85.0,677.581,8.34106,2.0,15.9199,7.95996,1605.0,0.0,17.4457,4816.0,38400.3,12796.6,0.0,0.0,0.0,0.0,0.0,1604.0,92.0,0.0,0.0,0.0,0.0,0.0,0.999377,1.0,0.0,0.0,0.0,0.0,1.0,1.0,1.0,0.000623053,1.0,0.019103,0.000623053,-0.65863,1502.0,5.67631,1502.0,9.53959,0.0,5.0,2.0,0.0,5.0,0.0,5.0,5.0,0.0,0.0,0.0,52.3478,264.609,23.2458,1.4893,0.4902,6.66955,1.0,2.67669,0.47565,2.63321,1.0,485.008,735.969,651.0,1502.0,1502.0,0.0,247.0,0.387097,91.0,267.0,92.0,3.8913,0.0573209,4816.0,24344.0,2138.61
accap,2019,accap_instance8,3.00829,31.7816,10.5643,0.0,0.0,0.0,2.2299,2.23133,0.0,0.0,0.441943,0.441943,0.0,8509.22,27371.8,500.0,5282.07,10.6741,2.0,21.1245,10.5622,5546.0,0.0,10.0471,16639.0,176261.0,58589.5,0.0,0.0,0.0,0.0,0.0,5545.0,552.0,0.0,0.0,0.0,0.0,0.0,0.99982,1.0,0.0,0.0,0.0,0.0,1.0,1.0,1.0,0.00018031,1.0,0.0330856,0.00018031,-0.78813,77210.0,46.7595,77210.0,23.4734,0.0,5.0,2.0,0.0,5.0,0.0,5.0,5.0,0.0,0.0,0.0,30.2246,1651.21,210.741,1.22685,1.94942,15.5661,1.0,3.88379,0.476124,3.8788,53.0,2525.88,5837.13,501.0,77210.0,77210.0,0.0,1510.0,3.01397,603.0,1557.0,552.0,3.91304,0.0995312,16684.0,911470.0,116329.0
accap,2019,accap_instance9,3.00289,31.4921,10.4871,0.0,0.0,0.0,1.73038,1.74993,0.0,0.0,0.312969,0.312969,0.00162111,13970.3,44458.0,500.0,5243.42,10.6425,2.0,20.9696,10.4848,8992.0,0.0,16.9023,26977.0,283177.0,94299.6,0.0,0.0,0.0,0.0,0.0,8991.0,532.0,0.0,0.0,0.0,0.0,0.0,0.999889,1.0,0.0,0.0,0.0,0.0,1.0,1.0,1.0,0.00011121,1.0,0.0197022,0.00011121,-0.693193,44481.0,29.3418,44481.0,23.0434,0.0,5.0,2.0,0.0,5.0,0.0,5.0,5.0,0.0,0.0,0.0,50.7556,1515.96,124.495,1.41418,1.22993,15.4623,1.0,4.09169,0.352089,4.05548,33.0,2804.44,5583.98,757.0,44481.0,44481.0,0.0,1431.0,1.89696,563.0,1540.0,532.0,3.95301,0.0591637,27002.0,806492.0,66231.2
accap,2022,accap_a12_f100_t60,3.00901,24.8669,8.26271,0.0,0.0,0.0,1.05094,1.09468,0.0,0.0,0.532663,0.532663,0.0126535,1356.23,4061.63,100.0,826.209,8.52898,2.0,16.5053,8.25263,888.0,0.0,7.78947,2665.0,22081.8,7337.29,0.0,0.0,0.0,0.0,0.0,887.0,114.0,0.0,0.0,0.0,0.0,0.0,0.998874,1.0,0.0,0.0,0.0,0.0,1.0,1.0,1.0,0.00112613,1.0,0.0426647,0.00112613,-1.11636,3987.0,11.7489,3987.0,10.6302,0.0,5.0,2.0,0.0,5.0,0.0,5.0,5.0,0.0,0.0,0.0,23.4386,339.351,51.8587,0.857549,1.01117,7.13949,1.0,3.39217,0.627582,3.35046,15.0,487.451,945.615,133.0,3987.0,3987.0,0.0,303.0,2.31579,127.0,319.0,114.0,3.91228,0.128378,2672.0,38686.0,5911.89
accap,2022,accap_a18_f140_t85,3.01174,26.1135,8.66927,0.0,0.0,0.0,1.32813,1.33262,0.0,0.0,0.541247,0.541247,0.0,1815.66,5529.83,140.0,1213.64,8.88372,2.0,17.3235,8.66176,1192.0,0.0,7.45,3577.0,31127.3,10333.8,0.0,0.0,0.0,0.0,0.0,1191.0,160.0,0.0,0.0,0.0,0.0,0.0,0.999161,1.0,0.0,0.0,0.0,0.0,1.0,1.0,1.0,0.000838926,1.0,0.0445682,0.000838926,-1.06921,7729.0,17.0675,7729.0,12.6095,0.0,5.0,2.0,0.0,5.0,0.0,5.0,5.0,0.0,0.0,0.0,22.4375,452.85,72.7129,0.893591,1.27423,8.35203,1.0,3.25775,0.614689,3.24525,21.0,671.847,1391.32,141.0,7729.0,7729.0,0.0,403.0,2.85816,179.0,445.0,160.0,3.9,0.134228,3590.0,72456.0,11634.1
accap,2022,accap_a40_f800_t180,3.00215,33.7688,11.2481,0.0,0.0,0.0,2.05333,2.05593,0.0,0.0,0.278847,0.278847,0.0,26066.7,84495.2,800.0,8998.34,11.376,2.0,22.4935,11.2467,16734.0,0.0,19.8741,50203.0,565086.0,188225.0,0.0,0.0,0.0,0.0,0.0,16733.0,842.0,0.0,0.0,0.0,0.0,0.0,0.99994,1.0,0.0,0.0,0.0,0.0,1.0,1.0,1.0,5.97586e-05,1.0,0.0167602,5.97586e-05,-0.662132,99708.0,39.1384,99708.0,29.0,0.0,5.0,2.0,0.0,5.0,0.0,5.0,5.0,0.0,0.0,0.0,59.6651,2547.57,176.544,1.48496,1.31512,19.4408,1.0,4.1318,0.302045,4.09808,43.0,4634.03,9476.13,801.0,99708.0,99708.0,0.0,2428.0,3.03121,883.0,2450.0,842.0,3.95843,0.0503167,50238.0,2145060.0,148650.0
accap,2022,accap_a4_f30_t15,3.0,19.0883,6.35954,0.0,0.0,0.0,0.57735,0.608694,0.0,0.0,0.63758,0.63758,0.0403698,351.314,965.163,30.0,190.727,6.74182,2.0,12.643,6.32148,230.0,0.0,6.38889,691.0,4390.31,1462.69,0.0,0.0,0.0,0.0,0.0,229.0,36.0,0.0,0.0,0.0,0.0,0.0,0.995652,1.0,0.0,0.0,0.0,0.0,1.0,1.0,1.0,0.00434783,1.0,0.0521739,0.00434783,-1.47838,406.0,4.46154,406.0,5.91608,0.0,5.0,2.0,0.0,5.0,0.0,5.0,5.0,0.0,0.0,0.0,19.1667,91.0,16.0989,0.641124,0.585107,4.09447,1.0,1.49482,0.858627,1.49482,1.0,144.917,231.177,57.0,406.0,406.0,0.0,78.0,1.45614,35.0,101.0,36.0,3.77778,0.156522,690.0,3276.0,579.562
accap,2022,accap_a5_f40_t20,3.00254,20.4132,6.79652,0.0,0.0,0.0,0.576862,0.633062,0.0,0.0,0.52409,0.52409,0.0,606.036,1695.36,40.0,271.777,7.16413,2.0,13.5359,6.76794,394.0,0.0,8.38298,1183.0,8042.82,2677.83,0.0,0.0,0.0,0.0,0.0,393.0,47.0,0.0,0.0,0.0,0.0,0.0,0.997462,1.0,0.0,0.0,0.0,0.0,1.0,1.0,1.0,0.00253807,1.0,0.0397295,0.00253807,-0.809733,662.0,5.39331,662.0,6.78215,0.0,5.0,2.0,0.0,5.0,0.0,5.0,5.0,0.0,0.0,0.0,25.1702,122.745,20.3926,1.18591,0.647776,4.64122,1.0,2.62136,0.778275,2.50654,1.0,198.869,321.926,211.0,662.0,662.0,0.0,107.0,0.530806,46.0,132.0,47.0,3.78723,0.119289,1183.0,5769.0,958.454
accap,2024,accap_a10_f80_t50,3.0082,23.7566,7.89567,0.0,0.0,0.0,0.94024,0.958956,0.0,0.0,0.527248,0.527248,0.0,1120.13,3302.27,80.0,631.585,8.18592,2.0,15.7652,7.88259,732.0,0.0,7.95652,2197.0,17389.9,5779.63,0.0,0.0,0.0,0.0,0.0,731.0,92.0,0.0,0.0,0.0,0.0,0.0,0.998634,1.0,0.0,0.0,0.0,0.0,1.0,1.0,1.0,0.00136612,1.0,0.0417802,0.00136612,-0.965729,2614.0,9.90559,2614.0,9.53943,0.0,5.0,2.0,0.0,5.0,0.0,5.0,5.0,0.0,0.0,0.0,23.9348,263.891,42.1057,0.992225,0.933557,6.40487,1.0,2.98009,0.665154,2.95015,13.0,390.413,729.816,157.0,2614.0,2614.0,0.0,234.0,1.52229,103.0,257.0,92.0,3.91304,0.125683,2202.0,24278.0,3873.72
accap,2024,accap_a20_f160_t90,3.01136,26.9862,8.96034,0.0,0.0,0.0,1.36918,1.40422,0.0,0.0,0.527445,0.527445,0.0,2146.64,6600.93,160.0,1433.6,9.16173,2.0,17.9084,8.95418,1408.0,0.0,7.73626,4225.0,37996.6,12616.2,0.0,0.0,0.0,0.0,0.0,1407.0,182.0,0.0,0.0,0.0,0.0,0.0,0.99929,1.0,0.0,0.0,0.0,0.0,1.0,1.0,1.0,0.000710227,1.0,0.0429245,0.000710227,-0.954211,10454.0,18.9113,10454.0,13.4536,0.0,5.0,2.0,0.0,5.0,0.0,5.0,5.0,0.0,0.0,0.0,23.2967,552.791,86.1449,1.003,1.33134,8.94682,1.0,3.37889,0.595998,3.37889,23.0,771.933,1635.16,211.0,10454.0,10454.0,0.0,494.0,2.36493,203.0,507.0,182.0,3.9011,0.129261,4240.0,100608.0,15678.4
accap,2024,accap_a30_f300_t120,3.00766,29.5141,9.81243,0.0,0.0,0.0,1.69534,1.70593,0.0,0.0,0.43876,0.43876,0.0,5213.93,16395.8,300.0,2943.65,9.96829,2.0,19.6179,9.80896,3394.0,0.0,10.2229,10183.0,100171.0,33303.4,0.0,0.0,0.0,0.0,0.0,3393.0,332.0,0.0,0.0,0.0,0.0,0.0,0.999705,1.0,0.0,0.0,0.0,0.0,1.0,1.0,1.0,0.000294638,1.0,0.0325235,0.000294638,-0.748841,27865.0,28.4249,27865.0,18.1934,0.0,5.0,2.0,0.0,5.0,0.0,5.0,5.0,0.0,0.0,0.0,30.747,980.301,125.82,1.29197,1.50741,12.1187,1.0,3.64903,0.495966,3.64903,33.0,1520.4,3262.64,507.0,27865.0,27865.0,0.0,895.0,1.77515,363.0,937.0,332.0,3.91566,0.0978197,10208.0,325460.0,41772.4
accap,2024,accap_a3_f20_t10,2.99286,17.9766,6.00242,0.0,0.0,0.0,0.47253,0.50065,0.0,0.0,0.71078,0.71078,0.0,213.669,575.642,20.0,120.0,6.39025,2.0,11.9069,5.95345,140.0,0.0,5.6,421.0,2516.73,840.339,0.0,0.0,0.0,0.0,0.0,139.0,25.0,0.0,0.0,0.0,0.0,0.0,0.992857,1.0,0.0,0.0,0.0,0.0,1.0,1.0,1.0,0.00714286,1.0,0.0596659,0.00714286,-1.46963,252.0,3.52546,252.0,4.89864,0.0,5.0,2.0,0.0,5.0,0.0,5.0,5.0,0.0,0.0,0.0,16.76,71.48,14.2642,0.639845,0.515544,3.40284,1.0,2.35341,0.996118,2.35341,1.0,95.3049,151.951,57.0,252.0,252.0,0.0,60.0,1.14035,24.0,70.0,25.0,3.76,0.178571,419.0,1787.0,356.604
accap,2024,accap_a8_f50_t30,3.01176,21.8122,7.23919,0.0,0.0,0.0,0.813307,0.86502,0.0,0.0,0.659005,0.659005,0.0289705,515.435,1486.41,50.0,361.92,7.55872,2.0,14.4381,7.21904,340.0,0.0,5.66667,1021.0,7416.14,2461.32,0.0,0.0,0.0,0.0,0.0,339.0,60.0,0.0,0.0,0.0,0.0,0.0,0.997059,1.0,0.0,0.0,0.0,0.0,1.0,1.0,1.0,0.00294118,1.0,0.0585938,0.00294118,-1.31623,1355.0,7.9178,1355.0,7.68113,0.0,5.0,2.0,0.0,5.0,0.0,5.0,5.0,0.0,0.0,0.0,17.0667,171.133,33.5799,0.715228,0.900623,5.12505,1.0,3.18495,0.803677,3.15162,1.0,230.41,437.507,73.0,1355.0,1355.0,0.0,147.0,2.08219,59.0,165.0,60.0,3.73333,0.176471,1024.0,10268.0,2014.79
aircraft-disassembly,2024,B737NG-600-01-Anon,2.77504,5.92248,2.15386,0.0,0.0,0.0,1.7282,1.77089,1.03817,0.0,1.00516,1.70329,0.933865,7133.22,9966.04,338.0,374.436,10.9076,2.0,2.0,1.0,5152.0,0.0,1.80077,12350.0,30512.6,11096.7,1.0,3021.0,2152.0,0.0,0.0,1432.0,709.0,0.000194099,0.586374,0.752185,0.0,0.0,0.27795,0.247815,0.0,0.0,0.0,0.0,1.0,7.0,0.142857,0.0013587,1.0,0.200112,0.000194099,-0.43103,193536000.0,2860.43,193536000.0,0.0,0.0,0.0,2.0,0.0,5.0,5.0,5.0,5.0,0.0,0.0,0.0,4.9972,67659.5,67647.4,1.85576,0.0,0.0,1837.0,3.1854,0.0570015,2.04303,3615.0,4263.54,3055.96,102.0,193536000.0,193536000.0,0.0,2.0,0.0909091,2347.0,977.0,2861.0,1.16183,0.555318,14297.0,193574000.0,193539000.0
aircraft-disassembly,2024,B737NG-600-02-Anon,2.81224,6.04824,2.16883,0.0,0.0,0.0,1.9149,1.91392,1.031,0.0,0.929578,1.65278,0.928555,18761.6,25887.9,611.0,647.437,10.9076,2.0,2.0,1.0,13198.0,0.0,2.18041,31523.0,79824.7,28624.3,1.0,8513.0,4668.0,0.0,0.0,3323.0,1385.0,7.57691e-05,0.645022,0.771188,0.0,0.0,0.251781,0.228812,0.0,0.0,0.0,0.0,1.0,7.0,0.142857,0.000530383,1.0,0.163083,7.57691e-05,-0.400729,193739000.0,6050.82,193739000.0,0.0,0.0,0.0,2.0,0.0,5.0,5.0,5.0,5.0,0.0,0.0,0.0,6.13184,32018.6,32008.2,2.08849,0.0,0.0,4132.0,2.86984,0.0473928,1.75899,7502.0,9486.44,6376.76,151.0,193739000.0,193739000.0,0.0,2.0,0.0689655,4422.0,1905.0,6053.0,1.04527,0.45863,37116.0,193809000.0,193745000.0
aircraft-disassembly,2024,B737NG-600-04-Anon,2.86099,5.9974,2.10135,0.0,0.0,0.0,1.9461,2.00087,1.06411,0.0,0.761148,1.44775,0.842245,61834.8,82846.2,1136.0,1172.45,10.9076,2.0,2.0,1.0,42041.0,0.0,2.78602,99406.0,252137.0,88342.7,1.0,30740.0,12514.0,0.0,0.0,8773.0,2576.0,2.37863e-05,0.731191,0.829291,0.0,0.0,0.208677,0.170709,0.0,0.0,0.0,0.0,1.0,7.0,0.142857,0.000166504,1.0,0.125458,2.37863e-05,-0.358538,194979000.0,15079.5,194979000.0,0.0,0.0,0.0,2.0,0.0,5.0,5.0,5.0,5.0,0.0,0.0,0.0,7.97078,12930.0,12922.0,2.43919,0.0,0.0,10895.0,2.5677,0.0357866,1.58704,17945.0,24686.0,15661.5,250.0,194979000.0,194979000.0,0.0,2.0,0.0377358,9626.0,3643.0,15090.0,0.879324,0.358935,120279.0,195114000.0,194992000.0
aircraft-disassembly,2024,B737NG-600-06-Anon,2.88895,6.05743,2.09108,0.0,0.0,0.0,2.01836,2.05531,1.06934,0.0,0.626406,1.29826,0.783197,220113.0,291842.0,2207.0,2243.49,10.9076,2.0,2.0,1.0,146718.0,0.0,3.27203,346390.0,888734.0,306799.0,1.0,114328.0,39752.0,0.0,0.0,27401.0,5088.0,6.8158e-06,0.779236,0.88653,0.0,0.0,0.18676,0.11347,0.0,0.0,0.0,0.0,1.0,7.0,0.142857,4.77106e-05,1.0,0.105789,6.8158e-06,-0.288069,200917000.0,44774.7,200917000.0,0.0,0.0,0.0,2.0,0.0,5.0,5.0,5.0,5.0,0.0,0.0,0.0,9.45274,4487.29,4481.62,3.10416,0.0,0.0,34092.0,2.29359,0.0244077,1.40582,50390.0,73621.6,45916.8,455.0,200917000.0,200917000.0,0.0,2.0,0.0190476,23997.0,7061.0,44840.0,0.69264,0.30562,423861.0,201210000.0,200956000.0
aircraft-disassembly,2024,B737NG-600-09-Anon,2.90411,5.94614,2.03569,0.0,0.0,0.0,1.97808,2.06659,1.09843,0.0,0.563142,1.2064,0.728161,435918.0,569500.0,3047.0,3083.5,10.9076,2.0,2.0,1.0,288174.0,0.0,3.56215,676505.0,1713520.0,586632.0,1.0,231026.0,73256.0,0.0,0.0,49644.0,7643.0,3.47013e-06,0.801689,0.905524,0.0,0.0,0.172271,0.0944758,0.0,0.0,0.0,0.0,1.0,7.0,0.142857,2.42909e-05,1.0,0.0966665,3.47013e-06,-0.258287,202175000.0,80722.5,202175000.0,0.0,0.0,0.0,2.0,0.0,5.0,5.0,5.0,5.0,0.0,0.0,0.0,10.3448,2504.57,2499.95,3.4974,0.0,0.0,62927.0,2.0473,0.0192689,1.26116,89230.0,133853.0,82372.1,617.0,202175000.0,202175000.0,0.0,2.0,0.0136054,40050.0,11095.0,80899.0,0.632208,0.28073,836888.0,202617000.0,202244000.0
amaze,2012,2012-03-08,3.36196,9.27965,2.30714,0.0,0.0,0.0,2.08212,2.95513,0.0,0.0,1.5358,2.33522,1.8056,717.498,1226.56,155.0,597.928,3.8576,1.0,2.0,1.0,489.0,0.0,1.05616,1467.0,4537.75,1128.19,0.0,154.0,308.0,0.0,0.0,155.0,155.0,0.0,0.314928,0.665227,0.0,0.0,0.316973,0.334773,0.0,0.0,0.0,0.0,1.0,26.0,0.0384615,0.0531697,1.0,0.28163,0.00204499,-1.27538,3095.0,244.245,3095.0,21.4777,0.0,0.0,2.0,0.0,1.0,1.0,1.0,1.0,0.0,0.0,0.0,3.55076,12.6717,8.0527,0.56326,11.3255,17.8347,309.0,1.27124,0.93855,0.984622,1266.0,728.869,905.928,7.0,3095.0,3095.0,0.0,2.0,1.0,873.0,323.0,463.0,2.58315,0.94683,1644.0,5867.0,3728.4
amaze,2012,2012-03-15,3.32914,9.79229,2.45916,0.0,0.0,0.0,2.03726,2.92787,0.406643,0.0,1.6441,2.46844,1.45222,692.852,1224.83,149.0,616.84,4.13986,1.0,2.0,1.0,477.0,0.0,1.07191,1431.0,4670.92,1173.02,0.0,148.0,296.0,0.0,0.0,149.0,149.0,0.0,0.310273,0.665169,0.0,0.0,0.312369,0.334831,0.0,0.0,0.0,0.0,1.0,32.0,0.03125,0.067086,1.0,0.280227,0.00209644,-1.14869,3809.0,245.049,3809.0,21.0553,0.0,0.0,2.0,0.0,1.0,1.0,1.0,1.0,0.0,0.0,0.0,3.56854,15.5438,10.0701,0.626606,11.5909,17.9034,297.0,1.23439,0.939241,1.21923,1254.0,702.33,912.84,7.0,3809.0,3809.0,0.0,2.0,1.0,847.0,349.0,445.0,2.68764,0.932914,1588.0,6917.0,4481.19
amaze,2012,2012-03-19,3.27925,8.04597,2.09747,0.0,0.0,0.0,1.55494,2.20235,0.0,0.0,1.66792,2.45266,1.57771,383.318,631.135,83.0,282.739,3.40649,1.0,2.0,1.0,265.0,0.0,1.07287,795.0,2132.18,555.829,0.0,82.0,164.0,0.0,0.0,83.0,83.0,0.0,0.309434,0.663968,0.0,0.0,0.313208,0.336032,0.0,0.0,0.0,0.0,1.0,18.0,0.0555556,0.0679245,1.0,0.284235,0.00377358,-1.25911,1297.0,131.026,1297.0,15.6684,0.0,0.0,2.0,0.0,1.0,1.0,1.0,1.0,0.0,0.0,0.0,3.51822,9.89879,6.42317,0.56847,8.29862,12.8099,165.0,1.32775,0.952587,0.582207,708.0,386.52,446.739,7.0,1297.0,1297.0,0.0,2.0,1.0,458.0,230.0,247.0,2.78543,0.932075,869.0,2445.0,1586.52
amaze,2012,2012-06-22,3.33933,8.7478,2.2047,0.0,0.0,0.0,1.87013,2.64163,0.0,0.0,1.63365,2.36186,1.81522,569.595,954.849,123.0,448.44,3.64586,1.0,2.0,1.0,389.0,0.0,1.05995,1167.0,3402.89,857.628,0.0,122.0,244.0,0.0,0.0,123.0,123.0,0.0,0.313625,0.66485,0.0,0.0,0.316195,0.33515,0.0,0.0,0.0,0.0,1.0,22.0,0.0454545,0.0565553,1.0,0.282525,0.00257069,-1.26975,2157.0,192.655,2157.0,19.1148,0.0,0.0,2.0,0.0,1.0,1.0,1.0,1.0,0.0,0.0,0.0,3.53951,11.1962,7.14761,0.56505,10.0265,15.722,245.0,1.29747,0.942934,0.942934,1016.0,576.549,692.44,7.0,2157.0,2157.0,0.0,2.0,1.0,688.0,280.0,367.0,2.6376,0.943445,1299.0,4109.0,2623.17
amaze,2012,2012-06-29,3.33933,8.7478,2.20536,0.0,0.0,0.0,1.87013,2.63915,0.0,0.0,1.60215,2.37122,1.81522,571.139,956.521,123.0,448.44,3.64586,2.0,2.0,1.0,389.0,0.0,1.05995,1167.0,3402.89,857.887,0.0,122.0,244.0,0.0,0.0,123.0,123.0,0.0,0.313625,0.66485,0.0,0.0,0.316195,0.33515,0.0,0.0,0.0,0.0,1.0,22.0,0.0454545,0.0565553,1.0,0.282525,0.00257069,-1.26975,2157.0,192.655,2157.0,19.1148,0.0,0.0,2.0,0.0,1.0,1.0,1.0,1.0,0.0,0.0,0.0,3.53951,11.1962,7.14761,0.56505,10.0265,15.722,245.0,1.29747,0.942934,0.942934,1016.0,576.549,692.44,7.0,2157.0,2157.0,0.0,2.0,1.0,688.0,280.0,367.0,2.6376,0.943445,1299.0,4109.0,2623.17
amaze,2012,2012-07-04,3.32967,7.49443,1.92764,0.0,0.0,0.0,1.56056,2.20467,0.0,0.0,1.58167,2.33918,1.58068,401.163,629.26,87.0,267.979,3.08022,2.0,2.0,1.0,273.0,0.0,1.05405,819.0,2045.98,526.247,0.0,86.0,172.0,0.0,0.0,87.0,87.0,0.0,0.315018,0.664093,0.0,0.0,0.318681,0.335907,0.0,0.0,0.0,0.0,1.0,14.0,0.0714286,0.0512821,1.0,0.284928,0.003663,-1.25483,1009.0,128.041,1009.0,16.0472,0.0,0.0,2.0,0.0,1.0,1.0,1.0,1.0,0.0,0.0,0.0,3.50965,7.88031,4.96816,0.569857,7.91668,12.5813,173.0,1.332,0.951263,0.127561,716.0,404.86,439.979,7.0,1009.0,1009.0,0.0,2.0,1.0,478.0,210.0,259.0,2.65637,0.948718,909.0,2041.0,1286.75
amaze,2014,2012-04-27,2.5871,4.46247,1.66419,0.0,0.0,0.0,0.54664,0.807972,0.0,0.0,1.01013,1.91848,1.39479,1076.09,1621.54,10.0,16.8496,3.16993,1.0,2.0,1.0,884.0,0.0,1.0625,2362.0,3944.82,1471.15,0.0,84.0,458.0,0.0,0.0,410.0,374.0,0.0,0.0950226,0.550481,0.0,0.0,0.463801,0.449519,0.0,0.0,0.0,0.0,1.0,16.0,0.0625,0.0180995,0.0,0.0,0.0,0.0,0.0,0.0,0.0,0.0,0.0,0.0,1.0,0.0,0.0,1.0,1.0,1.0,1.0,0.0,0.0,2.7488,2.70673,0.99324,0.727591,0.738899,0.0,748.0,0.953984,0.472036,0.101461,1208.0,1028.52,1014.27,12.0,9.0,2.25,0.0,2.0,0.666667,474.0,126.0,832.0,0.721154,0.941176,2287.0,2252.0,826.376
amaze,2014,2012-05-31,2.55311,4.46888,1.72092,0.0,0.0,0.0,0.553918,0.775161,0.0,0.0,0.992878,1.90442,1.35745,1261.95,1938.4,10.0,18.2972,3.45943,1.0,2.0,1.0,1045.0,0.0,1.0751,2769.0,4669.98,1798.36,0.0,80.0,526.0,0.0,0.0,499.0,446.0,0.0,0.076555,0.541152,0.0,0.0,0.477512,0.458848,0.0,0.0,0.0,0.0,1.0,20.0,0.05,0.0191388,0.0,0.0,0.0,0.0,0.0,0.0,0.0,0.0,0.0,0.0,1.0,0.0,0.0,1.0,1.0,1.0,1.0,0.0,0.0,2.74486,2.74074,0.98861,0.814639,0.893733,0.0,892.0,1.02718,0.410248,0.0829175,1352.0,1197.43,1168.75,14.0,11.0,2.75,0.0,2.0,0.666667,448.0,151.0,972.0,0.616255,0.930144,2668.0,2664.0,960.929
amaze,2014,2012-06-15,2.56136,4.62118,1.77942,0.0,0.0,0.0,0.676222,0.809676,0.0,0.0,0.892957,1.805,1.38707,2038.73,3199.82,12.0,19.5022,3.70044,2.0,2.0,1.0,1703.0,0.0,1.05908,4485.0,7869.87,3030.36,0.0,120.0,864.0,0.0,0.0,815.0,744.0,0.0,0.0704639,0.537313,0.0,0.0,0.478567,0.462687,0.0,0.0,0.0,0.0,1.0,24.0,0.0416667,0.0140928,0.0,0.0,0.0,0.0,0.0,0.0,0.0,0.0,0.0,0.0,1.0,0.0,0.0,1.0,1.0,1.0,1.0,0.0,0.0,2.71269,2.8209,1.00677,0.8243,1.00267,0.0,1488.0,0.93487,0.382958,0.13971,2530.0,1943.4,1932.05,16.0,13.0,3.25,0.0,2.0,0.666667,1045.0,191.0,1608.0,0.768657,0.944216,4362.0,4536.0,1618.88
amaze,2014,mod2012-03-19,2.54201,4.54202,1.75167,0.0,0.0,0.0,0.556338,0.79382,0.0,0.0,0.898833,1.8294,1.39832,1763.59,2746.89,11.0,18.9248,3.58496,1.0,2.0,1.0,1476.0,0.0,1.06034,3894.0,6704.03,2585.47,0.0,108.0,750.0,0.0,0.0,704.0,642.0,0.0,0.0731707,0.538793,0.0,0.0,0.476965,0.461207,0.0,0.0,0.0,0.0,1.0,22.0,0.0454545,0.0149051,0.0,0.0,0.0,0.0,0.0,0.0,0.0,0.0,0.0,0.0,1.0,0.0,0.0,1.0,1.0,1.0,1.0,0.0,0.0,2.6954,2.77586,1.00942,0.829586,0.953128,0.0,1284.0,0.84457,0.393616,0.108056,2053.0,1669.39,1671.18,16.0,12.0,3.0,0.0,2.0,0.666667,773.0,170.0,1392.0,0.677443,0.943089,3752.0,3864.0,1405.11
amaze,2014,mod2012-06-22,2.5643,4.75837,1.83165,0.0,0.0,0.0,0.779939,0.866496,0.0,0.0,0.813069,1.72958,1.3565,3153.31,5051.9,16.0,20.5345,3.90689,2.0,2.0,1.0,2667.0,0.0,1.04506,6989.0,12690.6,4885.01,0.0,176.0,1364.0,0.0,0.0,1275.0,1188.0,0.0,0.0659918,0.534483,0.0,0.0,0.478065,0.465517,0.0,0.0,0.0,0.0,1.0,28.0,0.0357143,0.0104987,0.0,0.0,0.0,0.0,0.0,0.0,0.0,0.0,0.0,0.0,1.0,0.0,0.0,1.0,1.0,1.0,1.0,0.0,0.0,2.67986,2.89655,1.02122,0.914037,1.09174,0.0,2376.0,0.787699,0.362051,0.193034,4163.0,3027.07,3063.61,16.0,15.0,3.75,0.0,2.0,0.666667,1826.0,265.0,2552.0,0.819357,0.95688,6839.0,7392.0,2606.15
amaze,2019,2012-03-19,2.54113,4.39821,1.68741,0.0,0.0,0.0,0.556529,0.787616,0.0,0.0,0.962755,1.88762,1.36532,1216.47,1850.5,9.0,17.6096,3.32193,1.0,2.0,1.0,1009.0,0.0,1.06886,2678.0,4437.8,1702.6,0.0,82.0,513.0,0.0,0.0,478.0,431.0,0.0,0.0812686,0.543432,0.0,0.0,0.473736,0.456568,0.0,0.0,0.0,0.0,1.0,18.0,0.0555556,0.0178394,0.0,0.0,0.0,0.0,0.0,0.0,0.0,0.0,0.0,0.0,1.0,0.0,0.0,1.0,1.0,1.0,1.0,0.0,0.0,2.7161,2.69492,0.999284,0.823264,0.829736,0.0,862.0,0.927067,0.425916,0.10859,1322.0,1146.43,1134.4,15.0,10.0,2.5,0.0,2.0,0.666667,458.0,132.0,944.0,0.625,0.93558,2564.0,2544.0,943.324
amaze,2019,2012-03-29,2.54809,4.51156,1.72952,0.0,0.0,0.0,0.55501,0.767827,0.0,0.0,0.988901,1.94302,1.37407,1174.6,1806.48,9.0,18.2972,3.45943,2.0,2.0,1.0,967.0,0.0,1.07924,2573.0,4362.68,1672.45,0.0,80.0,488.0,0.0,0.0,459.0,408.0,0.0,0.0827301,0.544643,0.0,0.0,0.474664,0.455357,0.0,0.0,0.0,0.0,1.0,20.0,0.05,0.0206825,0.0,0.0,0.0,0.0,0.0,0.0,0.0,0.0,0.0,0.0,1.0,0.0,0.0,1.0,1.0,1.0,1.0,0.0,0.0,2.75,2.80357,0.999227,0.813116,0.873703,0.0,816.0,1.0681,0.434081,0.134815,1276.0,1108.35,1092.75,15.0,11.0,2.75,0.0,2.0,0.666667,444.0,145.0,896.0,0.657366,0.926577,2464.0,2512.0,895.307
amaze,2019,2012-07-13,2.57033,4.84202,1.8365,0.0,0.0,0.0,0.550206,0.826101,0.0,0.0,0.966829,1.87717,1.43661,1734.22,2764.1,12.0,20.0368,3.80735,1.0,2.0,1.0,1436.0,0.0,1.06213,3809.0,6953.15,2637.22,0.0,118.0,735.0,0.0,0.0,675.0,617.0,0.0,0.0821727,0.543639,0.0,0.0,0.470056,0.456361,0.0,0.0,0.0,0.0,1.0,26.0,0.0384615,0.0181058,0.0,0.0,0.0,0.0,0.0,0.0,0.0,0.0,0.0,0.0,1.0,0.0,0.0,1.0,1.0,1.0,1.0,0.0,0.0,2.73003,3.04734,1.03171,0.819064,1.08837,0.0,1234.0,0.961785,0.427319,0.248305,2011.0,1653.24,1683.27,15.0,14.0,3.5,0.0,2.0,0.666667,768.0,203.0,1352.0,0.718195,0.941504,3691.0,4120.0,1394.87
amaze,2019,2012-07-27,2.57152,4.56618,1.72634,0.0,0.0,0.0,0.673551,0.819428,0.0,0.0,0.897153,1.80904,1.35571,1834.98,2831.02,12.0,18.2972,3.45943,2.0,2.0,1.0,1524.0,0.0,1.05249,4034.0,6958.86,2630.95,0.0,124.0,786.0,0.0,0.0,718.0,662.0,0.0,0.0813648,0.542818,0.0,0.0,0.471129,0.457182,0.0,0.0,0.0,0.0,1.0,20.0,0.05,0.0131234,0.0,0.0,0.0,0.0,0.0,0.0,0.0,0.0,0.0,0.0,1.0,0.0,0.0,1.0,1.0,1.0,1.0,0.0,0.0,2.70649,2.77072,1.01308,0.826187,0.884063,0.0,1324.0,0.877032,0.421731,0.165084,2256.0,1745.9,1752.97,15.0,11.0,2.75,0.0,2.0,0.666667,958.0,160.0,1448.0,0.772099,0.950131,3919.0,4012.0,1466.94
amaze,2019,mod2012-03-29,2.54217,4.65783,1.8094,0.0,0.0,0.0,0.556302,0.803305,0.0,0.0,0.893835,1.84299,1.38986,1979.18,3138.18,13.0,20.0368,3.80735,1.0,2.0,1.0,1660.0,0.0,1.06274,4370.0,7732.0,3003.6,0.0,114.0,838.0,0.0,0.0,796.0,724.0,0.0,0.0686747,0.536492,0.0,0.0,0.479518,0.463508,0.0,0.0,0.0,0.0,1.0,26.0,0.0384615,0.0156627,0.0,0.0,0.0,0.0,0.0,0.0,0.0,0.0,0.0,0.0,1.0,0.0,0.0,1.0,1.0,1.0,1.0,0.0,0.0,2.70166,2.8758,1.01329,0.906659,1.04319,0.0,1448.0,0.897631,0.37696,0.151074,2339.0,1877.97,1882.04,17.0,14.0,3.5,0.0,2.0,0.666667,880.0,227.0,1562.0,0.708707,0.940964,4220.0,4492.0,1582.76
amaze2,2012,2012-03-08,13.0699,46.819,2.45035,0.0,0.0,0.0,3.00642,3.23571,0.577147,0.0,0.854042,2.09973,1.42555,3586.08,5902.54,155.0,593.833,4.24992,2.0,2.0,1.0,2345.0,0.0,1.08314,6434.0,109791.0,5746.08,0.0,308.0,1230.0,0.0,0.0,1256.0,935.0,0.0,0.131343,0.568129,0.0,0.0,0.535608,0.431871,0.0,0.0,0.0,0.0,1.0,167.0,0.00598802,0.0712154,0.0,0.0,0.0,0.0,0.0,0.0,0.0,0.0,0.0,1.0,1.0,0.0,1.0,0.0,1.0,1.0,0.0,0.0,0.0,14.1566,16.661,3.38243,3.02758,2.85713,2.526,1844.0,0.83982,0.753581,0.83982,2540.0,3397.35,3682.81,169.0,181.0,60.3333,0.0,2.0,0.0828402,629.0,112.0,2165.0,0.342263,0.923241,30649.0,36071.0,7322.96
amaze2,2012,2012-03-15,12.6539,48.2333,2.48869,0.0,0.0,0.0,2.98529,3.24178,0.568256,0.0,0.855799,2.0987,1.42094,3504.85,5816.08,149.0,612.444,4.24992,1.0,1.0,1.0,2300.0,0.0,1.08491,6305.0,110937.0,5723.99,0.0,296.0,1200.0,0.0,0.0,1232.0,920.0,0.0,0.128696,0.566038,0.0,0.0,0.535652,0.433962,0.0,0.0,0.0,0.0,1.0,164.0,0.00609756,0.0713043,0.0,0.0,0.0,0.0,0.0,0.0,0.0,0.0,0.0,1.0,1.0,0.0,1.0,0.0,1.0,1.0,0.0,0.0,0.0,13.7283,16.8943,3.39284,3.03936,2.82139,2.51824,1808.0,0.836828,0.749603,0.836828,2498.0,3305.95,3642.92,166.0,181.0,60.3333,0.0,2.0,0.10241,608.0,130.0,2120.0,0.348113,0.921739,29104.0,35816.0,7192.82
amaze2,2012,2012-06-22,10.82,36.1611,2.36746,0.0,0.0,0.0,2.87548,3.13395,0.422394,0.0,0.861156,2.10568,1.42512,2801.14,4577.26,123.0,444.545,4.08995,1.0,1.0,1.0,1861.0,0.0,1.08387,5102.0,67295.8,4405.83,0.0,244.0,975.0,0.0,0.0,997.0,742.0,0.0,0.131112,0.567851,0.0,0.0,0.535733,0.432149,0.0,0.0,0.0,0.0,1.0,133.0,0.0075188,0.071467,0.0,0.0,0.0,0.0,0.0,0.0,0.0,0.0,0.0,1.0,1.0,0.0,1.0,0.0,1.0,1.0,0.0,0.0,0.0,11.7274,13.7874,2.89444,2.90795,2.76376,2.34322,1462.0,0.842569,0.754427,0.842569,2018.0,2654.15,2854.29,135.0,145.0,36.25,0.0,2.0,0.0888889,499.0,96.0,1717.0,0.346535,0.922622,20136.0,23673.0,4969.76
amaze2,2012,2012-06-28,5.65426,15.6912,2.11923,0.0,0.0,0.0,2.17327,2.57929,0.471869,0.0,0.876487,2.11045,1.69577,1067.21,1705.77,49.0,158.179,3.51118,2.0,2.0,1.0,752.0,0.0,1.09302,2066.0,11799.8,1593.66,0.0,96.0,388.0,0.0,0.0,404.0,300.0,0.0,0.12766,0.563953,0.0,0.0,0.537234,0.436047,0.0,0.0,0.0,0.0,1.0,56.0,0.0178571,0.0744681,0.0,0.0,0.0,0.0,0.0,0.0,0.0,0.0,0.0,1.0,1.0,0.0,1.0,0.0,1.0,1.0,0.0,0.0,0.0,6.18023,7.61628,1.86427,2.2997,2.25129,1.69626,584.0,0.875834,0.763259,0.875834,826.0,1000.12,1073.41,58.0,65.0,16.25,0.0,2.0,0.155172,200.0,77.0,688.0,0.402616,0.914894,4252.0,5240.0,1282.61
amaze2,2012,2012-06-29,10.8379,36.227,2.36707,0.0,0.0,0.0,2.87369,3.13129,0.422463,0.0,0.860707,2.10523,1.42559,2798.95,4571.01,123.0,444.545,4.08995,2.0,2.0,1.0,1857.0,0.0,1.08406,5096.0,67273.5,4395.66,0.0,244.0,973.0,0.0,0.0,995.0,740.0,0.0,0.131395,0.568009,0.0,0.0,0.53581,0.431991,0.0,0.0,0.0,0.0,1.0,133.0,0.0075188,0.0716209,0.0,0.0,0.0,0.0,0.0,0.0,0.0,0.0,0.0,1.0,1.0,0.0,1.0,0.0,1.0,1.0,0.0,0.0,0.0,11.749,13.8149,2.90733,2.90511,2.7611,2.35806,1458.0,0.847395,0.755646,0.847395,2014.0,2649.5,2850.29,135.0,145.0,36.25,0.0,2.0,0.0888889,499.0,96.0,1713.0,0.347344,0.922456,20126.0,23665.0,4980.26
amaze2,2012,2012-07-04,8.31158,23.2543,2.20006,0.0,0.0,0.0,2.64144,2.89878,0.454533,0.0,0.846286,1.94175,1.7011,1897.62,3028.56,87.0,264.658,3.82911,2.0,2.0,1.0,1287.0,0.0,1.08425,3536.0,29928.3,2831.48,0.0,172.0,676.0,0.0,0.0,690.0,511.0,0.0,0.133644,0.569503,0.0,0.0,0.536131,0.430497,0.0,0.0,0.0,0.0,1.0,93.0,0.0107527,0.0722611,0.0,0.0,0.0,0.0,0.0,0.0,0.0,0.0,0.0,1.0,1.0,0.0,1.0,0.0,1.0,1.0,0.0,0.0,0.0,9.01179,10.1912,2.3174,2.6678,2.60166,2.06948,1008.0,0.85908,0.762473,0.85908,1396.0,1800.66,1885.21,95.0,101.0,33.6667,0.0,2.0,0.0842105,351.0,67.0,1187.0,0.352148,0.9223,10697.0,12097.0,2750.76
arithmetic-target,2022,4108_with_1_2_2_3_3_5_6_6_7_8_9,4.36382,20.3253,3.45148,0.0,0.0,0.0,1.21258,2.63437,1.04464,0.0,1.98803,4.37689,2.411,8855.11,15452.1,23.0,341.568,21.0,1.0,2.0,1.0,5357.0,0.0,1.28898,15715.0,108883.0,18489.6,438.0,1403.0,3105.0,0.0,0.0,2948.0,1050.0,0.0817622,0.2619,0.747113,0.0,0.0,0.550308,0.252647,0.0313608,0.000240616,168.0,1.0,3.0,400.0,0.0075,0.0746687,1.0,0.177782,0.000186672,-0.302338,369731.0,0.0433445,369731.0,0.0,0.0,0.0,2.0,0.0,1.0,1.0,1.0,1.0,0.0,0.0,0.0,5.62488,8530060.0,4264380.0,2.71954,0.0,0.0,3548.0,1.82851,1.47669,1.70473,4050.0,6316.81,10599.0,153.0,1687570000.0,843783000.0,0.0,2.0,0.0571429,190.0,63.0,4156.0,0.0608758,0.775807,23377.0,35450900000.0,17722800000.0
arithmetic-target,2022,6872_with_1_2_3_3_4_4_5_6_7_9_10,4.36382,20.8795,3.52798,0.0,0.0,0.0,1.21258,2.67649,1.06057,0.0,1.98803,4.37689,2.37606,8855.11,15515.5,23.0,357.899,21.0,1.0,2.0,1.0,5357.0,0.0,1.28898,15715.0,111851.0,18899.4,438.0,1403.0,3105.0,0.0,0.0,2948.0,1050.0,0.0817622,0.2619,0.747113,0.0,0.0,0.550308,0.252647,0.0313608,0.000240616,168.0,1.0,3.0,400.0,0.0075,0.0746687,1.0,0.177782,0.000186672,-0.302338,618491.0,0.285744,618491.0,0.0,0.0,0.0,2.0,0.0,1.0,1.0,1.0,1.0,0.0,0.0,0.0,5.62488,2164490.0,1081310.0,2.71954,0.0,0.0,3548.0,1.82851,1.47669,1.67689,4050.0,6316.81,10734.3,153.0,427471000.0,213736000.0,0.0,2.0,0.0571429,190.0,63.0,4156.0,0.0608758,0.775807,23377.0,8995630000.0,4493920000.0
arithmetic-target,2022,814_with_1_2_4_6_6_7_8_9,3.9862,15.5982,3.10015,0.0,0.0,0.0,1.00346,2.21528,0.967695,0.0,1.99535,4.23605,2.42926,5751.69,9836.65,17.0,211.763,17.3212,1.0,2.0,1.0,3551.0,0.0,1.27642,10309.0,55389.2,11008.6,312.0,911.0,2031.0,0.0,0.0,1922.0,750.0,0.0878626,0.256547,0.73005,0.0,0.0,0.541256,0.26959,0.0337933,0.000359454,120.0,1.0,3.0,286.0,0.0104895,0.0805407,1.0,0.196538,0.000281611,-0.350549,73268.0,0.20478,73268.0,0.0,0.0,0.0,2.0,0.0,1.0,1.0,1.0,1.0,0.0,0.0,0.0,5.08807,357789.0,178803.0,2.29201,0.0,0.0,2348.0,1.90917,1.5301,1.70379,2706.0,4265.45,6701.02,111.0,66259600.0,33129800.0,0.0,2.0,0.0571429,136.0,43.0,2782.0,0.0643422,0.783441,14155.0,995370000.0,497431000.0
arithmetic-target,2022,910_with_1_2_3_6_12_25_50_87,3.9862,15.9236,3.19373,0.0,0.0,0.0,1.00346,2.1926,0.939339,0.0,1.99535,4.32201,2.52211,5751.69,9955.4,17.0,214.336,17.5356,1.0,2.0,1.0,3551.0,0.0,1.27642,10309.0,56544.8,11341.0,312.0,911.0,2031.0,0.0,0.0,1922.0,750.0,0.0878626,0.256547,0.73005,0.0,0.0,0.541256,0.26959,0.0337933,0.000359454,120.0,1.0,3.0,286.0,0.0104895,0.0805407,1.0,0.196538,0.000281611,-0.350549,81908.0,0.183204,81908.0,0.0,0.0,0.0,2.0,0.0,1.0,1.0,1.0,1.0,0.0,0.0,0.0,5.08807,447087.0,223442.0,2.29201,0.0,0.0,2348.0,1.90917,1.54956,1.71664,2706.0,4265.45,6781.96,111.0,82810000.0,41405000.0,0.0,2.0,0.0571429,136.0,43.0,2782.0,0.0643422,0.783441,14155.0,1243800000.0,621615000.0
atsp,2025,instance11_0p25,3.01457,13.0346,3.4865,0.0,0.0,0.0,2.54801,5.0384,0.951275,0.0,1.41994,3.49499,2.49982,4354.48,8687.36,401.0,3245.58,25.0,1.0,2.0,1.0,3363.0,0.0,1.0933,9258.0,43835.3,11725.1,101.0,633.0,1603.0,0.0,0.0,2076.0,1465.0,0.0300327,0.188225,0.521131,0.0,0.0,0.617306,0.476268,0.0582813,0.00260078,196.0,8.0,1.0,33.0,0.030303,0.00981267,1.0,0.303413,0.000297354,-0.76528,15226600.0,140.976,15226600.0,0.0,0.0,0.0,2.0,0.0,1.0,0.0,1.0,1.0,0.0,1.0,0.0,3.29584,108009.0,18252.8,0.910239,0.0,0.0,2372.0,1.83903,1.57005,1.93638,5010.0,4511.75,9792.33,27.0,33554400.0,15226600.0,0.0,2.0,0.08,3350.0,1144.0,3076.0,1.46099,0.91466,10138.0,332235000.0,56145700.0
atsp,2025,instance14_0p25,2.92708,14.3162,4.24688,0.0,0.0,0.0,3.43341,5.89319,0.91196,0.0,1.31455,3.45295,2.57126,11443.3,25202.9,901.0,7286.66,25.0,1.0,2.0,1.0,9010.0,0.0,1.23832,24479.0,128989.0,38264.4,301.0,2369.0,4073.0,0.0,0.0,5121.0,3163.0,0.0334073,0.26293,0.559786,0.0,0.0,0.568368,0.434717,0.108768,0.00549753,980.0,40.0,1.0,65.0,0.0153846,0.00721421,1.0,0.275888,0.000110988,-0.701469,63798700.0,341.78,63798700.0,0.0,0.0,0.0,2.0,0.0,1.0,0.0,1.0,1.0,0.0,1.0,0.0,3.62466,186666.0,29779.5,1.03228,0.0,0.0,5256.0,2.1502,1.57213,2.04705,10974.0,11537.6,25925.2,39.0,63798700.0,63798700.0,0.0,2.0,0.08,6662.0,1732.0,7276.0,1.15366,0.807547,26373.0,1358180000.0,216676000.0
atsp,2025,instance1_0p05,2.50209,11.1064,3.52377,0.0,0.0,0.0,0.399666,1.69167,1.06183,0.0,1.29321,4.00081,2.69772,291.813,584.143,11.0,116.455,19.3258,1.0,2.0,1.0,239.0,0.0,1.25131,666.0,2654.42,842.181,1.0,71.0,108.0,0.0,0.0,136.0,79.0,0.0041841,0.297071,0.565445,0.0,0.0,0.569038,0.413613,0.0753138,0.0209424,18.0,4.0,1.0,9.0,0.111111,0.0376569,1.0,0.319398,0.0041841,-1.50677,2219160.0,41.6709,2219160.0,0.0,0.0,0.0,2.0,0.0,1.0,0.0,1.0,1.0,0.0,1.0,0.0,3.13089,53254.5,27460.7,0.451697,0.0,0.0,139.0,2.14601,2.34773,2.52166,176.0,286.083,764.97,11.0,2219160.0,2219160.0,0.0,2.0,0.272727,65.0,60.0,191.0,0.65445,0.799163,598.0,10171600.0,5245000.0
atsp,2025,instance20_0p35,3.1141,17.1471,4.94627,0.0,0.0,0.0,3.30614,5.18482,1.40069,0.0,1.15059,3.30087,2.59422,10852.4,23258.5,801.0,6190.24,50.0,1.0,2.0,1.0,8598.0,0.0,1.26163,23283.0,147430.0,42528.1,451.0,2267.0,3919.0,0.0,0.0,4812.0,2880.0,0.0524541,0.263666,0.575055,0.0,0.0,0.559665,0.422597,0.0921144,0.00234776,792.0,16.0,1.0,66.0,0.0151515,0.0076762,1.0,0.254528,0.000116306,-0.624429,47297700.0,2.38575e-05,47297700.0,0.0,0.0,0.0,2.0,0.0,1.0,0.0,1.0,1.0,0.0,1.0,0.0,3.92883,1982510000000.0,39919900000.0,1.19384,0.0,0.0,5007.0,2.38306,1.51204,1.91177,11966.0,11295.6,22587.9,51.0,1125900000000000.0,22518000000000.0,0.0,2.0,0.0434783,7979.0,3550.0,6815.0,1.69171,0.792626,26775.0,1.35108e+16,272054000000000.0
atsp,2025,instance4_0p15,2.79784,11.9354,3.4991,0.0,0.0,0.0,1.6379,3.38885,0.857363,0.0,1.3058,3.42163,2.55211,3606.17,7382.06,211.0,1633.05,20.6561,1.0,2.0,1.0,2864.0,0.0,1.28661,7756.0,34183.1,10021.4,121.0,754.0,1283.0,0.0,0.0,1560.0,923.0,0.0422486,0.263268,0.57637,0.0,0.0,0.544693,0.414645,0.101257,0.00898473,290.0,20.0,1.0,35.0,0.0285714,0.0122207,1.0,0.277799,0.000349162,-0.982606,15200800.0,361.118,15200800.0,0.0,0.0,0.0,2.0,0.0,1.0,0.0,1.0,1.0,0.0,1.0,0.0,3.59973,42093.7,20212.1,0.734986,0.0,0.0,1646.0,2.35679,1.57723,1.9124,3234.0,3620.04,7506.53,18.0,15200800.0,15200800.0,0.0,2.0,0.111111,1792.0,526.0,2226.0,1.04133,0.777235,8013.0,93700500.0,44992000.0
black-hole,2013,12,3.16279,18.0293,5.70044,0.0,0.0,0.0,3.41997,3.42361,0.0,1.0,0.182606,0.182606,0.0,90.6865,306.639,103.0,587.145,5.70044,1.0,5.70044,5.70044,86.0,0.0,0.834951,208.0,1550.52,490.238,0.0,0.0,0.0,0.0,0.0,34.0,103.0,0.0,0.0,0.0,0.0,0.0,0.395349,1.0,0.0,0.0,0.0,0.0,1.0,51.0,0.0196078,0.593023,0.0,0.0,0.0,0.0,0.0,0.0,0.0,0.0,0.0,0.0,1.0,0.0,1.0,1.0,1.0,1.0,0.0,0.0,0.0,2.64078,52.0,20.6149,0.0,0.0,0.247346,0.0,0.997638,8.88178e-16,0.997638,102.0,141.192,587.145,3.0,52.0,52.0,0.0,52.0,17.3333,204.0,836.0,103.0,10.0971,1.19767,272.0,5356.0,2123.33
black-hole,2013,16,3.16279,18.0293,5.70044,0.0,0.0,0.0,3.41997,3.42361,0.0,1.0,0.182606,0.182606,0.0,90.6865,306.639,103.0,587.145,5.70044,1.0,5.70044,5.70044,86.0,0.0,0.834951,208.0,1550.52,490.238,0.0,0.0,0.0,0.0,0.0,34.0,103.0,0.0,0.0,0.0,0.0,0.0,0.395349,1.0,0.0,0.0,0.0,0.0,1.0,51.0,0.0196078,0.593023,0.0,0.0,0.0,0.0,0.0,0.0,0.0,0.0,0.0,0.0,1.0,0.0,1.0,1.0,1.0,1.0,0.0,0.0,0.0,2.64078,52.0,20.6149,0.0,0.0,0.247346,0.0,0.997638,8.88178e-16,0.997638,102.0,141.192,587.145,3.0,52.0,52.0,0.0,52.0,17.3333,204.0,836.0,103.0,10.0971,1.19767,272.0,5356.0,2123.33
black-hole,2013,18,3.16279,18.0293,5.70044,0.0,0.0,0.0,3.41997,3.42361,0.0,1.0,0.182606,0.182606,0.0,90.6865,306.639,103.0,587.145,5.70044,1.0,5.70044,5.70044,86.0,0.0,0.834951,208.0,1550.52,490.238,0.0,0.0,0.0,0.0,0.0,34.0,103.0,0.0,0.0,0.0,0.0,0.0,0.395349,1.0,0.0,0.0,0.0,0.0,1.0,51.0,0.0196078,0.593023,0.0,0.0,0.0,0.0,0.0,0.0,0.0,0.0,0.0,0.0,1.0,0.0,1.0,1.0,1.0,1.0,0.0,0.0,0.0,2.64078,52.0,20.6149,0.0,0.0,0.247346,0.0,0.997638,8.88178e-16,0.997638,102.0,141.192,587.145,3.0,52.0,52.0,0.0,52.0,17.3333,204.0,836.0,103.0,10.0971,1.19767,272.0,5356.0,2123.33
black-hole,2013,4,3.16279,18.0293,5.70044,0.0,0.0,0.0,3.41997,3.42361,0.0,1.0,0.182606,0.182606,0.0,90.6865,306.639,103.0,587.145,5.70044,1.0,5.70044,5.70044,86.0,0.0,0.834951,208.0,1550.52,490.238,0.0,0.0,0.0,0.0,0.0,34.0,103.0,0.0,0.0,0.0,0.0,0.0,0.395349,1.0,0.0,0.0,0.0,0.0,1.0,51.0,0.0196078,0.593023,0.0,0.0,0.0,0.0,0.0,0.0,0.0,0.0,0.0,0.0,1.0,0.0,1.0,1.0,1.0,1.0,0.0,0.0,0.0,2.64078,52.0,20.6149,0.0,0.0,0.247346,0.0,0.997638,8.88178e-16,0.997638,102.0,141.192,587.145,3.0,52.0,52.0,0.0,52.0,17.3333,204.0,836.0,103.0,10.0971,1.19767,272.0,5356.0,2123.33
black-hole,2013,6,3.16279,18.0293,5.70044,0.0,0.0,0.0,3.41997,3.42361,0.0,1.0,0.182606,0.182606,0.0,90.6865,306.639,103.0,587.145,5.70044,1.0,5.70044,5.70044,86.0,0.0,0.834951,208.0,1550.52,490.238,0.0,0.0,0.0,0.0,0.0,34.0,103.0,0.0,0.0,0.0,0.0,0.0,0.395349,1.0,0.0,0.0,0.0,0.0,1.0,51.0,0.0196078,0.593023,0.0,0.0,0.0,0.0,0.0,0.0,0.0,0.0,0.0,0.0,1.0,0.0,1.0,1.0,1.0,1.0,0.0,0.0,0.0,2.64078,52.0,20.6149,0.0,0.0,0.247346,0.0,0.997638,8.88178e-16,0.997638,102.0,141.192,587.145,3.0,52.0,52.0,0.0,52.0,17.3333,204.0,836.0,103.0,10.0971,1.19767,272.0,5356.0,2123.33
black-hole,2025,layout_14,3.16279,18.0293,5.70044,0.0,0.0,0.0,3.41997,3.42361,0.0,1.0,0.182606,0.182606,0.0,90.6865,306.639,103.0,587.145,5.70044,1.0,5.70044,5.70044,86.0,0.0,0.834951,208.0,1550.52,490.238,0.0,0.0,0.0,0.0,0.0,34.0,103.0,0.0,0.0,0.0,0.0,0.0,0.395349,1.0,0.0,0.0,0.0,0.0,1.0,51.0,0.0196078,0.593023,0.0,0.0,0.0,0.0,0.0,0.0,0.0,0.0,0.0,0.0,1.0,0.0,1.0,1.0,1.0,1.0,0.0,0.0,0.0,2.64078,52.0,20.6149,0.0,0.0,0.247346,0.0,0.997638,8.88178e-16,0.997638,102.0,141.192,587.145,3.0,52.0,52.0,0.0,52.0,17.3333,204.0,836.0,103.0,10.0971,1.19767,272.0,5356.0,2123.33
black-hole,2025,layout_17,3.16279,18.0293,5.70044,0.0,0.0,0.0,3.41997,3.42361,0.0,1.0,0.182606,0.182606,0.0,90.6865,306.639,103.0,587.145,5.70044,1.0,5.70044,5.70044,86.0,0.0,0.834951,208.0,1550.52,490.238,0.0,0.0,0.0,0.0,0.0,34.0,103.0,0.0,0.0,0.0,0.0,0.0,0.395349,1.0,0.0,0.0,0.0,0.0,1.0,51.0,0.0196078,0.593023,0.0,0.0,0.0,0.0,0.0,0.0,0.0,0.0,0.0,0.0,1.0,0.0,1.0,1.0,1.0,1.0,0.0,0.0,0.0,2.64078,52.0,20.6149,0.0,0.0,0.247346,0.0,0.997638,8.88178e-16,0.997638,102.0,141.192,587.145,3.0,52.0,52.0,0.0,52.0,17.3333,204.0,836.0,103.0,10.0971,1.19767,272.0,5356.0,2123.33
black-hole,2025,layout_25,3.16279,18.0293,5.70044,0.0,0.0,0.0,3.41997,3.42361,0.0,1.0,0.182606,0.182606,0.0,90.6865,306.639,103.0,587.145,5.70044,1.0,5.70044,5.70044,86.0,0.0,0.834951,208.0,1550.52,490.238,0.0,0.0,0.0,0.0,0.0,34.0,103.0,0.0,0.0,0.0,0.0,0.0,0.395349,1.0,0.0,0.0,0.0,0.0,1.0,51.0,0.0196078,0.593023,0.0,0.0,0.0,0.0,0.0,0.0,0.0,0.0,0.0,0.0,1.0,0.0,1.0,1.0,1.0,1.0,0.0,0.0,0.0,2.64078,52.0,20.6149,0.0,0.0,0.247346,0.0,0.997638,8.88178e-16,0.997638,102.0,141.192,587.145,3.0,52.0,52.0,0.0,52.0,17.3333,204.0,836.0,103.0,10.0971,1.19767,272.0,5356.0,2123.33
black-hole,2025,layout_27,3.16279,18.0293,5.70044,0.0,0.0,0.0,3.41997,3.42361,0.0,1.0,0.182606,0.182606,0.0,90.6865,306.639,103.0,587.145,5.70044,1.0,5.70044,5.70044,86.0,0.0,0.834951,208.0,1550.52,490.238,0.0,0.0,0.0,0.0,0.0,34.0,103.0,0.0,0.0,0.0,0.0,0.0,0.395349,1.0,0.0,0.0,0.0,0.0,1.0,51.0,0.0196078,0.593023,0.0,0.0,0.0,0.0,0.0,0.0,0.0,0.0,0.0,0.0,1.0,0.0,1.0,1.0,1.0,1.0,0.0,0.0,0.0,2.64078,52.0,20.6149,0.0,0.0,0.247346,0.0,0.997638,8.88178e-16,0.997638,102.0,141.192,587.145,3.0,52.0,52.0,0.0,52.0,17.3333,204.0,836.0,103.0,10.0971,1.19767,272.0,5356.0,2123.33
black-hole,2025,layout_3,3.16279,18.0293,5.70044,0.0,0.0,0.0,3.41997,3.42361,0.0,1.0,0.182606,0.182606,0.0,90.6865,306.639,103.0,587.145,5.70044,1.0,5.70044,5.70044,86.0,0.0,0.834951,208.0,1550.52,490.238,0.0,0.0,0.0,0.0,0.0,34.0,103.0,0.0,0.0,0.0,0.0,0.0,0.395349,1.0,0.0,0.0,0.0,0.0,1.0,51.0,0.0196078,0.593023,0.0,0.0,0.0,0.0,0.0,0.0,0.0,0.0,0.0,0.0,1.0,0.0,1.0,1.0,1.0,1.0,0.0,0.0,0.0,2.64078,52.0,20.6149,0.0,0.0,0.247346,0.0,0.997638,8.88178e-16,0.997638,102.0,141.192,587.145,3.0,52.0,52.0,0.0,52.0,17.3333,204.0,836.0,103.0,10.0971,1.19767,272.0,5356.0,2123.33
blocks-world,2022,16-4-13,3.4625,5.85676,1.7633,0.0,0.0,0.0,1.32349,1.4488,0.0,0.0,1.82519,2.75018,1.06478,18932.8,27152.9,64.0,83.3994,4.08746,1.0,2.0,1.0,12986.0,0.0,1.05218,34232.0,76055.9,22898.3,1626.0,3477.0,7942.0,0.0,0.0,5594.0,4400.0,0.125212,0.26775,0.643494,0.0,0.0,0.430772,0.356506,0.0,0.0,0.0,0.0,3.0,194.0,0.0154639,0.0149392,64.0,17.5671,0.00492838,14.2262,49.0,14.3682,0.765625,10.7456,0.0,0.0,2.0,0.0,1.0,1.0,1.0,1.0,0.0,0.0,0.0,3.64317,3.41031,1.01872,1.16455,1.24406,0.0,10165.0,1.78825,0.536619,0.949364,15622.0,18257.9,16002.3,64.0,49.0,8.5,0.0,2.0,0.0769231,7711.0,377.0,12342.0,0.655323,0.950408,44964.0,42090.0,12573.0
blocks-world,2022,16-4-40,3.28115,5.67637,1.77769,0.0,0.0,0.0,1.36298,1.46337,0.0,0.0,1.69056,2.63729,1.12937,17453.8,25431.7,64.0,79.3119,4.08746,1.0,2.0,1.0,12417.0,0.0,1.05461,32776.0,70483.5,22073.6,1501.0,3351.0,7564.0,0.0,0.0,5404.0,4210.0,0.120883,0.269872,0.642432,0.0,0.0,0.43521,0.357568,0.0,0.0,0.0,0.0,3.0,194.0,0.0154639,0.0156237,64.0,18.4953,0.00515422,15.6313,50.0,14.7138,0.78125,10.9842,0.0,0.0,2.0,0.0,1.0,1.0,1.0,1.0,0.0,0.0,0.0,3.46034,3.39817,1.02256,1.11925,1.24851,0.0,9660.0,1.73263,0.537377,0.94528,13982.0,17105.8,15239.8,64.0,50.0,8.5,0.0,2.0,0.08,6387.0,549.0,11774.0,0.589095,0.948216,40742.0,40010.0,12039.6
blocks-world,2022,16-4-45,3.31696,5.71122,1.7633,0.0,0.0,0.0,1.34826,1.48572,0.0,0.0,1.70831,2.64357,1.06478,18481.1,26701.1,64.0,83.3994,4.08746,1.0,2.0,1.0,12986.0,0.0,1.05218,34232.0,74165.9,22898.3,1626.0,3477.0,7942.0,0.0,0.0,5594.0,4400.0,0.125212,0.26775,0.643494,0.0,0.0,0.430772,0.356506,0.0,0.0,0.0,0.0,3.0,194.0,0.0154639,0.0149392,64.0,18.3379,0.00492838,15.6236,49.0,14.3682,0.765625,10.7456,0.0,0.0,2.0,0.0,1.0,1.0,1.0,1.0,0.0,0.0,0.0,3.49003,3.41031,1.02085,1.10973,1.24406,0.0,10165.0,1.74032,0.536619,0.949109,15622.0,18043.6,16002.3,64.0,49.0,8.5,0.0,2.0,0.0769231,7711.0,377.0,12342.0,0.655323,0.950408,43074.0,42090.0,12599.4
blocks-world,2022,16-4-5,3.46408,5.83525,1.76988,0.0,0.0,0.0,1.32288,1.41317,0.0,0.0,1.88844,2.80568,1.12632,18286.7,26264.5,64.0,79.3119,4.08746,1.0,2.0,1.0,12543.0,0.0,1.04857,33028.0,73191.5,22199.6,1626.0,3352.0,7752.0,0.0,0.0,5404.0,4210.0,0.129634,0.267241,0.648052,0.0,0.0,0.430838,0.351948,0.0,0.0,0.0,0.0,3.0,194.0,0.0154639,0.0154668,64.0,17.6195,0.00510245,13.8493,50.0,14.8096,0.78125,10.9893,0.0,0.0,2.0,0.0,1.0,1.0,1.0,1.0,0.0,0.0,0.0,3.63234,3.37619,1.01881,1.20003,1.25664,0.0,9848.0,1.75666,0.531352,0.935652,14170.0,17586.5,15427.8,64.0,50.0,8.5,0.0,2.0,0.08,6387.0,549.0,11962.0,0.579836,0.953679,43450.0,40386.0,12187.0
blocks-world,2022,16-4-83,3.68316,6.03074,1.76222,0.0,0.0,0.0,1.27347,1.36736,0.0,0.0,1.99339,2.90222,1.12321,19058.5,27036.3,64.0,79.3119,4.08746,1.0,2.0,1.0,12669.0,0.0,1.04272,33280.0,76403.5,22325.6,1751.0,3353.0,7940.0,0.0,0.0,5404.0,4210.0,0.138211,0.264662,0.653498,0.0,0.0,0.426553,0.346502,0.0,0.0,0.0,0.0,3.0,194.0,0.0154639,0.015313,64.0,16.6645,0.0050517,12.0319,50.0,14.9036,0.78125,10.9944,0.0,0.0,2.0,0.0,1.0,1.0,1.0,1.0,0.0,0.0,0.0,3.84049,3.3549,1.01624,1.30192,1.26461,0.0,10036.0,1.75804,0.525475,0.925723,14358.0,18039.9,15615.8,64.0,50.0,8.5,0.0,2.0,0.0714286,6387.0,549.0,12150.0,0.570864,0.959034,46662.0,40762.0,12347.3
bnn-planner,2020,cellda_y_10s,57.3682,57.3396,0.985513,0.0,0.0,0.0,1.72816,1.72937,0.0,0.0,2.57903,2.73835,1.77636e-15,37691.1,37345.2,257.0,257.0,1.10628,2.0,1.0,0.5,11934.0,0.0,1.07137,35269.0,684290.0,11761.1,0.0,0.0,5569.0,0.0,0.0,6365.0,5570.0,0.0,0.0,0.499955,0.0,0.0,0.53335,0.500045,0.0,0.0,0.0,0.0,0.0,0.0,0.0,0.0,1.0,0.0162701,8.37942e-05,-0.565664,41.0,20.7864,41.0,0.0,1.0,0.0,2.0,0.0,1.0,1.0,0.0,1.0,0.0,0.0,0.0,61.4626,1.97244,0.674098,1.73907,0.0,0.0,10642.0,1.98145,0.201023,1.21947,252886.0,31990.9,10797.4,315.0,41.0,41.0,0.0,1.0,0.00634921,252974.0,194461.0,11139.0,40.1683,0.933384,684632.0,21971.0,7508.78
bnn-planner,2020,inventory_4_8s,30.4126,30.412,0.998986,0.0,0.0,0.0,1.43815,1.43818,0.0,0.0,2.26949,2.28944,0.0,10906.4,10898.6,129.0,129.0,1.17936,2.0,1.0,0.5,3769.0,0.0,0.997882,11291.0,114623.0,3765.18,0.0,0.0,1888.0,0.0,0.0,1881.0,1889.0,0.0,0.0,0.499868,0.0,0.0,0.499071,0.500132,0.0,0.0,0.0,0.0,0.0,0.0,0.0,0.0,1.0,0.0329509,0.000265322,-0.583819,121.0,59.6239,121.0,68.6877,1.0,0.0,2.0,0.0,1.0,1.0,0.0,1.0,0.0,0.0,0.0,30.3482,2.02939,0.633398,1.65642,0.853484,3.15757,3761.0,1.91643,0.0253948,1.03851,100704.0,10430.8,3774.92,129.0,121.0,121.0,0.0,1.0,0.0155039,100912.0,13182.0,3777.0,30.2076,1.00212,114625.0,7665.0,2392.35
bnn-planner,2020,navigation_5x5_10s,42.3735,42.3743,1.00002,0.0,0.0,0.0,1.26451,1.26449,0.0,0.0,1.63562,1.63562,-1.77636e-15,19951.0,19951.2,129.0,129.0,1.10628,2.0,2.0,1.0,5705.0,0.0,0.992692,17051.0,241745.0,5705.11,0.0,0.0,2873.0,0.0,0.0,2832.0,2874.0,0.0,0.0,0.499913,0.0,0.0,0.496407,0.500087,0.0,0.0,0.0,0.0,0.0,0.0,0.0,0.0,1.0,0.0237734,0.000175285,-0.757203,41.0,20.4307,41.0,0.0,1.0,0.0,2.0,0.0,1.0,1.0,0.0,1.0,0.0,0.0,0.0,42.0639,2.00679,0.543718,1.28925,0.0,0.0,5683.0,1.78741,0.00242408,1.07934,5959.0,19853.8,5751.36,131.0,41.0,41.0,0.0,2.0,0.0152672,5959.0,23327.0,5747.0,5.09588,1.00736,241741.0,11533.0,3124.75
bnn-planner,2020,sysadmin_4_2s,37.7014,37.7034,1.00022,0.0,0.0,0.0,1.44137,1.44129,0.0,0.0,1.57411,1.57411,0.0,3453.54,3453.85,129.0,129.0,1.2411,2.0,2.0,1.0,1075.0,0.0,0.99445,3217.0,40531.2,1075.24,0.0,0.0,544.0,0.0,0.0,539.0,537.0,0.0,0.0,0.503238,0.0,0.0,0.501395,0.496762,0.0,0.0,0.0,0.0,0.0,0.0,0.0,0.0,1.0,0.0266723,0.000930233,-0.671875,9.0,4.48548,9.0,0.0,1.0,0.0,2.0,0.0,1.0,1.0,0.0,1.0,0.0,0.0,0.0,37.4921,2.00648,0.574213,1.44867,0.0,0.0,1065.0,1.67897,0.010657,1.14097,1048.0,3430.63,1083.17,131.0,9.0,9.0,0.0,2.0,0.0152672,1056.0,17936.0,1081.0,17.5689,1.00558,40529.0,2169.0,620.724
bnn-planner,2020,sysadmin_5_4s,47.3072,47.3082,1.00005,0.0,0.0,0.0,1.24088,1.24067,0.0,0.0,1.51329,1.51329,0.0,11257.6,11257.8,129.0,129.0,1.16154,2.0,2.0,1.0,3197.0,0.0,0.998127,9571.0,151244.0,3197.16,0.0,0.0,1606.0,0.0,0.0,1601.0,1597.0,0.0,0.0,0.501405,0.0,0.0,0.500782,0.498595,0.0,0.0,0.0,0.0,0.0,0.0,0.0,0.0,1.0,0.0211781,0.000312793,-0.787105,21.0,10.4689,21.0,0.0,1.0,0.0,2.0,0.0,1.0,1.0,0.0,1.0,0.0,0.0,0.0,47.2185,2.00593,0.545676,1.24357,0.0,0.0,3173.0,1.58193,0.00408607,1.08809,3152.0,11214.6,3206.39,131.0,21.0,21.0,0.0,2.0,0.0152672,3162.0,34718.0,3203.0,11.8264,1.00188,151241.0,6425.0,1747.8
cable-tree-wiring,2024,A022,2.96567,6.99082,2.36652,0.0,0.0,0.0,1.6519,1.38687,0.731898,0.0,0.975617,1.84904,1.15785,28302.2,44874.9,117.0,510.606,6.81741,2.0,2.0,1.0,20246.0,0.0,1.02673,54565.0,141536.0,47912.6,6242.0,153.0,12900.0,0.0,0.0,7495.0,6819.0,0.308308,0.00755705,0.654191,0.0,0.0,0.370197,0.345809,0.0,0.0,0.0,0.0,1.0,2.0,0.5,9.87849e-05,1.0,0.328415,4.93925e-05,-0.179352,20985600.0,19645.3,20985600.0,0.0,0.0,1.0,2.0,0.0,0.0,0.0,1.0,1.0,1.0,0.0,0.0,3.04493,1068.22,1066.07,3.7445,0.0,0.0,19559.0,1.00331,0.186724,0.209103,19678.0,23856.1,22249.9,197.0,20985600.0,20985600.0,0.0,2.0,0.406091,280.0,6.0,19719.0,0.0145038,0.97397,60043.0,21064300.0,21021900.0
cable-tree-wiring,2024,A033,2.96539,6.98427,2.36813,0.0,0.0,0.0,1.65205,1.38817,0.7314,0.0,0.977023,1.85574,1.16385,28178.4,44683.5,117.0,510.606,6.81741,2.0,2.0,1.0,20169.0,0.0,1.02699,54296.0,140866.0,47762.8,6242.0,115.0,12824.0,0.0,0.0,7456.0,6815.0,0.309485,0.00570182,0.652986,0.0,0.0,0.369676,0.347014,0.0,0.0,0.0,0.0,1.0,2.0,0.5,9.91621e-05,1.0,0.328362,4.9581e-05,-0.180089,20985600.0,19566.1,20985600.0,0.0,0.0,1.0,2.0,0.0,0.0,0.0,1.0,1.0,1.0,0.0,0.0,3.04542,1072.55,1070.4,3.72947,0.0,0.0,19479.0,1.00607,0.18616,0.20917,19598.0,23778.0,22148.6,198.0,20985600.0,20985600.0,0.0,2.0,0.40404,280.0,6.0,19639.0,0.0145629,0.973722,59809.0,21063800.0,21021600.0
cable-tree-wiring,2024,A041,2.92493,6.72686,2.34524,0.0,0.0,0.0,1.27923,1.21682,0.603015,0.0,1.01871,1.99858,1.28454,11292.4,18114.7,53.0,286.35,6.13661,2.0,2.0,1.0,8139.0,0.0,1.06587,22000.0,54749.9,19087.9,2402.0,39.0,4928.0,0.0,0.0,3246.0,2708.0,0.295122,0.00479174,0.645364,0.0,0.0,0.39882,0.354636,0.0,0.0,0.0,0.0,1.0,2.0,0.5,0.00024573,1.0,0.320759,0.000122865,-0.217261,3247480.0,7568.92,3247480.0,87.3785,0.0,1.0,2.0,0.0,0.0,0.0,1.0,1.0,1.0,0.0,0.0,3.1176,429.054,426.997,3.12638,86.6108,87.0281,7536.0,1.06265,0.252859,0.289213,7610.0,9336.39,8873.25,133.0,3247480.0,3247480.0,0.0,2.0,0.37594,175.0,6.0,7636.0,0.0237035,0.938199,23806.0,3276260.0,3260550.0
cable-tree-wiring,2024,A046,2.92287,7.2045,2.53574,0.0,0.0,0.0,1.6408,1.32409,0.683056,0.0,0.998491,1.95821,1.2951,28853.9,47586.9,94.0,510.606,6.81741,2.0,2.0,1.0,20925.0,0.0,1.07423,56524.0,150754.0,53060.3,6242.0,75.0,12721.0,0.0,0.0,8275.0,6758.0,0.298303,0.00358423,0.653062,0.0,0.0,0.39546,0.346938,0.0,0.0,0.0,0.0,1.0,2.0,0.5,9.55795e-05,1.0,0.318487,4.77897e-05,-0.169701,20985600.0,19409.4,20985600.0,0.0,0.0,1.0,2.0,0.0,0.0,0.0,1.0,1.0,1.0,0.0,0.0,3.13984,1081.21,1079.1,4.01597,0.0,0.0,19319.0,1.01693,0.177132,0.202045,19438.0,23665.7,21807.6,236.0,20985600.0,20985600.0,0.0,2.0,0.338983,280.0,6.0,19479.0,0.0146825,0.930896,61161.0,21060800.0,21019700.0
cable-tree-wiring,2024,R193,2.96391,7.1947,2.45562,0.0,0.0,0.0,1.90858,1.46436,0.70534,0.0,0.971717,1.83635,1.1419,47042.3,75454.8,141.0,702.083,7.19696,2.0,2.0,1.0,33800.0,0.0,1.03061,90758.0,243181.0,83000.1,10610.0,77.0,21507.0,0.0,0.0,12365.0,11289.0,0.313905,0.00227811,0.655781,0.0,0.0,0.365828,0.344219,0.0,0.0,0.0,0.0,1.0,2.0,0.5,5.91716e-05,1.0,0.327371,2.95858e-05,-0.158519,59607000.0,32726.8,59607000.0,0.0,0.0,1.0,2.0,0.0,0.0,0.0,1.0,1.0,1.0,0.0,0.0,3.05464,1821.35,1819.29,4.24321,0.0,0.0,32588.0,0.982985,0.140702,0.152574,32743.0,39643.9,35960.6,252.0,59607000.0,59607000.0,0.0,2.0,0.412698,364.0,6.0,32796.0,0.0112819,0.970296,100180.0,59733100.0,59665600.0
cable_tree_wiring,2020,A031,2.954,5.66155,1.88669,0.0,0.0,0.0,0.756963,0.999171,0.530029,0.0,1.12148,2.12618,1.26901,1424.97,2085.12,24.0,77.6618,4.6496,2.0,2.0,1.0,1000.0,0.0,1.002,2690.0,5661.55,1886.69,290.0,2.0,601.0,0.0,0.0,397.0,397.0,0.29,0.002,0.602204,0.0,0.0,0.397,0.397796,0.0,0.0,0.0,0.0,1.0,2.0,0.5,0.002,1.0,0.337847,0.001,-0.391984,57991.0,940.889,57991.0,31.5752,0.0,1.0,2.0,0.0,0.0,0.0,1.0,1.0,1.0,0.0,0.0,2.95992,61.6343,59.7497,1.68923,29.7667,30.7065,962.0,1.17512,0.542692,0.604056,988.0,1231.44,1295.67,45.0,57991.0,57991.0,0.0,2.0,0.4,63.0,6.0,998.0,0.0691383,0.998,2954.0,61511.0,59630.2
cable_tree_wiring,2020,A073,2.91397,8.21143,2.93541,0.0,0.0,0.0,2.63597,1.54043,0.834462,0.0,0.980075,1.9187,1.27391,177757.0,308513.0,286.0,1516.79,8.12753,2.0,2.0,1.0,130041.0,0.0,1.09042,351673.0,1067820.0,381724.0,38810.0,568.0,79029.0,0.0,0.0,51570.0,40229.0,0.298444,0.00436785,0.662673,0.0,0.0,0.396567,0.337327,0.0,0.0,0.0,0.0,1.0,2.0,0.5,1.53798e-05,1.0,0.314718,7.68988e-06,-0.104521,776200000.0,119184.0,776200000.0,0.0,0.0,1.0,2.0,0.0,0.0,0.0,1.0,1.0,1.0,0.0,0.0,3.17745,6512.61,6510.41,6.55642,0.0,0.0,118862.0,0.962637,0.0880448,0.0987038,119158.0,143550.0,126921.0,571.0,776200000.0,776200000.0,0.0,2.0,0.34676,693.0,6.0,119258.0,0.00586124,0.91708,378936.0,776681000.0,776419000.0
cable_tree_wiring,2020,R046,2.94854,6.66433,2.28232,0.0,0.0,0.0,1.31353,1.26437,0.619639,0.0,1.0101,1.95386,1.22452,11097.2,17482.8,68.0,296.423,6.19347,2.0,2.0,1.0,7948.0,0.0,1.03936,21414.0,52968.1,18139.9,2402.0,26.0,4917.0,0.0,0.0,3053.0,2730.0,0.302214,0.00327126,0.642997,0.0,0.0,0.384122,0.357003,0.0,0.0,0.0,0.0,1.0,2.0,0.5,0.000251636,1.0,0.326307,0.000125818,-0.223937,3647680.0,7585.42,3647680.0,87.4414,0.0,1.0,2.0,0.0,0.0,0.0,1.0,1.0,1.0,0.0,0.0,3.0646,480.881,478.81,3.0084,86.7371,87.1124,7543.0,1.04273,0.257439,0.299574,7617.0,9316.14,8928.99,124.0,3647680.0,3647680.0,0.0,2.0,0.419355,179.0,6.0,7647.0,0.0241925,0.962129,23435.0,3677300.0,3661460.0
cable_tree_wiring,2020,R189,2.94308,7.30723,2.53875,0.0,0.0,0.0,1.76555,1.4353,0.78779,0.0,0.988626,1.90749,1.21964,34121.1,55803.7,109.0,664.386,7.14024,2.0,2.0,1.0,24647.0,0.0,1.05203,66302.0,180101.0,62572.5,7570.0,23.0,15288.0,0.0,0.0,9378.0,8140.0,0.307137,0.000933176,0.652553,0.0,0.0,0.380493,0.347447,0.0,0.0,0.0,0.0,1.0,2.0,0.5,8.11458e-05,1.0,0.322976,4.05729e-05,-0.170587,44870000.0,23378.2,44870000.0,0.0,0.0,1.0,2.0,0.0,0.0,0.0,1.0,1.0,1.0,0.0,0.0,3.09621,1919.31,1917.12,3.96879,0.0,0.0,23228.0,1.01342,0.163605,0.174891,23359.0,28433.6,26102.6,220.0,44870000.0,44870000.0,0.0,2.0,0.454545,332.0,6.0,23428.0,0.0144272,0.950542,72538.0,44965600.0,44914200.0
cable_tree_wiring,2020,R196,2.95613,7.30287,2.51005,0.0,0.0,0.0,1.9725,1.46204,0.796796,0.0,0.97363,1.8556,1.16672,52973.7,85855.9,137.0,751.268,7.27807,2.0,2.0,1.0,38156.0,0.0,1.03939,102580.0,278648.0,95773.6,11882.0,108.0,24110.0,0.0,0.0,14150.0,12600.0,0.311406,0.00283049,0.656769,0.0,0.0,0.370846,0.343231,0.0,0.0,0.0,0.0,1.0,2.0,0.5,5.24164e-05,1.0,0.325461,2.62082e-05,-0.151968,74523900.0,36639.9,74523900.0,0.0,0.0,1.0,2.0,0.0,0.0,0.0,1.0,1.0,1.0,0.0,0.0,3.07257,2033.95,2031.86,4.43869,0.0,0.0,36490.0,0.98523,0.136276,0.15014,36654.0,44369.2,40170.4,286.0,74523900.0,74523900.0,0.0,2.0,0.384615,385.0,6.0,36710.0,0.010651,0.962103,112794.0,74666400.0,74589700.0
cargo,2013,challenge04_1s_626,3.59434,29.7081,8.63414,0.0,0.0,0.0,1.96728,1.76936,0.448566,0.0,1.12233,5.94338,2.90994,138.064,450.849,60.0,400.648,15.7211,2.0,7.08746,3.54373,106.0,0.0,0.913793,322.0,3149.06,915.218,0.0,0.0,0.0,0.0,0.0,102.0,116.0,0.0,0.0,0.0,0.0,0.0,0.962264,1.0,0.0,0.0,0.0,0.0,2.0,4.0,0.5,0.0377358,1.0,0.304462,0.00943396,-1.31895,206532.0,17.2544,206532.0,6.26946,0.0,0.0,2.0,0.0,0.0,5.0,5.0,5.0,5.0,0.0,0.0,3.28448,11969.8,6868.19,0.527344,2.59264,4.24297,36.0,2.50791,5.35056,5.2275,50.0,169.997,1004.91,6.0,237774.0,237774.0,0.0,8.0,2.83333,156.0,128.0,116.0,2.44828,1.09434,381.0,1388500.0,796710.0
cargo,2013,challenge05_1s_954,3.61207,29.4074,8.47828,0.0,0.0,0.0,2.07175,1.87028,0.456813,0.0,1.09473,6.15531,3.15061,150.099,488.544,66.0,438.459,15.6989,2.0,6.12928,3.06464,116.0,0.0,0.913386,352.0,3411.26,983.48,0.0,0.0,0.0,0.0,0.0,112.0,127.0,0.0,0.0,0.0,0.0,0.0,0.965517,1.0,0.0,0.0,0.0,0.0,2.0,4.0,0.5,0.0344828,1.0,0.303103,0.00862069,-1.32745,247069.0,21.9252,247069.0,7.67784,0.0,0.0,2.0,0.0,0.0,5.0,5.0,5.0,5.0,0.0,0.0,3.29921,11268.7,6484.85,0.524989,2.7254,4.43883,39.0,2.52272,5.58339,5.31816,54.0,186.981,1081.5,6.0,247069.0,247069.0,0.0,5.0,2.33333,171.0,140.0,127.0,2.44882,1.09483,419.0,1431130.0,823575.0
cargo,2013,challenge07_1s_133,3.62411,30.0654,8.76177,0.0,0.0,0.0,2.32502,2.03626,0.442032,0.0,1.0409,6.22612,3.04536,179.486,598.558,81.0,541.428,15.6841,2.0,6.12928,3.06464,141.0,0.0,0.921569,427.0,4239.22,1235.41,0.0,0.0,0.0,0.0,0.0,137.0,153.0,0.0,0.0,0.0,0.0,0.0,0.971631,1.0,0.0,0.0,0.0,0.0,2.0,4.0,0.5,0.0283688,1.0,0.299413,0.0070922,-1.35092,288983.0,25.8939,288983.0,8.41312,0.0,0.0,2.0,0.0,0.0,5.0,5.0,5.0,5.0,0.0,0.0,3.33987,11160.3,6264.76,0.518598,2.95894,4.99667,45.0,2.61272,5.59467,5.3503,61.0,227.207,1298.31,7.0,288983.0,288983.0,0.0,5.0,2.33333,207.0,167.0,153.0,2.44444,1.08511,511.0,1707520.0,958509.0
cargo,2013,challenge08_222f_3475,3.69872,32.2189,9.03293,0.0,0.0,0.0,2.44825,2.18634,0.428763,0.0,1.01596,6.56629,2.63464,198.092,670.888,90.0,621.61,15.6792,2.0,7.56986,3.78493,156.0,0.0,0.896552,472.0,5026.16,1409.14,0.0,0.0,0.0,0.0,0.0,152.0,174.0,0.0,0.0,0.0,0.0,0.0,0.974359,1.0,0.0,0.0,0.0,0.0,2.0,4.0,0.5,0.025641,1.0,0.30156,0.00641026,-1.3372,570904.0,36.2902,570904.0,0.0,0.0,0.0,2.0,0.0,0.0,5.0,5.0,5.0,5.0,0.0,0.0,3.31609,15731.6,8697.1,0.522317,0.0,0.0,54.0,2.55442,5.87848,5.70481,90.0,258.884,1566.99,7.0,570904.0,570904.0,0.0,10.0,3.16667,248.0,194.0,174.0,2.54023,1.11538,577.0,2737300.0,1513300.0
cargo,2013,challenge10_15966f_2060,3.69872,32.2739,9.04802,0.0,0.0,0.0,2.44825,2.18613,0.428048,0.0,1.01596,6.52157,2.65303,198.092,671.142,90.0,622.331,15.7081,2.0,7.08746,3.54373,156.0,0.0,0.896552,472.0,5034.73,1411.49,0.0,0.0,0.0,0.0,0.0,152.0,174.0,0.0,0.0,0.0,0.0,0.0,0.974359,1.0,0.0,0.0,0.0,0.0,2.0,4.0,0.5,0.025641,1.0,0.30156,0.00641026,-1.3372,583878.0,36.3151,583878.0,0.0,0.0,0.0,2.0,0.0,0.0,5.0,5.0,5.0,5.0,0.0,0.0,3.31609,16078.1,8855.5,0.522317,0.0,0.0,54.0,2.55442,5.83142,5.59184,90.0,258.884,1568.89,7.0,583878.0,583878.0,0.0,8.0,2.83333,248.0,194.0,174.0,2.54023,1.11538,577.0,2797590.0,1540860.0
cargo,2017,challenge01_0s_1913,3.57547,29.5396,8.70213,0.0,0.0,0.0,1.97766,1.75285,0.445061,0.0,1.12233,5.99326,3.13781,137.701,451.562,60.0,400.489,15.7064,2.0,6.80735,3.40368,106.0,0.0,0.921739,322.0,3131.2,922.426,0.0,0.0,0.0,0.0,0.0,102.0,115.0,0.0,0.0,0.0,0.0,0.0,0.962264,1.0,0.0,0.0,0.0,0.0,2.0,4.0,0.5,0.0377358,1.0,0.30343,0.00943396,-1.3254,162112.0,14.5004,162112.0,5.4936,0.0,0.0,2.0,0.0,0.0,5.0,5.0,5.0,5.0,0.0,0.0,3.29565,11179.8,6212.23,0.525556,2.45748,4.06637,35.0,2.51945,5.45912,5.14993,48.0,168.641,987.656,6.0,216742.0,216742.0,0.0,7.0,2.66667,155.0,126.0,115.0,2.44348,1.08491,379.0,1285680.0,714406.0
cargo,2017,challenge02_0s_1139,3.57658,29.6034,8.76068,0.0,0.0,0.0,2.0355,1.78778,0.456586,0.0,1.10799,5.77497,2.80297,143.568,473.197,63.0,420.591,15.7349,2.0,6.80735,3.40368,111.0,0.0,0.925,337.0,3285.98,972.435,0.0,0.0,0.0,0.0,0.0,107.0,120.0,0.0,0.0,0.0,0.0,0.0,0.963964,1.0,0.0,0.0,0.0,0.0,2.0,4.0,0.5,0.036036,1.0,0.302267,0.00900901,-1.33272,165315.0,15.5144,165315.0,6.05604,0.0,0.0,2.0,0.0,0.0,5.0,5.0,5.0,5.0,0.0,0.0,3.30833,10655.6,5824.19,0.523542,2.39668,3.97579,36.0,2.63287,5.41329,5.07659,49.0,176.056,1025.28,7.0,190524.0,190524.0,0.0,7.0,2.66667,162.0,131.0,120.0,2.44167,1.08108,397.0,1278670.0,698903.0
cargo,2017,challenge06_1s_3927,3.61069,29.9835,8.78015,0.0,0.0,0.0,2.23289,1.95356,0.441107,0.0,1.06028,5.99185,2.95424,167.592,557.321,75.0,500.427,15.6986,2.0,6.49185,3.24593,131.0,0.0,0.922535,397.0,3927.84,1150.2,0.0,0.0,0.0,0.0,0.0,127.0,142.0,0.0,0.0,0.0,0.0,0.0,0.969466,1.0,0.0,0.0,0.0,0.0,2.0,4.0,0.5,0.0305344,1.0,0.300211,0.00763359,-1.3458,247031.0,22.2171,247031.0,7.67751,0.0,0.0,2.0,0.0,0.0,5.0,5.0,5.0,5.0,0.0,0.0,3.33099,11119.0,6172.18,0.519981,2.76354,4.66888,42.0,2.6304,5.45713,5.27634,57.0,210.123,1208.29,7.0,247031.0,247031.0,0.0,6.0,2.5,192.0,155.0,142.0,2.44366,1.08397,473.0,1578890.0,876449.0
cargo,2017,challenge16_10720f_4243,3.80056,35.4241,9.63639,0.0,0.0,0.0,3.80387,3.38694,0.401912,0.0,0.871101,7.68557,3.008,429.114,1547.53,210.0,1536.3,16.1813,2.0,7.78136,3.89068,356.0,0.0,0.885572,1072.0,12611.0,3430.56,0.0,0.0,0.0,0.0,0.0,352.0,402.0,0.0,0.0,0.0,0.0,0.0,0.988764,1.0,0.0,0.0,0.0,0.0,2.0,4.0,0.5,0.011236,1.0,0.297118,0.00280899,-1.67278,2575860.0,103.695,2575860.0,0.0,0.0,0.0,2.0,0.0,0.0,5.0,5.0,5.0,5.0,0.0,0.0,3.36567,24840.6,13581.0,0.420188,0.0,0.0,122.0,2.60281,6.80019,6.63658,214.0,609.01,3789.52,7.0,2575860.0,2575860.0,0.0,11.0,3.33333,584.0,450.0,402.0,2.57214,1.12921,1353.0,9985930.0,5459550.0
cargo,2017,challenge19_31058f_2548,3.81206,37.0126,10.0695,0.0,0.0,0.0,4.1972,3.71787,0.384625,0.0,0.849012,7.99816,2.80442,514.576,1900.98,255.0,1933.7,16.6315,2.0,8.64386,4.32193,431.0,0.0,0.88501,1297.0,15952.4,4339.95,0.0,0.0,0.0,0.0,0.0,427.0,487.0,0.0,0.0,0.0,0.0,0.0,0.990719,1.0,0.0,0.0,0.0,0.0,2.0,4.0,0.5,0.00928074,1.0,0.296409,0.00232019,-1.67847,3694420.0,122.594,3694420.0,0.0,0.0,0.0,2.0,0.0,0.0,5.0,5.0,5.0,5.0,0.0,0.0,3.37372,30135.4,15471.2,0.419186,0.0,0.0,147.0,2.5963,7.01674,6.86493,259.0,739.877,4743.59,7.0,3694420.0,3694420.0,0.0,16.0,4.16667,709.0,545.0,487.0,2.57495,1.12993,1643.0,14676000.0,7534490.0
cargo,2018,challenge12_1422f_1644,3.77972,34.7848,9.52178,0.0,0.0,0.0,3.38815,3.01829,0.40675,0.0,0.900922,7.32743,3.04154,348.93,1241.41,168.0,1214.69,16.0386,2.0,8.33092,4.16546,286.0,0.0,0.888199,862.0,9948.45,2723.23,0.0,0.0,0.0,0.0,0.0,282.0,322.0,0.0,0.0,0.0,0.0,0.0,0.986014,1.0,0.0,0.0,0.0,0.0,2.0,4.0,0.5,0.013986,1.0,0.297872,0.0034965,-1.3609,1891240.0,79.6128,1891240.0,0.0,0.0,0.0,2.0,0.0,0.0,5.0,5.0,5.0,5.0,0.0,0.0,3.35714,23755.4,13376.4,0.51593,0.0,0.0,98.0,2.6003,6.55977,6.3895,170.0,486.155,3008.78,7.0,1891240.0,1891240.0,0.0,14.0,3.83333,466.0,360.0,322.0,2.56522,1.12587,1081.0,7649250.0,4307190.0
cargo,2018,challenge20_27613f_2435,3.81206,36.8974,10.0158,0.0,0.0,0.0,4.1972,3.7283,0.386688,0.0,0.849012,8.03827,2.88612,514.576,1896.76,255.0,1930.94,16.5641,2.0,8.64386,4.32193,431.0,0.0,0.88501,1297.0,15902.8,4316.8,0.0,0.0,0.0,0.0,0.0,427.0,487.0,0.0,0.0,0.0,0.0,0.0,0.990719,1.0,0.0,0.0,0.0,0.0,2.0,4.0,0.5,0.00928074,1.0,0.296409,0.00232019,-1.67847,4177600.0,131.963,4177600.0,0.0,0.0,0.0,2.0,0.0,0.0,5.0,5.0,5.0,5.0,0.0,0.0,3.37372,31657.5,16716.6,0.419186,0.0,0.0,147.0,2.58094,7.03014,6.8966,259.0,740.076,4733.68,7.0,4177600.0,4177600.0,0.0,16.0,4.16667,709.0,545.0,487.0,2.57495,1.12993,1643.0,15417200.0,8140960.0
cargo,2018,challenge22,3.59434,30.1645,8.74815,0.0,0.0,0.0,1.96728,1.76483,0.427708,0.0,1.12233,5.70139,2.83118,138.064,454.334,60.0,407.117,15.5979,2.0,7.90689,3.95345,106.0,0.0,0.913793,322.0,3197.44,927.304,0.0,0.0,0.0,0.0,0.0,102.0,116.0,0.0,0.0,0.0,0.0,0.0,0.962264,1.0,0.0,0.0,0.0,0.0,2.0,4.0,0.5,0.0377358,1.0,0.304462,0.00943396,-1.31895,189770.0,16.3933,189770.0,5.9008,0.0,0.0,2.0,0.0,0.0,5.0,5.0,5.0,5.0,0.0,0.0,3.28448,11576.1,6614.38,0.527344,2.60868,4.30228,36.0,2.50791,4.73396,5.03737,50.0,169.997,1011.32,6.0,242311.0,242311.0,0.0,8.0,4.0,156.0,128.0,116.0,2.44828,1.09434,381.0,1342820.0,767268.0
cargo,2018,challenge24,3.57547,29.492,8.68857,0.0,0.0,0.0,1.97766,1.75371,0.445756,0.0,1.12233,5.92147,3.13508,137.701,451.367,60.0,400.639,15.5229,2.0,6.80735,3.40368,106.0,0.0,0.921739,322.0,3126.15,920.988,0.0,0.0,0.0,0.0,0.0,102.0,115.0,0.0,0.0,0.0,0.0,0.0,0.962264,1.0,0.0,0.0,0.0,0.0,2.0,4.0,0.5,0.0377358,1.0,0.30343,0.00943396,-1.3254,142905.0,13.4645,142905.0,5.06606,0.0,0.0,2.0,0.0,0.0,5.0,5.0,5.0,5.0,0.0,0.0,3.29565,10613.5,5863.13,0.525556,2.46039,4.10337,35.0,2.51945,5.36386,5.06243,48.0,168.641,985.581,6.0,214742.0,214742.0,0.0,7.0,2.66667,155.0,126.0,115.0,2.44348,1.08491,379.0,1220550.0,674260.0
cargo,2018,challenge25,3.61207,29.307,8.44701,0.0,0.0,0.0,2.07175,1.87234,0.458503,0.0,1.09473,6.15531,3.1496,150.099,487.919,66.0,438.599,15.5368,2.0,5.70044,2.85022,116.0,0.0,0.913386,352.0,3399.61,979.853,0.0,0.0,0.0,0.0,0.0,112.0,127.0,0.0,0.0,0.0,0.0,0.0,0.965517,1.0,0.0,0.0,0.0,0.0,2.0,4.0,0.5,0.0344828,1.0,0.303103,0.00862069,-1.32745,220946.0,21.0231,220946.0,7.35521,0.0,0.0,2.0,0.0,0.0,5.0,5.0,5.0,5.0,0.0,0.0,3.29921,10509.7,6036.38,0.524989,2.7223,4.45201,39.0,2.52272,5.54595,5.34214,54.0,186.981,1077.46,6.0,220946.0,220946.0,0.0,4.0,2.0,171.0,140.0,127.0,2.44882,1.09483,419.0,1334730.0,766620.0
carpet-cutting,2012,mzn_rnd_test.05,3.14465,20.9415,6.03193,0.0,0.0,0.0,1.79888,2.42739,0.597745,0.0,1.13981,4.10765,2.83426,206.237,547.18,58.0,510.523,11.4409,2.0,2.0,1.0,159.0,0.0,1.25197,494.0,3329.7,959.076,0.0,19.0,31.0,0.0,0.0,109.0,96.0,0.0,0.119497,0.244094,0.0,0.0,0.685535,0.755906,0.0377358,0.0,6.0,0.0,3.0,16.0,0.1875,0.100629,43.0,10.922,0.27044,10.086,1730.0,2.46793,40.2326,0.918878,5.0,0.0,2.0,5.0,0.0,5.0,0.0,5.0,0.0,0.0,0.0,3.93701,700.992,178.778,0.983738,1.59753,1.71245,81.0,2.2849,3.22567,3.88035,192.0,218.098,734.09,43.0,2780.0,1390.0,0.0,2.0,0.133333,180.0,99.0,127.0,2.19685,0.798742,500.0,89026.0,22704.8
carpet-cutting,2012,mzn_rnd_test.10,3.1732,24.2922,6.93492,0.0,0.0,0.0,2.74732,3.45569,0.594543,0.0,1.03077,4.99017,3.23035,381.723,1109.89,120.0,1158.55,12.9035,2.0,2.0,1.0,306.0,0.0,1.19066,970.0,7433.42,2122.08,0.0,17.0,39.0,0.0,0.0,213.0,218.0,0.0,0.0555556,0.151751,0.0,0.0,0.696078,0.848249,0.0490196,0.0,15.0,0.0,3.0,49.0,0.0612245,0.160131,84.0,22.2327,0.27451,15.1605,4111.0,2.085,48.9405,0.664214,5.0,0.0,2.0,5.0,0.0,5.0,0.0,5.0,0.0,0.0,0.0,3.77821,1971.7,515.408,1.40053,1.63351,1.72618,171.0,2.27402,4.17043,4.73904,373.0,423.607,1769.38,84.0,7662.0,3831.0,0.0,2.0,0.133333,369.0,193.0,257.0,2.18677,0.839869,971.0,506728.0,132460.0
carpet-cutting,2012,mzn_rnd_test.14,3.09155,19.445,5.61944,0.0,0.0,0.0,2.02002,2.94619,0.641621,0.0,1.13855,4.25664,2.79949,372.981,937.438,84.0,760.775,11.7703,2.0,2.0,1.0,284.0,0.0,1.2511,882.0,5522.39,1595.92,0.0,50.0,80.0,0.0,0.0,180.0,147.0,0.0,0.176056,0.352423,0.0,0.0,0.633803,0.647577,0.0352113,0.0,10.0,0.0,3.0,25.0,0.12,0.0880282,62.0,16.0296,0.21831,13.7019,1853.0,2.6421,29.8871,0.872758,5.0,0.0,2.0,5.0,0.0,5.0,0.0,5.0,0.0,0.0,0.0,3.86784,701.335,160.09,1.0969,1.88151,2.02724,161.0,2.38164,3.01869,3.53535,322.0,383.898,1141.81,62.0,3493.0,1746.5,0.0,2.0,0.181818,250.0,128.0,227.0,1.6652,0.799296,878.0,159203.0,36340.4
carpet-cutting,2012,mzn_rnd_test.16,3.25862,24.0428,6.81712,0.0,0.0,0.0,1.91645,2.26861,0.508147,0.0,1.03988,4.18221,3.10028,147.021,430.847,54.0,472.148,11.5038,2.0,2.0,1.0,116.0,0.0,1.19588,366.0,2788.96,790.786,0.0,2.0,10.0,0.0,0.0,88.0,87.0,0.0,0.0172414,0.103093,0.0,0.0,0.758621,0.896907,0.0517241,0.0,6.0,0.0,3.0,16.0,0.1875,0.137931,39.0,10.0079,0.336207,8.77577,1829.0,2.05947,46.8974,0.761122,5.0,0.0,2.0,5.0,0.0,5.0,0.0,5.0,0.0,0.0,0.0,3.89691,888.093,242.913,1.02646,1.39198,1.46,55.0,2.16523,3.71808,4.36708,154.0,164.108,670.109,39.0,2904.0,1452.0,0.0,2.0,0.133333,172.0,101.0,97.0,2.81443,0.836207,378.0,86145.0,23562.6
carpet-cutting,2012,mzn_rnd_test.17,3.03858,21.2467,6.42914,0.0,0.0,0.0,2.10728,3.11917,0.659908,0.0,1.11608,3.93402,2.66092,439.388,1150.34,98.0,993.052,12.2633,2.0,2.0,1.0,337.0,0.0,1.30116,1048.0,7160.15,2166.62,0.0,74.0,100.0,0.0,0.0,210.0,159.0,0.0,0.219585,0.3861,0.0,0.0,0.623145,0.6139,0.0148368,0.0,5.0,0.0,3.0,28.0,0.107143,0.0830861,87.0,22.0049,0.25816,15.1621,3054.0,2.77022,35.1034,1.00173,5.0,0.0,2.0,5.0,0.0,5.0,0.0,5.0,0.0,0.0,0.0,3.95367,1102.44,230.192,1.38535,1.76716,1.82908,173.0,2.37298,2.81211,3.45507,415.0,441.59,1377.14,87.0,4916.0,2458.0,0.0,2.0,0.222222,315.0,139.0,259.0,1.7529,0.768546,1024.0,285532.0,59619.6
carpet-cutting,2016,mzn_rnd_test.02,3.27027,22.7147,6.45792,0.0,0.0,0.0,1.10252,1.35478,0.536412,0.0,1.25779,2.97893,2.5438,50.287,135.404,20.0,164.574,10.3811,2.0,2.0,1.0,37.0,0.0,1.12121,114.0,840.445,238.943,0.0,0.0,2.0,0.0,0.0,28.0,31.0,0.0,0.0,0.0606061,0.0,0.0,0.756757,0.939394,0.0540541,0.0,2.0,0.0,3.0,5.0,0.6,0.135135,17.0,4.63636,0.459459,5.03953,987.0,1.44986,58.0588,0.398943,5.0,0.0,2.0,5.0,0.0,5.0,0.0,5.0,0.0,0.0,0.0,3.66667,680.758,210.363,0.721569,1.12762,1.18025,14.0,1.6927,2.94684,3.28682,57.0,54.8721,221.83,17.0,1802.0,901.0,0.0,2.0,0.285714,73.0,48.0,33.0,3.66667,0.891892,121.0,22465.0,6941.96
carpet-cutting,2016,mzn_rnd_test.06,3.11732,25.0749,7.31288,0.0,0.0,0.0,2.02884,2.57098,0.511653,0.0,1.04271,5.22181,3.08393,226.079,680.053,70.0,697.537,12.2706,2.0,2.0,1.0,179.0,0.0,1.16993,584.0,4488.41,1309.0,0.0,7.0,18.0,0.0,0.0,118.0,135.0,0.0,0.0391061,0.117647,0.0,0.0,0.659218,0.882353,0.0446927,0.0,8.0,0.0,3.0,43.0,0.0697674,0.240223,49.0,13.4355,0.273743,10.9997,2949.0,2.13621,60.1837,0.760683,5.0,0.0,2.0,5.0,0.0,5.0,0.0,5.0,0.0,0.0,0.0,3.64706,1380.48,347.073,1.13053,1.49367,1.43806,109.0,2.40445,4.59412,5.17877,222.0,243.187,1135.73,49.0,4941.0,1647.0,0.0,2.0,0.105263,210.0,108.0,153.0,2.07843,0.854749,558.0,211214.0,53102.2
carpet-cutting,2016,mzn_rnd_test.11,3.23438,21.5208,5.79476,0.0,0.0,0.0,1.31173,1.72679,0.488101,0.0,1.18144,4.28735,3.01231,84.9065,230.734,28.0,233.97,10.3665,2.0,2.0,1.0,64.0,0.0,1.16364,201.0,1377.33,370.865,0.0,0.0,5.0,0.0,0.0,44.0,50.0,0.0,0.0,0.0909091,0.0,0.0,0.6875,0.909091,0.078125,0.0,5.0,0.0,3.0,12.0,0.25,0.1875,17.0,4.51691,0.265625,5.40372,971.0,1.88837,57.1176,0.658668,5.0,0.0,2.0,5.0,0.0,5.0,0.0,5.0,0.0,0.0,0.0,3.76364,514.2,150.315,0.650831,1.34874,1.35328,37.0,2.09577,3.5952,4.04863,73.0,92.9084,372.621,17.0,1795.0,897.5,0.0,2.0,0.181818,83.0,62.0,55.0,2.63636,0.859375,207.0,28281.0,8267.35
carpet-cutting,2016,mzn_rnd_test.13,3.10778,20.4791,5.94048,0.0,0.0,0.0,1.90363,2.47787,0.583135,0.0,1.05608,4.18596,2.8704,212.028,572.024,60.0,515.891,11.0795,2.0,2.0,1.0,167.0,0.0,1.29457,520.0,3420.01,992.059,0.0,14.0,28.0,0.0,0.0,120.0,101.0,0.0,0.0838323,0.217054,0.0,0.0,0.718563,0.782946,0.0479042,0.0,8.0,0.0,3.0,15.0,0.2,0.0898204,41.0,10.1908,0.245509,9.88245,1528.0,2.66026,37.2683,1.11312,5.0,0.0,2.0,5.0,0.0,5.0,0.0,5.0,0.0,0.0,0.0,4.02326,574.38,149.884,0.930007,1.49153,1.6453,82.0,2.41106,3.17237,3.98777,187.0,227.359,748.768,41.0,2164.0,1082.0,0.0,2.0,0.181818,179.0,99.0,129.0,2.15504,0.772455,519.0,74095.0,19335.0
carpet-cutting,2016,mzn_rnd_test.20,3.26667,25.1298,6.99166,0.0,0.0,0.0,2.77206,3.39482,0.589717,0.0,0.993045,4.60242,3.12485,316.656,926.69,114.0,1074.1,12.8727,2.0,2.0,1.0,255.0,0.0,1.15385,799.0,6408.11,1782.87,0.0,11.0,28.0,0.0,0.0,183.0,193.0,0.0,0.0431373,0.126697,0.0,0.0,0.717647,0.873303,0.0509804,0.0,13.0,0.0,3.0,37.0,0.0810811,0.145098,82.0,21.7551,0.321569,14.2829,4010.0,1.96162,48.9024,0.608795,5.0,0.0,2.0,5.0,0.0,5.0,0.0,5.0,0.0,0.0,0.0,3.76923,2044.23,555.788,1.45314,1.57955,1.66619,135.0,2.18833,4.09594,4.79696,341.0,361.645,1551.56,82.0,7500.0,3750.0,0.0,2.0,0.133333,365.0,206.0,221.0,2.58371,0.866667,833.0,451774.0,122829.0
carpet-cutting,2021,mzn_rnd_test.01,3.27692,21.1899,5.70004,0.0,0.0,0.0,1.39844,1.76325,0.526312,0.0,1.172,4.06515,3.01156,86.1505,229.898,30.0,240.144,10.1874,2.0,2.0,1.0,65.0,0.0,1.16071,204.0,1377.34,370.503,0.0,0.0,4.0,0.0,0.0,46.0,52.0,0.0,0.0,0.0714286,0.0,0.0,0.707692,0.928571,0.0615385,0.0,4.0,0.0,3.0,12.0,0.25,0.184615,19.0,4.99531,0.292308,5.37275,930.0,2.05379,48.9474,0.829308,5.0,0.0,2.0,5.0,0.0,5.0,0.0,5.0,0.0,0.0,0.0,3.80357,452.821,135.634,0.743624,1.27069,1.29545,36.0,1.79627,3.46583,3.85017,79.0,94.9395,365.244,19.0,1462.0,731.0,0.0,2.0,0.133333,90.0,60.0,56.0,2.67857,0.861538,213.0,25358.0,7595.49
carpet-cutting,2021,mzn_rnd_test.03,3.16667,24.6029,7.39328,0.0,0.0,0.0,1.44713,1.71965,0.468547,0.0,1.08785,3.53937,2.6704,92.6017,277.258,34.0,304.985,11.1636,2.0,2.0,1.0,72.0,0.0,1.22034,229.0,1771.41,532.316,0.0,2.0,7.0,0.0,0.0,56.0,52.0,0.0,0.0277778,0.118644,0.0,0.0,0.777778,0.881356,0.0416667,0.0,3.0,0.0,3.0,9.0,0.333333,0.125,29.0,7.50439,0.402778,6.97136,1419.0,1.73256,48.931,0.601073,5.0,0.0,2.0,5.0,0.0,5.0,0.0,5.0,0.0,0.0,0.0,3.86441,819.017,220.636,0.933015,1.21876,1.28733,27.0,2.30608,3.2782,4.24091,105.0,99.3812,410.248,29.0,2294.0,1147.0,0.0,2.0,0.285714,119.0,65.0,59.0,3.11864,0.819444,228.0,48322.0,13017.5
carpet-cutting,2021,mzn_rnd_test.09,3.08519,23.2267,6.91373,0.0,0.0,0.0,2.19835,3.02513,0.63047,0.0,1.11177,4.14277,2.83602,345.558,956.523,92.0,933.563,12.7017,2.0,2.0,1.0,270.0,0.0,1.25581,844.0,6271.2,1866.71,0.0,42.0,63.0,0.0,0.0,179.0,152.0,0.0,0.155556,0.293023,0.0,0.0,0.662963,0.706977,0.0296296,0.0,8.0,0.0,3.0,27.0,0.111111,0.1,77.0,19.8739,0.285185,13.8194,4408.0,2.69046,57.2468,1.00763,5.0,0.0,2.0,5.0,0.0,5.0,0.0,5.0,0.0,0.0,0.0,3.87442,1638.38,381.339,1.36575,1.67766,1.77714,135.0,2.38776,3.35055,3.99004,342.0,359.836,1312.33,77.0,6662.0,3331.0,0.0,2.0,0.181818,302.0,148.0,215.0,2.09302,0.796296,833.0,352252.0,81987.9
carpet-cutting,2021,mzn_rnd_test.12,3.29333,20.9647,5.56899,0.0,0.0,0.0,1.48754,1.89421,0.507888,0.0,1.15815,4.06366,3.03936,99.0652,261.985,34.0,270.629,10.3037,2.0,2.0,1.0,75.0,0.0,1.15385,233.0,1572.35,417.675,0.0,0.0,5.0,0.0,0.0,54.0,60.0,0.0,0.0,0.0769231,0.0,0.0,0.72,0.923077,0.0666667,0.0,5.0,0.0,3.0,12.0,0.25,0.16,21.0,5.52632,0.28,6.08112,1015.0,2.14476,48.3333,0.869927,5.0,0.0,2.0,5.0,0.0,5.0,0.0,5.0,0.0,0.0,0.0,3.8,473.246,145.436,0.744323,1.31593,1.37347,42.0,1.82038,3.4312,3.88407,88.0,110.476,418.099,21.0,1574.0,787.0,0.0,2.0,0.133333,102.0,66.0,65.0,2.58462,0.866667,247.0,30761.0,9453.32
carpet-cutting,2021,mzn_rnd_test.19,3.27545,23.5795,6.45201,0.0,0.0,0.0,2.20156,2.7452,0.579921,0.0,1.05608,4.39411,3.06607,212.813,594.357,74.0,663.95,11.8199,2.0,2.0,1.0,167.0,0.0,1.12081,523.0,3937.77,1077.49,0.0,6.0,19.0,0.0,0.0,118.0,130.0,0.0,0.0359281,0.127517,0.0,0.0,0.706587,0.872483,0.0538922,0.0,9.0,0.0,3.0,26.0,0.115385,0.155689,52.0,14.1645,0.311377,11.3912,2739.0,2.12237,52.6731,0.718614,5.0,0.0,2.0,5.0,0.0,5.0,0.0,5.0,0.0,0.0,0.0,3.67114,1290.54,364.403,1.15567,1.56186,1.63795,94.0,2.08286,3.84691,4.51561,220.0,241.139,995.317,52.0,4772.0,2386.0,0.0,2.0,0.133333,236.0,135.0,149.0,2.48993,0.892216,547.0,192290.0,54296.0
carpet-cutting,2025,cc_rnd_12_3,3.13265,23.8312,6.64579,0.0,0.0,0.0,1.65871,2.1454,0.582773,0.0,1.17055,4.12522,3.19279,121.887,349.586,42.0,406.633,12.1323,1.0,2.0,1.0,98.0,0.0,1.11364,307.0,2335.45,651.287,0.0,0.0,12.0,0.0,0.0,65.0,76.0,0.0,0.0,0.136364,0.0,0.0,0.663265,0.863636,0.122449,0.0,12.0,0.0,3.0,17.0,0.176471,0.173469,30.0,8.59935,0.306122,8.38363,3426.0,2.55496,114.2,1.11056,5.0,0.0,2.0,5.0,0.0,5.0,0.0,5.0,0.0,0.0,0.0,3.48864,1340.92,391.156,0.906451,1.40016,1.40736,56.0,2.36742,3.36592,4.1458,119.0,135.324,618.312,30.0,4611.0,2305.5,0.0,2.0,0.181818,146.0,73.0,88.0,2.48864,0.897959,307.0,118001.0,34421.8
carpet-cutting,2025,cc_rnd_16_1,3.14754,22.4707,5.85212,0.0,0.0,0.0,2.24654,2.99855,0.61611,0.0,1.18383,4.44916,3.03766,221.262,618.657,72.0,692.13,12.6019,1.0,2.0,1.0,183.0,0.0,1.15823,571.0,4112.14,1070.94,0.0,0.0,23.0,0.0,0.0,116.0,135.0,0.0,0.0,0.14557,0.0,0.0,0.63388,0.85443,0.125683,0.0,23.0,0.0,3.0,33.0,0.0909091,0.180328,40.0,10.9722,0.218579,10.9613,5520.0,3.48953,138.0,1.47228,5.0,0.0,2.0,5.0,0.0,5.0,0.0,5.0,0.0,0.0,0.0,3.64557,1581.87,442.889,0.909769,1.69094,1.73866,112.0,2.23813,3.56974,4.08055,186.0,256.306,1070.9,40.0,7001.0,3500.5,0.0,2.0,0.181818,223.0,70.0,158.0,1.85443,0.863388,576.0,249936.0,69976.5
carpet-cutting,2025,cc_rnd_4_4,3.11321,20.2729,5.60264,0.0,0.0,0.0,1.06534,1.4641,0.504839,0.0,1.25672,4.24435,3.02335,71.3956,188.841,20.0,170.667,10.1057,2.0,2.0,1.0,53.0,0.0,1.15217,168.0,1074.46,296.94,0.0,0.0,6.0,0.0,0.0,34.0,40.0,0.0,0.0,0.130435,0.0,0.0,0.641509,0.869565,0.113208,0.0,6.0,0.0,3.0,11.0,0.272727,0.207547,11.0,3.06667,0.207547,3.31521,919.0,1.85959,83.5455,0.798739,5.0,0.0,2.0,5.0,0.0,5.0,0.0,5.0,0.0,0.0,0.0,3.58696,494.196,157.058,0.623389,1.07618,1.13826,34.0,2.2922,3.38077,3.8164,39.0,73.9649,303.063,11.0,1321.0,660.5,0.0,2.0,0.181818,46.0,27.0,46.0,1.58696,0.867925,165.0,22733.0,7224.68
carpet-cutting,2025,cc_rnd_8_1,3.27083,23.3354,6.21413,0.0,0.0,0.0,1.64642,2.11115,0.533723,0.0,1.11745,4.39006,3.05852,125.022,347.437,42.0,379.239,11.5061,2.0,2.0,1.0,96.0,0.0,1.2,301.0,2240.2,596.556,0.0,0.0,7.0,0.0,0.0,68.0,73.0,0.0,0.0,0.0875,0.0,0.0,0.708333,0.9125,0.0729167,0.0,7.0,0.0,3.0,17.0,0.176471,0.177083,24.0,6.11465,0.25,7.09758,2199.0,2.38963,91.625,1.0765,5.0,0.0,2.0,5.0,0.0,5.0,0.0,5.0,0.0,0.0,0.0,3.925,920.225,253.133,0.720618,1.29088,1.27685,59.0,2.15513,3.43052,4.1366,109.0,140.142,574.468,24.0,3031.0,1515.5,0.0,2.0,0.181818,122.0,52.0,80.0,2.175,0.833333,314.0,73618.0,20250.6
carpet-cutting,2025,cc_rnd_8_2,3.09302,21.115,5.81486,0.0,0.0,0.0,1.48158,2.01543,0.595732,0.0,1.20938,4.01258,3.03696,107.48,292.994,34.0,307.848,11.481,1.0,2.0,1.0,86.0,0.0,1.19444,264.0,1815.89,500.078,0.0,0.0,10.0,0.0,0.0,58.0,62.0,0.0,0.0,0.138889,0.0,0.0,0.674419,0.861111,0.116279,0.0,10.0,0.0,3.0,12.0,0.25,0.139535,22.0,5.95489,0.255814,7.47321,2193.0,2.5576,99.6818,1.16611,5.0,0.0,2.0,5.0,0.0,5.0,0.0,5.0,0.0,0.0,0.0,3.69444,857.444,255.071,0.66302,1.33573,1.44804,49.0,2.32997,3.16827,3.88668,94.0,120.593,463.435,22.0,2981.0,1490.5,0.0,2.0,0.285714,113.0,49.0,72.0,2.25,0.837209,266.0,61736.0,18365.1
celar,2013,CELAR6-SUB2,2.48789,13.8693,5.95261,0.0,0.0,0.0,3.70577,0.877155,0.531242,0.0,0.910704,2.25616,2.06542,1652.32,4781.76,354.0,368.67,10.6008,1.0,2.0,1.0,1445.0,0.0,0.989049,3613.0,20041.1,8601.52,0.0,0.0,353.0,0.0,0.0,1092.0,1108.0,0.0,0.0,0.241615,0.0,0.0,0.755709,0.758385,0.0,0.0,0.0,0.0,0.0,0.0,0.0,0.0,1.0,0.406398,0.000692042,-0.461896,52140.0,84.4385,52140.0,34.4689,0.0,5.0,2.0,0.0,5.0,0.0,5.0,5.0,0.0,0.0,0.0,2.46064,617.491,326.161,1.28514,2.42069,4.27379,1429.0,0.214635,1.65567,1.63127,1783.0,1571.82,8196.24,31.0,52140.0,52140.0,0.0,2.0,1.0,387.0,354.0,1461.0,0.507187,1.01107,3595.0,902154.0,476521.0
celar,2013,CELAR6-SUB3,2.48867,13.8657,5.94925,0.0,0.0,0.0,4.05819,0.9264,0.531543,0.0,0.905413,2.25714,2.06267,1967.52,5692.94,422.0,436.842,10.6008,1.0,2.0,1.0,1721.0,0.0,0.989649,4303.0,23862.9,10238.7,0.0,0.0,421.0,0.0,0.0,1300.0,1318.0,0.0,0.0,0.242093,0.0,0.0,0.755375,0.757907,0.0,0.0,0.0,0.0,0.0,0.0,0.0,0.0,1.0,0.406024,0.000581058,-0.462613,58724.0,95.375,58724.0,37.835,0.0,5.0,2.0,0.0,5.0,0.0,5.0,5.0,0.0,0.0,0.0,2.46291,615.717,324.335,1.28396,2.49438,4.4323,1703.0,0.186184,1.64641,1.62533,2125.0,1866.71,9749.23,35.0,58724.0,58724.0,0.0,2.0,1.0,459.0,422.0,1739.0,0.506613,1.01046,4283.0,1070730.0,564018.0
celar,2013,CELAR7-SUB3,2.48867,13.8713,5.94926,0.0,0.0,0.0,4.05819,0.939954,0.531541,0.0,0.905413,2.25714,2.06267,1967.52,5692.97,422.0,446.451,10.6008,1.0,2.0,1.0,1721.0,0.0,0.989649,4303.0,23872.6,10238.7,0.0,0.0,421.0,0.0,0.0,1300.0,1318.0,0.0,0.0,0.242093,0.0,0.0,0.755375,0.757907,0.0,0.0,0.0,0.0,0.0,0.0,0.0,0.0,1.0,0.406024,0.000581058,-0.462613,45857900.0,1701.45,45857900.0,0.0,0.0,5.0,2.0,0.0,5.0,0.0,5.0,5.0,0.0,0.0,0.0,2.46291,26952.2,26660.8,1.28396,0.0,0.0,1703.0,0.186184,1.64641,1.62533,2125.0,1866.71,9758.84,35.0,45857900.0,45857900.0,0.0,2.0,1.0,459.0,422.0,1739.0,0.506613,1.01046,4283.0,46869900.0,46363200.0
celar,2013,graph11,2.4762,13.7534,5.97218,0.0,0.0,0.0,11.5149,2.15077,0.529501,0.0,0.981713,3.08504,2.26733,16217.4,47486.5,3418.0,3436.65,10.6008,1.0,2.0,1.0,14349.0,0.0,0.976853,35873.0,197348.0,85694.9,0.0,0.0,3417.0,0.0,0.0,10932.0,11272.0,0.0,0.0,0.232623,0.0,0.0,0.761865,0.767377,0.0,0.0,0.0,0.0,0.0,0.0,0.0,0.0,1.0,0.413414,6.96913e-05,-0.709442,824749.0,1299.77,824749.0,120.651,0.0,5.0,2.0,0.0,5.0,0.0,5.0,5.0,0.0,0.0,0.0,2.41888,634.536,344.67,0.826827,10.7647,19.7581,14009.0,0.45073,1.90393,1.92788,17427.0,16256.2,82925.3,22.0,824749.0,824749.0,0.0,2.0,0.285714,4099.0,3418.0,14689.0,0.511743,1.0237,35531.0,9320700.0,5062860.0
celar,2013,scen06,2.48006,13.8561,5.98896,0.0,0.0,0.0,6.90196,1.3598,0.528018,0.0,0.959864,2.57843,2.10095,5771.58,16865.6,1223.0,1239.96,10.6008,1.0,2.0,1.0,5089.0,0.0,0.980728,12723.0,70513.6,30477.8,0.0,0.0,1222.0,0.0,0.0,3867.0,3967.0,0.0,0.0,0.235498,0.0,0.0,0.759874,0.764502,0.0,0.0,0.0,0.0,0.0,0.0,0.0,0.0,1.0,0.41114,0.000196502,-0.541344,255194.0,405.291,255194.0,70.8525,0.0,5.0,2.0,0.0,5.0,0.0,5.0,5.0,0.0,0.0,0.0,2.43226,629.657,338.848,1.08777,5.70608,10.4857,4989.0,0.403545,1.78784,1.84929,6212.0,5668.26,29269.4,44.0,255194.0,255194.0,0.0,2.0,1.0,1424.0,1223.0,5189.0,0.510118,1.01965,12621.0,3267290.0,1758280.0
celar,2016,CELAR6-SUB0,2.47967,13.8492,5.97699,0.0,0.0,0.0,2.82295,0.757305,0.529076,0.0,0.962973,2.55628,2.09552,982.147,2855.48,208.0,222.468,10.6008,1.0,2.0,1.0,861.0,0.0,0.981756,2153.0,11924.2,5146.19,0.0,0.0,207.0,0.0,0.0,654.0,670.0,0.0,0.0,0.236032,0.0,0.0,0.759582,0.763968,0.0,0.0,0.0,0.0,0.0,0.0,0.0,0.0,1.0,0.410773,0.00116144,-0.585606,45316.0,71.7194,45316.0,27.2111,0.0,5.0,2.0,0.0,5.0,0.0,5.0,5.0,0.0,0.0,0.0,2.43444,631.852,341.188,1.00618,2.59891,4.55351,845.0,0.350063,1.78383,1.83049,1053.0,957.971,4950.67,25.0,45316.0,45316.0,0.0,2.0,1.0,241.0,208.0,877.0,0.511973,1.01858,2135.0,554134.0,299222.0
celar,2016,CELAR6-SUB4,2.48797,13.8597,5.95116,0.0,0.0,0.0,4.32897,0.96532,0.531372,0.0,0.910232,2.34457,2.06627,2230.8,6460.5,478.0,493.089,10.6008,1.0,2.0,1.0,1953.0,0.0,0.988861,4883.0,27068.1,11622.6,0.0,0.0,477.0,0.0,0.0,1476.0,1498.0,0.0,0.0,0.241519,0.0,0.0,0.75576,0.758481,0.0,0.0,0.0,0.0,0.0,0.0,0.0,0.0,1.0,0.406462,0.000512033,-0.461773,69697.0,112.944,69697.0,41.0379,0.0,5.0,2.0,0.0,5.0,0.0,5.0,5.0,0.0,0.0,0.0,2.46025,617.092,325.779,1.28535,2.72782,4.89414,1931.0,0.241222,1.6691,1.64997,2409.0,2120.59,11077.0,36.0,69697.0,69697.0,0.0,2.0,1.0,523.0,478.0,1975.0,0.506835,1.01126,4859.0,1218760.0,643414.0
celar,2016,CELAR7-SUB4,2.48797,13.8647,5.95117,0.0,0.0,0.0,4.32897,0.975699,0.531371,0.0,0.910232,2.34457,2.06627,2230.8,6460.53,478.0,502.714,10.6008,1.0,2.0,1.0,1953.0,0.0,0.988861,4883.0,27077.7,11622.6,0.0,0.0,477.0,0.0,0.0,1476.0,1498.0,0.0,0.0,0.241519,0.0,0.0,0.75576,0.758481,0.0,0.0,0.0,0.0,0.0,0.0,0.0,0.0,1.0,0.406462,0.000512033,-0.461773,55058400.0,1934.62,55058400.0,0.0,0.0,5.0,2.0,0.0,5.0,0.0,5.0,5.0,0.0,0.0,0.0,2.46025,28459.5,28168.2,1.28535,0.0,0.0,1931.0,0.241222,1.6691,1.64997,2409.0,2120.59,11086.6,36.0,55058400.0,55058400.0,0.0,2.0,1.0,523.0,478.0,1975.0,0.506835,1.01126,4859.0,56207500.0,55632200.0
celar,2016,graph05,2.4766,13.699,5.94959,0.0,0.0,0.0,6.33304,1.27695,0.531512,0.0,0.980024,3.09631,2.3028,4909.36,14336.8,1035.0,1051.81,10.6008,1.0,2.0,1.0,4337.0,0.0,0.977462,10843.0,59412.4,25803.4,0.0,0.0,1034.0,0.0,0.0,3303.0,3403.0,0.0,0.0,0.23304,0.0,0.0,0.761586,0.76696,0.0,0.0,0.0,0.0,0.0,0.0,0.0,0.0,1.0,0.41309,0.000230574,-0.635392,229599.0,364.785,229599.0,65.4599,0.0,5.0,2.0,0.0,5.0,0.0,5.0,5.0,0.0,0.0,0.0,2.42078,629.41,339.958,0.923697,5.55736,10.1698,4237.0,0.436668,1.90257,1.93318,5272.0,4886.75,25031.4,22.0,229599.0,229599.0,0.0,2.0,0.285714,1236.0,1035.0,4437.0,0.511832,1.02306,10741.0,2792690.0,1508390.0
celar,2016,scen07,2.48178,13.8389,5.97642,0.0,0.0,0.0,10.2015,1.92407,0.529125,0.0,0.949189,2.62064,2.09625,12547.3,36620.6,2666.0,2693.8,10.6008,1.0,2.0,1.0,11061.0,0.0,0.98224,27653.0,153072.0,66105.2,0.0,0.0,2665.0,0.0,0.0,8396.0,8596.0,0.0,0.0,0.236657,0.0,0.0,0.759063,0.763343,0.0,0.0,0.0,0.0,0.0,0.0,0.0,0.0,1.0,0.410222,9.04077e-05,-0.508306,468527000.0,11106.0,468527000.0,0.0,0.0,5.0,2.0,0.0,5.0,0.0,5.0,5.0,0.0,0.0,0.0,2.43771,42186.8,41895.9,1.16028,0.0,0.0,10861.0,0.385334,1.77318,1.81654,13527.0,12289.3,63432.4,62.0,468527000.0,468527000.0,0.0,2.0,0.511628,3067.0,2666.0,11261.0,0.509102,1.01808,27451.0,475066000.0,471790000.0
cgt,2025,cgt_12_h27_r0.05_s0.5_3,2.78812,19.4339,5.77116,0.0,0.0,0.0,4.64882,8.26192,0.519826,0.0,0.794367,3.18296,2.55315,3397.63,9774.24,329.0,4092.4,12.4389,2.0,2.0,1.0,2964.0,0.0,1.09534,9642.0,57602.1,17105.7,170.0,499.0,1168.0,0.0,0.0,1205.0,1538.0,0.0573549,0.168354,0.431633,0.0,0.0,0.406545,0.568367,0.0,0.0,0.0,0.0,2.0,1090.0,0.00183486,0.367746,3.0,0.982333,0.00101215,-0.024129,3646700.0,1307.23,1215570.0,0.0,0.0,0.0,2.0,0.0,1.0,1.0,1.0,1.0,0.0,0.0,0.0,3.05395,2789.65,987.09,0.732188,0.0,23.6967,2257.0,2.41678,2.19603,2.87087,3809.0,3362.09,13696.2,12.0,3646700.0,1215570.0,0.0,2.0,0.5,1346.0,4441.0,2706.0,2.13858,0.912955,8264.0,7548800.0,2671060.0
cgt,2025,cgt_3_h39_r0.05_s0.5_0,2.78429,18.2673,5.44504,0.0,0.0,0.0,4.5288,8.20846,0.55096,0.0,0.818272,3.26998,2.68319,3424.87,9539.66,323.0,3850.47,11.921,2.0,2.0,1.0,2967.0,0.0,1.11124,9522.0,54199.2,16155.4,194.0,517.0,1228.0,0.0,0.0,1247.0,1442.0,0.0653859,0.17425,0.459925,0.0,0.0,0.42029,0.540075,0.0,0.0,0.0,0.0,2.0,1009.0,0.00198216,0.340074,3.0,0.969616,0.00101112,-0.0383784,2497380.0,1306.85,832460.0,0.0,0.0,0.0,2.0,0.0,1.0,1.0,1.0,1.0,0.0,0.0,0.0,3.09401,1910.99,651.546,0.791688,0.0,24.7467,2236.0,2.40573,2.20601,2.84619,3746.0,3414.55,12215.7,12.0,2497380.0,832460.0,0.0,2.0,0.5,1301.0,4219.0,2670.0,2.06742,0.899899,8261.0,5102350.0,1739630.0
cgt,2025,cgt_3_h39_r0.05_s1_3,2.80547,20.3063,5.8137,0.0,0.0,0.0,4.36556,8.24832,0.570485,0.0,0.82672,3.34724,2.6592,3047.59,8620.36,296.0,4060.44,13.7177,2.0,2.0,1.0,2632.0,0.0,1.11431,8408.0,53446.3,15301.6,172.0,468.0,1108.0,0.0,0.0,1136.0,1254.0,0.0653495,0.177812,0.469094,0.0,0.0,0.431611,0.530906,0.0,0.0,0.0,0.0,2.0,856.0,0.00233645,0.325228,3.0,0.959642,0.00113982,-0.0564224,7986810.0,1187.05,2662270.0,0.0,0.0,0.0,2.0,0.0,1.0,1.0,1.0,1.0,0.0,0.0,0.0,3.12616,6728.3,2211.64,0.715275,0.0,0.0,1963.0,2.44718,2.22374,2.8801,3345.0,3099.59,11785.6,12.0,7986810.0,2662270.0,0.0,2.0,0.5,1192.0,3830.0,2362.0,2.12616,0.897416,7384.0,15892200.0,5223880.0
cgt,2025,cgt_5_h27_r0.05_s0.8_0,2.9199,19.9102,5.35415,0.0,0.0,0.0,3.84429,7.09034,0.590621,0.0,0.884196,3.25275,2.76463,1978.3,5299.17,216.0,2721.46,12.5993,2.0,2.0,1.0,1673.0,0.0,1.12584,5242.0,33309.8,8957.5,120.0,336.0,732.0,0.0,0.0,754.0,754.0,0.0717274,0.200837,0.492598,0.0,0.0,0.450687,0.507402,0.0,0.0,0.0,0.0,2.0,463.0,0.00431965,0.276748,3.0,0.91259,0.00179319,-0.128506,2680140.0,794.908,893379.0,0.0,0.0,0.0,2.0,0.0,1.0,1.0,1.0,1.0,0.0,0.0,0.0,3.28735,3371.63,1121.15,0.680204,0.0,20.6896,1194.0,2.57486,2.14045,2.84496,2206.0,2050.54,7033.86,9.0,2680140.0,893379.0,0.0,2.0,0.4,875.0,2555.0,1486.0,2.30821,0.888225,4885.0,5010240.0,1666030.0
cgt,2025,cgt_8_h16_r0.05_s0.5_3,3.09404,22.0031,5.33987,0.0,0.0,0.0,2.79901,4.91114,0.561812,0.0,0.930269,3.05809,2.636,771.164,2037.05,103.0,1275.06,12.3793,2.0,2.0,1.0,638.0,0.0,1.13725,1972.0,14038.0,3406.84,36.0,136.0,290.0,0.0,0.0,336.0,271.0,0.0564263,0.213166,0.516934,0.0,0.0,0.526646,0.483066,0.0,0.0,0.0,0.0,2.0,130.0,0.0153846,0.203762,3.0,0.852584,0.00470219,-0.259358,1103530.0,328.497,367842.0,0.0,0.0,0.0,2.0,0.0,1.0,1.0,1.0,1.0,0.0,0.0,0.0,3.51872,3359.32,878.069,0.568389,0.0,17.6656,419.0,2.5215,1.97668,2.58022,905.0,877.361,2654.37,7.0,1103530.0,367842.0,0.0,2.0,0.4,431.0,1145.0,561.0,2.80927,0.87931,1974.0,1884580.0,492597.0
chessboard,2023,chessboard3,3.30899,5.02515,1.44466,0.0,0.0,0.0,1.65526,2.56393,0.0,0.0,1.21552,2.62346,1.0351,940.804,1260.11,54.0,134.606,2.80735,2.0,2.0,1.0,712.0,0.0,1.06428,1944.0,3577.9,1028.6,92.0,185.0,467.0,0.0,0.0,189.0,202.0,0.129213,0.259831,0.698057,0.0,0.0,0.265449,0.301943,0.13764,0.0,98.0,0.0,2.0,99.0,0.020202,0.139045,1.0,0.283956,0.00140449,-0.727945,246.0,77.8864,246.0,25.4567,0.0,0.0,3.0,0.0,1.0,1.0,1.0,1.0,0.0,0.0,0.0,3.52167,3.15845,1.66753,0.983652,3.02028,5.72067,615.0,2.05848,1.03761,1.49515,1154.0,953.374,893.747,15.0,246.0,246.0,0.0,2.0,0.222222,643.0,82.0,669.0,1.08371,0.939607,2356.0,2113.0,1115.58
chessboard,2023,chessboard4,3.30899,4.84806,1.40212,0.0,0.0,0.0,1.65526,2.52626,0.0,0.0,1.21552,2.35506,1.06943,940.804,1235.78,54.0,141.05,5.64386,2.0,2.0,1.0,712.0,0.0,1.06428,1944.0,3451.82,998.31,92.0,185.0,467.0,0.0,0.0,189.0,202.0,0.129213,0.259831,0.698057,0.0,0.0,0.265449,0.301943,0.13764,0.0,98.0,0.0,2.0,99.0,0.020202,0.139045,1.0,0.283956,0.00140449,-0.727945,50.0,17.6424,50.0,11.1171,0.0,0.0,3.0,0.0,1.0,1.0,1.0,1.0,0.0,0.0,0.0,3.52167,2.83408,1.35575,0.983652,1.49701,2.3325,615.0,2.05848,0.678625,1.15437,1154.0,953.374,825.469,15.0,50.0,50.0,0.0,2.0,0.222222,643.0,82.0,669.0,1.08371,0.939607,2356.0,1896.0,906.995
chessboard,2023,chessboard_n12_1,3.56289,5.65821,1.52967,0.0,0.0,0.0,2.79264,4.57807,0.0,0.0,1.05756,2.50028,1.31878,2533.33,3504.94,149.0,643.986,4.44128,2.0,2.0,1.0,1940.0,0.0,1.03854,5314.0,10976.9,2967.57,217.0,499.0,1286.0,0.0,0.0,503.0,582.0,0.111856,0.257216,0.688437,0.0,0.0,0.259278,0.311563,0.148454,0.0,288.0,0.0,2.0,289.0,0.00692042,0.148969,1.0,0.270255,0.000515464,-0.748905,2881.0,521.382,2881.0,43.081,0.0,0.0,3.0,0.0,1.0,1.0,1.0,1.0,0.0,0.0,0.0,3.70021,5.5257,3.4268,0.974417,12.0792,19.4535,1719.0,2.11013,1.03089,1.51408,3659.0,2751.02,2763.81,15.0,2881.0,2881.0,0.0,2.0,0.222222,2234.0,227.0,1868.0,1.31745,0.962887,6912.0,10322.0,6401.27
chessboard,2023,chessboard_n39_2,4.41288,7.38805,1.55924,0.0,0.0,0.0,10.0452,14.9203,0.0,0.0,0.744372,2.24416,1.32351,23840.2,33917.0,1526.0,6588.47,5.19077,2.0,2.0,1.0,18957.0,0.0,1.01288,52065.0,140055.0,29558.5,1763.0,4792.0,12626.0,0.0,0.0,4796.0,6090.0,0.0929999,0.252783,0.67461,0.0,0.0,0.252994,0.32539,0.160468,0.0,3042.0,0.0,2.0,3043.0,0.000657246,0.160521,1.0,0.223728,5.2751e-05,-0.633479,28900.0,5251.43,28900.0,136.766,0.0,0.0,3.0,0.0,1.0,1.0,1.0,1.0,0.0,0.0,0.0,4.46971,5.50326,3.38027,1.22541,38.39,62.4938,17190.0,2.137,1.02938,1.53528,50432.0,29353.7,27821.1,22.0,28900.0,28900.0,0.0,2.0,0.222222,36290.0,3124.0,18716.0,2.1059,0.987287,83655.0,102999.0,63265.2
chessboard,2023,chessboard_n9_1,3.44494,5.46638,1.5145,0.0,0.0,0.0,2.11328,3.47098,0.0,0.0,1.13828,2.53463,1.31099,1483.24,2032.12,85.0,360.665,4.39835,2.0,2.0,1.0,1126.0,0.0,1.04939,3080.0,6155.14,1705.32,136.0,291.0,744.0,0.0,0.0,293.0,329.0,0.120782,0.258437,0.693383,0.0,0.0,0.260213,0.306617,0.143872,0.0,162.0,0.0,2.0,163.0,0.0122699,0.14476,1.0,0.276618,0.000888099,-0.754914,1540.0,291.021,1540.0,32.5724,0.0,0.0,3.0,0.0,1.0,1.0,1.0,1.0,0.0,0.0,0.0,3.6151,5.29171,3.26064,0.958232,8.90391,14.4176,988.0,2.0833,1.03166,1.50153,1879.0,1555.13,1576.1,15.0,1540.0,1540.0,0.0,2.0,0.222222,1058.0,132.0,1073.0,1.10904,0.952931,3879.0,5678.0,3498.67
city-position,2017,city-5-05,2.80952,28.9796,10.2887,0.0,0.0,0.0,0.355932,0.780042,0.363668,0.0,1.13417,2.95988,1.25108,89.8579,296.836,11.0,199.058,18.298,2.0,15.6276,7.81378,63.0,0.0,0.913043,168.0,1825.72,648.185,1.0,0.0,0.0,0.0,0.0,62.0,69.0,0.015873,0.0,0.0,0.0,0.0,0.984127,1.0,0.0,0.0,0.0,0.0,0.0,0.0,0.0,0.0,1.0,0.389831,0.015873,-1.56522,2334460.0,20.324,2334460.0,0.0,0.0,5.0,2.0,0.0,5.0,0.0,5.0,5.0,0.0,0.0,0.0,2.56522,114862.0,74333.9,0.389831,0.0,0.0,61.0,1.39951,2.19751,3.21568,72.0,85.8224,767.159,7.0,2334460.0,2334460.0,0.0,225.0,32.1429,19.0,13.0,69.0,0.463768,1.09524,177.0,7925510.0,5129040.0
city-position,2017,city-5-06,2.81333,29.0318,10.2802,0.0,0.0,0.0,0.35545,0.855597,0.363968,0.0,1.10649,2.96085,1.25124,106.779,353.125,13.0,234.835,18.298,2.0,15.6276,7.81378,75.0,0.0,0.925926,200.0,2177.38,771.013,1.0,0.0,0.0,0.0,0.0,74.0,81.0,0.0133333,0.0,0.0,0.0,0.0,0.986667,1.0,0.0,0.0,0.0,0.0,0.0,0.0,0.0,0.0,1.0,0.383886,0.0133333,-1.13486,2796800.0,23.8436,2796800.0,0.0,0.0,5.0,2.0,0.0,5.0,0.0,5.0,5.0,0.0,0.0,0.0,2.60494,117298.0,75899.9,0.542897,0.0,0.0,73.0,1.28512,2.23795,3.1658,86.0,100.893,904.055,8.0,2796800.0,2796800.0,0.0,225.0,28.125,21.0,15.0,81.0,0.444444,1.08,211.0,9501140.0,6147890.0
city-position,2017,city-5-08,2.80583,28.7727,10.1926,0.0,0.0,0.0,0.504028,0.984254,0.353743,0.0,1.07043,2.91837,1.22498,145.695,482.961,17.0,306.716,18.298,2.0,15.6276,7.81378,103.0,0.0,0.944954,274.0,2963.58,1049.84,1.0,0.0,0.0,0.0,0.0,102.0,109.0,0.00970874,0.0,0.0,0.0,0.0,0.990291,1.0,0.0,0.0,0.0,0.0,0.0,0.0,0.0,0.0,1.0,0.377163,0.00970874,-0.953422,3776770.0,32.2514,3776770.0,0.0,0.0,5.0,2.0,0.0,5.0,0.0,5.0,5.0,0.0,0.0,0.0,2.65138,117104.0,75864.1,0.653265,0.0,0.0,101.0,1.23486,2.24689,3.1455,118.0,135.294,1211.42,11.0,3776770.0,3776770.0,0.0,225.0,20.4545,25.0,19.0,109.0,0.40367,1.05825,289.0,12764300.0,8269190.0
city-position,2017,city-7-04,2.8018,28.3391,10.0564,0.0,0.0,0.0,0.504751,0.971512,0.344466,0.0,1.07207,2.95464,1.17506,156.62,518.26,17.0,307.832,18.2746,2.0,15.6276,7.81378,111.0,0.0,0.917355,294.0,3145.64,1116.27,1.0,0.0,0.0,0.0,0.0,110.0,121.0,0.00900901,0.0,0.0,0.0,0.0,0.990991,1.0,0.0,0.0,0.0,0.0,0.0,0.0,0.0,0.0,1.0,0.389068,0.00900901,-1.57025,3916540.0,36.3213,3916540.0,0.0,0.0,5.0,2.0,0.0,5.0,0.0,5.0,5.0,0.0,0.0,0.0,2.57025,107830.0,70085.6,0.389068,0.0,0.0,109.0,1.38617,2.2326,3.24197,126.0,150.69,1310.29,10.0,3916540.0,3916540.0,0.0,225.0,22.5,29.0,19.0,121.0,0.396694,1.09009,311.0,13047500.0,8480360.0
city-position,2017,city-8-06,2.82464,28.909,10.1603,0.0,0.0,0.0,0.708054,1.40851,0.354865,0.0,1.00705,3.04699,1.21917,297.035,987.226,34.0,610.429,18.2841,2.0,15.6276,7.81378,211.0,0.0,0.946188,561.0,6099.8,2143.83,1.0,0.0,0.0,0.0,0.0,210.0,223.0,0.00473934,0.0,0.0,0.0,0.0,0.995261,1.0,0.0,0.0,0.0,0.0,0.0,0.0,0.0,0.0,1.0,0.374161,0.00473934,-0.965702,7673090.0,65.5757,7673090.0,0.0,0.0,5.0,2.0,0.0,5.0,0.0,5.0,5.0,0.0,0.0,0.0,2.67265,117011.0,75697.7,0.648066,0.0,0.0,209.0,1.15618,2.41956,3.27627,243.0,276.744,2471.39,12.0,7673090.0,7673090.0,0.0,225.0,18.75,48.0,36.0,223.0,0.376682,1.05687,596.0,26093500.0,16880600.0
code-generator,2019,mips_gcc.cfgrtl.update_br_prob_note,3.38603,8.85421,2.82572,0.0,0.0,0.0,0.835323,1.02272,0.500478,0.0,2.00637,6.25094,2.39934,73550.6,129151.0,155.0,670.876,10.1749,1.0,1.0,1.0,45494.0,0.0,1.32759,145980.0,402814.0,128553.0,1695.0,8829.0,28649.0,0.0,0.0,29621.0,5619.0,0.0372577,0.19407,0.836028,0.0,0.0,0.651097,0.163972,0.0377193,0.0,1716.0,0.0,6.0,2882.0,0.00208189,0.063349,1.0,0.222456,2.19809e-05,-0.234587,22852.0,1129.28,22852.0,117.829,0.0,0.0,2.0,0.0,0.0,0.0,0.0,0.0,0.0,0.0,0.0,4.49527,20.236,7.2792,3.31452,9.57555,18.8413,32945.0,1.2632,0.961251,1.06134,43284.0,44741.7,50318.5,508.0,22852.0,22852.0,0.0,2.0,0.00479616,9137.0,9711.0,34268.0,0.550018,0.753242,154044.0,693446.0,249443.0
code-generator,2019,mips_gcc.function.use_return_register,3.45279,9.46336,2.9643,0.0,0.0,0.0,1.00328,1.04609,0.477082,0.0,2.00794,6.30222,2.43673,131878.0,235485.0,241.0,770.377,10.7039,1.0,1.0,1.0,79878.0,0.0,1.31962,259402.0,755915.0,236782.0,3002.0,15527.0,51532.0,0.0,0.0,52740.0,8999.0,0.0375823,0.194384,0.851332,0.0,0.0,0.660257,0.148668,0.0363429,0.0,2903.0,0.0,7.0,4411.0,0.00158694,0.0552217,1.0,0.219473,1.25191e-05,-0.200698,67060.0,2143.71,67060.0,157.963,0.0,0.0,2.0,0.0,0.0,0.0,0.0,0.0,0.0,0.0,0.0,4.55638,31.2822,12.474,3.88907,13.5646,24.9763,58428.0,1.18786,0.893187,0.972339,74841.0,77563.2,87590.4,866.0,67060.0,67060.0,0.0,2.0,0.00295858,14633.0,24410.0,60531.0,0.645008,0.757793,275802.0,1893540.0,755065.0
code-generator,2019,mips_gobmk.helpers.dragon_weak,3.49467,10.4807,3.18374,0.0,0.0,0.0,0.904886,1.10036,0.54403,0.0,2.04543,6.05475,2.5433,109371.0,198808.0,224.0,1181.99,10.0928,1.0,1.0,1.0,65205.0,0.0,1.29978,215143.0,683396.0,207596.0,2220.0,12139.0,43035.0,0.0,0.0,44053.0,7131.0,0.0340465,0.186167,0.857852,0.0,0.0,0.675608,0.142148,0.0336477,0.0,2194.0,0.0,8.0,3555.0,0.00225035,0.0545204,1.0,0.220152,1.53362e-05,-0.205893,1780.0,93.3733,1780.0,15.5513,0.0,0.0,2.0,0.0,0.0,0.0,0.0,0.0,0.0,0.0,0.0,4.54232,19.0633,6.57867,3.78764,5.93992,6.17079,48538.0,1.03756,0.848611,0.928002,60662.0,62624.0,73014.7,520.0,3852.0,1926.0,0.0,2.0,0.00384615,11260.0,14818.0,50166.0,0.519834,0.769358,227870.0,956328.0,330025.0
code-generator,2019,mips_gobmk.patterns.autohelperpat1114,3.40196,10.0352,3.10717,0.0,0.0,0.0,0.720024,1.1621,0.557437,0.0,2.12841,5.45885,2.50234,56785.3,101955.0,197.0,1167.46,9.41759,1.0,1.0,1.0,34648.0,0.0,1.32048,112253.0,347698.0,107657.0,878.0,6886.0,23002.0,0.0,0.0,23957.0,3237.0,0.0253406,0.198742,0.876634,0.0,0.0,0.69144,0.123366,0.02358,0.0,817.0,0.0,6.0,1700.0,0.00352941,0.0490649,1.0,0.222608,2.88617e-05,-0.184312,764.0,51.5207,764.0,9.66612,0.0,0.0,2.0,0.0,0.0,0.0,0.0,0.0,0.0,0.0,0.0,4.49221,14.829,5.45472,4.21782,5.22657,5.76535,25496.0,1.05968,0.683592,0.800449,31528.0,32524.3,36361.7,1432.0,2757.0,1378.5,0.0,2.0,0.00985222,5017.0,8471.0,26239.0,0.514044,0.757302,117871.0,389098.0,143127.0
code-generator,2019,mips_mesa.shapes.auxWireBox,3.5331,10.9775,3.31329,0.0,0.0,0.0,0.938729,1.20163,0.60363,0.0,2.12659,6.71414,2.57317,237129.0,431594.0,344.0,2013.04,11.3242,1.0,1.0,1.0,139945.0,0.0,1.35106,456383.0,1536250.0,463678.0,4100.0,30446.0,89718.0,0.0,0.0,93375.0,13864.0,0.0292972,0.217557,0.866154,0.0,0.0,0.667226,0.133846,0.024481,0.0,3426.0,0.0,7.0,6652.0,0.00105232,0.047533,1.0,0.209494,7.14566e-06,-0.163752,2421850.0,33550.3,2421850.0,321.093,0.0,0.0,2.0,0.0,0.0,0.0,0.0,0.0,0.0,0.0,0.0,4.77342,72.1855,42.3541,4.82745,104.485,177.758,100577.0,1.2218,0.847272,0.986109,124454.0,132303.0,153425.0,2011.0,2421850.0,2421850.0,0.0,2.0,0.00231214,20732.0,144652.0,103582.0,1.59665,0.740162,494440.0,7477120.0,4387120.0
code-generator,2020,hexagon_gcc.reload1.gen_reload,3.4259,9.58469,3.03012,0.0,0.0,0.0,1.6768,1.0691,0.466719,0.0,2.05029,7.1934,2.19055,452620.0,822667.0,1156.0,1156.0,12.7628,1.0,1.0,1.0,275505.0,0.0,1.32142,899694.0,2640630.0,834813.0,9761.0,50611.0,169908.0,0.0,0.0,180112.0,38584.0,0.0354295,0.183703,0.814938,0.0,0.0,0.653752,0.185062,0.0334368,0.0,9212.0,0.0,7.0,19263.0,0.000363391,0.0699189,1.0,0.220895,3.6297e-06,-0.164093,393623.0,3228.63,393623.0,294.868,0.0,0.0,2.0,0.0,0.0,0.0,0.0,0.0,0.0,0.0,0.0,4.52704,121.917,44.5181,4.74795,10.946,21.4952,199748.0,1.32065,0.999177,1.05405,264678.0,274119.0,316785.0,3163.0,393623.0,393623.0,0.0,2.0,0.000632311,58116.0,181521.0,208492.0,1.14938,0.756763,943852.0,25418600.0,9281680.0
code-generator,2020,mips_gcc.cfgbuild.control_flow_insn_p,3.38035,8.88256,2.84179,0.0,0.0,0.0,0.93549,1.01946,0.497649,0.0,2.02105,6.21615,2.40307,80937.7,142829.0,174.0,635.336,8.72499,1.0,1.0,1.0,50207.0,0.0,1.32605,161074.0,445967.0,142678.0,1976.0,9529.0,31529.0,0.0,0.0,32634.0,6333.0,0.0393571,0.189794,0.832735,0.0,0.0,0.649989,0.167265,0.0394168,0.0,1979.0,0.0,7.0,3319.0,0.00210907,0.0661063,1.0,0.223089,1.99175e-05,-0.233731,2014330000.0,37846.0,2014330000.0,0.0,0.0,0.0,2.0,0.0,0.0,0.0,0.0,0.0,0.0,0.0,0.0,4.48252,53224.3,53209.4,3.32395,0.0,0.0,36390.0,1.28678,0.977214,1.06498,48670.0,49701.0,56249.4,564.0,2014330000.0,2014330000.0,0.0,2.0,0.00433839,10503.0,16535.0,37862.0,0.71412,0.754118,169717.0,2015180000.0,2014610000.0
code-generator,2020,mips_gcc.real.eiremain,3.55358,11.4778,3.44828,0.0,0.0,0.0,1.31991,1.14263,0.502295,0.0,2.04197,6.76551,2.58416,460616.0,859587.0,673.0,2892.79,11.8595,1.0,1.0,1.0,270062.0,0.0,1.31159,894625.0,3099710.0,931248.0,8307.0,53960.0,178881.0,0.0,0.0,183088.0,27023.0,0.0307596,0.199806,0.868759,0.0,0.0,0.677948,0.131241,0.0297228,0.0,8027.0,0.0,6.0,12772.0,0.000469778,0.0472928,1.0,0.214554,3.70285e-06,-0.147142,717736.0,13653.9,717736.0,427.575,0.0,0.0,2.0,0.0,0.0,0.0,0.0,0.0,0.0,0.0,0.0,4.66084,52.5663,21.3305,5.33803,31.931,75.1008,200243.0,0.991,0.861826,0.911067,243560.0,252666.0,300537.0,1634.0,717736.0,717736.0,0.0,2.0,0.00123153,39826.0,57537.0,205904.0,0.472856,0.762432,959686.0,10823600.0,4392030.0
code-generator,2020,mips_gobmk.patterns.autohelperpat508,3.51193,11.3784,3.36727,0.0,0.0,0.0,0.75336,1.23666,0.593953,0.0,2.14721,4.41253,2.2447,54037.8,98033.6,246.0,1513.46,8.82018,1.0,1.0,1.0,31887.0,0.0,1.31552,105042.0,362823.0,107372.0,547.0,6475.0,21951.0,0.0,0.0,22843.0,2288.0,0.0171543,0.203061,0.905607,0.0,0.0,0.716373,0.0943933,0.0166839,0.0,532.0,0.0,6.0,1192.0,0.00503356,0.037382,77.0,16.6665,0.00241478,3.22406,221.0,17.3425,2.87013,3.91131,0.0,0.0,2.0,0.0,0.0,0.0,0.0,0.0,0.0,0.0,0.0,4.62003,12.7433,4.73824,4.85926,4.17826,4.28902,23711.0,0.892855,0.503005,0.566248,27929.0,29042.6,31975.7,1657.0,973.0,486.5,0.0,2.0,0.00840336,3579.0,5312.0,24239.0,0.366806,0.760153,111985.0,308884.0,114850.0
code-generator,2020,mips_pgp.crypto.encryptfile,3.48232,10.2832,3.18499,0.0,0.0,0.0,1.34692,1.2107,0.543817,0.0,2.10205,7.33355,2.57442,493261.0,899171.0,738.0,1292.61,12.5708,1.0,1.0,1.0,295999.0,0.0,1.33648,957366.0,3043830.0,942754.0,11682.0,61145.0,188860.0,0.0,0.0,193973.0,32617.0,0.0394663,0.206572,0.85273,0.0,0.0,0.655316,0.14727,0.0313244,0.0,9272.0,0.0,7.0,15379.0,0.000455166,0.0519563,1.0,0.214867,3.37839e-06,-0.157391,987092.0,7247.39,987092.0,382.496,0.0,0.0,2.0,0.0,0.0,0.0,0.0,0.0,0.0,0.0,0.0,4.65404,136.2,60.1729,4.98843,18.945,36.8742,214817.0,1.17347,0.959449,1.06755,272119.0,282128.0,333945.0,1999.0,987092.0,987092.0,0.0,2.0,0.0010005,47690.0,138207.0,221477.0,0.839351,0.748236,1030760.0,30165100.0,13326900.0
code-generator,2023,mips_gcc.flow.find_regno_partial,3.4157,8.60326,2.73222,0.0,0.0,0.0,0.925806,0.979414,0.517606,0.0,1.91284,6.11291,2.32172,76175.4,131988.0,173.0,521.221,8.54508,1.0,1.0,1.0,46798.0,0.0,1.32123,151045.0,402615.0,127863.0,1923.0,8852.0,29397.0,0.0,0.0,30116.0,6023.0,0.0410915,0.189153,0.829955,0.0,0.0,0.643532,0.170045,0.0429506,0.0,2010.0,0.0,6.0,2985.0,0.00201005,0.0637848,1.0,0.221586,2.13684e-05,-0.231134,51915.0,2766.55,51915.0,173.902,0.0,0.0,2.0,0.0,0.0,0.0,0.0,0.0,0.0,0.0,0.0,4.51293,18.7652,6.9528,3.36781,15.9029,39.956,33933.0,1.28282,0.983302,1.07242,44549.0,46727.3,51610.5,512.0,51915.0,51915.0,0.0,2.0,0.00390625,9941.0,11139.0,35420.0,0.595144,0.75687,159848.0,664665.0,246268.0
code-generator,2023,mips_gcc.varasm.default_named_section_asm_out_destructor,3.42585,9.5791,2.98608,0.0,0.0,0.0,0.825614,1.1048,0.473602,0.0,2.09753,6.12655,2.39492,95860.2,170611.0,168.0,816.592,12.7889,1.0,1.0,1.0,58331.0,0.0,1.32589,188758.0,558758.0,174181.0,2032.0,11639.0,37825.0,0.0,0.0,39045.0,6169.0,0.0348357,0.199534,0.859776,0.0,0.0,0.66937,0.140224,0.029144,0.0,1700.0,0.0,7.0,3097.0,0.00226025,0.0530936,1.0,0.220154,1.71435e-05,-0.200542,3101.0,102.685,3101.0,10.5768,0.0,0.0,2.0,0.0,0.0,0.0,0.0,0.0,0.0,0.0,0.0,4.54228,30.1992,12.215,3.88869,9.61393,11.3263,42665.0,1.14695,0.83781,0.961814,54512.0,55749.3,63398.9,950.0,7804.0,3902.0,0.0,2.0,0.00431965,9806.0,20344.0,43994.0,0.685321,0.754213,199833.0,1328580.0,537387.0
code-generator,2023,mips_mesa.eval.gl_Map1f,3.48724,9.878,3.08532,0.0,0.0,0.0,1.90215,1.18059,0.458368,0.0,1.97134,6.82407,2.42435,638193.0,1157280.0,1216.0,1216.0,12.9076,1.0,1.0,1.0,383988.0,0.0,1.32304,1248800.0,3793030.0,1184730.0,15173.0,75854.0,245977.0,0.0,0.0,250341.0,44254.0,0.0395143,0.197543,0.847521,0.0,0.0,0.65195,0.152479,0.0400976,0.0,15397.0,0.0,7.0,20587.0,0.00034002,0.0536137,1.0,0.216743,2.60425e-06,-0.136199,3981320.0,37221.8,3981320.0,532.198,0.0,0.0,2.0,0.0,0.0,0.0,0.0,0.0,0.0,0.0,0.0,4.61377,106.962,45.3377,5.75083,69.9379,163.382,279726.0,1.1317,0.918682,0.944628,359756.0,371493.0,428007.0,3253.0,3981320.0,3981320.0,0.0,2.0,0.000614817,72869.0,164539.0,290231.0,0.817997,0.755834,1339060.0,31043700.0,13158400.0
code-generator,2023,mips_pegwit.ec_vlong.vlShortLshift,3.42581,9.41162,2.94452,0.0,0.0,0.0,0.968129,1.03561,0.480286,0.0,1.96556,6.24125,2.41817,94716.9,168972.0,206.0,890.712,8.6336,1.0,1.0,1.0,57871.0,0.0,1.30735,188309.0,544660.0,170403.0,2293.0,10614.0,36749.0,0.0,0.0,37791.0,7517.0,0.0396226,0.183408,0.830186,0.0,0.0,0.653021,0.169814,0.0405557,0.0,2347.0,0.0,7.0,3724.0,0.0018797,0.06435,1.0,0.223278,1.72798e-05,-0.224084,2147480000.0,44247.7,2147480000.0,0.0,0.0,0.0,2.0,0.0,0.0,0.0,0.0,0.0,0.0,0.0,0.0,4.47872,48533.2,48519.7,3.46621,0.0,0.0,42544.0,1.19287,0.99237,1.07825,55361.0,57152.1,66179.5,516.0,2147480000.0,2147480000.0,0.0,2.0,0.00387597,12009.0,13914.0,44266.0,0.585619,0.764908,198255.0,2148370000.0,2147770000.0
code-generator,2023,mips_rasta.mapping.comp_Jboundaries,3.44118,9.6071,2.96958,0.0,0.0,0.0,0.821934,1.10158,0.476233,0.0,2.0349,6.03614,2.37601,70334.3,124655.0,153.0,801.29,9.91289,1.0,1.0,1.0,42726.0,0.0,1.31834,138882.0,410473.0,126878.0,1389.0,8164.0,27186.0,0.0,0.0,28432.0,5223.0,0.0325095,0.191078,0.838841,0.0,0.0,0.66545,0.161159,0.0327669,0.0,1400.0,0.0,6.0,2587.0,0.00231929,0.0605486,1.0,0.220427,2.3405e-05,-0.235776,53563.0,2627.46,53563.0,168.077,0.0,0.0,2.0,0.0,0.0,0.0,0.0,0.0,0.0,0.0,0.0,4.53664,20.3858,8.11367,3.30641,15.6265,37.0442,31175.0,1.19872,0.930222,1.00583,40055.0,41713.1,48292.6,371.0,53563.0,53563.0,0.0,2.0,0.00539084,8071.0,17540.0,32409.0,0.790243,0.758531,147028.0,660684.0,262956.0
collaborative-construction,2020,175,7.88795,10.7153,1.15522,0.0,0.0,0.0,2.32038,2.83836,0.0,0.0,2.26056,3.15979,0.649901,102972.0,112442.0,646.0,654.801,3.68752,1.0,1.0,1.0,58955.0,0.0,1.13548,152177.0,631720.0,68106.2,12707.0,10511.0,32862.0,0.0,0.0,18350.0,19059.0,0.215537,0.178289,0.632923,0.0,0.0,0.311254,0.367077,0.0,0.0,0.0,0.0,2.0,5427.0,0.000368528,0.0920533,1.0,0.11165,1.69621e-05,-0.261187,892.0,272.16,892.0,86.3204,0.0,5.0,2.0,0.0,5.0,0.0,5.0,5.0,0.0,0.0,0.0,8.95657,3.27748,1.55268,3.4012,3.14133,4.36815,48603.0,2.19685,0.591881,1.12327,56377.0,78489.8,59009.0,259.0,892.0,892.0,0.0,2.0,0.00772201,12406.0,3334.0,51921.0,0.303153,0.880689,465034.0,170170.0,80616.6
collaborative-construction,2020,307,8.47929,12.2463,1.20509,0.0,0.0,0.0,2.22205,2.6092,0.0,0.0,2.3293,3.57264,0.72974,135908.0,152499.0,808.0,817.042,3.68752,1.0,1.0,1.0,75344.0,0.0,1.13956,196301.0,922687.0,90796.5,16051.0,13171.0,41216.0,0.0,0.0,23072.0,24901.0,0.213036,0.174812,0.62338,0.0,0.0,0.306222,0.37662,0.0,0.0,0.0,0.0,2.0,8074.0,0.000247709,0.107162,1.0,0.103492,1.32725e-05,-0.228439,1054.0,320.702,1054.0,103.53,0.0,5.0,2.0,0.0,5.0,0.0,5.0,5.0,0.0,0.0,0.0,9.66263,3.28654,1.53621,3.9245,3.08802,4.36671,62151.0,2.17429,0.796474,1.13146,72298.0,99822.5,77159.2,421.0,1054.0,1054.0,0.0,2.0,0.00478469,15494.0,4205.0,66117.0,0.297942,0.877535,638864.0,217296.0,101570.0
collaborative-construction,2020,37,5.7625,7.98215,1.1952,0.0,0.0,0.0,1.90099,2.37701,0.0,0.0,2.21742,3.46167,0.695666,53160.6,59834.2,358.0,365.94,3.33621,1.0,1.0,1.0,31693.0,0.0,1.13428,81882.0,252978.0,37879.6,6727.0,5670.0,17663.0,0.0,0.0,9879.0,10278.0,0.212255,0.178904,0.632153,0.0,0.0,0.311709,0.367847,0.0,0.0,0.0,0.0,2.0,2940.0,0.000680272,0.092765,1.0,0.152992,3.15527e-05,-0.296777,491.0,170.937,491.0,76.2327,0.0,5.0,2.0,0.0,5.0,0.0,5.0,5.0,0.0,0.0,0.0,6.53631,2.87241,1.309,2.85402,2.22918,3.32994,26114.0,2.17471,0.754639,1.10093,30422.0,41165.3,32198.6,163.0,491.0,491.0,0.0,2.0,0.0124224,6749.0,1986.0,27941.0,0.312623,0.881614,182631.0,80258.0,36574.8
collaborative-construction,2020,455,5.79006,8.07614,1.1969,0.0,0.0,0.0,1.90764,2.36237,0.0,0.0,2.20783,3.45329,0.706918,83115.6,93610.0,554.0,562.424,3.33621,1.0,1.0,1.0,49239.0,0.0,1.13977,126898.0,397661.0,58934.3,10599.0,8814.0,27491.0,0.0,0.0,15451.0,15710.0,0.215256,0.179004,0.636351,0.0,0.0,0.313796,0.363649,0.0,0.0,0.0,0.0,2.0,4330.0,0.000461894,0.0879384,1.0,0.151531,2.03091e-05,-0.294293,687.0,241.682,687.0,104.333,0.0,5.0,2.0,0.0,5.0,0.0,5.0,5.0,0.0,0.0,0.0,6.59931,2.84257,1.27564,2.88307,2.30687,3.5058,40590.0,2.14329,0.734142,1.04354,47444.0,64118.9,49548.2,163.0,687.0,687.0,0.0,2.0,0.0124224,10325.0,2844.0,43201.0,0.304831,0.877374,285097.0,122802.0,55108.9
collaborative-construction,2020,46,8.12091,11.0114,1.16564,0.0,0.0,0.0,2.26053,2.77247,0.0,0.0,2.3521,3.25325,0.682352,65673.6,72080.1,403.0,411.342,3.68752,1.0,1.0,1.0,37366.0,0.0,1.13182,97969.0,411451.0,43555.5,7691.0,6521.0,20331.0,0.0,0.0,11267.0,12683.0,0.205829,0.174517,0.61583,0.0,0.0,0.301531,0.38417,0.0,0.0,0.0,0.0,2.0,4451.0,0.000449337,0.119119,1.0,0.108797,2.67623e-05,-0.243788,649.0,193.884,649.0,62.4176,0.0,5.0,2.0,0.0,5.0,0.0,5.0,5.0,0.0,0.0,0.0,9.19143,3.34737,1.63846,3.65564,3.09021,4.2723,30668.0,2.24931,0.626442,1.166,36833.0,49170.6,37829.5,414.0,649.0,649.0,0.0,2.0,0.00483092,8385.0,3402.0,33014.0,0.35703,0.88353,303446.0,110510.0,54092.2
community-detection,2017,Sampson.s10.k3,3.00459,3.74277,1.24198,0.0,0.0,0.0,3.01385,2.4921,0.0,0.0,1.0843,1.62587,0.527247,572.889,698.935,191.0,193.459,1.58496,1.0,1.58496,1.0,436.0,0.0,1.02347,1118.0,1631.85,541.501,1.0,0.0,190.0,0.0,0.0,244.0,236.0,0.00229358,0.0,0.446009,0.0,0.0,0.559633,0.553991,0.0,0.0,0.0,0.0,1.0,1.0,1.0,0.00229358,1.0,0.325191,0.00229358,-0.476065,11.0,5.1779,11.0,0.0,0.0,0.0,3.0,0.0,1.0,1.0,1.0,1.0,0.0,0.0,0.0,3.07512,2.12441,0.974905,1.41747,0.0,0.0,406.0,0.705999,0.502844,0.344435,596.0,516.709,454.198,26.0,11.0,11.0,0.0,2.0,0.115385,216.0,202.0,426.0,0.981221,0.977064,1310.0,905.0,415.31
community-detection,2017,Strike.s2.k8,3.02338,5.42491,1.77821,0.0,0.0,0.0,3.54696,2.16545,0.0,0.0,1.06874,1.49094,1.329,729.962,1115.39,254.0,259.248,3.0,1.0,2.0,1.0,556.0,0.0,1.00361,1415.0,3016.25,988.687,1.0,0.0,253.0,0.0,0.0,301.0,301.0,0.00179856,0.0,0.456679,0.0,0.0,0.541367,0.543321,0.0,0.0,0.0,0.0,1.0,1.0,1.0,0.00179856,1.0,0.329566,0.00179856,-0.44392,76.0,28.8779,76.0,21.1796,0.0,0.0,3.0,0.0,1.0,1.0,1.0,1.0,0.0,0.0,0.0,3.0343,2.63177,1.16244,1.51026,1.31626,2.72039,531.0,0.555522,0.431602,0.53594,784.0,657.563,651.248,26.0,76.0,76.0,0.0,2.0,0.307692,278.0,280.0,554.0,1.00722,0.996403,1681.0,1458.0,643.99
community-detection,2017,Strike.s6.k5,3.01483,4.64755,1.53125,0.0,0.0,0.0,3.19874,2.22571,0.0,0.0,1.07892,1.56607,0.99189,620.284,872.492,211.0,216.248,2.32193,1.0,2.0,1.0,472.0,0.0,1.01288,1206.0,2193.64,722.751,1.0,0.0,210.0,0.0,0.0,260.0,256.0,0.00211864,0.0,0.450644,0.0,0.0,0.550847,0.549356,0.0,0.0,0.0,0.0,1.0,1.0,1.0,0.00211864,1.0,0.327477,0.00211864,-0.471139,76.0,31.1213,76.0,21.2343,0.0,0.0,3.0,0.0,1.0,1.0,1.0,1.0,0.0,0.0,0.0,3.05365,2.44206,1.14786,1.42744,1.41852,3.01789,445.0,0.640715,0.472863,0.330942,655.0,560.13,529.413,25.0,76.0,76.0,0.0,2.0,0.2,235.0,228.0,466.0,0.993562,0.987288,1423.0,1138.0,534.901
community-detection,2017,dolphin.s62.k3,2.97542,3.69994,1.24413,0.0,0.0,0.0,4.93945,4.0451,0.0,0.0,1.03691,1.58853,0.545103,1479.24,1811.12,497.0,502.7,1.58496,1.0,1.58496,1.0,1139.0,0.0,1.04784,2921.0,4214.23,1417.06,1.0,0.0,496.0,0.0,0.0,641.0,591.0,0.000877963,0.0,0.456302,0.0,0.0,0.562774,0.543698,0.0,0.0,0.0,0.0,1.0,1.0,1.0,0.000877963,1.0,0.320744,0.000877963,-0.363192,104.0,47.7197,104.0,33.9402,0.0,0.0,3.0,0.0,1.0,1.0,1.0,1.0,0.0,0.0,0.0,3.11776,2.17939,1.05621,1.87024,1.37653,2.84035,1055.0,0.584895,0.431948,0.223263,1551.0,1278.05,1147.1,62.0,104.0,104.0,0.0,2.0,0.0483871,559.0,508.0,1087.0,0.981601,0.954346,3389.0,2369.0,1148.1
community-detection,2017,mexican.s26.k4,2.99123,4.22921,1.41182,0.0,0.0,0.0,3.82636,2.8077,0.0,0.0,1.05734,1.57316,0.989608,892.37,1195.39,301.0,305.781,2.0,1.0,2.0,1.0,684.0,0.0,1.0348,1752.0,2892.78,965.683,1.0,0.0,300.0,0.0,0.0,382.0,361.0,0.00146199,0.0,0.453858,0.0,0.0,0.55848,0.546142,0.0,0.0,0.0,0.0,1.0,1.0,1.0,0.00146199,1.0,0.323069,0.00146199,-0.419062,55.0,24.3503,55.0,26.3707,0.0,0.0,3.0,0.0,1.0,1.0,1.0,1.0,0.0,0.0,0.0,3.09531,2.2587,1.05476,1.61535,0.885466,1.89617,636.0,0.63323,0.450141,0.281013,936.0,787.263,724.781,34.0,55.0,55.0,0.0,2.0,0.117647,336.0,315.0,661.0,0.984871,0.966374,2046.0,1493.0,697.196
community-detection,2021,rnd_n100_e1000_s50_d30_c6_p70,2.98134,5.63595,1.8953,0.0,0.0,0.0,16.4902,8.77887,0.0,0.0,1.00363,1.23316,1.20823,13032.1,20577.3,4951.0,4971.41,3.58496,1.0,2.0,1.0,10129.0,0.0,1.00716,25438.0,57086.5,19197.5,0.0,0.0,4950.0,0.0,0.0,5178.0,5107.0,0.0,0.0,0.492194,0.0,0.0,0.511205,0.507806,0.0,0.0,0.0,0.0,1.0,1.0,1.0,9.87264e-05,1.0,0.333035,9.87264e-05,-0.114114,2793000.0,9979.6,2793000.0,100.28,0.0,0.0,3.0,0.0,1.0,1.0,1.0,1.0,0.0,0.0,0.0,3.00268,279.871,278.732,5.84475,99.5078,99.9146,10000.0,0.14722,0.116304,0.131729,9999.0,10503.2,10478.1,779.0,2793000.0,2793000.0,0.0,2.0,0.0154044,100.0,38.0,10057.0,0.0137218,0.992892,30198.0,2814670.0,2803210.0
community-detection,2021,rnd_n100_e5000_s500_d300_c4_p50,2.86561,4.68214,1.65312,0.0,0.0,0.0,17.1704,10.5651,0.0,0.0,0.959405,1.54628,1.12406,12347.9,18454.8,4951.0,4973.76,3.0,1.0,2.0,1.0,10112.0,0.0,1.0108,25387.0,47345.8,16716.3,0.0,0.0,4950.0,0.0,0.0,5161.0,5054.0,0.0,0.0,0.494802,0.0,0.0,0.510384,0.505198,0.0,0.0,0.0,0.0,1.0,1.0,1.0,9.88924e-05,1.0,0.345239,9.88924e-05,-0.0426971,14227900.0,9989.52,14227900.0,0.0,0.0,0.0,3.0,0.0,1.0,1.0,1.0,1.0,0.0,0.0,0.0,2.89654,1424.28,1423.23,15.335,0.0,0.0,10000.0,0.0875982,0.0835602,0.0867985,9999.0,10140.9,10230.8,2711.0,14227900.0,14227900.0,0.0,2.0,0.00295094,100.0,26.0,10004.0,0.012595,0.98932,28977.0,14248500.0,14238000.0
community-detection,2021,rnd_n100_e50_s10_d5_c10_p30,2.99311,6.6673,2.22958,0.0,0.0,0.0,9.49105,4.4214,0.448514,0.0,1.01013,1.33487,1.25356,4696.52,8006.56,1712.0,1723.99,4.32193,1.0,2.0,1.0,3627.0,0.0,1.00387,9171.0,24182.3,8086.7,0.0,0.0,1711.0,0.0,0.0,1915.0,1902.0,0.0,0.0,0.473568,0.0,0.0,0.527985,0.526432,0.0,0.0,0.0,0.0,1.0,1.0,1.0,0.00027571,1.0,0.332811,0.00027571,-0.252569,8156.0,1568.93,8156.0,60.0738,0.0,0.0,3.0,0.0,1.0,1.0,1.0,1.0,0.0,0.0,0.0,3.00471,5.19845,3.44213,2.64161,26.1,39.4099,3522.0,0.324219,0.299783,0.380555,3521.0,3985.93,4252.84,176.0,8156.0,8156.0,0.0,2.0,0.113636,100.0,62.0,3613.0,0.0448381,0.99614,10856.0,18782.0,12436.4
community-detection,2021,rnd_n100_e50_s50_d30_c9_p30,2.96692,6.37399,2.16164,0.0,0.0,0.0,10.3995,4.92387,0.462612,0.0,1.00792,1.39782,1.24609,5477.83,9235.04,2017.0,2029.18,4.16993,1.0,2.0,1.0,4262.0,0.0,1.01816,10771.0,27165.9,9212.9,0.0,0.0,2016.0,0.0,0.0,2245.0,2170.0,0.0,0.0,0.481605,0.0,0.0,0.526748,0.518395,0.0,0.0,0.0,0.0,1.0,1.0,1.0,0.000234632,1.0,0.33104,0.000234632,-0.154533,9290.0,1935.49,9290.0,64.6789,0.0,0.0,3.0,0.0,1.0,1.0,1.0,1.0,0.0,0.0,0.0,3.02078,4.79981,3.32102,4.32891,29.9092,43.225,4132.0,0.285477,0.228323,0.275874,4131.0,4490.92,4680.01,374.0,9290.0,9290.0,0.0,2.0,0.0481283,100.0,56.0,4186.0,0.0372671,0.982168,12645.0,20092.0,13901.8
community-detection,2021,rnd_n50_e2500_s10_d5_c4_p90,2.98708,5.1297,1.71794,0.0,0.0,0.0,8.10404,4.82657,0.0,0.0,1.0137,1.29592,1.2006,3304.67,4962.53,1226.0,1244.38,3.0,1.0,2.0,1.0,2555.0,0.0,1.00551,6441.0,13106.4,4389.35,0.0,0.0,1225.0,0.0,0.0,1329.0,1316.0,0.0,0.0,0.482094,0.0,0.0,0.520157,0.517906,0.0,0.0,0.0,0.0,1.0,1.0,1.0,0.000391389,1.0,0.33294,0.000391389,-0.237777,680899.0,2520.22,680899.0,50.3984,0.0,0.0,3.0,0.0,1.0,1.0,1.0,1.0,0.0,0.0,0.0,3.00354,270.174,268.97,2.8054,49.9861,50.21,2500.0,0.282614,0.223999,0.261628,2499.0,2786.69,2737.38,198.0,680899.0,680899.0,0.0,2.0,0.040404,50.0,26.0,2541.0,0.0299095,0.994521,7632.0,686513.0,683454.0
community-detection,2024,Polblogs.s2480.k2,2.96354,2.96424,1.0,0.0,0.0,0.0,29.4169,29.4563,0.0,0.0,1.00163,1.00163,1.77636e-15,47422.7,47422.7,16712.0,16737.9,1.00155,1.0,1.0,1.0,36751.0,0.0,1.04507,93542.0,108939.0,36751.0,1.0,0.0,16711.0,0.0,0.0,20038.0,18455.0,2.72101e-05,0.0,0.475203,0.0,0.0,0.545237,0.524797,0.0,0.0,0.0,0.0,1.0,1.0,1.0,2.72101e-05,1.0,0.322882,2.72101e-05,-0.140119,125097000.0,35146.2,125097000.0,0.0,0.0,0.0,3.0,0.0,1.0,1.0,1.0,1.0,0.0,0.0,0.0,3.09711,3559.33,3558.3,4.83245,0.0,0.0,34913.0,0.335275,0.000470471,0.0569794,51624.0,37948.3,35191.9,963.0,125097000.0,125097000.0,0.0,2.0,0.00207684,18202.0,16720.0,35166.0,0.993061,0.956872,108913.0,125167000.0,125131000.0
community-detection,2024,Zakhary.s12.k3,3.01127,3.72154,1.22648,0.0,0.0,0.0,4.52904,3.86601,0.0,0.0,1.0461,1.45605,0.402338,1157.65,1398.98,407.0,426.888,1.58496,1.0,1.58496,1.0,887.0,0.0,1.01256,2255.0,3301.0,1087.89,1.0,0.0,406.0,0.0,0.0,479.0,470.0,0.0011274,0.0,0.46347,0.0,0.0,0.540023,0.53653,0.0,0.0,0.0,0.0,1.0,1.0,1.0,0.0011274,1.0,0.327967,0.0011274,-0.387241,1940900.0,875.183,1940900.0,0.0,0.0,0.0,3.0,0.0,1.0,1.0,1.0,1.0,0.0,0.0,0.0,3.04909,2217.71,2216.6,1.73544,0.0,0.0,847.0,0.513186,0.381497,0.247973,1253.0,1021.02,932.156,35.0,1940900.0,1940900.0,0.0,2.0,0.0857143,441.0,418.0,876.0,0.980594,0.987599,2671.0,1942710.0,1941740.0
community-detection,2024,Zakhary.s12.k4,3.01127,4.20957,1.38713,0.0,0.0,0.0,4.52904,3.44248,0.0,0.0,1.0461,1.44465,0.995109,1157.65,1529.83,407.0,426.888,2.0,1.0,2.0,1.0,887.0,0.0,1.01256,2255.0,3733.89,1230.38,1.0,0.0,406.0,0.0,0.0,479.0,470.0,0.0011274,0.0,0.46347,0.0,0.0,0.540023,0.53653,0.0,0.0,0.0,0.0,1.0,1.0,1.0,0.0011274,1.0,0.327967,0.0011274,-0.387241,1940900.0,875.155,1940900.0,0.0,0.0,0.0,3.0,0.0,1.0,1.0,1.0,1.0,0.0,0.0,0.0,3.04909,2217.78,2216.61,1.73544,0.0,0.0,847.0,0.513186,0.381497,0.247973,1253.0,1021.02,957.888,35.0,1940900.0,1940900.0,0.0,2.0,0.114286,441.0,421.0,876.0,0.984018,0.987599,2671.0,1942780.0,1941750.0
community-detection,2024,adjourn.s200.k3,2.92658,3.72716,1.27516,0.0,0.0,0.0,4.78375,3.9432,0.0,0.0,1.03363,1.77259,0.732027,1622.49,2030.16,497.0,517.976,1.58496,1.0,1.58496,1.0,1253.0,0.0,1.10202,3263.0,4670.13,1597.78,1.0,0.0,496.0,0.0,0.0,755.0,641.0,0.000798085,0.0,0.436236,0.0,0.0,0.602554,0.563764,0.0,0.0,0.0,0.0,1.0,1.0,1.0,0.000798085,1.0,0.310063,0.000798085,-0.351828,4126470.0,1136.33,4126470.0,0.0,0.0,0.0,3.0,0.0,1.0,1.0,1.0,1.0,0.0,0.0,0.0,3.22515,3631.38,3630.21,1.96101,0.0,0.0,1105.0,0.73688,0.555747,0.215475,1601.0,1380.12,1241.63,91.0,4126470.0,4126470.0,0.0,2.0,0.032967,609.0,510.0,1137.0,0.984169,0.907422,3667.0,4128880.0,4127550.0
community-detection,2024,mexican.s26.k4,2.99123,4.25177,1.41189,0.0,0.0,0.0,3.82636,2.92817,0.0,0.0,1.05734,1.57316,0.989608,892.37,1195.46,301.0,321.208,2.0,1.0,2.0,1.0,684.0,0.0,1.0348,1752.0,2908.21,965.734,1.0,0.0,300.0,0.0,0.0,382.0,361.0,0.00146199,0.0,0.453858,0.0,0.0,0.55848,0.546142,0.0,0.0,0.0,0.0,1.0,1.0,1.0,0.00146199,1.0,0.323069,0.00146199,-0.419062,2422540.0,660.608,2422540.0,0.0,0.0,0.0,3.0,0.0,1.0,1.0,1.0,1.0,0.0,0.0,0.0,3.09531,3667.15,3665.94,1.61535,0.0,0.0,636.0,0.63323,0.450141,0.281013,936.0,787.263,740.208,34.0,2422540.0,2422540.0,0.0,2.0,0.117647,336.0,315.0,661.0,0.984871,0.966374,2046.0,2423980.0,2423190.0
compression,2024,bin_10,3.06979,6.59053,1.79945,0.0,0.0,0.0,1.03013,1.78246,0.0,0.0,1.37765,3.21634,1.57996,1175.12,1773.31,27.0,113.431,5.40148,1.0,2.0,1.0,874.0,0.0,1.21221,2300.0,5760.12,1572.72,99.0,216.0,397.0,0.0,0.0,392.0,324.0,0.113272,0.24714,0.550624,0.0,0.0,0.448513,0.449376,0.020595,0.0,18.0,0.0,2.0,49.0,0.0408163,0.0560641,1.0,0.268729,0.00114416,-0.727277,1901.0,216.084,1901.0,26.3774,0.0,0.0,2.0,0.0,5.0,5.0,5.0,5.0,0.0,0.0,0.0,3.72122,8.7975,5.03728,1.00549,8.15409,14.0851,529.0,1.93738,1.45667,1.8052,749.0,1081.64,1295.17,21.0,1901.0,1901.0,0.0,2.0,0.166667,104.0,12.0,721.0,0.160888,0.824943,2683.0,6343.0,3631.88
compression,2024,bin_20,3.45383,9.04924,1.97566,0.0,0.0,0.0,1.63785,2.7978,0.506159,0.0,1.27394,2.94641,1.33159,3229.86,5033.66,57.0,275.702,6.72444,1.0,2.0,1.0,2404.0,0.0,1.15521,6150.0,21754.4,4749.49,399.0,456.0,1217.0,0.0,0.0,1012.0,864.0,0.165973,0.189684,0.584815,0.0,0.0,0.420965,0.415185,0.015807,0.0,38.0,0.0,2.0,99.0,0.020202,0.0411814,1.0,0.250632,0.000415973,-0.466945,11601.0,737.308,11601.0,45.0145,0.0,0.0,2.0,0.0,5.0,5.0,5.0,5.0,0.0,0.0,0.0,3.98991,15.7343,9.71883,1.60483,16.3571,26.2361,1679.0,1.54585,1.15645,1.54866,2139.0,2939.86,3710.29,41.0,11601.0,11601.0,0.0,2.0,0.0909091,214.0,42.0,2081.0,0.123018,0.865641,8303.0,32743.0,20224.9
compression,2024,bin_7,2.90038,5.56138,1.6791,0.0,0.0,0.0,0.770958,1.38116,0.0,0.0,1.43205,3.32486,1.46189,710.343,1040.87,18.0,71.4468,4.76312,1.0,2.0,1.0,532.0,0.0,1.23721,1418.0,2958.65,893.283,48.0,144.0,229.0,0.0,0.0,245.0,201.0,0.0902256,0.270677,0.532558,0.0,0.0,0.460526,0.467442,0.0225564,0.0,12.0,0.0,2.0,34.0,0.0588235,0.0639098,1.0,0.278678,0.0018797,-0.915128,785.0,117.654,785.0,20.335,0.0,0.0,2.0,0.0,5.0,5.0,5.0,5.0,0.0,0.0,0.0,3.58837,6.67209,3.69035,0.78822,5.73663,10.265,301.0,2.1034,1.59027,1.63733,449.0,655.56,747.495,15.0,785.0,785.0,0.0,2.0,0.181818,71.0,9.0,430.0,0.186047,0.808271,1543.0,2869.0,1586.85
compression,2024,bin_8,2.96094,5.9282,1.7263,0.0,0.0,0.0,0.827268,1.51817,0.0,0.0,1.4114,3.22381,1.44696,857.247,1271.7,21.0,84.9668,4.99805,1.0,2.0,1.0,640.0,0.0,1.22841,1698.0,3794.05,1104.83,63.0,168.0,281.0,0.0,0.0,292.0,240.0,0.0984375,0.2625,0.539347,0.0,0.0,0.45625,0.460653,0.021875,0.0,14.0,0.0,2.0,39.0,0.0512821,0.0609375,1.0,0.274934,0.0015625,-0.833967,1089.0,147.483,1089.0,22.3932,0.0,0.0,2.0,0.0,5.0,5.0,5.0,5.0,0.0,0.0,0.0,3.63724,7.38388,4.13459,0.869418,6.54143,11.5564,371.0,2.0307,1.54201,1.78392,543.0,790.549,919.663,17.0,1089.0,1089.0,0.0,2.0,0.181818,82.0,10.0,521.0,0.176583,0.814063,1895.0,3847.0,2154.12
compression,2024,lipsum_10,3.91937,12.6233,2.0976,0.0,0.0,0.0,2.67596,4.5217,0.476736,0.0,1.15385,2.55014,1.46342,12073.5,19117.8,135.0,781.965,8.40823,1.0,2.0,1.0,9190.0,0.0,1.0908,22712.0,116008.0,19276.9,2115.0,1080.0,5221.0,0.0,0.0,3560.0,3204.0,0.230141,0.117519,0.619703,0.0,0.0,0.387378,0.380297,0.00979325,0.0,90.0,0.0,2.0,229.0,0.00873362,0.0249184,1.0,0.233904,0.000108814,-0.287259,116381.0,3488.18,116381.0,91.063,0.0,0.0,2.0,0.0,5.0,5.0,5.0,5.0,0.0,0.0,0.0,4.27525,33.3644,22.3751,2.66692,38.2941,56.7715,7477.0,1.02063,0.773826,1.03039,8561.0,10755.8,13516.6,93.0,116381.0,116381.0,0.0,2.0,0.0416667,500.0,94.0,8425.0,0.0705045,0.916757,36019.0,281095.0,188510.0
concert-hall-cap,2018,concert-cap.mznc2018.02,2.37259,4.6409,1.95211,0.0,0.0,3.0,0.596063,0.806235,0.0,0.0,0.890029,4.1793,1.39263,546.244,958.012,25.0,53.8853,3.45943,2.0,2.0,1.0,467.0,0.0,1.2865,1492.0,2167.3,911.636,0.0,0.0,32.0,0.0,0.0,312.0,331.0,0.0,0.0,0.0881543,0.0,0.0,0.668094,0.911846,0.0,0.0,0.0,0.0,2.0,123.0,0.0162602,0.263383,1.0,0.327617,0.00214133,-2.05234,62075.0,354.921,62075.0,19.0263,0.0,0.0,3.0,0.0,1.0,1.0,1.0,1.0,0.0,0.0,0.0,3.05234,174.898,172.328,0.327617,18.6017,18.8799,339.0,1.68582,2.42499,1.31918,443.0,538.686,652.481,6.0,62075.0,62075.0,0.0,2.0,0.5,123.0,145.0,363.0,0.738292,0.777302,1108.0,63488.0,62555.1
concert-hall-cap,2018,concert-cap.mznc2018.03,2.35163,4.54378,1.94063,0.0,0.0,2.0,0.601377,0.762383,0.0,0.0,0.862299,4.11255,1.37673,571.951,1002.4,26.0,57.9632,3.45943,2.0,2.0,1.0,492.0,0.0,1.29474,1571.0,2235.54,954.792,0.0,0.0,32.0,0.0,0.0,333.0,348.0,0.0,0.0,0.0842105,0.0,0.0,0.676829,0.915789,0.0,0.0,0.0,0.0,2.0,127.0,0.015748,0.25813,1.0,0.328436,0.00203252,-2.04474,42789.0,367.321,42789.0,19.4679,0.0,0.0,3.0,0.0,1.0,1.0,1.0,1.0,0.0,0.0,0.0,3.04474,116.489,113.935,0.328436,18.8166,19.2396,355.0,1.59339,2.3868,1.3725,454.0,565.399,682.593,6.0,42789.0,42789.0,0.0,2.0,0.5,116.0,139.0,380.0,0.671053,0.772358,1157.0,44266.0,43295.4
concert-hall-cap,2018,concert-cap.mznc2018.06,2.43935,4.5216,1.83695,0.0,0.0,6.0,0.81989,1.19099,0.0,0.0,0.924885,3.58484,1.47926,878.455,1434.31,41.0,75.7035,3.45943,2.0,2.0,1.0,742.0,0.0,1.27711,2382.0,3355.03,1363.02,0.0,0.0,50.0,0.0,0.0,486.0,531.0,0.0,0.0,0.0860585,0.0,0.0,0.654987,0.913941,0.0,0.0,0.0,0.0,2.0,206.0,0.00970874,0.277628,1.0,0.320994,0.00134771,-2.11532,56854.0,559.554,56854.0,24.0832,0.0,0.0,3.0,0.0,1.0,1.0,1.0,1.0,0.0,0.0,0.0,3.11532,101.606,99.0894,0.320994,23.1927,23.7828,541.0,1.74936,1.87488,1.1526,735.0,874.723,961.321,9.0,56854.0,56854.0,0.0,2.0,0.5,235.0,208.0,581.0,0.762478,0.783019,1810.0,59033.0,57570.9
concert-hall-cap,2018,concert-cap.mznc2018.148,2.42561,4.51761,1.85772,0.0,0.0,4.0,0.824534,0.912674,0.0,0.0,0.900123,3.0885,1.03196,624.497,1068.88,35.0,59.2465,3.45943,2.0,2.0,1.0,531.0,0.0,1.23776,1689.0,2398.85,986.448,0.0,0.0,44.0,0.0,0.0,347.0,385.0,0.0,0.0,0.102564,0.0,0.0,0.653484,0.897436,0.0,0.0,0.0,0.0,2.0,140.0,0.0142857,0.263653,1.0,0.333075,0.00188324,-2.00233,67928.0,419.357,67928.0,20.6882,0.0,0.0,3.0,0.0,1.0,1.0,1.0,1.0,0.0,0.0,0.0,3.00233,161.981,159.628,0.333075,20.222,20.5209,395.0,1.61119,1.78135,1.32858,542.0,630.547,753.328,5.0,67928.0,67928.0,0.0,2.0,0.6,182.0,169.0,429.0,0.818182,0.80791,1288.0,69490.0,68480.3
concert-hall-cap,2018,concert-cap.mznc2018.318,2.35131,5.06067,2.17282,0.0,0.0,1.0,0.601458,0.814735,0.0,0.0,0.867272,4.22008,1.51143,714.429,1345.15,29.0,93.2285,3.90689,2.0,2.0,1.0,612.0,0.0,1.28302,1963.0,3097.13,1329.77,0.0,0.0,42.0,0.0,0.0,401.0,435.0,0.0,0.0,0.0880503,0.0,0.0,0.655229,0.91195,0.0,0.0,0.0,0.0,2.0,169.0,0.0118343,0.276144,1.0,0.33148,0.00163399,-2.01677,67838.0,462.268,67838.0,21.8174,0.0,0.0,3.0,0.0,1.0,1.0,1.0,1.0,0.0,0.0,0.0,3.01677,146.751,143.784,0.33148,21.1422,21.5793,449.0,1.6141,2.37075,1.60529,519.0,694.305,936.667,7.0,67838.0,67838.0,0.0,2.0,0.5,99.0,166.0,477.0,0.555556,0.779412,1439.0,70000.0,68585.1
concert-hall-cap,2024,concert-cap.mznc2018.04,2.36673,4.09847,1.74407,0.0,0.0,3.0,0.59754,0.845219,0.0,0.0,0.882874,3.53077,1.362,654.451,1038.95,31.0,59.5642,3.45943,2.0,2.0,1.0,559.0,0.0,1.26757,1790.0,2291.04,974.937,0.0,0.0,40.0,0.0,0.0,366.0,401.0,0.0,0.0,0.0907029,0.0,0.0,0.654741,0.909297,0.0,0.0,0.0,0.0,2.0,153.0,0.0130719,0.273703,1.0,0.333333,0.00178891,-2.0,74837.0,432.148,74837.0,20.9762,0.0,0.0,3.0,0.0,1.0,1.0,1.0,1.0,0.0,0.0,0.0,3.0,173.175,170.924,0.333333,20.5542,20.8254,411.0,1.73249,1.7453,1.10478,518.0,644.52,707.911,6.0,74837.0,74837.0,0.0,2.0,0.5,138.0,165.0,441.0,0.687075,0.788909,1323.0,76370.0,75377.6
concert-hall-cap,2024,concert_100_20,2.4857,4.10808,1.61812,0.0,0.0,14.0,1.39361,2.77545,0.0,0.0,0.924302,2.4812,1.23885,7178.69,10316.5,100.0,253.725,4.39232,2.0,2.0,1.0,6012.0,0.0,1.426,19813.0,24697.8,9728.14,0.0,0.0,118.0,0.0,0.0,3999.0,4098.0,0.0,0.0,0.0279886,0.0,0.0,0.66517,0.972011,0.0,0.0,0.0,0.0,2.0,1895.0,0.00105541,0.315203,1.0,0.28212,0.000166334,-0.848197,6356680.0,4208.42,6356680.0,0.0,0.0,0.0,3.0,0.0,1.0,1.0,1.0,1.0,0.0,0.0,0.0,3.54459,1510.47,1508.56,0.84636,0.0,0.0,4117.0,1.41662,0.666139,0.286608,5337.0,6644.56,4914.91,20.0,6356680.0,6356680.0,0.0,2.0,0.176471,1305.0,750.0,4216.0,0.487429,0.701264,14944.0,6368130.0,6360080.0
concert-hall-cap,2024,concert_150_20,2.56827,4.3497,1.60522,0.0,0.0,20.0,2.02321,3.71417,0.0,0.0,0.922378,3.04227,1.46269,9593.11,13827.5,146.0,376.926,4.39232,2.0,2.0,1.0,8042.0,0.0,1.42741,26447.0,34980.3,12909.2,0.0,0.0,164.0,0.0,0.0,5393.0,5470.0,0.0,0.0,0.029109,0.0,0.0,0.670604,0.970891,0.0,0.0,0.0,0.0,2.0,2485.0,0.000804829,0.309003,1.0,0.27278,0.000124347,-0.803816,10310700.0,5625.43,10310700.0,0.0,0.0,0.0,3.0,0.0,1.0,1.0,1.0,1.0,0.0,0.0,0.0,3.66596,1832.87,1830.91,0.904709,0.0,0.0,5489.0,1.43392,1.02078,0.427862,7919.0,9012.92,6879.57,23.0,10310700.0,10310700.0,0.0,2.0,0.0909091,2473.0,1035.0,5634.0,0.622648,0.700572,20654.0,10326400.0,10315400.0
concert-hall-cap,2024,concert_200_20,2.60027,4.79344,1.72018,0.0,0.0,25.0,2.40168,4.56584,0.0,0.0,0.92609,3.00244,1.5629,14350.0,21827.2,199.0,584.807,4.39232,2.0,2.0,1.0,12003.0,0.0,1.42978,39578.0,57535.6,20647.3,0.0,0.0,218.0,0.0,0.0,7998.0,8177.0,0.0,0.0,0.0259678,0.0,0.0,0.666333,0.974032,0.0,0.0,0.0,0.0,2.0,3787.0,0.000528123,0.315504,1.0,0.268976,8.33125e-05,-0.726365,13024900.0,8379.11,13024900.0,0.0,0.0,0.0,3.0,0.0,1.0,1.0,1.0,1.0,0.0,0.0,0.0,3.71781,1554.45,1552.37,1.00641,0.0,0.0,8197.0,1.39496,1.16748,0.61059,11950.0,13408.8,10751.8,28.0,13024900.0,13024900.0,0.0,2.0,0.0740741,3930.0,1174.0,8395.0,0.607981,0.699408,31211.0,13049600.0,13032200.0
concert-hall-cap,2024,concert_60_50,2.37821,4.9728,2.13172,0.0,0.0,8.0,0.728301,1.51823,0.469104,0.0,0.911946,3.61506,1.97859,7318.86,12854.2,60.0,224.051,5.67243,2.0,2.0,1.0,6158.0,0.0,1.44486,20321.0,30622.5,13127.1,0.0,0.0,108.0,0.0,0.0,4095.0,4154.0,0.0,0.0,0.0253402,0.0,0.0,0.664989,0.97466,0.0,0.0,0.0,0.0,2.0,1955.0,0.00102302,0.317473,1.0,0.291021,0.00016239,-0.651097,4057490.0,4245.36,4057490.0,0.0,0.0,0.0,3.0,0.0,1.0,1.0,1.0,1.0,0.0,0.0,0.0,3.43618,955.748,953.119,1.0889,0.0,0.0,4203.0,1.33711,1.77004,1.1237,4752.0,6511.74,6397.07,34.0,4057490.0,4057490.0,0.0,2.0,0.5,600.0,2063.0,4262.0,0.624824,0.692108,14645.0,4073400.0,4062190.0
connect,2021,connect__0018,2.62114,42.3772,15.9542,0.0,0.0,0.0,2.6432,3.26193,0.451986,0.0,1.3588,6.6847,3.45684,2494.24,9996.2,217.0,4332.91,27.4048,1.0,1.0,1.0,2072.0,0.0,1.23849,6530.0,87805.6,33057.2,0.0,10.0,174.0,0.0,0.0,1943.0,1499.0,0.0,0.00482625,0.104005,0.0,0.0,0.937741,0.895995,0.0,0.0,0.0,0.0,1.0,119.0,0.00840336,0.0574324,1.0,0.308046,0.000482625,-0.50228,302000000.0,1.59232,302000000.0,0.0,0.0,0.0,2.0,0.0,0.0,0.0,0.0,0.0,0.0,0.0,0.0,3.24626,189660000.0,104533000.0,1.37763,0.0,0.0,781.0,2.30411,4.11238,4.85259,2041.0,2237.05,27770.6,89.0,2000000000.0,1000000000.0,0.0,2.0,0.148148,1509.0,702.0,1673.0,1.32158,0.807432,5431.0,317302000000.0,174883000000.0
connect,2021,connect__0041_02,2.73518,29.2393,10.2053,0.0,0.0,0.0,1.59364,3.0425,0.777758,0.0,1.68064,6.5715,3.25663,6975.06,20155.3,217.0,4332.91,27.4048,1.0,1.0,1.0,5264.0,0.0,1.22078,17439.0,153916.0,53720.7,0.0,46.0,1365.0,0.0,0.0,4898.0,2947.0,0.0,0.0087386,0.316558,0.0,0.0,0.930471,0.683442,0.0,0.0,0.0,0.0,1.0,320.0,0.003125,0.0607903,1.0,0.299486,0.00018997,-0.337613,302000000.0,3.80358,302000000.0,0.0,0.0,0.0,2.0,0.0,0.0,0.0,0.0,0.0,0.0,0.0,0.0,3.33905,79398900.0,38941100.0,2.0749,0.0,0.0,2156.0,1.42483,2.69469,3.03052,6614.0,5315.45,33403.6,165.0,2000000000.0,1000000000.0,0.0,2.0,0.0540541,2716.0,1560.0,4312.0,0.991651,0.819149,14398.0,342368000000.0,167914000000.0
connect,2021,connect__0061,2.77455,27.3687,9.29092,0.0,0.0,0.0,1.29951,2.67003,0.805444,0.0,1.70991,7.15069,3.09333,10962.4,29867.5,217.0,4332.91,27.4048,1.0,1.0,1.0,8064.0,0.0,1.26514,26968.0,220701.0,74922.0,0.0,44.0,2290.0,0.0,0.0,7525.0,4084.0,0.0,0.00545635,0.359272,0.0,0.0,0.93316,0.640728,0.0,0.0,0.0,0.0,1.0,495.0,0.0020202,0.0613839,1.0,0.284884,0.000124008,-0.293796,302000000.0,5.23904,302000000.0,0.0,0.0,0.0,2.0,0.0,0.0,0.0,0.0,0.0,0.0,0.0,0.0,3.5102,57644200.0,26020600.0,2.43405,0.0,0.0,3237.0,1.20664,2.31221,2.56513,10589.0,7735.96,38229.8,202.0,2000000000.0,1000000000.0,0.0,2.0,0.0540541,3731.0,2659.0,6374.0,1.00251,0.790427,22374.0,367424000000.0,165855000000.0
connect,2021,connect__0083_02,2.67048,31.8912,11.5162,0.0,0.0,0.0,1.35015,2.35676,0.632163,0.0,1.66402,8.40011,3.53799,9872.45,31626.7,217.0,4332.91,27.4048,1.0,1.0,1.0,7526.0,0.0,1.62865,24656.0,240013.0,86670.9,0.0,30.0,1331.0,0.0,0.0,6809.0,3290.0,0.0,0.00398618,0.288033,0.0,0.0,0.90473,0.711967,0.0,0.0,0.0,0.0,1.0,687.0,0.0014556,0.0912836,1.0,0.229923,0.000132873,-0.322284,302000000.0,3.55564,302000000.0,0.0,0.0,0.0,2.0,0.0,0.0,0.0,0.0,0.0,0.0,0.0,0.0,4.34928,84935400.0,35195300.0,2.38943,0.0,0.0,2430.0,1.69327,3.39856,3.74554,7203.0,6232.2,39110.3,242.0,2000000000.0,1000000000.0,0.0,2.0,0.0540541,2850.0,2159.0,4621.0,1.08396,0.614005,20098.0,392487000000.0,162638000000.0
connect,2021,connect__0086_02,2.55943,24.1662,8.87137,0.0,0.0,0.0,1.70308,3.5083,0.780962,0.0,1.42294,7.31178,3.84178,6548.02,20382.8,217.0,4332.91,25.6378,1.0,1.0,1.0,5250.0,0.0,2.47292,16641.0,126872.0,46574.7,0.0,18.0,83.0,0.0,0.0,4517.0,2040.0,0.0,0.00342857,0.0390956,0.0,0.0,0.860381,0.960904,0.0,0.0,0.0,0.0,1.0,715.0,0.0013986,0.13619,1.0,0.157997,0.000190476,-0.433688,20000000.0,0.107541,20000000.0,0.0,0.0,0.0,2.0,0.0,0.0,0.0,0.0,0.0,0.0,0.0,0.0,6.32925,185976000.0,75306500.0,1.94149,0.0,0.0,1206.0,2.91328,5.49659,5.96234,2809.0,3679.36,32914.3,251.0,2000000000.0,1000000000.0,0.0,2.0,0.0119522,1595.0,1579.0,2123.0,1.49505,0.404381,13437.0,394828000000.0,159876000000.0
costas-array,2015,16,3.7807,17.5253,4.58073,0.0,0.0,0.0,0.458129,0.519846,0.0,0.0,1.51995,1.56537,0.996445,417.446,917.308,16.0,73.6034,4.90689,1.0,4.90689,4.0,228.0,0.0,1.67647,652.0,3995.76,1044.41,0.0,0.0,0.0,0.0,0.0,212.0,136.0,0.0,0.0,0.0,0.0,0.0,0.929825,1.0,0.0,0.0,0.0,0.0,1.0,16.0,0.0625,0.0701754,0.0,0.0,0.0,0.0,0.0,0.0,0.0,0.0,0.0,0.0,1.0,0.0,1.0,1.0,1.0,1.0,0.0,0.0,0.0,6.33824,28.3529,5.79325,0.590331,0.157731,0.422818,120.0,2.13679,0.522559,2.07284,120.0,338.005,652.827,17.0,30.0,15.0,0.0,16.0,0.941176,136.0,9.0,136.0,1.06618,0.596491,862.0,3856.0,787.882
costas-array,2015,17,3.79537,17.9516,4.67351,0.0,0.0,0.0,0.456359,0.540085,0.0,0.0,1.50102,1.54169,0.99689,474.893,1050.24,17.0,80.0,5.0,1.0,5.0,4.08746,259.0,0.0,1.69281,743.0,4649.45,1210.44,0.0,0.0,0.0,0.0,0.0,242.0,153.0,0.0,0.0,0.0,0.0,0.0,0.934363,1.0,0.0,0.0,0.0,0.0,1.0,17.0,0.0588235,0.0656371,0.0,0.0,0.0,0.0,0.0,0.0,0.0,0.0,0.0,0.0,1.0,0.0,1.0,1.0,1.0,1.0,0.0,0.0,0.0,6.42484,30.3333,6.12694,0.602814,0.154629,0.431822,136.0,2.07655,0.503258,2.01848,136.0,382.408,749.487,18.0,32.0,16.0,0.0,17.0,0.944444,153.0,9.0,153.0,1.05882,0.590734,983.0,4641.0,937.422
costas-array,2015,18,3.80822,18.3498,4.76067,0.0,0.0,0.0,0.52518,0.558423,0.0,0.0,1.48343,1.52009,0.997257,536.007,1192.47,18.0,86.4869,5.08746,1.0,5.08746,4.16993,292.0,0.0,1.7076,840.0,5358.14,1390.12,0.0,0.0,0.0,0.0,0.0,274.0,171.0,0.0,0.0,0.0,0.0,0.0,0.938356,1.0,0.0,0.0,0.0,0.0,1.0,18.0,0.0555556,0.0616438,0.0,0.0,0.0,0.0,0.0,0.0,0.0,0.0,0.0,0.0,1.0,0.0,1.0,1.0,1.0,1.0,0.0,0.0,0.0,6.50292,32.3158,6.46059,0.634039,0.151597,0.409521,153.0,2.01916,0.485461,1.96618,153.0,429.483,853.44,19.0,34.0,17.0,0.0,18.0,0.947368,171.0,9.0,171.0,1.05263,0.585616,1112.0,5526.0,1104.76
costas-array,2015,19,3.81957,18.7234,4.84286,0.0,0.0,0.0,0.523619,0.577708,0.0,0.0,1.46707,1.50029,0.0537702,600.784,1344.03,19.0,93.0587,5.16993,1.0,5.16993,4.24793,327.0,0.0,1.72105,943.0,6122.55,1583.61,0.0,0.0,0.0,0.0,0.0,308.0,190.0,0.0,0.0,0.0,0.0,0.0,0.941896,1.0,0.0,0.0,0.0,0.0,1.0,19.0,0.0526316,0.058104,0.0,0.0,0.0,0.0,0.0,0.0,0.0,0.0,0.0,0.0,1.0,0.0,1.0,1.0,1.0,1.0,0.0,0.0,0.0,6.57368,34.3,6.79421,0.645398,0.148659,0.4163,171.0,1.96457,0.468996,1.91603,171.0,479.223,964.768,20.0,36.0,18.0,0.0,19.0,0.95,190.0,9.0,190.0,1.04737,0.58104,1249.0,6517.0,1290.9
costas-array,2015,20,3.82967,19.0752,4.92061,0.0,0.0,0.0,0.522238,0.595424,0.0,0.0,1.45182,1.48209,0.0491567,669.22,1504.95,20.0,99.7106,5.24793,1.0,5.24793,4.32193,364.0,0.0,1.73333,1052.0,6943.36,1791.1,0.0,0.0,0.0,0.0,0.0,344.0,210.0,0.0,0.0,0.0,0.0,0.0,0.945055,1.0,0.0,0.0,0.0,0.0,1.0,20.0,0.05,0.0549451,0.0,0.0,0.0,0.0,0.0,0.0,0.0,0.0,0.0,0.0,1.0,0.0,1.0,1.0,1.0,1.0,0.0,0.0,0.0,6.6381,36.2857,7.1278,0.673708,0.143201,0.420887,190.0,1.9127,0.453716,1.86804,190.0,531.625,1083.54,21.0,38.0,19.0,0.0,20.0,0.952381,210.0,9.0,210.0,1.04286,0.576923,1394.0,7620.0,1496.84
crosswords,2017,grid-05.02_dict-55,2.37838,15.7094,6.85053,0.0,0.0,0.0,1.11242,0.792515,0.291948,0.0,0.48664,2.53457,1.30566,78.2854,277.02,26.0,90.8684,12.2177,1.0,3.32193,3.32193,74.0,0.0,1.25424,289.0,1162.49,506.939,0.0,0.0,0.0,0.0,0.0,1.0,59.0,0.0,0.0,0.0,0.0,0.0,0.0135135,1.0,0.0,0.0,0.0,0.0,2.0,74.0,0.027027,1.0,1.0,0.335227,0.0135135,-1.98305,226.0,0.338255,226.0,-0.293685,0.0,1.0,3.0,0.0,0.0,0.0,1.0,1.0,1.0,0.0,0.0,2.98305,668.136,123.159,0.335227,2.25325,2.08606,49.0,1.75301,2.01287,2.01287,109.0,86.2516,317.076,6.0,4763.0,793.833,0.0,10.0,5.0,92.0,33643.0,59.0,571.78,0.797297,176.0,39420.0,7266.4
crosswords,2017,grid-05.04_dict-80,2.32836,15.0913,6.73356,0.0,0.0,0.0,1.21477,0.792393,0.363773,0.0,0.733661,2.53685,2.47503,66.7004,243.58,26.0,90.8684,13.4353,1.0,3.32193,3.32193,67.0,0.0,1.21818,258.0,1011.12,451.149,0.0,0.0,0.0,0.0,0.0,1.0,55.0,0.0,0.0,0.0,0.0,0.0,0.0149254,1.0,0.0,0.0,0.0,0.0,2.0,67.0,0.0298507,1.0,1.0,0.352564,0.0149254,-1.83636,226.0,0.262104,226.0,-0.269407,0.0,1.0,3.0,0.0,0.0,0.0,1.0,1.0,1.0,0.0,0.0,2.83636,862.255,169.069,0.352564,2.73897,2.45886,45.0,1.87578,1.87578,1.87578,105.0,77.5719,296.796,6.0,11077.0,1846.17,0.0,10.0,5.0,84.0,78595.0,55.0,1430.53,0.820896,156.0,47424.0,9298.8
crosswords,2017,grid-19.05_dict-80,2.42271,16.1227,6.82478,0.0,0.0,0.0,4.88385,2.94795,0.32764,0.0,0.453855,3.0181,2.38865,903.59,3437.57,362.0,1210.88,14.8474,1.0,3.32193,3.32193,951.0,0.0,1.2208,3782.0,15332.7,6490.36,0.0,0.0,0.0,0.0,0.0,1.0,779.0,0.0,0.0,0.0,0.0,0.0,0.00105152,1.0,0.0,0.0,0.0,0.0,2.0,951.0,0.00210305,1.0,1.0,0.338108,0.00105152,-1.38426,3250.0,2.5188,3250.0,0.458583,0.0,1.0,3.0,0.0,0.0,0.0,1.0,1.0,1.0,0.0,0.0,2.95764,1290.3,216.431,0.478156,3.31193,2.84781,653.0,1.81557,1.93274,1.91954,1501.0,1127.67,4128.54,20.0,29478.0,3684.75,0.0,10.0,5.0,1196.0,573703.0,779.0,737.996,0.819138,2304.0,1005140.0,168599.0
crosswords,2017,grid-23.10_dict-35,2.41108,15.5924,6.71241,0.0,0.0,0.0,5.74697,3.18998,0.297956,0.0,0.338823,3.77964,2.00903,1427.13,5311.09,530.0,1769.52,12.7586,1.0,3.32193,3.32193,1462.0,0.0,1.27352,5823.0,22796.1,9813.54,0.0,0.0,0.0,0.0,0.0,1.0,1148.0,0.0,0.0,0.0,0.0,0.0,0.000683995,1.0,0.0,0.0,0.0,0.0,2.0,1462.0,0.00136799,1.0,1.0,0.325674,0.000683995,-1.19544,4762.0,8.16882,4762.0,2.55943,0.0,1.0,3.0,0.0,0.0,0.0,1.0,1.0,1.0,0.0,0.0,3.07056,582.949,87.5409,0.564083,2.80095,2.91364,992.0,1.81962,2.18284,2.13975,2206.0,1686.55,5745.72,14.0,6930.0,4762.0,0.0,10.0,5.0,1766.0,254344.0,1148.0,223.092,0.785226,3525.0,669225.0,100497.0
crosswords,2017,grid-puzzle06_dict-55,2.37838,14.9384,6.49138,0.0,0.0,0.0,1.11242,0.825311,0.308101,0.0,0.48664,2.37911,2.06049,78.2854,271.475,26.0,90.8684,12.2177,1.0,3.32193,3.32193,74.0,0.0,1.1746,289.0,1105.44,480.362,0.0,0.0,0.0,0.0,0.0,1.0,63.0,0.0,0.0,0.0,0.0,0.0,0.0135135,1.0,0.0,0.0,0.0,0.0,2.0,74.0,0.027027,1.0,1.0,0.357955,0.0135135,-1.79365,226.0,0.440996,226.0,-0.206503,0.0,1.0,3.0,0.0,0.0,0.0,1.0,1.0,1.0,0.0,0.0,2.79365,512.476,96.0265,0.357955,2.70701,2.40367,49.0,1.92557,1.88676,2.13847,109.0,84.9639,328.197,6.0,4763.0,793.833,0.0,10.0,5.0,96.0,25796.0,63.0,410.984,0.851351,176.0,32286.0,6049.67
cryptanalysis,2016,kb128_n5_obj11,2.92929,2.93447,1.00081,0.0,0.0,0.0,0.341379,0.340776,0.0,0.0,1.21564,1.22521,0.000546486,44420.0,44450.0,25.0,58.0482,2.32193,1.0,1.0,1.0,29841.0,0.0,2.29829,92635.0,87567.7,29865.2,948.0,2096.0,10416.0,0.0,0.0,25609.0,2568.0,0.0317684,0.0702389,0.802218,0.0,0.0,0.858182,0.197782,0.0,0.0,0.0,0.0,0.0,0.0,0.0,0.0,0.0,0.0,0.0,0.0,0.0,0.0,0.0,0.0,0.0,0.0,1.0,0.0,5.0,0.0,5.0,5.0,0.0,5.0,0.0,6.73236,2.01756,0.886031,2.25266,0.0,0.0,12084.0,1.35057,0.0518314,0.527488,12269.0,19536.8,13084.5,153.0,5.0,5.0,0.0,2.0,0.0130719,693.0,63.0,12984.0,0.0582255,0.435106,87413.0,26196.0,11504.2
cryptanalysis,2016,kb128_n5_obj14,2.92929,2.93447,1.00081,0.0,0.0,0.0,0.341379,0.340776,0.0,0.0,1.21564,1.22521,0.000546486,44420.0,44450.0,25.0,58.0482,2.32193,1.0,1.0,1.0,29841.0,0.0,2.29829,92635.0,87567.7,29865.2,948.0,2096.0,10416.0,0.0,0.0,25609.0,2568.0,0.0317684,0.0702389,0.802218,0.0,0.0,0.858182,0.197782,0.0,0.0,0.0,0.0,0.0,0.0,0.0,0.0,0.0,0.0,0.0,0.0,0.0,0.0,0.0,0.0,0.0,0.0,1.0,0.0,5.0,0.0,5.0,5.0,0.0,5.0,0.0,6.73236,2.01756,0.886031,2.25266,0.0,0.0,12084.0,1.35057,0.0518314,0.527488,12269.0,19536.8,13084.5,153.0,5.0,5.0,0.0,2.0,0.0130719,693.0,63.0,12984.0,0.0582255,0.435106,87413.0,26196.0,11504.2
cryptanalysis,2016,kb128_n5_obj16,2.92929,2.93447,1.00081,0.0,0.0,0.0,0.341379,0.340776,0.0,0.0,1.21564,1.22521,0.000546486,44420.0,44450.0,25.0,58.0482,2.32193,1.0,1.0,1.0,29841.0,0.0,2.29829,92635.0,87567.7,29865.2,948.0,2096.0,10416.0,0.0,0.0,25609.0,2568.0,0.0317684,0.0702389,0.802218,0.0,0.0,0.858182,0.197782,0.0,0.0,0.0,0.0,0.0,0.0,0.0,0.0,0.0,0.0,0.0,0.0,0.0,0.0,0.0,0.0,0.0,0.0,1.0,0.0,5.0,0.0,5.0,5.0,0.0,5.0,0.0,6.73236,2.01756,0.886031,2.25266,0.0,0.0,12084.0,1.35057,0.0518314,0.527488,12269.0,19536.8,13084.5,153.0,5.0,5.0,0.0,2.0,0.0130719,693.0,63.0,12984.0,0.0582255,0.435106,87413.0,26196.0,11504.2
cryptanalysis,2016,kb128_n5_obj17,2.92929,2.93447,1.00081,0.0,0.0,0.0,0.341379,0.340776,0.0,0.0,1.21564,1.22521,0.000546486,44420.0,44450.0,25.0,58.0482,2.32193,1.0,1.0,1.0,29841.0,0.0,2.29829,92635.0,87567.7,29865.2,948.0,2096.0,10416.0,0.0,0.0,25609.0,2568.0,0.0317684,0.0702389,0.802218,0.0,0.0,0.858182,0.197782,0.0,0.0,0.0,0.0,0.0,0.0,0.0,0.0,0.0,0.0,0.0,0.0,0.0,0.0,0.0,0.0,0.0,0.0,1.0,0.0,5.0,0.0,5.0,5.0,0.0,5.0,0.0,6.73236,2.01756,0.886031,2.25266,0.0,0.0,12084.0,1.35057,0.0518314,0.527488,12269.0,19536.8,13084.5,153.0,5.0,5.0,0.0,2.0,0.0130719,693.0,63.0,12984.0,0.0582255,0.435106,87413.0,26196.0,11504.2
cryptanalysis,2016,kb192_n7_obj10,2.95859,2.9615,1.00046,0.0,0.0,0.0,0.337999,0.337667,0.0,0.0,1.10843,1.11353,0.000236266,112367.0,112409.0,32.0,74.3017,2.32193,1.0,1.0,1.0,74619.0,0.0,2.57823,232147.0,220984.0,74653.1,2196.0,4380.0,23894.0,0.0,0.0,65435.0,5048.0,0.0294295,0.0586982,0.825582,0.0,0.0,0.876921,0.174418,0.0,0.0,0.0,0.0,0.0,0.0,0.0,0.0,0.0,0.0,0.0,0.0,0.0,0.0,0.0,0.0,0.0,0.0,1.0,0.0,5.0,0.0,5.0,5.0,0.0,5.0,0.0,7.62791,2.01119,0.895995,2.60881,0.0,0.0,27234.0,1.19627,0.0354726,0.448698,27482.0,42497.8,29084.8,207.0,5.0,5.0,0.0,2.0,0.00966184,980.0,84.0,28942.0,0.0367632,0.387864,220767.0,58208.0,25931.9
cvrp,2015,A-n37-k5.vrp,44.8858,343.449,7.50378,0.0,0.0,0.0,0.720193,0.835392,0.230824,0.0,2.1778,4.25965,2.11239,2378.48,3933.23,74.0,858.713,11.6707,2.0,12.8424,5.21276,543.0,0.0,1.07525,2059.0,186493.0,4074.55,0.0,0.0,0.0,0.0,0.0,109.0,505.0,0.0,0.0,0.0,0.0,0.0,0.200737,1.0,0.0,0.0,0.0,0.0,2.0,434.0,0.00460829,0.799263,1.0,0.0207196,0.00184162,-1.36551,3260.0,3.25409,3260.0,1.57554,0.0,5.0,2.0,0.0,0.0,0.0,5.0,5.0,5.0,0.0,0.0,48.2634,1001.82,254.865,0.717151,1.43068,2.27289,181.0,2.5113,3.01231,2.55002,325.0,2192.39,4019.41,78.0,3260.0,3260.0,0.0,36.0,0.5,433.0,4290.0,505.0,9.35248,0.930018,24373.0,505917.0,128707.0
cvrp,2015,A-n64-k9.vrp,77.289,639.717,8.08911,0.0,0.0,0.0,0.736015,0.842738,0.247246,0.0,2.16731,4.33304,2.31723,4652.24,7472.25,128.0,1590.92,12.4674,2.0,12.2128,6.00204,948.0,0.0,1.07361,3598.0,606452.0,7668.47,0.0,0.0,0.0,0.0,0.0,190.0,883.0,0.0,0.0,0.0,0.0,0.0,0.200422,1.0,0.0,0.0,0.0,0.0,2.0,758.0,0.00263852,0.799578,1.0,0.0120513,0.00105485,-1.35562,5663.0,3.30011,5663.0,1.57779,0.0,5.0,2.0,0.0,0.0,0.0,5.0,5.0,5.0,0.0,0.0,82.9785,1716.0,427.67,0.728781,1.4578,2.33621,316.0,2.50549,3.06744,2.55418,946.0,4284.61,7517.13,132.0,5663.0,5663.0,0.0,47.0,0.5,1009.0,12732.0,883.0,15.5617,0.931435,73270.0,1515230.0,377632.0
cvrp,2015,B-n45-k5.vrp,54.4872,430.624,7.75212,0.0,0.0,0.0,0.726971,0.841442,0.257994,0.0,2.17351,4.20294,1.82225,3029.02,4958.56,90.0,1081.91,12.0771,2.0,12.9061,5.49465,663.0,0.0,1.07455,2515.0,285504.0,5139.65,0.0,0.0,0.0,0.0,0.0,133.0,617.0,0.0,0.0,0.0,0.0,0.0,0.200603,1.0,0.0,0.0,0.0,0.0,2.0,530.0,0.00377358,0.799397,1.0,0.0170796,0.0015083,-1.36138,4321.0,3.28705,4321.0,1.57655,0.0,5.0,2.0,0.0,0.0,0.0,5.0,5.0,5.0,0.0,0.0,58.5494,1314.55,332.57,0.722004,1.45067,2.30219,221.0,2.50892,3.00163,2.4898,397.0,2791.34,5064.52,94.0,4321.0,4321.0,0.0,44.0,0.5,529.0,6298.0,617.0,11.0648,0.930618,36125.0,811079.0,205195.0
cvrp,2015,P-n16-k8.vrp,19.6754,119.407,5.93037,0.0,0.0,0.0,0.672349,0.788561,0.23847,0.0,2.20617,4.03665,1.86174,814.153,1389.13,32.0,290.069,9.17991,2.0,7.49185,3.74593,228.0,0.0,1.08057,862.0,27224.7,1352.12,0.0,0.0,0.0,0.0,0.0,46.0,211.0,0.0,0.0,0.0,0.0,0.0,0.201754,1.0,0.0,0.0,0.0,0.0,2.0,182.0,0.010989,0.798246,1.0,0.0470352,0.00438596,-1.3948,580.0,2.99973,580.0,1.56705,0.0,5.0,2.0,0.0,0.0,0.0,5.0,5.0,5.0,0.0,0.0,21.2607,193.351,50.5677,0.683226,1.27611,2.08375,76.0,2.52719,2.89882,2.46561,136.0,750.3,1320.92,36.0,580.0,580.0,0.0,5.0,0.5,181.0,846.0,211.0,4.8673,0.925439,4486.0,40797.0,10669.8
cvrp,2015,simple2,10.0556,41.9469,3.98106,0.0,0.0,0.0,0.588339,0.700334,0.0,0.0,2.24911,3.64678,1.85555,312.451,522.839,16.0,89.8989,5.70044,2.0,3.80735,1.90368,108.0,0.0,1.09091,406.0,4530.27,429.955,0.0,0.0,0.0,0.0,0.0,22.0,99.0,0.0,0.0,0.0,0.0,0.0,0.203704,1.0,0.0,0.0,0.0,0.0,2.0,86.0,0.0232558,0.796296,1.0,0.0911602,0.00925926,-1.439,52.0,2.16393,52.0,1.47618,0.0,5.0,2.0,0.0,0.0,0.0,5.0,5.0,5.0,0.0,0.0,10.9697,24.0303,5.81537,0.631577,0.788475,1.6583,36.0,2.55186,2.31776,2.35325,56.0,286.949,401.812,20.0,52.0,52.0,0.0,2.0,0.466667,77.0,230.0,99.0,3.10101,0.916667,1086.0,2379.0,575.721
cyclic-rcpsp,2014,easy_3,2.70308,10.3765,3.33886,0.0,0.0,0.0,0.64077,1.52377,0.599006,0.0,1.05914,2.01451,1.80497,1749.1,3555.29,25.0,276.484,11.0593,1.0,2.0,1.0,1300.0,0.0,1.41767,4038.0,13489.4,4340.52,3.0,377.0,714.0,0.0,0.0,813.0,203.0,0.00230769,0.29,0.778626,0.0,0.0,0.625385,0.221374,0.0,0.0,0.0,0.0,1.0,6.0,0.166667,0.00461538,1.0,0.260956,0.000769231,-0.309003,6321.0,50.1806,6321.0,11.9767,0.0,0.0,2.0,0.0,5.0,0.0,5.0,5.0,0.0,5.0,0.0,3.83206,125.965,55.7587,2.3917,4.10635,5.19241,868.0,0.829545,0.732661,0.60068,940.0,1134.26,1662.53,61.0,6321.0,6321.0,0.0,2.0,0.666667,122.0,177.0,917.0,0.326063,0.705385,3514.0,115510.0,51130.7
cyclic-rcpsp,2014,easy_5,2.60888,10.6652,3.48317,0.0,0.0,0.0,0.766612,1.97792,0.641964,0.0,1.06904,2.64203,2.28926,894.484,1866.02,30.0,342.298,11.4099,1.0,2.0,1.0,698.0,0.0,1.29259,2019.0,7444.34,2431.25,3.0,156.0,307.0,0.0,0.0,426.0,233.0,0.00429799,0.223496,0.568519,0.0,0.0,0.610315,0.431481,0.0,0.0,0.0,0.0,2.0,2.0,1.0,0.00286533,1.0,0.29654,0.00143266,-0.456534,7311.0,22.8776,7311.0,7.83855,0.0,0.0,2.0,0.0,5.0,0.0,5.0,5.0,0.0,5.0,0.0,3.37222,319.57,139.585,1.54087,2.79102,3.38939,481.0,1.11316,1.23436,1.35167,578.0,705.663,1463.32,61.0,7311.0,7311.0,0.0,2.0,0.666667,157.0,38.0,540.0,0.361111,0.773639,1821.0,172568.0,75376.1
cyclic-rcpsp,2014,hard_1,2.60545,13.3015,4.23801,0.0,0.0,0.0,1.53524,3.56765,0.74617,0.0,1.0123,2.7011,2.40647,2111.9,4759.19,85.0,1222.77,14.3855,1.0,2.0,1.0,1688.0,0.0,1.25689,4773.0,22453.0,7153.76,3.0,343.0,686.0,0.0,0.0,1025.0,657.0,0.00177725,0.203199,0.510797,0.0,0.0,0.607227,0.489203,0.0,0.0,0.0,0.0,2.0,2.0,1.0,0.00118483,1.0,0.305366,0.000592417,-0.339101,60763.0,22.0003,60763.0,8.00823,0.0,0.0,2.0,0.0,5.0,0.0,5.0,5.0,0.0,5.0,0.0,3.27476,2761.91,1172.33,2.04846,2.62234,2.92124,1174.0,1.22246,1.33371,1.62784,1434.0,1766.15,4692.24,171.0,60763.0,60763.0,0.0,2.0,0.945652,430.0,93.0,1343.0,0.389427,0.795616,4398.0,3709250.0,1574440.0
cyclic-rcpsp,2014,hard_2,2.61244,13.9873,4.41633,0.0,0.0,0.0,1.71186,3.92174,0.750991,0.0,1.01504,2.73738,2.5446,2343.38,5366.42,100.0,1493.46,14.9346,1.0,2.0,1.0,1881.0,0.0,1.25066,5296.0,26310.0,8307.12,3.0,373.0,744.0,0.0,0.0,1143.0,760.0,0.0015949,0.198299,0.494681,0.0,0.0,0.607656,0.505319,0.0,0.0,0.0,0.0,2.0,4.0,0.5,0.00212653,1.0,0.306064,0.000531632,-0.314416,94557.0,22.3232,94557.0,8.34474,0.0,0.0,2.0,0.0,5.0,0.0,5.0,5.0,0.0,5.0,0.0,3.26729,4235.82,1795.41,2.20706,2.55528,2.84232,1305.0,1.22084,1.37749,1.65939,1626.0,1989.82,5606.22,201.0,94557.0,94557.0,0.0,2.0,0.666667,521.0,225.0,1504.0,0.496011,0.799575,4914.0,6370680.0,2700300.0
cyclic-rcpsp,2014,medium_2,2.6971,9.23636,2.96476,0.0,0.0,0.0,0.524345,1.2439,0.584214,0.0,1.16056,2.41328,2.10068,600.888,1161.58,13.0,120.919,9.3015,1.0,2.0,1.0,449.0,0.0,1.3773,1352.0,4147.13,1331.18,3.0,117.0,221.0,0.0,0.0,272.0,105.0,0.00668151,0.260579,0.677914,0.0,0.0,0.605791,0.322086,0.0,0.0,0.0,0.0,1.0,6.0,0.166667,0.013363,1.0,0.269199,0.00222717,-0.413992,1807.0,30.9229,1807.0,9.14464,0.0,0.0,2.0,0.0,5.0,0.0,5.0,5.0,0.0,5.0,0.0,3.71472,58.4356,27.0621,1.76526,3.27218,4.48279,301.0,1.03862,0.994369,0.773817,337.0,422.967,650.223,43.0,1807.0,1807.0,0.0,2.0,0.666667,62.0,93.0,326.0,0.47546,0.726058,1211.0,19050.0,8822.24
depot-placement,2016,att48_6,3.02449,7.61303,2.6669,0.0,0.0,0.0,0.874776,1.49766,0.649461,0.0,1.29107,2.33721,1.34533,323.375,626.375,14.0,119.797,15.9773,2.0,3.0,1.0,245.0,0.0,1.05603,753.0,1865.19,653.392,0.0,26.0,198.0,0.0,0.0,201.0,34.0,0.0,0.106122,0.853448,0.0,0.0,0.820408,0.146552,0.0,0.0,0.0,0.0,2.0,18.0,0.111111,0.0734694,1.0,0.31309,0.00408163,-0.586362,64513.0,46.3146,64513.0,8.40752,0.0,5.0,2.0,0.0,5.0,0.0,5.0,5.0,0.0,0.0,0.0,3.19397,1392.93,835.113,1.17148,5.38976,6.26035,217.0,0.882715,0.865842,0.723143,245.0,297.823,507.915,17.0,64513.0,64513.0,0.0,2.0,0.25,43.0,209.0,232.0,1.08621,0.946939,741.0,323160.0,193746.0
depot-placement,2016,rat99_5,2.9893,6.47104,2.34322,0.0,0.0,0.0,0.819418,0.914239,0.426763,0.0,1.3849,2.54991,1.44269,250.072,460.092,12.0,53.6526,9.14975,2.0,3.0,1.0,187.0,0.0,1.0625,577.0,1210.08,438.182,0.0,22.0,146.0,0.0,0.0,149.0,30.0,0.0,0.117647,0.829545,0.0,0.0,0.796791,0.170455,0.0,0.0,0.0,0.0,2.0,16.0,0.125,0.0855615,1.0,0.314848,0.00534759,-0.65613,568.0,30.4873,568.0,7.27785,0.0,5.0,2.0,0.0,5.0,0.0,5.0,5.0,0.0,0.0,0.0,3.17614,18.6307,10.5568,1.04423,4.05166,4.98728,163.0,0.963168,0.976156,0.798624,187.0,228.903,306.316,15.0,568.0,568.0,0.0,2.0,0.285714,37.0,208.0,176.0,1.39205,0.941176,559.0,3279.0,1858.0
depot-placement,2016,rat99_6,3.02449,6.61298,2.42365,0.0,0.0,0.0,0.874776,0.907307,0.0,0.0,1.29107,2.33721,1.29235,323.375,613.806,14.0,60.2025,9.34207,2.0,3.0,1.0,245.0,0.0,1.05603,753.0,1620.18,593.794,0.0,26.0,198.0,0.0,0.0,201.0,34.0,0.0,0.106122,0.853448,0.0,0.0,0.820408,0.146552,0.0,0.0,0.0,0.0,2.0,18.0,0.111111,0.0734694,1.0,0.31309,0.00408163,-0.586362,649.0,39.2104,649.0,8.41471,0.0,5.0,2.0,0.0,5.0,0.0,5.0,5.0,0.0,0.0,0.0,3.19397,16.5517,9.2858,1.17148,4.54091,5.65046,217.0,0.882715,0.865842,0.723143,245.0,297.823,382.09,17.0,649.0,649.0,0.0,2.0,0.25,43.0,209.0,232.0,1.08621,0.946939,741.0,3840.0,2154.31
depot-placement,2016,st70_5,2.9893,6.50586,2.35201,0.0,0.0,0.0,0.819418,0.934966,0.425167,0.0,1.3849,2.54991,1.44269,250.072,460.538,12.0,55.2309,9.34873,2.0,3.0,1.0,187.0,0.0,1.0625,577.0,1216.6,439.827,0.0,22.0,146.0,0.0,0.0,149.0,30.0,0.0,0.117647,0.829545,0.0,0.0,0.796791,0.170455,0.0,0.0,0.0,0.0,2.0,16.0,0.125,0.0855615,1.0,0.314848,0.00534759,-0.65613,652.0,31.0224,652.0,7.27724,0.0,5.0,2.0,0.0,5.0,0.0,5.0,5.0,0.0,0.0,0.0,3.17614,21.017,11.9886,1.04423,4.12553,5.04283,163.0,0.963168,0.976156,0.798624,187.0,228.903,309.671,15.0,652.0,652.0,0.0,2.0,0.285714,37.0,208.0,176.0,1.39205,0.941176,559.0,3699.0,2110.0
depot-placement,2016,ulysses22_5,2.9893,7.40079,2.578,0.0,0.0,0.0,0.819418,1.40422,0.671857,0.0,1.3849,2.54991,1.46005,250.072,469.801,12.0,95.798,14.4308,2.0,3.0,1.0,187.0,0.0,1.0625,577.0,1383.95,482.087,0.0,22.0,146.0,0.0,0.0,149.0,30.0,0.0,0.117647,0.829545,0.0,0.0,0.796791,0.170455,0.0,0.0,0.0,0.0,2.0,16.0,0.125,0.0855615,1.0,0.314848,0.00534759,-0.65613,22086.0,35.0606,22086.0,7.27006,0.0,5.0,2.0,0.0,5.0,0.0,5.0,5.0,0.0,0.0,0.0,3.17614,629.938,377.341,1.04423,4.68505,5.43954,163.0,0.963168,0.976156,0.798624,187.0,228.903,395.887,15.0,22086.0,22086.0,0.0,2.0,0.285714,37.0,208.0,176.0,1.39205,0.941176,559.0,110869.0,66412.0
diameterc-mst,2016,c_v15_a105_d7,2.54557,3.44201,1.33912,0.0,0.0,0.0,1.11112,1.19788,0.0,0.0,1.16076,2.09854,0.916901,3760.81,4739.06,106.0,117.609,5.2608,2.0,2.0,1.0,3028.0,0.0,2.0053,7467.0,10422.4,4054.87,315.0,1648.0,1356.0,0.0,0.0,939.0,154.0,0.104029,0.544254,0.898013,0.0,0.0,0.310106,0.101987,0.0,0.0,0.0,0.0,1.0,21.0,0.047619,0.00693527,1.0,0.1959,0.000330251,-0.49776,6247.0,977.814,6247.0,38.8396,0.0,0.0,2.0,0.0,5.0,5.0,5.0,5.0,0.0,0.0,0.0,5.10464,6.38874,4.89614,1.61544,25.15,32.8202,1374.0,2.58016,0.251112,1.00039,1615.0,2681.26,1606.54,76.0,6247.0,6247.0,0.0,2.0,0.0526316,377.0,425.0,1510.0,0.531126,0.498679,7708.0,9647.0,7393.18
diameterc-mst,2016,c_v20_a190_d5,2.47378,3.15028,1.27809,0.0,0.0,0.0,1.45751,1.4196,0.0,0.0,1.07349,1.95347,0.611631,7527.63,9116.58,191.0,203.384,5.90889,2.0,2.0,1.0,6235.0,0.0,2.34222,14945.0,19642.0,7968.89,570.0,3798.0,2408.0,0.0,0.0,1651.0,254.0,0.0914194,0.609142,0.904583,0.0,0.0,0.264796,0.095417,0.0,0.0,0.0,0.0,1.0,26.0,0.0384615,0.00417001,1.0,0.172588,0.000160385,-0.484281,10689.0,1710.7,10689.0,51.5756,0.0,0.0,2.0,0.0,5.0,5.0,5.0,5.0,0.0,0.0,0.0,5.79414,6.24831,4.75288,1.70854,33.1494,43.5794,2431.0,2.77072,0.194631,0.992541,2852.0,4959.74,2777.29,101.0,10689.0,10689.0,0.0,2.0,0.029703,652.0,765.0,2662.0,0.532307,0.426945,15424.0,16633.0,12652.2
diameterc-mst,2016,s_v20_a50_d4,2.85838,4.16259,1.44056,0.0,0.0,0.0,1.16032,1.38005,0.0,0.0,1.11764,2.11378,0.836445,1511.79,1995.21,51.0,90.7605,4.32193,2.0,2.0,1.0,1158.0,0.0,1.42787,3220.0,4820.28,1668.17,100.0,435.0,699.0,0.0,0.0,551.0,112.0,0.0863558,0.375648,0.861899,0.0,0.0,0.47582,0.138101,0.0,0.0,0.0,0.0,1.0,22.0,0.0454545,0.0189983,1.0,0.245015,0.000863558,-0.382198,1297.0,315.402,1297.0,28.41,0.0,0.0,2.0,0.0,5.0,5.0,5.0,5.0,0.0,0.0,0.0,4.08138,4.11221,2.48401,1.97537,11.0666,18.3072,720.0,1.86916,0.468511,0.670224,861.0,1168.93,913.5,86.0,1297.0,1297.0,0.0,2.0,0.0348837,232.0,105.0,811.0,0.415536,0.700345,3310.0,3335.0,2014.54
diameterc-mst,2016,s_v20_a50_d5,2.90902,4.21209,1.4434,0.0,0.0,0.0,1.08706,1.38434,0.0,0.0,1.31738,2.56392,0.870597,1819.31,2379.16,51.0,90.526,4.86566,2.0,2.0,1.0,1352.0,0.0,1.46479,3669.0,5694.75,1951.47,150.0,514.0,809.0,0.0,0.0,612.0,114.0,0.110947,0.380178,0.87649,0.0,0.0,0.452663,0.12351,0.0,0.0,0.0,0.0,1.0,26.0,0.0384615,0.0192308,1.0,0.234681,0.000739645,-0.410861,1429.0,351.631,1429.0,30.3041,0.0,0.0,2.0,0.0,5.0,5.0,5.0,5.0,0.0,0.0,0.0,4.26111,4.06392,2.41472,1.86272,11.5704,19.4595,832.0,2.07533,0.453035,0.886219,973.0,1401.09,1033.14,86.0,1429.0,1429.0,0.0,2.0,0.0348837,232.0,205.0,923.0,0.473456,0.682692,3933.0,3751.0,2228.79
diameterc-mst,2016,s_v40_a100_d5,3.03604,4.47333,1.45708,0.0,0.0,0.0,1.61361,2.04884,0.0,0.0,1.24462,2.40006,0.716775,4838.01,6308.34,101.0,218.125,5.94589,2.0,2.0,1.0,3607.0,0.0,1.56963,10033.0,16135.3,5255.67,300.0,1484.0,2074.0,0.0,0.0,1677.0,224.0,0.0831716,0.411422,0.902524,0.0,0.0,0.464929,0.0974761,0.0,0.0,0.0,0.0,1.0,46.0,0.0217391,0.012753,1.0,0.209844,0.000277239,-0.291379,2233.0,597.164,2233.0,47.6038,0.0,0.0,2.0,0.0,5.0,5.0,5.0,5.0,0.0,0.0,0.0,4.76545,3.73934,1.90317,2.71178,12.5235,24.4653,2117.0,1.81824,0.365514,0.825523,2398.0,3311.97,2541.78,160.0,2233.0,2233.0,0.0,2.0,0.01875,462.0,405.0,2298.0,0.377285,0.637095,10951.0,8593.0,4373.5
diameterc-mst,2022,c_v15_a105_d6,2.44979,3.38265,1.35358,0.0,0.0,0.0,1.22459,1.25423,0.0,0.0,0.917822,1.75669,0.923981,3178.55,4086.84,106.0,117.609,3.90689,2.0,2.0,1.0,2679.0,0.0,1.98886,6704.0,9062.13,3626.23,210.0,1465.0,1195.0,0.0,0.0,882.0,152.0,0.0783875,0.546846,0.887157,0.0,0.0,0.329227,0.112843,0.0,0.0,0.0,0.0,1.0,17.0,0.0588235,0.00634565,1.0,0.205242,0.000373274,-0.469586,6247.0,913.947,6247.0,36.6872,0.0,0.0,2.0,0.0,5.0,5.0,5.0,5.0,0.0,0.0,0.0,4.87231,6.83519,5.37268,1.69246,24.8846,31.6651,1211.0,2.58463,0.255377,0.891813,1452.0,2327.72,1435.12,74.0,6247.0,6247.0,0.0,2.0,0.0540541,377.0,215.0,1347.0,0.439495,0.5028,6563.0,9207.0,7237.0
diameterc-mst,2022,c_v15_a105_d9,2.54557,3.56534,1.3729,0.0,0.0,0.0,1.11112,1.22258,0.0,0.0,1.16076,2.15412,0.916901,3760.81,4821.9,106.0,117.609,5.2608,2.0,2.0,1.0,3028.0,0.0,2.0053,7467.0,10795.8,4157.13,315.0,1648.0,1356.0,0.0,0.0,939.0,154.0,0.104029,0.544254,0.898013,0.0,0.0,0.310106,0.101987,0.0,0.0,0.0,0.0,1.0,21.0,0.047619,0.00693527,1.0,0.1959,0.000330251,-0.49776,6247.0,974.782,6247.0,38.8394,0.0,0.0,2.0,0.0,5.0,5.0,5.0,5.0,0.0,0.0,0.0,5.10464,6.40861,4.90124,1.61544,25.072,32.786,1374.0,2.58016,0.251112,1.00039,1615.0,2681.26,1616.2,76.0,6247.0,6247.0,0.0,2.0,0.0657895,377.0,425.0,1510.0,0.531126,0.498679,7708.0,9677.0,7400.88
diameterc-mst,2022,c_v20_a190_d4,2.38247,3.07678,1.28745,0.0,0.0,0.0,1.57049,1.45351,0.0,0.0,0.833338,1.6189,0.617006,6510.56,8004.0,191.0,203.077,4.32193,2.0,2.0,1.0,5637.0,0.0,2.35562,13662.0,17343.8,7257.36,380.0,3472.0,2141.0,0.0,0.0,1573.0,252.0,0.0674117,0.61593,0.894693,0.0,0.0,0.279049,0.105307,0.0,0.0,0.0,0.0,1.0,22.0,0.0454545,0.00390279,1.0,0.178183,0.000177399,-0.463544,8639.0,1493.62,8639.0,48.9065,0.0,0.0,2.0,0.0,5.0,5.0,5.0,5.0,0.0,0.0,0.0,5.6122,5.78395,4.31768,1.7729,30.5197,40.8894,2162.0,2.78535,0.200204,0.894023,2583.0,4374.06,2498.24,99.0,8639.0,8639.0,0.0,2.0,0.030303,652.0,385.0,2393.0,0.433347,0.424517,13430.0,13841.0,10332.2
diameterc-mst,2022,c_v20_a190_d9,2.47348,3.39112,1.34358,0.0,0.0,0.0,1.45768,1.47444,0.0,0.0,1.07318,1.95277,1.11577,7534.21,9486.59,191.0,203.395,5.90889,2.0,2.0,1.0,6241.0,0.0,2.3436,14959.0,21164.0,8385.28,570.0,3803.0,2409.0,0.0,0.0,1652.0,254.0,0.0913315,0.609357,0.904619,0.0,0.0,0.264701,0.0953811,0.0,0.0,0.0,0.0,1.0,26.0,0.0384615,0.004166,1.0,0.172508,0.000160231,-0.484555,10769.0,1707.52,10769.0,51.5854,0.0,0.0,2.0,0.0,5.0,5.0,5.0,5.0,0.0,0.0,0.0,5.79685,6.3068,4.78995,1.70774,33.0815,43.5575,2432.0,2.73739,0.194571,0.992754,2853.0,4959.58,2807.78,101.0,10769.0,10769.0,0.0,2.0,0.049505,652.0,765.0,2663.0,0.532107,0.426694,15437.0,16795.0,12755.6
diameterc-mst,2022,s_v40_a100_d7,3.03604,4.92208,1.54694,0.0,0.0,0.0,1.61361,2.15969,0.0,0.0,1.24462,2.30504,1.44221,4838.01,6613.66,101.0,218.125,5.94589,2.0,2.0,1.0,3607.0,0.0,1.56963,10033.0,17753.9,5579.81,300.0,1484.0,2074.0,0.0,0.0,1677.0,224.0,0.0831716,0.411422,0.902524,0.0,0.0,0.464929,0.0974761,0.0,0.0,0.0,0.0,1.0,46.0,0.0217391,0.012753,1.0,0.209844,0.000277239,-0.291379,2233.0,591.656,2233.0,47.603,0.0,0.0,2.0,0.0,5.0,5.0,5.0,5.0,0.0,0.0,0.0,4.76545,3.77415,1.91206,2.71178,12.4079,24.3516,2117.0,1.81824,0.365514,0.825523,2398.0,3311.97,2574.98,160.0,2233.0,2233.0,0.0,2.0,0.025,462.0,405.0,2298.0,0.377285,0.637095,10951.0,8673.0,4393.92
elitserien,2014,handball11,5.28722,10.4622,1.90903,0.0,0.0,0.0,1.03594,1.25719,0.0,63.0,2.02818,3.84568,1.70466,3962.19,5758.74,28.0,100.846,5.04232,1.0,1.0,1.0,2176.0,0.0,1.06667,6990.0,22765.7,4154.05,18.0,8.0,678.0,0.0,0.0,1555.0,1362.0,0.00827206,0.00367647,0.332353,0.0,0.0,0.714614,0.667647,0.0,0.0,0.0,0.0,5.0,458.0,0.010917,0.210478,1.0,0.177314,0.000459559,-0.594053,25.0,2.96684,25.0,1.41597,0.0,0.0,2.0,0.0,5.0,5.0,5.0,5.0,0.0,0.0,0.0,5.63971,8.42647,3.51095,1.38487,1.38904,1.68504,1466.0,1.68415,2.20657,2.278,3460.0,3468.63,4378.05,28.0,42.0,25.0,0.0,2.0,0.107143,2555.0,202.0,2040.0,1.35147,0.9375,11505.0,17190.0,7162.34
elitserien,2014,handball12,5.26592,10.4559,1.91574,0.0,0.0,0.0,1.04013,1.26157,0.0,63.0,2.02987,3.84417,1.70877,3910.21,5697.22,28.0,100.846,5.04232,1.0,1.0,1.0,2151.0,0.0,1.06749,6914.0,22490.7,4120.76,18.0,8.0,670.0,0.0,0.0,1547.0,1345.0,0.0083682,0.0037192,0.332506,0.0,0.0,0.7192,0.667494,0.0,0.0,0.0,0.0,5.0,449.0,0.0111359,0.20874,1.0,0.177894,0.0004649,-0.601647,17.0,2.00053,17.0,0.723758,0.0,0.0,2.0,0.0,5.0,5.0,5.0,5.0,0.0,0.0,0.0,5.62134,8.49777,3.53679,1.36643,1.3824,1.67273,1441.0,1.64935,2.21553,2.29134,3427.0,3433.93,4347.23,27.0,42.0,21.0,0.0,2.0,0.111111,2547.0,194.0,2015.0,1.3603,0.936774,11327.0,17123.0,7126.63
elitserien,2014,handball13,5.27285,10.4217,1.90483,0.0,0.0,0.0,1.03876,1.26207,0.0,63.0,2.02233,3.84392,1.70332,3974.69,5773.43,31.0,100.846,5.04232,1.0,1.0,1.0,2188.0,0.0,1.06628,7020.0,22802.6,4167.77,18.0,8.0,684.0,0.0,0.0,1561.0,1368.0,0.00822669,0.00365631,0.333333,0.0,0.0,0.713437,0.666667,0.0,0.0,0.0,0.0,5.0,458.0,0.010917,0.209324,1.0,0.177863,0.000457038,-0.591827,31.0,3.69408,31.0,1.93155,0.0,0.0,2.0,0.0,5.0,5.0,5.0,5.0,0.0,0.0,0.0,5.62232,8.39181,3.49772,1.38915,1.39478,1.69141,1478.0,1.68609,2.20159,2.26794,3478.0,3484.33,4390.36,28.0,42.0,31.0,0.0,2.0,0.107143,2561.0,208.0,2052.0,1.34942,0.937843,11537.0,17220.0,7177.32
elitserien,2014,handball14,5.26547,10.436,1.91111,0.0,0.0,0.0,1.04022,1.26034,0.0,63.0,2.02586,3.84411,1.70667,3934.65,5726.04,28.0,100.846,5.04232,1.0,1.0,1.0,2166.0,0.0,1.067,6956.0,22604.4,4139.47,18.0,8.0,676.0,0.0,0.0,1553.0,1354.0,0.00831025,0.00369344,0.333005,0.0,0.0,0.71699,0.666995,0.0,0.0,0.0,0.0,5.0,452.0,0.0110619,0.20868,1.0,0.177992,0.000461681,-0.59621,23.0,2.72055,23.0,1.23822,0.0,0.0,2.0,0.0,5.0,5.0,5.0,5.0,0.0,0.0,0.0,5.61823,8.45419,3.52388,1.37872,1.38953,1.67885,1456.0,1.6739,2.20975,2.2833,3448.0,3452.33,4364.42,27.0,42.0,23.0,0.0,2.0,0.111111,2553.0,200.0,2030.0,1.35616,0.937211,11405.0,17162.0,7153.49
elitserien,2014,handball19,5.26277,10.4224,1.90888,0.0,0.0,0.0,1.04075,1.26199,0.0,63.0,2.02361,3.84367,1.70575,3944.83,5738.05,28.0,100.846,5.04232,1.0,1.0,1.0,2173.0,0.0,1.06676,6975.0,22647.9,4148.0,18.0,8.0,679.0,0.0,0.0,1556.0,1358.0,0.00828348,0.00368155,0.333333,0.0,0.0,0.716061,0.666667,0.0,0.0,0.0,0.0,5.0,453.0,0.0110375,0.208468,1.0,0.178122,0.000460193,-0.595683,26.0,3.08277,26.0,1.50077,0.0,0.0,2.0,0.0,5.0,5.0,5.0,5.0,0.0,0.0,0.0,5.61414,8.43397,3.51245,1.37972,1.3878,1.68431,1463.0,1.70338,2.20699,2.26938,3458.0,3464.81,4372.18,28.0,42.0,26.0,0.0,2.0,0.107143,2556.0,203.0,2037.0,1.35444,0.937414,11436.0,17180.0,7154.87
elitserien,2016,handball17,5.267,10.4258,1.90805,0.0,0.0,0.0,1.03991,1.26158,0.0,63.0,2.02231,3.84464,1.70526,3951.26,5745.57,28.0,100.846,5.04232,1.0,1.0,1.0,2176.0,0.0,1.06667,6984.0,22686.5,4151.92,18.0,8.0,680.0,0.0,0.0,1557.0,1360.0,0.00827206,0.00367647,0.333333,0.0,0.0,0.715533,0.666667,0.0,0.0,0.0,0.0,5.0,454.0,0.0110132,0.20864,1.0,0.177995,0.000459559,-0.596199,27.0,3.20456,27.0,1.58693,0.0,0.0,2.0,0.0,5.0,5.0,5.0,5.0,0.0,0.0,0.0,5.61814,8.42549,3.50835,1.37874,1.3892,1.68629,1466.0,1.7243,2.20591,2.27169,3462.0,3469.16,4375.82,29.0,42.0,27.0,0.0,2.0,0.103448,2557.0,204.0,2040.0,1.35343,0.9375,11461.0,17188.0,7157.03
elitserien,2016,handball20,5.26369,10.4239,1.90887,0.0,0.0,0.0,1.04057,1.26181,0.0,63.0,2.02318,3.84407,1.70575,3945.02,5738.23,28.0,100.846,5.04232,1.0,1.0,1.0,2173.0,0.0,1.06676,6975.0,22651.1,4147.98,18.0,8.0,679.0,0.0,0.0,1556.0,1358.0,0.00828348,0.00368155,0.333333,0.0,0.0,0.716061,0.666667,0.0,0.0,0.0,0.0,5.0,453.0,0.0110375,0.208468,1.0,0.178091,0.000460193,-0.595809,26.0,3.08277,26.0,1.50077,0.0,0.0,2.0,0.0,5.0,5.0,5.0,5.0,0.0,0.0,0.0,5.61512,8.43397,3.51319,1.37948,1.3878,1.68396,1463.0,1.71473,2.20699,2.27117,3458.0,3463.81,4372.18,29.0,42.0,26.0,0.0,2.0,0.103448,2556.0,203.0,2037.0,1.35444,0.937414,11438.0,17180.0,7156.38
elitserien,2016,handball3,5.27755,10.4317,1.90543,0.0,0.0,0.0,1.03784,1.26087,0.0,63.0,2.02495,3.84367,1.70329,3976.07,5775.2,30.0,100.846,5.04232,1.0,1.0,1.0,2187.0,0.0,1.06631,7019.0,22814.1,4167.18,18.0,8.0,683.0,0.0,0.0,1560.0,1368.0,0.00823045,0.00365798,0.333008,0.0,0.0,0.713306,0.666992,0.0,0.0,0.0,0.0,5.0,459.0,0.0108932,0.209877,1.0,0.177699,0.000457247,-0.592491,30.0,3.57359,30.0,1.84585,0.0,0.0,2.0,0.0,5.0,5.0,5.0,5.0,0.0,0.0,0.0,5.6275,8.39493,3.49861,1.38787,1.39426,1.69098,1477.0,1.68118,2.20218,2.26537,3476.0,3482.93,4389.9,28.0,42.0,30.0,0.0,2.0,0.107143,2560.0,207.0,2051.0,1.3491,0.937814,11542.0,17218.0,7175.66
elitserien,2016,handball5,5.27485,10.4311,1.90633,0.0,0.0,0.0,1.03837,1.26093,0.0,63.0,2.0228,3.84485,1.70403,3966.98,5764.23,29.0,100.846,5.04232,1.0,1.0,1.0,2183.0,0.0,1.06644,7006.0,22771.1,4161.51,18.0,8.0,682.0,0.0,0.0,1559.0,1365.0,0.00824553,0.00366468,0.33317,0.0,0.0,0.714155,0.66683,0.0,0.0,0.0,0.0,5.0,457.0,0.0109409,0.209345,1.0,0.177768,0.000458085,-0.59221,29.0,3.44993,29.0,1.75947,0.0,0.0,2.0,0.0,5.0,5.0,5.0,5.0,0.0,0.0,0.0,5.62531,8.40596,3.50234,1.38841,1.39243,1.68918,1473.0,1.69188,2.2035,2.26575,3471.0,3478.49,4384.68,27.0,42.0,29.0,0.0,2.0,0.111111,2559.0,206.0,2047.0,1.35076,0.9377,11515.0,17207.0,7169.29
elitserien,2016,handball7,5.28433,10.4643,1.91066,0.0,0.0,0.0,1.0365,1.26056,0.0,63.0,2.02819,3.84601,1.70562,3950.46,5744.79,28.0,100.846,5.04232,1.0,1.0,1.0,2170.0,0.0,1.06686,6972.0,22707.5,4146.12,18.0,8.0,676.0,0.0,0.0,1553.0,1358.0,0.00829493,0.00368664,0.33235,0.0,0.0,0.715668,0.66765,0.0,0.0,0.0,0.0,5.0,456.0,0.0109649,0.210138,1.0,0.177379,0.000460829,-0.593791,23.0,2.724,23.0,1.24365,0.0,0.0,2.0,0.0,5.0,5.0,5.0,5.0,0.0,0.0,0.0,5.63766,8.44346,3.51681,1.38537,1.38624,1.68223,1460.0,1.69694,2.20874,2.27572,3452.0,3460.59,4370.76,28.0,42.0,23.0,0.0,2.0,0.107143,2553.0,200.0,2034.0,1.35349,0.937327,11467.0,17174.0,7153.2
elitserien,2018,handball1,5.27462,10.4561,1.91242,0.0,0.0,0.0,1.03841,1.26155,0.0,63.0,2.02858,3.84494,1.70685,3934.32,5725.73,28.0,100.846,5.04232,1.0,1.0,1.0,2163.0,0.0,1.06709,6950.0,22616.5,4136.56,18.0,8.0,674.0,0.0,0.0,1551.0,1353.0,0.00832178,0.00369857,0.332511,0.0,0.0,0.71706,0.667489,0.0,0.0,0.0,0.0,5.0,453.0,0.0110375,0.209431,1.0,0.177667,0.000462321,-0.597539,21.0,2.48132,21.0,1.0672,0.0,0.0,2.0,0.0,5.0,5.0,5.0,5.0,0.0,0.0,0.0,5.62852,8.46325,3.52859,1.3762,1.38804,1.67661,1453.0,1.66699,2.20718,2.28153,3443.0,3448.75,4361.87,27.0,42.0,21.0,0.0,2.0,0.111111,2551.0,198.0,2027.0,1.35619,0.937124,11409.0,17155.0,7152.46
elitserien,2018,handball15,5.28285,10.4338,1.9039,0.0,0.0,0.0,1.03679,1.26061,0.0,63.0,2.02106,3.84563,1.70258,3985.32,5785.86,32.0,100.846,5.04232,1.0,1.0,1.0,2192.0,0.0,1.06615,7033.0,22870.9,4173.35,18.0,8.0,685.0,0.0,0.0,1562.0,1371.0,0.00821168,0.00364964,0.333171,0.0,0.0,0.712591,0.666829,0.0,0.0,0.0,0.0,5.0,460.0,0.0108696,0.209854,1.0,0.177547,0.000456204,-0.588302,32.0,3.81823,32.0,2.01792,0.0,0.0,2.0,0.0,5.0,5.0,5.0,5.0,0.0,0.0,0.0,5.6323,8.38084,3.49256,1.39801,1.3966,1.69391,1482.0,1.72122,2.20027,2.26327,3483.0,3489.45,4395.58,30.0,42.0,32.0,0.0,2.0,0.1,2562.0,209.0,2056.0,1.34776,0.937956,11580.0,17231.0,7180.7
elitserien,2018,handball16,5.29366,10.4527,1.9043,0.0,0.0,0.0,1.03468,1.25832,0.0,63.0,2.02635,3.84512,1.70204,3993.92,5796.36,31.0,100.846,5.04232,1.0,1.0,1.0,2193.0,0.0,1.06612,7040.0,22922.9,4176.12,18.0,8.0,684.0,0.0,0.0,1561.0,1373.0,0.00820793,0.00364797,0.332523,0.0,0.0,0.71181,0.667477,0.0,0.0,0.0,0.0,5.0,463.0,0.0107991,0.211126,1.0,0.17719,0.000455996,-0.589745,31.0,3.69985,31.0,1.93976,0.0,0.0,2.0,0.0,5.0,5.0,5.0,5.0,0.0,0.0,0.0,5.64366,8.37871,3.49052,1.3952,1.39185,1.6949,1483.0,1.65648,2.20036,2.2619,3483.0,3493.04,4398.28,27.0,42.0,31.0,0.0,2.0,0.111111,2561.0,208.0,2057.0,1.34614,0.937984,11609.0,17235.0,7180.0
elitserien,2018,handball18,5.27921,10.4502,1.90925,0.0,0.0,0.0,1.03751,1.25863,0.0,63.0,2.02638,3.84534,1.70518,3954.58,5749.64,28.0,100.846,5.04232,1.0,1.0,1.0,2174.0,0.0,1.06673,6982.0,22718.8,4150.7,18.0,8.0,678.0,0.0,0.0,1555.0,1360.0,0.00827967,0.00367985,0.332679,0.0,0.0,0.715271,0.667321,0.0,0.0,0.0,0.0,5.0,456.0,0.0109649,0.209752,1.0,0.177573,0.000459982,-0.593003,25.0,2.96497,25.0,1.41552,0.0,0.0,2.0,0.0,5.0,5.0,5.0,5.0,0.0,0.0,0.0,5.6315,8.4318,3.51051,1.38689,1.38816,1.68525,1464.0,1.70608,2.20707,2.2724,3458.0,3467.2,4374.88,28.0,42.0,25.0,0.0,2.0,0.107143,2555.0,202.0,2038.0,1.3528,0.937443,11477.0,17184.0,7154.42
elitserien,2018,handball6,5.25642,10.4031,1.90668,0.0,0.0,0.0,1.04201,1.26433,0.0,63.0,2.02303,3.8415,1.70481,3954.21,5749.3,29.0,100.846,5.04232,1.0,1.0,1.0,2180.0,0.0,1.06654,6994.0,22678.7,4156.57,18.0,8.0,682.0,0.0,0.0,1559.0,1362.0,0.00825688,0.00366972,0.333659,0.0,0.0,0.715138,0.666341,0.0,0.0,0.0,0.0,5.0,454.0,0.0110132,0.208257,1.0,0.178375,0.000458716,-0.594653,29.0,3.44668,29.0,1.75879,0.0,0.0,2.0,0.0,5.0,5.0,5.0,5.0,0.0,0.0,0.0,5.60616,8.41389,3.50284,1.38169,1.39112,1.68894,1470.0,1.69192,2.20423,2.26313,3468.0,3475.18,4379.92,27.0,42.0,29.0,0.0,2.0,0.111111,2559.0,206.0,2044.0,1.35274,0.937615,11459.0,17198.0,7159.81
elitserien,2023,handball10,5.28124,10.4598,1.91076,0.0,0.0,0.0,1.03711,1.26111,0.0,63.0,2.02685,3.84621,1.70588,3946.84,5740.42,28.0,100.846,5.04232,1.0,1.0,1.0,2169.0,0.0,1.0669,6968.0,22687.3,4144.44,18.0,8.0,676.0,0.0,0.0,1553.0,1357.0,0.00829876,0.00368834,0.332514,0.0,0.0,0.715998,0.667486,0.0,0.0,0.0,0.0,5.0,455.0,0.010989,0.209774,1.0,0.177477,0.000461042,-0.593391,23.0,2.72314,23.0,1.23891,0.0,0.0,2.0,0.0,5.0,5.0,5.0,5.0,0.0,0.0,0.0,5.63453,8.44614,3.51783,1.38614,1.39085,1.68174,1459.0,1.69381,2.20899,2.2751,3451.0,3459.27,4369.17,28.0,42.0,23.0,0.0,2.0,0.107143,2553.0,200.0,2033.0,1.35416,0.937298,11455.0,17171.0,7151.76
elitserien,2023,handball2,5.26994,10.4237,1.90644,0.0,0.0,0.0,1.03933,1.26183,0.0,63.0,2.02233,3.8443,1.70429,3962.98,5759.5,29.0,100.846,5.04232,1.0,1.0,1.0,2182.0,0.0,1.06647,7002.0,22744.6,4159.85,18.0,8.0,682.0,0.0,0.0,1559.0,1364.0,0.00824931,0.00366636,0.333333,0.0,0.0,0.714482,0.666667,0.0,0.0,0.0,0.0,5.0,456.0,0.0109649,0.208983,1.0,0.177929,0.000458295,-0.59647,29.0,3.44885,29.0,1.75924,0.0,0.0,2.0,0.0,5.0,5.0,5.0,5.0,0.0,0.0,0.0,5.62023,8.4086,3.50384,1.37823,1.39199,1.68845,1472.0,1.69778,2.20374,2.27061,3470.0,3476.4,4383.09,27.0,42.0,29.0,0.0,2.0,0.111111,2559.0,206.0,2046.0,1.35142,0.937672,11499.0,17204.0,7168.86
elitserien,2023,handball4,5.29328,10.4777,1.91043,0.0,0.0,0.0,1.03475,1.25895,0.0,63.0,2.02957,3.84674,1.70509,3958.26,5754.07,28.0,100.846,5.04232,1.0,1.0,1.0,2172.0,0.0,1.0668,6980.0,22757.5,4149.46,18.0,8.0,676.0,0.0,0.0,1553.0,1360.0,0.00828729,0.00368324,0.332024,0.0,0.0,0.715009,0.667976,0.0,0.0,0.0,0.0,5.0,458.0,0.010917,0.210866,1.0,0.17709,0.000460405,-0.594969,23.0,2.72573,23.0,1.24411,0.0,0.0,2.0,0.0,5.0,5.0,5.0,5.0,0.0,0.0,0.0,5.64686,8.43811,3.5161,1.38311,1.38712,1.68257,1462.0,1.66325,2.20823,2.2819,3454.0,3462.47,4373.93,28.0,42.0,23.0,0.0,2.0,0.107143,2553.0,200.0,2036.0,1.35216,0.937385,11497.0,17180.0,7158.78
elitserien,2023,handball8,5.27113,10.4476,1.91171,0.0,0.0,0.0,1.0391,1.26258,0.0,63.0,2.02574,3.84419,1.70663,3936.2,5727.98,28.0,100.846,5.04232,1.0,1.0,1.0,2165.0,0.0,1.06703,6955.0,22619.0,4138.86,18.0,8.0,675.0,0.0,0.0,1552.0,1354.0,0.00831409,0.00369515,0.332676,0.0,0.0,0.716859,0.667324,0.0,0.0,0.0,0.0,5.0,453.0,0.0110375,0.209238,1.0,0.177795,0.000461894,-0.597013,22.0,2.60128,22.0,1.15283,0.0,0.0,2.0,0.0,5.0,5.0,5.0,5.0,0.0,0.0,0.0,5.62445,8.45737,3.522,1.3772,1.38901,1.67975,1455.0,1.65384,2.21033,2.28106,3446.0,3453.93,4363.94,27.0,42.0,22.0,0.0,2.0,0.111111,2552.0,199.0,2029.0,1.35584,0.937182,11412.0,17160.0,7146.14
elitserien,2023,handball9,5.2726,10.4597,1.91406,0.0,0.0,0.0,1.03881,1.26112,0.0,63.0,2.02569,3.84561,1.70781,3922.76,5711.94,28.0,100.846,5.04232,1.0,1.0,1.0,2157.0,0.0,1.06729,6932.0,22561.5,4128.63,18.0,8.0,672.0,0.0,0.0,1549.0,1349.0,0.00834492,0.00370885,0.332509,0.0,0.0,0.718127,0.667491,0.0,0.0,0.0,0.0,5.0,451.0,0.0110865,0.209087,1.0,0.177702,0.000463607,-0.597396,19.0,2.24045,19.0,0.895483,0.0,0.0,2.0,0.0,5.0,5.0,5.0,5.0,0.0,0.0,0.0,5.62741,8.48046,3.53007,1.37647,1.38523,1.67591,1447.0,1.70029,2.21129,2.28045,3435.0,3443.93,4354.56,27.0,42.0,21.0,0.0,2.0,0.111111,2549.0,196.0,2021.0,1.35824,0.936949,11373.0,17139.0,7134.27
evm-super-compilation,2023,BDARUMA_run_code_of_0_block_108_233_1_extended_input,2.96865,7.48974,2.54296,0.0,0.0,0.0,1.16689,1.72541,0.393242,0.0,1.44449,4.02678,1.97957,22919.6,42652.6,41.0,392.904,9.58302,1.0,2.0,1.0,17545.0,0.0,1.36985,47694.0,131408.0,44616.3,434.0,5350.0,9921.0,0.0,0.0,10368.0,2887.0,0.0247364,0.30493,0.774594,0.0,0.0,0.590938,0.225406,0.0387005,0.0,679.0,0.0,3.0,636.0,0.00471698,0.0362496,39.0,9.59032,0.00222286,5.0422,21.0,1.87603,0.538462,0.0391298,0.0,0.0,2.0,0.0,5.0,5.0,5.0,5.0,0.0,0.0,0.0,4.0666,11.1939,5.41845,1.70368,22.3877,45.8049,10820.0,2.12278,1.24349,1.4228,13877.0,20653.7,22036.7,120.0,28001.0,28001.0,0.0,2.0,0.0588235,2498.0,786.0,12808.0,0.256402,0.730009,52085.0,143371.0,69399.5
evm-super-compilation,2023,BDARUMA_run_code_of_0_block_284_170_0_input,2.71478,5.16837,1.94336,0.0,0.0,0.0,0.638008,0.84338,0.0,0.0,1.4729,3.58154,1.7242,2606.39,4255.59,13.0,52.9528,4.55426,1.0,1.0,1.0,2030.0,0.0,1.33028,5520.0,10491.8,3945.01,80.0,608.0,1157.0,0.0,0.0,1110.0,369.0,0.0394089,0.299507,0.758191,0.0,0.0,0.546798,0.241809,0.0581281,0.0,118.0,0.0,3.0,96.0,0.03125,0.0472906,10.0,2.76901,0.00492611,1.54946,7.0,1.76183,0.7,0.593618,0.0,0.0,2.0,0.0,5.0,5.0,5.0,5.0,0.0,0.0,0.0,3.6114,3.97313,1.53044,1.14169,1.28338,1.96022,1304.0,2.07639,1.28753,1.15609,1709.0,2317.74,2265.66,38.0,56.0,56.0,0.0,2.0,0.111111,311.0,332.0,1526.0,0.421363,0.751724,5511.0,6063.0,2335.46
evm-super-compilation,2023,Kongu_run_code_of_0_block_240_0_input,2.82589,7.42413,2.60216,0.0,0.0,0.0,1.22584,2.20918,0.384296,0.0,1.31864,4.19532,1.88499,32123.3,61344.6,59.0,554.121,9.5538,1.0,2.0,1.0,25455.0,0.0,1.41558,68641.0,188981.0,66238.0,620.0,8219.0,14496.0,0.0,0.0,14803.0,3486.0,0.0243567,0.322884,0.806139,0.0,0.0,0.581536,0.193861,0.0358279,0.0,912.0,0.0,3.0,790.0,0.00379747,0.0310352,56.0,13.999,0.00219996,6.00441,28.0,2.40681,0.5,0.0543859,0.0,0.0,2.0,0.0,5.0,5.0,5.0,5.0,0.0,0.0,0.0,4.00028,11.6336,5.87671,2.16491,25.8673,50.8558,15659.0,2.02879,1.1843,1.40982,19263.0,27909.3,30517.1,168.0,39901.0,39901.0,0.0,2.0,0.0714286,2876.0,1145.0,17982.0,0.223613,0.706423,71933.0,209196.0,105675.0
evm-super-compilation,2023,PlaylinkAirdrop_run_code_of_0_block_216_0_input,2.74311,6.47011,2.3441,0.0,0.0,0.0,0.964509,1.76222,0.426603,0.0,1.3323,4.22652,1.44402,15984.7,29021.0,40.0,210.096,5.35755,1.0,2.0,1.0,12659.0,0.0,1.39817,34418.0,81905.2,29673.9,388.0,4008.0,7114.0,0.0,0.0,7104.0,1940.0,0.0306501,0.316613,0.78573,0.0,0.0,0.561182,0.21427,0.0429734,0.0,544.0,0.0,3.0,541.0,0.00554529,0.0427364,38.0,9.9079,0.00300182,4.60676,20.0,3.4969,0.526316,0.680803,0.0,0.0,2.0,0.0,5.0,5.0,5.0,5.0,0.0,0.0,0.0,3.83532,5.71935,2.27648,1.93366,3.66758,8.58555,7907.0,2.00875,1.33169,1.31874,9673.0,13649.8,14460.4,117.0,1288.0,1288.0,0.0,2.0,0.0952381,1336.0,592.0,9054.0,0.212945,0.715222,34725.0,51783.0,20611.2
evm-super-compilation,2023,isolated_block_6_0_input,2.82379,5.81918,2.11679,0.0,0.0,0.0,0.791868,0.987177,0.0,0.0,1.46632,3.51419,1.76057,4702.13,8010.58,17.0,78.3317,5.0222,1.0,1.0,1.0,3615.0,0.0,1.33691,9790.0,21036.3,7652.18,126.0,1087.0,2075.0,0.0,0.0,2068.0,629.0,0.0348548,0.300692,0.767382,0.0,0.0,0.572061,0.232618,0.0492393,0.0,178.0,0.0,3.0,132.0,0.0227273,0.0365145,14.0,3.70846,0.00387275,2.23125,11.0,2.35298,0.785714,0.922607,0.0,0.0,2.0,0.0,5.0,5.0,5.0,5.0,0.0,0.0,0.0,3.77515,4.67493,1.69364,1.21388,1.46647,2.12888,2290.0,2.10663,1.21672,1.13368,3023.0,4276.97,4209.76,47.0,76.0,76.0,0.0,2.0,0.0869565,577.0,466.0,2704.0,0.385725,0.747994,10208.0,12641.0,4579.6
fast-food,2012,ff3,2.44203,19.5742,7.91203,0.0,0.0,0.0,0.91566,1.05691,0.0,0.0,0.527327,4.42032,1.54365,479.363,1712.02,47.0,403.346,8.75489,2.0,11.0471,5.52356,414.0,0.0,0.99759,1016.0,8103.72,3275.58,46.0,0.0,0.0,0.0,0.0,368.0,415.0,0.111111,0.0,0.0,0.0,0.0,0.888889,1.0,0.0,0.0,0.0,0.0,0.0,0.0,0.0,0.0,1.0,0.410485,0.00241546,-0.329474,24039.0,54.343,24039.0,20.315,0.0,0.0,2.0,0.0,1.0,1.0,1.0,1.0,0.0,0.0,0.0,2.43614,442.357,249.929,1.78926,2.6258,4.67996,411.0,0.112421,4.01326,3.89278,594.0,432.279,3556.49,48.0,24039.0,24039.0,0.0,46.0,0.958333,188.0,2.0,415.0,0.457831,1.00242,1011.0,183578.0,103720.0
fast-food,2012,ff58,2.47719,21.6688,8.58441,0.0,0.0,0.0,0.807368,0.963626,0.11649,0.0,0.379809,4.04246,1.42092,602.209,2226.78,37.0,357.382,9.83131,2.0,10.3399,5.16993,526.0,0.0,0.998102,1304.0,11397.8,4515.4,36.0,0.0,0.0,0.0,0.0,490.0,527.0,0.0684411,0.0,0.0,0.0,0.0,0.931559,1.0,0.0,0.0,0.0,0.0,0.0,0.0,0.0,0.0,1.0,0.404451,0.00190114,-0.368121,36376.0,41.7311,36376.0,22.8257,0.0,0.0,2.0,0.0,1.0,1.0,1.0,1.0,0.0,0.0,0.0,2.47249,871.676,470.124,1.61781,1.78444,3.33414,520.0,0.133163,3.73066,3.60921,764.0,555.659,5060.23,38.0,36376.0,36376.0,0.0,36.0,0.947368,252.0,2.0,527.0,0.481973,1.0019,1303.0,459373.0,247755.0
fast-food,2012,ff59,2.47436,20.7672,8.19,0.0,0.0,0.0,0.80829,1.00431,0.1221,0.0,0.29536,3.65901,1.10402,613.7,2261.16,27.0,254.233,9.47573,2.0,9.40088,4.70044,546.0,0.0,0.998172,1362.0,11338.9,4471.74,26.0,0.0,0.0,0.0,0.0,520.0,547.0,0.047619,0.0,0.0,0.0,0.0,0.952381,1.0,0.0,0.0,0.0,0.0,0.0,0.0,0.0,0.0,1.0,0.404885,0.0018315,-0.443172,19189.0,28.3319,19189.0,23.1395,0.0,0.0,2.0,0.0,1.0,1.0,1.0,1.0,0.0,0.0,0.0,2.46984,677.293,355.966,1.34285,1.18118,2.26984,537.0,0.164092,3.42475,3.38453,796.0,583.969,5070.22,28.0,19189.0,19189.0,0.0,26.0,0.928571,270.0,2.0,547.0,0.497258,1.00183,1351.0,370479.0,194713.0
fast-food,2012,ff61,2.47846,20.7842,8.18022,0.0,0.0,0.0,0.9022,1.078,0.122246,0.0,0.258795,3.61416,1.10648,723.966,2684.05,27.0,254.233,9.47573,2.0,9.40088,4.70044,650.0,0.0,0.998464,1624.0,13509.7,5317.14,26.0,0.0,0.0,0.0,0.0,624.0,651.0,0.04,0.0,0.0,0.0,0.0,0.96,1.0,0.0,0.0,0.0,0.0,0.0,0.0,0.0,0.0,1.0,0.404097,0.00153846,-0.425696,19189.0,28.5473,19189.0,25.1997,0.0,0.0,2.0,0.0,1.0,1.0,1.0,1.0,0.0,0.0,0.0,2.47465,672.183,350.607,1.39983,1.09316,2.11376,639.0,0.161063,3.40728,3.36735,950.0,695.583,6033.41,28.0,19189.0,19189.0,0.0,26.0,0.928571,324.0,2.0,651.0,0.500768,1.00154,1611.0,437591.0,228245.0
fast-food,2012,ff63,2.48143,20.7965,8.17314,0.0,0.0,0.0,0.987127,1.15304,0.122352,0.0,0.230919,3.58028,1.1082,833.334,3106.04,27.0,254.233,9.47573,2.0,9.40088,4.70044,754.0,0.0,0.998675,1886.0,15680.6,6162.55,26.0,0.0,0.0,0.0,0.0,728.0,755.0,0.0344828,0.0,0.0,0.0,0.0,0.965517,1.0,0.0,0.0,0.0,0.0,0.0,0.0,0.0,0.0,1.0,0.403528,0.00132626,-0.426704,19189.0,28.7054,19189.0,27.0901,0.0,0.0,2.0,0.0,1.0,1.0,1.0,1.0,0.0,0.0,0.0,2.47815,668.481,346.725,1.39786,1.02271,1.98592,741.0,0.158688,3.39454,3.3548,1104.0,807.198,6996.61,28.0,19189.0,19189.0,0.0,26.0,0.928571,378.0,2.0,755.0,0.503311,1.00133,1871.0,504703.0,261777.0
fbd1,2025,FBDk04,3.44186,19.4311,5.40538,0.0,0.0,0.0,1.19793,1.39048,0.0,0.0,1.82606,4.67592,0.952266,64.4772,169.025,30.0,190.484,6.34948,2.0,9.9542,4.9771,43.0,0.0,1.3871,127.0,835.536,232.431,0.0,0.0,0.0,0.0,0.0,42.0,31.0,0.0,0.0,0.0,0.0,0.0,0.976744,1.0,0.0,0.0,0.0,0.0,1.0,1.0,1.0,0.0232558,1.0,0.209459,0.0232558,-0.568981,136.0,1.39234,136.0,0.661718,0.0,0.0,2.0,0.0,1.0,0.0,1.0,1.0,0.0,1.0,0.0,4.77419,97.6774,48.1956,1.3894,0.592908,0.741169,26.0,1.14463,2.1313,2.0826,30.0,46.1772,197.572,26.0,202.0,136.0,0.0,31.0,1.19231,39.0,6.0,31.0,1.45161,0.72093,148.0,3028.0,1494.07
fbd1,2025,FBDk06,3.51064,25.7988,7.08732,0.0,0.0,0.0,1.77888,1.9795,0.0,0.0,1.80463,5.76975,0.550984,140.33,405.764,63.0,512.511,8.13509,2.0,13.4422,6.72108,94.0,0.0,1.46875,280.0,2425.08,666.208,0.0,0.0,0.0,0.0,0.0,93.0,64.0,0.0,0.0,0.0,0.0,0.0,0.989362,1.0,0.0,0.0,0.0,0.0,1.0,1.0,1.0,0.0106383,1.0,0.193939,0.0106383,-0.44818,440.0,1.32449,440.0,0.552275,0.0,0.0,2.0,0.0,1.0,0.0,1.0,1.0,0.0,1.0,0.0,5.15625,332.203,163.236,1.79852,0.587553,0.678754,57.0,0.793564,1.9339,1.81344,63.0,90.501,521.292,45.0,658.0,440.0,0.0,105.0,2.33333,76.0,6.0,64.0,1.28125,0.680851,330.0,21261.0,10447.1
fbd1,2025,FBDk07,3.52756,28.2621,7.74536,0.0,0.0,0.0,2.04422,2.26728,0.0,0.0,1.79054,6.19712,1.01751,189.375,564.3,84.0,741.016,8.82162,2.0,14.7932,7.3966,127.0,0.0,1.49412,379.0,3589.29,983.661,0.0,0.0,0.0,0.0,0.0,126.0,85.0,0.0,0.0,0.0,0.0,0.0,0.992126,1.0,0.0,0.0,0.0,0.0,1.0,1.0,1.0,0.00787402,1.0,0.189732,0.00787402,-0.410938,695.0,1.3048,695.0,0.521144,0.0,0.0,2.0,0.0,1.0,0.0,1.0,1.0,0.0,1.0,0.0,5.27059,532.647,261.837,1.97175,0.584875,0.660804,77.0,0.686425,1.85632,1.72258,84.0,117.448,750.457,56.0,1041.0,695.0,0.0,168.0,3.0,99.0,6.0,85.0,1.23529,0.669291,448.0,45275.0,22256.2
fbd1,2025,FBDk08,3.53939,30.3735,8.31133,0.0,0.0,0.0,2.31264,2.553,0.0,0.0,1.77692,6.57066,0.808868,245.858,749.786,108.0,1016.21,9.40933,2.0,15.9488,7.97441,165.0,0.0,1.51376,493.0,5011.63,1371.37,0.0,0.0,0.0,0.0,0.0,164.0,109.0,0.0,0.0,0.0,0.0,0.0,0.993939,1.0,0.0,0.0,0.0,0.0,1.0,1.0,1.0,0.00606061,1.0,0.186644,0.00606061,-0.379298,1032.0,1.2921,1032.0,0.500636,0.0,0.0,2.0,0.0,1.0,0.0,1.0,1.0,0.0,1.0,0.0,5.3578,798.697,392.937,2.14437,0.583466,0.648335,100.0,0.604734,1.79015,1.68775,108.0,147.552,1026.22,68.0,1546.0,1032.0,0.0,251.0,3.69118,125.0,6.0,109.0,1.20183,0.660606,584.0,87058.0,42830.1
fbd1,2025,FBDk09,3.54808,32.2532,8.81754,0.0,0.0,0.0,2.58313,2.83672,0.0,0.0,1.76424,6.90217,0.633204,309.793,962.817,135.0,1340.83,9.93208,2.0,16.9797,8.48985,208.0,0.0,1.52941,622.0,6708.66,1834.05,0.0,0.0,0.0,0.0,0.0,207.0,136.0,0.0,0.0,0.0,0.0,0.0,0.995192,1.0,0.0,0.0,0.0,0.0,1.0,1.0,1.0,0.00480769,1.0,0.184282,0.00480769,-0.353271,1467.0,1.28104,1467.0,0.483146,0.0,0.0,2.0,0.0,1.0,0.0,1.0,1.0,0.0,1.0,0.0,5.42647,1145.16,563.885,2.30904,0.581691,0.638219,126.0,0.540591,1.73324,1.59007,135.0,180.797,1351.35,81.0,2199.0,1467.0,0.0,359.0,4.4321,154.0,6.0,136.0,1.17647,0.653846,738.0,155742.0,76688.4
fillomino,2014,5x5_1,2.77393,5.58572,1.94836,0.0,0.0,0.0,1.01964,1.62117,0.0,0.0,1.09411,2.45295,1.50259,1528.14,2501.48,19.0,78.7025,4.19625,1.0,1.0,1.0,1243.0,0.0,1.03756,3308.0,6943.05,2421.81,88.0,34.0,706.0,0.0,0.0,679.0,492.0,0.0707965,0.0273532,0.589316,0.0,0.0,0.546259,0.410684,0.0,0.0,0.0,0.0,1.0,17.0,0.0588235,0.0136766,0.0,0.0,0.0,0.0,0.0,0.0,0.0,0.0,0.0,0.0,1.0,0.0,5.0,5.0,5.0,5.0,0.0,0.0,0.0,2.87813,2.74124,0.979149,1.38979,1.2099,0.0,1164.0,0.817136,0.400753,0.0252479,1503.0,1429.36,1383.86,33.0,25.0,1.5,0.0,2.0,0.5,407.0,69.0,1198.0,0.397329,0.963797,3448.0,3284.0,1173.02
fillomino,2014,5x5_6,2.75125,5.53299,1.93512,0.0,0.0,0.0,1.02805,1.65646,0.0,0.0,1.05774,2.46237,1.47167,1454.56,2381.23,19.0,78.7025,4.19625,1.0,1.0,1.0,1202.0,0.0,1.0371,3185.0,6650.65,2326.02,76.0,32.0,670.0,0.0,0.0,652.0,489.0,0.063228,0.0266223,0.578085,0.0,0.0,0.542429,0.421915,0.0,0.0,0.0,0.0,1.0,17.0,0.0588235,0.0141431,0.0,0.0,0.0,0.0,0.0,0.0,0.0,0.0,0.0,0.0,1.0,0.0,5.0,5.0,5.0,5.0,0.0,0.0,0.0,2.85332,2.7377,0.983205,1.40187,1.26533,0.0,1125.0,0.784695,0.414137,0.0331971,1464.0,1372.58,1335.74,32.0,25.0,1.8,0.0,2.0,0.5,404.0,72.0,1159.0,0.410699,0.964226,3307.0,3173.0,1139.54
fillomino,2014,6x6_0,2.80481,6.09367,2.05648,0.0,0.0,0.0,1.38084,2.21389,0.486268,0.0,0.905356,2.23924,1.55587,2906.2,4942.32,28.0,131.967,4.77026,1.0,1.0,1.0,2454.0,0.0,1.02807,6442.0,14953.9,5046.6,128.0,48.0,1352.0,0.0,0.0,1316.0,1035.0,0.0521597,0.0195599,0.566401,0.0,0.0,0.536267,0.433599,0.0,0.0,0.0,0.0,1.0,26.0,0.0384615,0.0105949,0.0,0.0,0.0,0.0,0.0,0.0,0.0,0.0,0.0,0.0,1.0,0.0,5.0,5.0,5.0,5.0,0.0,0.0,0.0,2.88354,2.77168,0.984396,1.69895,1.57266,0.0,2335.0,0.642242,0.325848,0.00977216,3083.0,2756.94,2690.26,45.0,36.0,1.5,0.0,2.0,0.5,853.0,94.0,2387.0,0.396732,0.972698,6883.0,6616.0,2349.75
fillomino,2014,6x6_5,2.80138,6.07237,2.05109,0.0,0.0,0.0,1.38253,2.21555,0.487546,0.0,0.911067,2.24759,1.56111,2921.8,4958.36,28.0,131.967,4.77026,1.0,1.0,1.0,2467.0,0.0,1.02835,6476.0,14980.5,5060.04,133.0,52.0,1365.0,0.0,0.0,1320.0,1034.0,0.0539116,0.0210782,0.568987,0.0,0.0,0.535063,0.431013,0.0,0.0,0.0,0.0,1.0,26.0,0.0384615,0.0105391,0.0,0.0,0.0,0.0,0.0,0.0,0.0,0.0,0.0,0.0,1.0,0.0,5.0,5.0,5.0,5.0,0.0,0.0,0.0,2.88078,2.7624,0.983473,1.70057,1.57794,0.0,2347.0,0.642281,0.324102,0.00528162,3095.0,2769.21,2698.66,45.0,36.0,1.5,0.0,2.0,0.5,852.0,95.0,2399.0,0.394748,0.972436,6911.0,6627.0,2359.35
fillomino,2014,7x7_0,2.82676,6.51806,2.15687,0.0,0.0,0.0,1.69658,2.73587,0.463635,0.0,0.775374,2.05619,1.48582,5050.26,8856.94,38.0,196.325,5.22041,1.0,1.0,1.0,4364.0,0.0,1.02154,11344.0,28444.8,9412.58,187.0,71.0,2368.0,0.0,0.0,2306.0,1904.0,0.0428506,0.0162695,0.554307,0.0,0.0,0.528414,0.445693,0.0,0.0,0.0,0.0,1.0,36.0,0.0277778,0.00824931,0.0,0.0,0.0,0.0,0.0,0.0,0.0,0.0,0.0,0.0,1.0,0.0,5.0,5.0,5.0,5.0,0.0,0.0,0.0,2.88764,2.79892,0.98793,2.01928,1.92401,0.0,4200.0,0.53377,0.264722,0.0175243,5594.0,4826.13,4733.84,58.0,49.0,1.5,0.0,2.0,0.666667,1544.0,121.0,4272.0,0.389747,0.978918,12336.0,11957.0,4220.44
filters,2012,ar_1_2,3.16216,18.697,6.59964,0.0,0.0,0.0,1.5812,1.1052,0.0,0.0,0.534488,0.534488,0.179256,44.9069,145.445,32.0,122.531,7.32001,2.0,13.3164,3.82911,37.0,0.0,0.755102,112.0,691.788,244.187,1.0,0.0,0.0,0.0,0.0,34.0,49.0,0.027027,0.0,0.0,0.0,0.0,0.918919,1.0,0.0,0.0,0.0,0.0,1.0,2.0,0.5,0.0540541,1.0,0.418803,0.027027,-1.38776,1001.0,11.5004,1001.0,6.53896,0.0,0.0,2.0,0.0,5.0,0.0,5.0,5.0,0.0,5.0,0.0,2.38776,87.0408,44.717,0.418803,1.60581,3.11454,4.0,2.1758,1.04328,2.28778,64.0,49.9674,239.03,5.0,1001.0,1001.0,0.0,2.0,2.0,92.0,70.0,49.0,3.30612,1.32432,117.0,4265.0,2191.13
filters,2012,dct_1_1,2.68,17.8881,6.66311,0.0,0.0,0.0,1.39614,1.43617,0.0,0.0,0.305691,0.305691,0.0,84.1699,289.383,32.0,213.063,7.02588,2.0,13.3164,6.65821,75.0,0.0,1.31579,226.0,1341.61,499.734,1.0,0.0,0.0,0.0,0.0,72.0,57.0,0.0133333,0.0,0.0,0.0,0.0,0.96,1.0,0.0,0.0,0.0,0.0,1.0,2.0,0.5,0.0266667,1.0,0.283582,0.0133333,0.0,1001.0,8.57098,1001.0,7.48337,0.0,0.0,2.0,0.0,5.0,0.0,5.0,5.0,0.0,5.0,0.0,3.52632,116.789,47.4775,0.0,1.01171,2.69066,8.0,1.86474,0.127419,1.86474,112.0,100.062,382.827,6.0,1001.0,1001.0,0.0,101.0,16.8333,104.0,162.0,57.0,4.66667,0.76,201.0,6657.0,2706.22
filters,2012,ewf_1_1,2.64912,17.6965,6.66466,0.0,0.0,0.0,1.25197,1.26357,0.0,0.0,0.380891,0.380891,0.0,64.8704,220.851,26.0,173.113,7.02588,2.0,13.3164,6.65821,57.0,0.0,1.32558,172.0,1008.7,379.886,1.0,0.0,0.0,0.0,0.0,54.0,43.0,0.0175439,0.0,0.0,0.0,0.0,0.947368,1.0,0.0,0.0,0.0,0.0,1.0,2.0,0.5,0.0350877,1.0,0.284768,0.0175439,-2.51163,1001.0,8.20961,1001.0,6.48076,0.0,0.0,2.0,0.0,5.0,0.0,5.0,5.0,0.0,5.0,0.0,3.51163,121.93,53.8531,0.284768,1.11246,2.7206,8.0,2.14602,0.15935,2.14602,84.0,74.1553,289.612,6.0,1001.0,1001.0,0.0,101.0,16.8333,76.0,112.0,43.0,4.37209,0.754386,151.0,5243.0,2315.68
filters,2012,fir16_1_1,2.80556,18.7719,6.70417,0.0,0.0,0.0,1.18216,1.1768,0.0,0.0,0.365099,0.545897,0.183122,42.0875,140.872,17.0,113.19,8.31272,2.0,13.3164,6.65821,36.0,0.0,1.02857,109.0,675.788,241.35,1.0,0.0,0.0,0.0,0.0,33.0,35.0,0.0277778,0.0,0.0,0.0,0.0,0.916667,1.0,0.0,0.0,0.0,0.0,1.0,2.0,0.5,0.0555556,1.0,0.346535,0.0277778,-1.88571,1001.0,7.89966,1001.0,5.83103,0.0,0.0,2.0,0.0,5.0,0.0,5.0,5.0,0.0,5.0,0.0,2.88571,126.714,66.1143,0.346535,1.18327,2.43231,1.0,1.15618,0.187176,1.15618,68.0,50.0,236.346,4.0,1001.0,1001.0,0.0,101.0,25.25,67.0,118.0,35.0,5.28571,0.972222,101.0,4435.0,2314.0
filters,2012,fir_1_1,2.73077,18.3093,6.72185,0.0,0.0,0.0,0.968867,0.984622,0.0,0.0,0.468167,0.698827,0.235193,30.9069,102.341,15.0,99.8732,8.31272,2.0,13.3164,6.65821,26.0,0.0,1.04,79.0,476.042,174.768,1.0,0.0,0.0,0.0,0.0,23.0,25.0,0.0384615,0.0,0.0,0.0,0.0,0.884615,1.0,0.0,0.0,0.0,0.0,1.0,2.0,0.5,0.0769231,1.0,0.352113,0.0384615,0.0,1001.0,7.30657,1001.0,4.89898,0.0,0.0,2.0,0.0,5.0,0.0,5.0,5.0,0.0,5.0,0.0,2.84,137.0,76.0633,0.0,1.28732,2.48588,1.0,1.75662,0.242292,1.75662,48.0,35.6797,169.764,4.0,1001.0,1001.0,0.0,101.0,25.25,47.0,79.0,25.0,5.04,0.961538,71.0,3425.0,1901.58
filters,2013,ar_2_3,3.48649,19.2743,6.53108,0.0,0.0,0.0,1.69686,1.18991,0.0,0.0,0.534488,0.534488,0.303375,45.9069,145.754,32.0,131.891,7.32001,2.0,13.3164,3.82911,37.0,0.0,0.606557,112.0,713.148,241.65,1.0,0.0,0.0,0.0,0.0,34.0,61.0,0.027027,0.0,0.0,0.0,0.0,0.918919,1.0,0.0,0.0,0.0,0.0,1.0,2.0,0.5,0.0540541,1.0,0.472868,0.027027,-1.11475,1001.0,14.1837,1001.0,7.17839,0.0,0.0,2.0,0.0,5.0,0.0,5.0,5.0,0.0,5.0,0.0,2.11475,70.5738,36.576,0.472868,1.83659,3.44228,4.0,1.99793,1.55337,2.55305,64.0,49.9674,260.389,5.0,1001.0,1001.0,0.0,2.0,2.0,116.0,46.0,61.0,2.65574,1.64865,129.0,4305.0,2231.13
filters,2013,dct_2_2,3.32,18.5281,6.58767,0.0,0.0,0.0,2.37169,1.60198,0.0,0.0,0.305691,0.305691,0.177389,86.1699,289.786,64.0,245.063,7.02588,2.0,13.3164,3.82911,75.0,0.0,0.714286,226.0,1389.61,494.075,1.0,0.0,0.0,0.0,0.0,72.0,105.0,0.0133333,0.0,0.0,0.0,0.0,0.96,1.0,0.0,0.0,0.0,0.0,1.0,2.0,0.5,0.0266667,1.0,0.421687,0.0133333,-0.969746,1001.0,15.5642,1001.0,8.9933,0.0,0.0,2.0,0.0,5.0,0.0,5.0,5.0,0.0,5.0,0.0,2.37143,64.3143,26.6878,0.596355,1.61945,3.62747,8.0,1.93991,1.06386,2.00698,112.0,100.062,430.827,6.0,1001.0,1001.0,0.0,2.0,2.0,200.0,66.0,105.0,2.53333,1.4,249.0,6753.0,2802.22
filters,2013,dfq_1_1,3.42857,18.8695,6.33403,0.0,0.0,0.0,0.875,0.594875,0.0,0.0,1.08923,1.08923,0.591673,19.9069,56.8777,12.0,49.459,7.48547,2.0,13.3164,3.82911,14.0,0.0,0.538462,43.0,264.173,88.6765,1.0,0.0,0.0,0.0,0.0,11.0,26.0,0.0714286,0.0,0.0,0.0,0.0,0.785714,1.0,0.0,0.0,0.0,0.0,1.0,2.0,0.5,0.142857,1.0,0.541667,0.0714286,0.0,1001.0,10.6533,1001.0,4.83419,0.0,0.0,2.0,0.0,5.0,0.0,5.0,5.0,0.0,5.0,0.0,1.84615,93.9615,62.2372,0.0,1.99688,3.03481,3.0,1.73815,1.60727,2.34969,28.0,18.3399,117.692,4.0,1001.0,1001.0,0.0,2.0,2.0,47.0,13.0,26.0,2.30769,1.85714,48.0,2443.0,1618.17
filters,2013,ewf_2_1,3.10526,18.1526,6.61503,0.0,0.0,0.0,2.13613,1.40772,0.0,0.0,0.380891,0.380891,0.127419,65.8704,221.052,52.0,199.113,7.02588,2.0,13.3164,3.82911,57.0,0.0,0.826087,172.0,1034.7,377.057,1.0,0.0,0.0,0.0,0.0,54.0,69.0,0.0175439,0.0,0.0,0.0,0.0,0.947368,1.0,0.0,0.0,0.0,0.0,1.0,2.0,0.5,0.0350877,1.0,0.389831,0.0175439,-1.10678,1001.0,13.0442,1001.0,7.58636,0.0,0.0,2.0,0.0,5.0,0.0,5.0,5.0,0.0,5.0,0.0,2.56522,76.7391,34.3143,0.551304,1.58761,3.44928,8.0,2.20371,1.05506,2.29314,84.0,74.1553,315.612,6.0,1001.0,1001.0,0.0,2.0,2.0,128.0,60.0,69.0,2.72464,1.21053,177.0,5295.0,2367.68
filters,2013,fir_2_3,3.61538,19.3739,6.51547,0.0,0.0,0.0,1.63636,1.11423,0.0,0.0,0.468167,0.698827,0.621904,32.9069,102.851,30.0,114.873,8.31272,2.0,13.3164,3.82911,26.0,0.0,0.541667,79.0,503.722,169.402,1.0,0.0,0.0,0.0,0.0,23.0,48.0,0.0384615,0.0,0.0,0.0,0.0,0.884615,1.0,0.0,0.0,0.0,0.0,1.0,2.0,0.5,0.0769231,1.0,0.510638,0.0384615,-0.958333,1001.0,13.8109,1001.0,6.44977,0.0,0.0,2.0,0.0,5.0,0.0,5.0,5.0,0.0,5.0,0.0,1.95833,72.4792,40.7413,0.510638,1.98625,3.46921,1.0,1.78871,1.57158,2.36029,48.0,35.6797,197.444,4.0,1001.0,1001.0,0.0,2.0,2.0,93.0,33.0,48.0,2.625,1.84615,94.0,3479.0,1955.58
filters,2016,ar_1_3,3.16216,18.9499,6.60754,0.0,0.0,0.0,1.5812,1.15855,0.0,0.0,0.534488,0.534488,0.179256,44.9069,145.552,32.0,131.891,7.32001,2.0,13.3164,4.12159,37.0,0.0,0.755102,112.0,701.148,244.479,1.0,0.0,0.0,0.0,0.0,34.0,49.0,0.027027,0.0,0.0,0.0,0.0,0.918919,1.0,0.0,0.0,0.0,0.0,1.0,2.0,0.5,0.0540541,1.0,0.418803,0.027027,-1.38776,1001.0,11.4574,1001.0,6.54602,0.0,0.0,2.0,0.0,5.0,0.0,5.0,5.0,0.0,5.0,0.0,2.38776,87.3673,45.0435,0.418803,1.59752,3.08981,4.0,2.1758,1.04328,2.28778,64.0,49.9674,248.389,5.0,1001.0,1001.0,0.0,3.0,3.0,92.0,70.0,49.0,3.30612,1.32432,117.0,4281.0,2207.13
filters,2016,dct_1_3,2.89333,18.2263,6.62929,0.0,0.0,0.0,1.65755,1.48036,0.0,0.0,0.279024,0.305691,0.102158,85.1699,289.691,32.0,213.063,7.02588,2.0,13.3164,4.12159,75.0,0.0,1.0274,226.0,1366.97,497.197,1.0,0.0,0.0,0.0,0.0,72.0,73.0,0.0133333,0.0,0.0,0.0,0.0,0.96,1.0,0.0,0.0,0.0,0.0,1.0,2.0,0.5,0.0266667,1.0,0.336406,0.0133333,-1.9726,1001.0,10.8983,1001.0,7.93814,0.0,0.0,2.0,0.0,5.0,0.0,5.0,5.0,0.0,5.0,0.0,2.9726,91.8493,37.729,0.336406,1.24693,3.0313,8.0,2.13953,0.858155,2.2147,112.0,100.062,408.186,6.0,1001.0,1001.0,0.0,3.0,3.0,136.0,130.0,73.0,3.64384,0.973333,217.0,6705.0,2754.22
filters,2016,ewf_1_2,2.78947,17.8368,6.61503,0.0,0.0,0.0,1.29256,1.26734,0.0,0.0,0.380891,0.380891,0.127419,65.8704,221.052,26.0,173.113,7.02588,2.0,13.3164,3.82911,57.0,0.0,1.11765,172.0,1016.7,377.057,1.0,0.0,0.0,0.0,0.0,54.0,51.0,0.0175439,0.0,0.0,0.0,0.0,0.947368,1.0,0.0,0.0,0.0,0.0,1.0,2.0,0.5,0.0350877,1.0,0.320755,0.0175439,-2.11765,1001.0,9.70736,1001.0,6.8039,0.0,0.0,2.0,0.0,5.0,0.0,5.0,5.0,0.0,5.0,0.0,3.11765,103.118,45.7193,0.320755,1.27976,2.97138,8.0,2.34733,0.761105,2.43614,84.0,74.1553,297.612,6.0,1001.0,1001.0,0.0,2.0,2.0,92.0,96.0,51.0,3.68627,0.894737,159.0,5259.0,2331.68
filters,2016,fir_1_3,3.03846,18.797,6.62428,0.0,0.0,0.0,1.14008,1.01638,0.0,0.0,0.468167,0.698827,0.468167,31.9069,102.649,16.0,99.8732,8.31272,2.0,13.3164,4.12159,26.0,0.0,0.787879,79.0,488.722,172.231,1.0,0.0,0.0,0.0,0.0,23.0,33.0,0.0384615,0.0,0.0,0.0,0.0,0.884615,1.0,0.0,0.0,0.0,0.0,1.0,2.0,0.5,0.0769231,1.0,0.417722,0.0384615,-1.39394,1001.0,9.57756,1001.0,5.46993,0.0,0.0,2.0,0.0,5.0,0.0,5.0,5.0,0.0,5.0,0.0,2.39394,104.515,58.351,0.417722,1.56813,2.87106,1.0,1.99257,0.982603,2.12982,48.0,35.6797,182.444,4.0,1001.0,1001.0,0.0,3.0,3.0,63.0,63.0,33.0,3.81818,1.26923,79.0,3449.0,1925.58
filters,2016,fir_1_4,3.03846,18.9247,6.63227,0.0,0.0,0.0,1.14008,1.02599,0.0,0.0,0.468167,0.698827,0.468167,31.9069,102.72,16.0,99.8732,8.31272,2.0,13.3164,4.32911,26.0,0.0,0.787879,79.0,492.042,172.439,1.0,0.0,0.0,0.0,0.0,23.0,33.0,0.0384615,0.0,0.0,0.0,0.0,0.884615,1.0,0.0,0.0,0.0,0.0,1.0,2.0,0.5,0.0769231,1.0,0.417722,0.0384615,-1.39394,1001.0,9.55539,1001.0,5.47345,0.0,0.0,2.0,0.0,5.0,0.0,5.0,5.0,0.0,5.0,0.0,2.39394,104.758,58.5934,0.417722,1.56307,2.8578,1.0,1.99257,0.982603,2.12982,48.0,35.6797,185.764,4.0,1001.0,1001.0,0.0,4.0,4.0,63.0,63.0,33.0,3.81818,1.26923,79.0,3457.0,1933.58
fjsp,2013,easy01,2.48684,7.13412,2.23309,0.0,0.0,0.0,0.568678,1.52265,0.89562,0.0,0.855127,2.5488,1.6471,89.8154,145.591,10.0,49.5231,7.46411,2.0,2.0,1.0,76.0,0.0,1.38182,196.0,542.193,169.715,0.0,18.0,18.0,0.0,0.0,36.0,37.0,0.0,0.236842,0.327273,0.0,0.0,0.473684,0.672727,0.0,0.0,0.0,0.0,1.0,4.0,0.25,0.0526316,3.0,0.873016,0.0394737,0.0,662.0,7.12524,220.667,2.98671,0.0,0.0,2.0,0.0,5.0,0.0,5.0,5.0,0.0,5.0,0.0,3.43636,92.9091,26.603,0.0,2.05084,2.08885,27.0,0.988284,1.9926,2.07723,73.0,97.1338,156.956,4.0,662.0,220.667,0.0,2.0,0.5,73.0,23.0,55.0,1.74545,0.723684,189.0,5110.0,1463.17
fjsp,2013,easy02,3.32649,8.01801,1.75394,0.0,0.0,0.0,1.92489,4.00463,0.806308,0.0,0.885961,2.81626,1.44861,691.796,975.449,58.0,284.596,8.07647,2.0,2.0,1.0,536.0,0.0,1.06986,1307.0,4297.65,940.11,0.0,105.0,239.0,0.0,0.0,221.0,262.0,0.0,0.195896,0.477046,0.0,0.0,0.412313,0.522954,0.0,0.0,0.0,0.0,1.0,7.0,0.142857,0.0130597,10.0,2.80987,0.0186567,4.55456,456.0,15.4227,45.6,4.01243,0.0,0.0,2.0,0.0,5.0,0.0,5.0,5.0,0.0,5.0,0.0,3.55888,29.5669,3.8254,0.397376,3.59449,3.1802,239.0,0.828181,0.968386,0.660288,530.0,874.379,806.917,10.0,456.0,56.5,0.0,2.0,0.4,494.0,216.0,501.0,1.41717,0.934701,1783.0,14813.0,1916.53
fjsp,2013,hard19,3.22599,14.4472,3.44123,0.0,0.0,0.0,2.14762,3.98046,1.48174,0.0,1.16645,2.43021,0.775906,441.782,692.449,65.0,516.723,14.8037,2.0,2.0,1.0,354.0,0.0,0.910026,834.0,5114.31,1218.2,0.0,70.0,164.0,0.0,0.0,114.0,225.0,0.0,0.19774,0.421594,0.0,0.0,0.322034,0.578406,0.0,0.0,0.0,0.0,1.0,6.0,0.166667,0.0169492,10.0,3.4063,0.0282486,7.06427,29453.0,7.06984,2945.3,2.61769,0.0,0.0,2.0,0.0,5.0,0.0,5.0,235.0,0.0,5.0,0.0,2.93573,4166.01,940.893,0.34063,2.31878,2.41752,180.0,1.63234,1.15793,1.40272,565.0,576.745,1224.47,10.0,29453.0,9256.67,0.0,2.0,0.666667,559.0,198.0,389.0,1.94602,1.09887,1142.0,1620580.0,366007.0
fjsp,2013,med04,3.11932,10.3571,2.02926,0.0,0.0,0.0,4.53372,10.3351,1.3038,0.0,1.21192,3.22488,1.22561,4173.08,5892.54,309.0,2319.17,14.0187,2.0,2.0,1.0,3411.0,0.0,1.09608,8264.0,35328.2,6921.79,0.0,806.0,1380.0,0.0,0.0,1426.0,1732.0,0.0,0.236294,0.443445,0.0,0.0,0.418059,0.556555,0.0,0.0,0.0,0.0,1.0,8.0,0.125,0.00234535,15.0,4.38722,0.00439754,11.581,17102.0,11.2746,1140.13,3.32371,0.0,0.0,2.0,0.0,5.0,0.0,5.0,5.0,0.0,5.0,0.0,3.41902,1516.87,271.086,0.292481,3.09129,3.22617,1416.0,1.16469,1.46677,1.3261,4305.0,5367.18,7323.99,15.0,17102.0,5441.33,0.0,2.0,0.333333,4085.0,1270.0,3112.0,1.72076,0.912342,10640.0,4720490.0,843618.0
fjsp,2013,med10,2.64151,19.5044,6.79774,0.0,0.0,0.0,1.07076,1.4374,0.805743,0.0,0.365792,3.09736,1.11512,243.863,644.156,20.0,131.669,12.2614,2.0,2.0,1.0,212.0,0.0,1.17127,552.0,4134.93,1441.12,0.0,40.0,40.0,0.0,0.0,120.0,141.0,0.0,0.188679,0.220994,0.0,0.0,0.566038,0.779006,0.0,0.0,0.0,0.0,2.0,12.0,0.166667,0.0566038,10.0,3.23214,0.0471698,0.0,5110.0,1.98828,511.0,1.11075,0.0,0.0,2.0,0.0,5.0,0.0,5.0,295.0,0.0,5.0,0.0,3.09392,2570.06,843.731,0.0,0.889745,0.92214,60.0,0.728238,2.8703,3.27069,281.0,291.576,1309.01,10.0,5110.0,2358.5,0.0,2.0,0.666667,281.0,104.0,181.0,2.12707,0.853774,560.0,465180.0,152715.0
flowshop-workers,2021,5stat_ex3,3.21432,23.4552,7.88036,0.0,0.0,0.0,0.0,0.617833,0.621669,0.0,1.24138,1.57118,1.28014,14631.3,35163.0,4.0,49.8362,16.6121,2.0,2.0,1.0,8814.0,0.0,1.46753,28759.0,206734.0,69457.5,0.0,2820.0,5580.0,0.0,0.0,5904.0,426.0,0.0,0.319946,0.929071,0.0,0.0,0.669843,0.0709291,0.0,0.0,0.0,0.0,0.0,0.0,0.0,0.0,1.0,0.211994,0.000113456,-0.231418,100002.0,17.875,100002.0,4.10938,0.0,0.0,2.0,0.0,5.0,0.0,5.0,5.0,0.0,5.0,0.0,4.71712,5594.51,2987.67,3.40513,4.10646,5.27287,5671.0,0.444413,0.431485,0.594629,6066.0,6922.05,11250.7,120.0,100502.0,100502.0,0.0,2.0,0.03125,25.0,50.0,6006.0,0.0124875,0.681416,28331.0,33600600.0,17943900.0
flowshop-workers,2021,5stat_ex6,3.23052,23.5421,7.88596,0.0,0.0,0.0,0.0,0.614085,0.621228,0.0,1.21228,1.50674,1.24129,17560.9,42083.8,4.0,49.8362,16.6121,2.0,2.0,1.0,10524.0,0.0,1.47519,34435.0,247757.0,82991.8,0.0,3381.0,6696.0,0.0,0.0,7044.0,438.0,0.0,0.321266,0.938604,0.0,0.0,0.669327,0.0613961,0.0,0.0,0.0,0.0,0.0,0.0,0.0,0.0,1.0,0.209836,9.50209e-05,-0.221125,100002.0,21.0409,100002.0,4.4782,0.0,0.0,2.0,0.0,5.0,0.0,5.0,5.0,0.0,5.0,0.0,4.76563,4752.75,2458.36,3.57338,4.4752,5.85822,6796.0,0.408073,0.375143,0.525973,7194.0,8179.92,12425.6,132.0,100502.0,100502.0,0.0,2.0,0.0285714,28.0,47.0,7134.0,0.010513,0.677879,33998.0,33906100.0,17537900.0
flowshop-workers,2021,8s_ex3,3.24649,23.957,7.98827,0.0,0.0,0.0,0.0,0.610624,0.613272,0.0,1.17675,1.43303,1.23672,24817.8,59574.2,4.0,49.8304,16.6101,2.0,2.0,1.0,14796.0,0.0,1.47224,48571.0,354468.0,118194.0,0.0,4752.0,9408.0,0.0,0.0,9948.0,642.0,0.0,0.321168,0.936119,0.0,0.0,0.672344,0.0638806,0.0,0.0,0.0,0.0,0.0,0.0,0.0,0.0,1.0,0.209222,6.75858e-05,-0.182481,100002.0,18.4049,100002.0,4.17325,0.0,0.0,2.0,0.0,5.0,0.0,5.0,5.0,0.0,5.0,0.0,4.7796,5433.45,3611.84,4.33348,4.17059,4.96185,9505.0,0.414057,0.400234,0.513193,10146.0,11040.4,18572.7,192.0,100102.0,100102.0,0.0,2.0,0.02,43.0,71.0,10050.0,0.0113433,0.679238,48035.0,54606200.0,36299000.0
flowshop-workers,2021,ex4,3.27461,23.8383,7.92095,0.0,0.0,0.0,0.0,0.603546,0.618484,0.0,1.11916,1.30111,1.13874,62993.9,150030.0,4.0,49.8362,16.6121,2.0,2.0,1.0,37228.0,0.0,1.48514,122808.0,887452.0,294881.0,0.0,12141.0,24156.0,0.0,0.0,24898.0,911.0,0.0,0.326125,0.963657,0.0,0.0,0.668798,0.0363426,0.0,0.0,0.0,0.0,0.0,0.0,0.0,0.0,1.0,0.205624,2.68615e-05,-0.159589,100002.0,34.7079,100002.0,5.80893,0.0,0.0,2.0,0.0,5.0,0.0,5.0,5.0,0.0,5.0,0.0,4.86325,2881.25,1615.96,4.97763,5.80277,7.332,24346.0,0.257307,0.246577,0.33437,25187.0,27348.0,36336.8,252.0,100502.0,100502.0,0.0,2.0,0.0153846,47.0,97.0,25067.0,0.0057446,0.673337,121907.0,72224300.0,40507200.0
flowshop-workers,2021,real_ex2,3.26981,23.8258,7.92351,0.0,0.0,0.0,0.0,0.603861,0.618284,0.0,1.13025,1.31718,1.15482,57291.7,136590.0,4.0,49.8304,16.6101,2.0,2.0,1.0,33909.0,0.0,1.48262,111764.0,807910.0,268678.0,0.0,11040.0,21960.0,0.0,0.0,22689.0,911.0,0.0,0.325577,0.960168,0.0,0.0,0.669114,0.0398321,0.0,0.0,0.0,0.0,0.0,0.0,0.0,0.0,1.0,0.206275,2.94907e-05,-0.163481,100002.0,31.2756,100002.0,5.50471,0.0,0.0,2.0,0.0,5.0,0.0,5.0,5.0,0.0,5.0,0.0,4.84789,3197.44,1837.76,4.85515,5.49995,6.8656,22141.0,0.273685,0.255924,0.347684,22991.0,24997.1,34281.4,240.0,100102.0,100102.0,0.0,2.0,0.016129,45.0,99.0,22871.0,0.00629618,0.674482,110876.0,73128700.0,42031400.0
fox-geese-corn,2019,fgc_06_07_08_00,3.12713,6.32943,1.93771,0.0,0.0,0.0,0.553879,0.724011,0.0,0.0,1.91201,4.46191,1.54544,1150.56,1790.87,17.0,54.7188,4.16419,2.0,2.0,1.0,763.0,0.0,0.998691,2379.0,4829.36,1478.48,30.0,90.0,387.0,0.0,0.0,493.0,377.0,0.0393185,0.117955,0.506545,0.0,0.0,0.646134,0.493455,0.0550459,0.0,42.0,0.0,1.0,63.0,0.015873,0.0825688,1.0,0.320201,0.00131062,-0.949451,205.0,43.982,205.0,24.849,0.0,0.0,3.0,0.0,5.0,5.0,5.0,5.0,0.0,0.0,0.0,3.12304,4.66099,1.92219,0.715992,1.72973,3.89312,553.0,1.73814,2.07417,1.48197,901.0,1083.67,1335.55,33.0,205.0,205.0,0.0,2.0,0.4,196.0,150.0,764.0,0.45288,1.00131,2386.0,3561.0,1468.55
fox-geese-corn,2019,fgc_50_50_50_00,3.14414,9.49352,2.78342,0.0,0.0,0.0,0.636104,1.10977,0.508084,0.0,1.90208,3.76623,2.35352,2692.3,4876.82,37.0,209.377,6.85427,2.0,2.0,1.0,1783.0,0.0,0.999439,5559.0,16926.9,4962.85,70.0,210.0,907.0,0.0,0.0,1153.0,877.0,0.0392597,0.117779,0.508408,0.0,0.0,0.646663,0.491592,0.057207,0.0,102.0,0.0,1.0,143.0,0.00699301,0.0802019,1.0,0.31823,0.000560852,-0.809742,1351.0,80.6324,1351.0,34.2678,0.0,0.0,3.0,0.0,5.0,5.0,5.0,5.0,0.0,0.0,0.0,3.14238,16.755,6.20991,0.841959,2.32383,5.32384,1293.0,1.73039,1.66903,1.96721,2101.0,2538.39,4317.66,73.0,1351.0,1351.0,0.0,2.0,0.4,456.0,310.0,1784.0,0.429372,1.00056,5606.0,29891.0,11078.5
fox-geese-corn,2019,foxgeesecorn_13,3.12294,5.60251,1.7283,0.0,0.0,0.0,0.554622,0.837199,0.0,0.0,1.89861,3.98175,1.44535,2378.67,3443.62,33.0,106.438,4.07867,2.0,2.0,1.0,1578.0,0.0,0.999367,4919.0,8840.76,2727.26,62.0,186.0,803.0,0.0,0.0,1021.0,776.0,0.0392902,0.117871,0.50855,0.0,0.0,0.647022,0.49145,0.0570342,0.0,90.0,0.0,1.0,126.0,0.00793651,0.0798479,1.0,0.320414,0.000633714,-0.865879,67.0,17.278,67.0,19.0321,0.0,0.0,3.0,0.0,5.0,5.0,5.0,5.0,0.0,0.0,0.0,3.12096,3.87777,1.49846,0.784851,0.855292,1.3347,1144.0,1.72882,1.55734,1.68385,1828.0,2238.52,2539.2,64.0,67.0,67.0,0.0,2.0,0.222222,373.0,276.0,1579.0,0.41102,1.00063,4928.0,6123.0,2366.07
fox-geese-corn,2019,foxgeesecorn_54,2.99355,12.3712,3.86853,0.0,0.0,0.0,0.47242,0.791998,0.578015,0.0,1.84022,4.70972,2.68497,226.56,467.546,11.0,32.9659,8.18668,2.0,2.0,1.0,155.0,0.0,0.99359,483.0,1917.54,599.623,6.0,18.0,77.0,0.0,0.0,99.0,79.0,0.0387097,0.116129,0.49359,0.0,0.0,0.63871,0.50641,0.0516129,0.0,8.0,0.0,1.0,15.0,0.0666667,0.0967742,1.0,0.336207,0.00645161,-1.1399,2264.0,26.7442,2264.0,10.5318,0.0,0.0,3.0,0.0,5.0,5.0,5.0,5.0,0.0,0.0,0.0,2.97436,84.6538,39.4286,0.582327,2.44442,4.68784,113.0,1.67326,2.20226,2.88573,173.0,214.073,510.585,10.0,2264.0,2264.0,0.0,2.0,0.4,31.0,51.0,156.0,0.525641,1.00645,464.0,13206.0,6150.86
fox-geese-corn,2019,foxgeesecorn_60,3.1334,7.03665,2.12905,0.0,0.0,0.0,0.55277,0.803913,0.0,0.0,1.90879,4.12159,1.6159,1459.15,2373.39,21.0,78.3307,3.91592,2.0,2.0,1.0,967.0,0.0,0.998967,3015.0,6804.44,2058.8,38.0,114.0,491.0,0.0,0.0,625.0,477.0,0.0392968,0.11789,0.507231,0.0,0.0,0.646329,0.492769,0.0558428,0.0,54.0,0.0,1.0,79.0,0.0126582,0.081696,1.0,0.319472,0.00103413,-0.952639,33.0,5.94971,33.0,5.18823,0.0,0.0,3.0,0.0,5.0,5.0,5.0,5.0,0.0,0.0,0.0,3.13017,5.54649,2.05743,0.714361,0.954028,1.19056,701.0,1.73562,1.93588,1.72532,1141.0,1374.7,1829.62,41.0,33.0,33.0,0.0,2.0,0.4,248.0,182.0,968.0,0.444215,1.00103,3030.0,5369.0,1991.59
fox-geese-corn,2024,fgc_06_26_08_00,3.13904,6.64618,2.00529,0.0,0.0,0.0,0.551777,0.927512,0.0,0.0,1.90549,4.46839,1.85414,1921.75,3003.83,27.0,128.328,4.75489,2.0,2.0,1.0,1273.0,0.0,0.999215,3969.0,8460.59,2552.74,50.0,150.0,647.0,0.0,0.0,823.0,627.0,0.0392773,0.117832,0.507849,0.0,0.0,0.646504,0.492151,0.0565593,0.0,72.0,0.0,1.0,103.0,0.00970874,0.0809112,1.0,0.318819,0.000785546,-0.872254,153.0,25.4534,153.0,16.751,0.0,0.0,3.0,0.0,5.0,5.0,5.0,5.0,0.0,0.0,0.0,3.13658,6.01099,2.26853,0.780943,1.45982,2.29054,923.0,1.73304,2.02827,1.95878,1501.0,1811.14,2326.28,53.0,153.0,153.0,0.0,2.0,0.333333,326.0,230.0,1274.0,0.436421,1.00079,3996.0,7658.0,2890.11
fox-geese-corn,2024,fgc_20_20_22_00,3.12713,8.00996,2.39213,0.0,0.0,0.0,0.553879,0.837482,0.418037,0.0,1.91201,4.20455,1.90243,1150.56,1965.32,17.0,76.377,5.39491,2.0,2.0,1.0,763.0,0.0,0.998691,2379.0,6111.6,1825.2,30.0,90.0,387.0,0.0,0.0,493.0,377.0,0.0393185,0.117955,0.506545,0.0,0.0,0.646134,0.493455,0.0550459,0.0,42.0,0.0,1.0,63.0,0.015873,0.0825688,1.0,0.320201,0.00131062,-0.949451,309.0,35.7366,309.0,20.6284,0.0,0.0,3.0,0.0,5.0,5.0,5.0,5.0,0.0,0.0,0.0,3.12304,8.6466,3.33719,0.715992,1.68392,3.52013,553.0,1.73814,1.94326,2.01308,901.0,1083.67,1618.08,33.0,309.0,309.0,0.0,2.0,0.4,196.0,150.0,764.0,0.45288,1.00131,2386.0,6606.0,2549.62
fox-geese-corn,2024,foxgeesecorn_17,3.14414,8.56293,2.51762,0.0,0.0,0.0,0.636104,1.12621,0.397201,0.0,1.90208,4.44779,2.03345,2692.3,4662.57,37.0,198.042,6.45161,2.0,2.0,1.0,1783.0,0.0,0.999439,5559.0,15267.7,4488.91,70.0,210.0,907.0,0.0,0.0,1153.0,877.0,0.0392597,0.117779,0.508408,0.0,0.0,0.646663,0.491592,0.057207,0.0,102.0,0.0,1.0,143.0,0.00699301,0.0802019,1.0,0.31823,0.000560852,-0.809742,1018.0,81.0366,1018.0,34.7946,0.0,0.0,3.0,0.0,5.0,5.0,5.0,5.0,0.0,0.0,0.0,3.14238,12.5622,4.68849,0.841959,2.30026,5.28938,1293.0,1.73039,1.92362,2.23183,2101.0,2538.39,4005.83,73.0,1018.0,1018.0,0.0,2.0,0.4,456.0,310.0,1784.0,0.429372,1.00056,5606.0,22411.0,8364.26
fox-geese-corn,2024,foxgeesecorn_19,3.14414,8.97308,2.64202,0.0,0.0,0.0,0.636104,1.09193,0.378499,0.0,1.90208,4.49812,2.15715,2692.3,4779.78,37.0,198.042,6.45055,2.0,2.0,1.0,1783.0,0.0,0.999439,5559.0,15999.0,4710.72,70.0,210.0,907.0,0.0,0.0,1153.0,877.0,0.0392597,0.117779,0.508408,0.0,0.0,0.646663,0.491592,0.057207,0.0,102.0,0.0,1.0,143.0,0.00699301,0.0802019,1.0,0.31823,0.000560852,-0.809742,1015.0,77.2607,1015.0,34.3031,0.0,0.0,3.0,0.0,5.0,5.0,5.0,5.0,0.0,0.0,0.0,3.14238,13.1373,4.89026,0.841959,2.22314,5.07527,1293.0,1.73039,2.11358,2.0953,2101.0,2538.39,4114.86,73.0,1015.0,1015.0,0.0,2.0,0.4,456.0,310.0,1784.0,0.429372,1.00056,5606.0,23437.0,8724.22
fox-geese-corn,2024,foxgeesecorn_61,3.09848,8.60238,2.59498,0.0,0.0,0.0,0.456422,0.805382,0.385359,0.0,1.89363,4.50507,2.16052,1679.31,2963.09,24.0,123.432,5.72792,2.0,2.0,1.0,1117.0,0.0,0.999106,3481.0,9608.86,2898.6,44.0,132.0,569.0,0.0,0.0,723.0,549.0,0.0393912,0.118174,0.508945,0.0,0.0,0.647269,0.491055,0.0564011,0.0,63.0,0.0,1.0,89.0,0.011236,0.0796777,1.0,0.323028,0.000895255,-0.937228,36.0,2.96443,36.0,1.40817,0.0,0.0,3.0,0.0,5.0,5.0,5.0,5.0,0.0,0.0,0.0,3.09571,12.144,4.23102,0.722313,1.39502,1.54985,809.0,1.69785,2.11437,2.18047,1272.0,1578.24,2544.67,45.0,59.0,36.0,0.0,2.0,0.4,243.0,200.0,1118.0,0.396243,1.0009,3461.0,13577.0,4730.28
freepizza,2015,pizza27,2.66968,5.44875,1.93759,0.0,0.0,0.0,1.05946,0.6867,0.0,0.0,0.957768,1.11361,0.928615,70514.8,113819.0,181.0,199.81,2.44662,2.0,2.0,1.0,51584.0,0.0,1.44708,169241.0,281068.0,99948.8,0.0,16109.0,33842.0,0.0,0.0,33851.0,1805.0,0.0,0.312287,0.949365,0.0,0.0,0.656231,0.0506354,0.0,0.0,0.0,0.0,0.0,0.0,0.0,0.0,1.0,0.25885,1.93859e-05,-0.110699,919184.0,33039.2,919184.0,188.801,0.0,0.0,2.0,0.0,1.0,1.0,1.0,1.0,0.0,0.0,0.0,3.86324,27.821,26.774,6.69516,174.989,181.832,35467.0,0.18973,0.0462569,0.0462569,37630.0,37423.0,36056.4,367.0,919184.0,919184.0,0.0,2.0,0.0245232,2348.0,920.0,35647.0,0.0916767,0.691048,137713.0,991736.0,954413.0
freepizza,2015,pizza39,2.67317,6.51245,2.3072,0.0,0.0,0.0,1.39971,0.76776,0.0,0.0,0.978807,1.20696,0.935434,81520.1,143778.0,191.0,209.914,3.05831,2.0,2.0,1.0,60352.0,0.0,1.41761,195779.0,393039.0,139244.0,0.0,17953.0,39144.0,0.0,0.0,39161.0,3429.0,0.0,0.297472,0.919456,0.0,0.0,0.648877,0.080544,0.0,0.0,0.0,0.0,0.0,0.0,0.0,0.0,1.0,0.263886,1.65695e-05,-0.106582,987969.0,39091.3,987969.0,206.33,0.0,0.0,2.0,0.0,1.0,1.0,1.0,1.0,0.0,0.0,0.0,3.78951,25.2734,24.1902,6.90656,189.455,197.939,42383.0,0.264765,0.0416648,0.0416648,46946.0,44912.3,43178.5,395.0,987969.0,987969.0,0.0,2.0,0.043038,4762.0,778.0,42573.0,0.130129,0.705412,161331.0,1075960.0,1029850.0
freepizza,2015,pizza45,2.67031,5.41894,1.93038,0.0,0.0,0.0,1.05921,0.690478,0.0,0.0,0.967242,1.15199,0.931296,43186.0,69638.0,141.0,159.483,2.44662,2.0,2.0,1.0,31724.0,0.0,1.43372,103641.0,171910.0,61239.5,0.0,9729.0,20722.0,0.0,0.0,20731.0,1405.0,0.0,0.306676,0.936503,0.0,0.0,0.65348,0.0634971,0.0,0.0,0.0,0.0,0.0,0.0,0.0,0.0,1.0,0.2612,3.15219e-05,-0.125248,732858.0,20840.7,732858.0,148.748,0.0,0.0,2.0,0.0,1.0,1.0,1.0,1.0,0.0,0.0,0.0,3.82849,35.1647,34.1059,5.89872,140.101,144.451,21987.0,0.227716,0.056031,0.056031,23670.0,23459.0,22449.3,287.0,732858.0,732858.0,0.0,2.0,0.0313589,1828.0,857.0,22127.0,0.121345,0.697485,84713.0,778090.0,754660.0
freepizza,2015,pizza6,2.61594,4.80768,1.91334,0.0,0.0,0.0,0.662114,0.624002,0.0,0.0,0.936439,1.72495,1.01711,673.236,1088.07,11.0,19.1059,3.16529,2.0,2.0,1.0,552.0,0.0,1.10621,1511.0,2653.84,1056.17,0.0,45.0,289.0,0.0,0.0,308.0,210.0,0.0,0.0815217,0.579158,0.0,0.0,0.557971,0.420842,0.0,0.0,0.0,0.0,0.0,0.0,0.0,0.0,1.0,0.345568,0.00181159,-0.394882,551.0,160.133,551.0,22.2247,0.0,0.0,2.0,0.0,1.0,1.0,1.0,1.0,0.0,0.0,0.0,2.89379,3.44088,2.02766,1.65729,7.16019,12.1306,489.0,0.866059,0.162457,0.02085,655.0,596.836,539.585,37.0,551.0,551.0,0.0,2.0,0.513514,186.0,57.0,499.0,0.486974,0.903986,1444.0,1717.0,1011.8
freepizza,2015,pizza78,2.67212,6.32539,2.23978,0.0,0.0,0.0,1.34932,0.758188,0.0,0.0,0.971537,1.17549,1.17156,89140.2,154893.0,201.0,219.82,2.93793,2.0,2.0,1.0,65717.0,0.0,1.42841,214047.0,415685.0,147191.0,0.0,19896.0,42799.0,0.0,0.0,42814.0,3208.0,0.0,0.302753,0.930271,0.0,0.0,0.65149,0.0697285,0.0,0.0,0.0,0.0,0.0,0.0,0.0,0.0,1.0,0.261993,1.52168e-05,-0.104258,925560.0,41740.3,925560.0,214.49,0.0,0.0,2.0,0.0,1.0,1.0,1.0,1.0,0.0,0.0,0.0,3.8169,22.1743,21.1034,7.07866,194.598,204.473,45807.0,0.238893,0.0407325,0.0407325,50013.0,48367.0,46607.2,413.0,925560.0,925560.0,0.0,2.0,0.0363196,4414.0,618.0,46007.0,0.109375,0.700078,175604.0,1020170.0,970904.0
gametes,2023,gamete_nl20_m30_12983649,6.33554,8.10729,1.52651,0.0,0.0,0.0,1.72905,1.52071,0.0,0.0,1.81397,2.7481,1.11018,47485.2,58208.9,41.0,117.0,3.86911,1.0,1.0,1.0,26986.0,0.0,1.08968,80260.0,218783.0,41194.3,3351.0,5512.0,16016.0,0.0,0.0,14438.0,8749.0,0.124175,0.204254,0.646719,0.0,0.0,0.535018,0.353281,0.00433558,0.0,117.0,0.0,4.0,3568.0,0.00112108,0.132217,1.0,0.144849,3.70563e-05,-0.261936,40.0,6.76418,40.0,3.03667,0.0,1.0,2.0,1.0,0.0,0.0,1.0,1.0,0.0,0.0,0.0,6.90374,5.91351,2.14012,3.26473,1.89819,1.68474,19581.0,1.51243,0.659717,0.961598,29426.0,35746.5,36471.9,146.0,40.0,40.0,0.0,2.0,0.0136986,9455.0,170.0,24765.0,0.388653,0.917698,170971.0,146448.0,53000.1
gametes,2023,gamete_nl20_m30_778477,6.42932,8.18868,1.51665,0.0,0.0,0.0,1.72499,1.52038,0.0,0.0,1.82328,2.65364,1.0643,47189.2,57474.6,41.0,90.5552,3.86911,1.0,1.0,1.0,26626.0,0.0,1.087,79180.0,218032.0,40382.2,3351.0,5422.0,15926.0,0.0,0.0,14258.0,8569.0,0.125854,0.203636,0.650174,0.0,0.0,0.535492,0.349826,0.0043942,0.0,117.0,0.0,4.0,3478.0,0.00115009,0.130624,1.0,0.143089,3.75573e-05,-0.261865,40.0,6.72307,40.0,2.99796,0.0,1.0,2.0,1.0,0.0,0.0,1.0,1.0,0.0,0.0,0.0,6.98865,5.94966,2.15303,3.27233,1.90898,1.73785,19401.0,1.53034,0.636497,0.896585,29156.0,35406.8,35953.7,146.0,40.0,40.0,0.0,2.0,0.0136986,9455.0,161.0,24495.0,0.39257,0.919965,171187.0,145737.0,52738.5
gametes,2023,gamete_nl20_m40_10408565,6.91547,8.92251,1.5929,0.0,0.0,0.0,1.69871,1.46558,0.627785,0.0,1.81883,2.75998,1.15221,53665.2,66775.7,41.0,100.814,3.86911,1.0,1.0,1.0,29610.0,0.0,1.10762,88132.0,264196.0,47165.8,3351.0,6168.0,16672.0,0.0,0.0,15750.0,10061.0,0.113171,0.208308,0.623649,0.0,0.0,0.531915,0.376351,0.00395137,0.0,117.0,0.0,4.0,4224.0,0.00094697,0.142655,1.0,0.130553,3.37724e-05,-0.239999,40.0,6.05216,40.0,2.75403,0.0,1.0,2.0,1.0,0.0,0.0,1.0,1.0,0.0,0.0,0.0,7.65971,6.60921,2.37856,3.62271,1.83446,1.68169,20893.0,1.43004,0.688618,0.860587,31394.0,38175.9,41333.5,168.0,40.0,40.0,0.0,2.0,0.0119048,9455.0,164.0,26733.0,0.359817,0.902837,204767.0,176684.0,63586.1
gametes,2023,gamete_nl7_m10_134,3.61333,4.56852,1.30312,0.0,0.0,0.0,0.830258,0.875558,0.0,0.0,1.91454,2.88081,0.957001,4952.24,5837.73,15.0,30.1851,2.83593,1.0,1.0,1.0,3150.0,0.0,1.08733,9220.0,14390.8,4104.83,439.0,671.0,1971.0,0.0,0.0,1636.0,926.0,0.139365,0.213016,0.680359,0.0,0.0,0.519365,0.319641,0.012381,0.0,39.0,0.0,4.0,365.0,0.0109589,0.115873,1.0,0.254525,0.00031746,-0.457416,14.0,4.70074,14.0,3.67392,0.0,1.0,2.0,1.0,0.0,0.0,1.0,1.0,0.0,0.0,0.0,3.92889,2.97825,1.16349,1.62975,1.0073,0.859482,2333.0,1.62092,0.748853,0.994188,3242.0,4112.17,3642.83,41.0,14.0,14.0,0.0,2.0,0.0487805,941.0,46.0,2897.0,0.340697,0.919683,11382.0,8628.0,3370.63
gametes,2023,gamete_nl7_m10_181,3.56976,4.58847,1.33227,0.0,0.0,0.0,0.840393,0.871751,0.0,0.0,1.89294,3.06883,0.992045,5071.45,6074.96,15.0,36.4956,2.83593,1.0,1.0,1.0,3254.0,0.0,1.09378,9532.0,14930.9,4335.21,439.0,697.0,1997.0,0.0,0.0,1688.0,978.0,0.134911,0.214198,0.671261,0.0,0.0,0.518746,0.328739,0.0119852,0.0,39.0,0.0,4.0,391.0,0.0102302,0.12016,1.0,0.256112,0.000307314,-0.459248,14.0,4.61854,14.0,3.65625,0.0,1.0,2.0,1.0,0.0,0.0,1.0,1.0,0.0,0.0,0.0,3.90454,3.03126,1.18181,1.6198,0.989687,0.84616,2385.0,1.59558,0.771906,1.11224,3320.0,4203.4,3798.77,41.0,14.0,14.0,0.0,2.0,0.0487805,941.0,52.0,2975.0,0.333782,0.914259,11616.0,9018.0,3515.88
gbac,2016,UD3-gbac,3.08702,19.3996,6.48976,0.0,0.0,0.0,3.59263,6.08544,0.706124,0.0,0.718488,2.8565,2.03344,3087.44,9160.9,478.0,5993.94,15.4997,2.0,2.0,1.0,2666.0,0.0,1.31395,7860.0,51719.3,17301.7,0.0,0.0,198.0,0.0,0.0,2408.0,1831.0,0.0,0.0,0.097585,0.0,0.0,0.903226,0.902415,0.0,0.0,0.0,0.0,2.0,60.0,0.0333333,0.0225056,1.0,0.246537,0.000375094,-0.489381,465725000.0,1012.93,465725000.0,0.0,0.0,1.0,2.0,0.0,1.0,0.0,1.0,1.0,0.0,0.0,0.0,4.05619,459779.0,344626.0,1.53962,0.0,0.0,1514.0,1.79089,2.41712,2.64529,3330.0,2987.12,18477.3,70.0,465725000.0,465725000.0,0.0,2.0,0.128571,2054.0,1221.0,2029.0,1.6141,0.761065,8230.0,932891000.0,699247000.0
gbac,2016,UD5-gbac,3.8461,22.5007,6.93259,0.0,0.0,0.0,3.0983,4.82325,0.735515,0.0,0.925036,3.36484,2.2235,1902.39,5332.22,349.0,4148.99,15.9504,2.0,2.0,1.0,1527.0,0.0,0.992848,4479.0,34358.6,10586.1,0.0,0.0,162.0,0.0,0.0,1305.0,1376.0,0.0,0.0,0.105332,0.0,0.0,0.854617,0.894668,0.0,0.0,0.0,0.0,2.0,60.0,0.0333333,0.0392927,1.0,0.261876,0.000654879,-0.664349,473782000.0,768.04,473782000.0,0.0,0.0,1.0,2.0,0.0,1.0,0.0,1.0,1.0,0.0,0.0,0.0,3.8186,616872.0,462429.0,1.11105,0.0,0.0,1070.0,2.08865,2.49242,2.78607,2760.0,2350.49,12958.9,48.0,473782000.0,473782000.0,0.0,2.0,0.125,1974.0,1257.0,1538.0,2.10078,1.0072,5873.0,948749000.0,711216000.0
gbac,2016,reduced_UD10-gbac,2.9824,17.8008,6.13304,0.0,0.0,0.0,3.07308,3.69106,0.652205,0.0,1.05001,3.53818,2.16243,751.862,2074.6,201.0,1627.78,12.4511,2.0,2.0,1.0,625.0,0.0,0.865651,1795.0,11125.5,3833.15,0.0,0.0,110.0,0.0,0.0,485.0,612.0,0.0,0.0,0.152355,0.0,0.0,0.776,0.847645,0.0,0.0,0.0,0.0,2.0,30.0,0.0666667,0.048,1.0,0.387339,0.0016,-1.58172,8987150.0,358.719,8987150.0,0.0,0.0,1.0,2.0,0.0,1.0,0.0,1.0,1.0,0.0,0.0,0.0,2.58172,25053.5,18743.8,0.387339,0.0,0.0,582.0,1.38725,2.43657,2.5656,1085.0,916.719,4861.9,14.0,8987150.0,8987150.0,0.0,2.0,0.428571,555.0,304.0,722.0,1.18975,1.1552,1864.0,18088600.0,13533100.0
gbac,2016,reduced_UD3-gbac,2.95539,20.8554,7.15399,0.0,0.0,0.0,4.38571,5.86884,0.523017,0.0,0.995205,3.52096,1.99592,1927.57,5921.61,478.0,4898.58,12.5669,2.0,2.0,1.0,1614.0,0.0,0.870081,4696.0,33660.6,11546.5,0.0,0.0,198.0,0.0,0.0,1364.0,1657.0,0.0,0.0,0.106739,0.0,0.0,0.845105,0.893261,0.0,0.0,0.0,0.0,2.0,52.0,0.0384615,0.0322181,1.0,0.388889,0.000619579,-0.907265,30938200.0,921.943,30938200.0,0.0,0.0,1.0,2.0,0.0,1.0,0.0,1.0,1.0,0.0,0.0,0.0,2.57143,33557.6,25109.5,0.673575,0.0,0.0,1514.0,1.15499,2.39253,2.5846,2639.0,2281.52,14650.8,27.0,30938200.0,30938200.0,0.0,2.0,0.333333,1189.0,668.0,1855.0,1.00108,1.14932,4770.0,62249400.0,46578100.0
gbac,2016,reduced_UD6-gbac,3.01365,16.7704,5.79399,0.0,0.0,0.0,3.00479,3.60791,0.690371,0.0,1.11588,3.5423,2.07511,715.423,1872.27,191.0,1453.25,12.3719,2.0,2.0,1.0,586.0,0.0,0.865583,1686.0,9827.48,3395.28,0.0,0.0,110.0,0.0,0.0,438.0,567.0,0.0,0.0,0.162482,0.0,0.0,0.74744,0.837518,0.0,0.0,0.0,0.0,2.0,38.0,0.0526316,0.0648464,1.0,0.383352,0.00170648,-1.60857,7442110.0,336.286,7442110.0,0.0,0.0,1.0,2.0,0.0,1.0,0.0,1.0,1.0,0.0,0.0,0.0,2.60857,22130.3,16555.4,0.383352,0.0,0.0,542.0,1.45432,2.43654,2.47072,1063.0,869.737,4319.26,11.0,7442110.0,7442110.0,0.0,2.0,0.363636,578.0,306.0,677.0,1.30576,1.15529,1766.0,14982200.0,11208000.0
gbac,2017,UD2-gbac,3.68577,21.2353,6.65914,0.0,0.0,0.0,3.10533,4.13761,0.780304,0.0,0.914095,3.48388,2.31159,1252.55,3397.7,279.0,2722.58,15.8428,2.0,2.0,1.0,1012.0,0.0,0.853288,2918.0,21490.2,6739.05,0.0,0.0,158.0,0.0,0.0,814.0,1028.0,0.0,0.0,0.133221,0.0,0.0,0.804348,0.866779,0.0,0.0,0.0,0.0,2.0,40.0,0.05,0.0395257,1.0,0.317962,0.000988142,-0.959284,276883000.0,592.221,276883000.0,0.0,0.0,1.0,2.0,0.0,1.0,0.0,1.0,1.0,0.0,0.0,0.0,3.14503,467534.0,350471.0,0.710986,0.0,0.0,798.0,1.92588,2.47548,2.74214,1909.0,1700.98,8651.1,21.0,276883000.0,276883000.0,0.0,2.0,0.285714,1381.0,824.0,1186.0,1.85919,1.17194,3730.0,554496000.0,415659000.0
gbac,2017,UD4-gbac,3.5718,20.9342,6.63728,0.0,0.0,0.0,2.45673,3.55773,0.706677,0.0,0.981788,3.5257,2.22669,955.693,2661.83,177.0,1999.64,14.7744,2.0,2.0,1.0,766.0,0.0,0.980794,2250.0,16035.6,5084.16,0.0,0.0,80.0,0.0,0.0,654.0,701.0,0.0,0.0,0.102433,0.0,0.0,0.853786,0.897567,0.0,0.0,0.0,0.0,2.0,32.0,0.0625,0.0417755,1.0,0.285453,0.00130548,-0.694263,83030500.0,389.665,83030500.0,0.0,0.0,1.0,2.0,0.0,1.0,0.0,1.0,1.0,0.0,0.0,0.0,3.5032,213082.0,159678.0,1.02922,0.0,0.0,546.0,1.89582,2.55239,2.88199,1719.0,1141.76,6228.23,32.0,83030500.0,83030500.0,0.0,2.0,0.1875,1314.0,610.0,781.0,2.46351,1.01958,2736.0,166417000.0,124709000.0
gbac,2017,UD5-gbac,3.8461,22.5007,6.93259,0.0,0.0,0.0,3.0983,4.82325,0.735515,0.0,0.925036,3.36484,2.2235,1902.39,5332.22,349.0,4148.99,15.9504,2.0,2.0,1.0,1527.0,0.0,0.992848,4479.0,34358.6,10586.1,0.0,0.0,162.0,0.0,0.0,1305.0,1376.0,0.0,0.0,0.105332,0.0,0.0,0.854617,0.894668,0.0,0.0,0.0,0.0,2.0,60.0,0.0333333,0.0392927,1.0,0.261876,0.000654879,-0.664349,473782000.0,768.04,473782000.0,0.0,0.0,1.0,2.0,0.0,1.0,0.0,1.0,1.0,0.0,0.0,0.0,3.8186,616872.0,462429.0,1.11105,0.0,0.0,1070.0,2.08865,2.49242,2.78607,2760.0,2350.49,12958.9,48.0,473782000.0,473782000.0,0.0,2.0,0.125,1974.0,1257.0,1538.0,2.10078,1.0072,5873.0,948749000.0,711216000.0
gbac,2017,UD8-gbac,3.52941,21.5176,6.89258,0.0,0.0,0.0,2.83333,3.94999,0.725418,0.0,0.97964,3.53462,2.2952,1098.38,3066.03,235.0,2474.17,15.3032,2.0,2.0,1.0,884.0,0.0,0.866667,2569.0,19021.5,6093.04,0.0,0.0,120.0,0.0,0.0,727.0,900.0,0.0,0.0,0.117647,0.0,0.0,0.822398,0.882353,0.0,0.0,0.0,0.0,2.0,37.0,0.0540541,0.0418552,1.0,0.326923,0.00113122,-0.920734,159003000.0,509.138,159003000.0,0.0,0.0,1.0,2.0,0.0,1.0,0.0,1.0,1.0,0.0,0.0,0.0,3.05882,312298.0,234069.0,0.731022,0.0,0.0,698.0,1.85663,2.50767,2.79827,1757.0,1433.25,7790.03,20.0,159003000.0,159003000.0,0.0,2.0,0.3,1269.0,666.0,1020.0,1.89706,1.15385,3120.0,318544000.0,238751000.0
gbac,2017,reduced_UD4-gbac,3.04422,18.8857,6.42598,0.0,0.0,0.0,2.66868,3.5437,0.56109,0.0,1.10978,3.43919,2.07282,727.001,2069.15,177.0,1613.44,11.79,2.0,2.0,1.0,588.0,0.0,0.867257,1714.0,11104.8,3778.48,0.0,0.0,80.0,0.0,0.0,478.0,598.0,0.0,0.0,0.117994,0.0,0.0,0.812925,0.882006,0.0,0.0,0.0,0.0,2.0,30.0,0.0666667,0.0510204,1.0,0.378771,0.00170068,-0.946923,5256660.0,336.119,5256660.0,0.0,0.0,1.0,2.0,0.0,1.0,0.0,1.0,1.0,0.0,0.0,0.0,2.64012,15639.3,11690.6,0.656051,0.0,0.0,546.0,1.29398,2.39483,2.53707,1006.0,855.443,4812.62,18.0,5256660.0,5256660.0,0.0,2.0,0.333333,498.0,257.0,678.0,1.11357,1.15306,1790.0,10603400.0,7926210.0
gbac,2020,UD10-gbac,3.42857,19.0315,6.12036,0.0,0.0,0.0,2.68903,3.69011,0.783587,0.0,0.862539,3.29247,2.27058,1005.05,2698.03,201.0,1953.13,15.1225,2.0,2.0,1.0,826.0,0.0,0.960465,2398.0,15720.0,5055.42,0.0,0.0,110.0,0.0,0.0,686.0,750.0,0.0,0.0,0.127907,0.0,0.0,0.830508,0.872093,0.0,0.0,0.0,0.0,2.0,30.0,0.0666667,0.0363196,1.0,0.303672,0.00121065,-0.866681,107125000.0,429.214,107125000.0,0.0,0.0,1.0,2.0,0.0,1.0,0.0,1.0,1.0,0.0,0.0,0.0,3.29302,249585.0,187055.0,0.803441,0.0,0.0,582.0,1.98182,2.4592,2.76538,1733.0,1254.38,6186.24,21.0,107125000.0,107125000.0,0.0,2.0,0.285714,1341.0,599.0,860.0,2.25581,1.04116,2832.0,214643000.0,160868000.0
gbac,2020,UD9-gbac,3.11336,19.067,6.34754,0.0,0.0,0.0,3.88103,6.69717,0.738934,0.0,0.679706,2.60671,1.9881,3979.09,11703.6,589.0,7386.64,15.9868,2.0,2.0,1.0,3458.0,0.0,1.39435,10192.0,65933.7,21949.8,0.0,0.0,255.0,0.0,0.0,3130.0,2225.0,0.0,0.0,0.102823,0.0,0.0,0.905147,0.897177,0.0,0.0,0.0,0.0,2.0,73.0,0.0273973,0.0211105,1.0,0.230355,0.000289184,-0.487354,876085000.0,1238.47,876085000.0,0.0,0.0,1.0,2.0,0.0,1.0,0.0,1.0,1.0,0.0,0.0,0.0,4.34113,707390.0,530288.0,1.57923,0.0,0.0,1844.0,1.87254,2.31527,2.6521,4247.0,3730.26,22809.1,78.0,876085000.0,876085000.0,0.0,2.0,0.115385,2708.0,1742.0,2480.0,1.79435,0.717178,10766.0,1754330000.0,1315120000.0
gbac,2020,reduced_UD2-gbac,3.05018,18.3197,6.25256,0.0,0.0,0.0,3.60635,4.27448,0.678545,0.0,1.00844,3.41464,2.19188,1032.18,2838.62,279.0,2272.09,13.0558,2.0,2.0,1.0,857.0,0.0,0.864783,2452.0,15700.0,5358.44,0.0,0.0,158.0,0.0,0.0,660.0,833.0,0.0,0.0,0.159435,0.0,0.0,0.770128,0.840565,0.0,0.0,0.0,0.0,2.0,39.0,0.0512821,0.0455076,1.0,0.379112,0.00116686,-1.15806,20967000.0,493.132,20967000.0,0.0,0.0,1.0,2.0,0.0,1.0,0.0,1.0,1.0,0.0,0.0,0.0,2.63774,42518.1,31829.2,0.536146,0.0,0.0,798.0,1.40133,2.39434,2.53341,1502.0,1271.88,6804.03,14.0,20967000.0,20967000.0,0.0,2.0,0.428571,779.0,441.0,991.0,1.23108,1.15636,2614.0,42135500.0,31542700.0
gbac,2020,reduced_UD5-gbac,2.96378,19.453,6.7112,0.0,0.0,0.0,3.8618,4.97709,0.577093,0.0,1.06904,3.53772,2.05325,1366.52,3995.12,349.0,3247.12,12.3384,2.0,2.0,1.0,1132.0,0.0,0.864122,3286.0,22020.8,7597.07,0.0,0.0,162.0,0.0,0.0,918.0,1148.0,0.0,0.0,0.123664,0.0,0.0,0.810954,0.876336,0.0,0.0,0.0,0.0,2.0,52.0,0.0384615,0.0459364,1.0,0.390462,0.000883392,-1.10384,16740200.0,650.647,16740200.0,0.0,0.0,1.0,2.0,0.0,1.0,0.0,1.0,1.0,0.0,0.0,0.0,2.56107,25728.5,19246.4,0.552197,0.0,0.0,1070.0,1.20838,2.41878,2.55645,1889.0,1626.07,9676.58,18.0,16740200.0,16740200.0,0.0,2.0,0.333333,875.0,487.0,1310.0,1.03969,1.15724,3355.0,33704300.0,25212800.0
gbac,2020,reduced_UD7-gbac,2.98074,21.3936,7.31685,0.0,0.0,0.0,4.81515,6.44155,0.546684,0.0,0.996467,3.39377,2.03921,2358.28,7256.63,583.0,6098.93,13.1122,2.0,2.0,1.0,1973.0,0.0,0.881197,5735.0,42209.5,14436.1,0.0,0.0,249.0,0.0,0.0,1659.0,1990.0,0.0,0.0,0.11121,0.0,0.0,0.840851,0.88879,0.0,0.0,0.0,0.0,2.0,65.0,0.0307692,0.0329448,1.0,0.380718,0.000506842,-0.81331,61285900.0,1114.29,61285900.0,0.0,0.0,1.0,2.0,0.0,1.0,0.0,1.0,1.0,0.0,0.0,0.0,2.62662,54999.8,41175.1,0.761435,0.0,0.0,1832.0,1.16296,2.32748,2.52108,3248.0,2770.29,18236.2,32.0,61285900.0,61285900.0,0.0,2.0,0.28125,1492.0,847.0,2239.0,1.04466,1.13482,5881.0,123145000.0,92191100.0
generalized-peacable-queens,2022,n11_q5,5.34107,13.8432,2.58503,0.0,0.0,0.0,3.02477,3.03054,0.0,0.0,1.77827,1.845,0.0835156,660.117,1250.15,126.0,336.0,4.64386,2.0,3.58496,1.79248,431.0,0.0,1.1712,1585.0,5966.42,1114.15,7.0,0.0,0.0,0.0,0.0,241.0,368.0,0.0162413,0.0,0.0,0.0,0.0,0.559165,1.0,0.0,0.0,0.0,0.0,4.0,183.0,0.0218579,0.424594,2.0,0.319722,0.00464037,-0.907262,25.0,4.00174,12.5,9.37636,0.0,0.0,3.0,0.0,1.0,1.0,1.0,1.0,0.0,0.0,0.0,6.25543,6.24728,1.80344,0.749815,0.320139,0.784175,242.0,1.67606,0.130753,1.74887,1695.0,813.876,959.976,13.0,25.0,12.5,0.0,2.0,0.461538,1579.0,43.0,368.0,4.40761,0.853828,2302.0,2299.0,663.667
generalized-peacable-queens,2022,n13_q5,5.4753,14.188,2.58575,0.0,0.0,0.0,3.55559,3.56267,0.0,0.0,1.72517,1.7766,0.0643698,884.799,1688.7,174.0,462.296,5.08746,2.0,3.58496,1.79248,587.0,0.0,1.14648,2137.0,8328.34,1517.83,7.0,0.0,0.0,0.0,0.0,337.0,512.0,0.011925,0.0,0.0,0.0,0.0,0.574106,1.0,0.0,0.0,0.0,0.0,4.0,243.0,0.0164609,0.413969,2.0,0.318606,0.00340716,-0.911933,34.0,5.42643,17.0,10.4826,0.0,0.0,3.0,0.0,1.0,1.0,1.0,1.0,0.0,0.0,0.0,6.27734,6.26562,1.80531,0.747198,0.422265,0.959418,338.0,1.65531,0.0996008,1.71223,2367.0,1135.5,1334.43,13.0,34.0,17.0,0.0,2.0,0.461538,2203.0,43.0,512.0,4.38672,0.872232,3214.0,3208.0,924.321
generalized-peacable-queens,2022,n25_q4,5.8589,13.6216,2.32353,0.0,0.0,0.0,6.69798,6.7023,0.0,0.0,1.49757,1.51524,0.00613097,2872.96,5336.82,629.0,1480.38,7.29462,2.0,3.32193,1.66096,2027.0,0.0,1.07877,7129.0,27611.0,4709.79,7.0,0.0,0.0,0.0,0.0,1249.0,1879.0,0.00345338,0.0,0.0,0.0,0.0,0.616182,1.0,0.0,0.0,0.0,0.0,4.0,771.0,0.00518807,0.380365,2.0,0.316437,0.00098668,-0.921109,157.0,29.5003,78.5,21.6683,0.0,0.0,3.0,0.0,1.0,1.0,1.0,1.0,0.0,0.0,0.0,6.32038,5.32198,1.5428,0.742109,1.3153,2.33701,1250.0,1.60923,0.0285166,1.60355,8750.0,4189.9,4381.47,13.0,157.0,78.5,0.0,2.0,0.384615,8129.0,31.0,1879.0,4.34274,0.926986,11876.0,10000.0,2898.93
generalized-peacable-queens,2022,n8_q3,5.02066,10.0899,2.00511,0.0,0.0,0.0,2.20898,2.21836,0.0,0.0,1.84234,1.96619,0.0386718,380.701,622.842,67.0,141.378,4.45943,2.0,3.0,1.5,242.0,0.0,1.24103,907.0,2441.76,485.236,7.0,0.0,0.0,0.0,0.0,127.0,195.0,0.0289256,0.0,0.0,0.0,0.0,0.524793,1.0,0.0,0.0,0.0,0.0,4.0,108.0,0.037037,0.446281,2.0,0.320988,0.00826446,-0.902003,22.0,5.15625,11.0,8.86667,0.0,0.0,3.0,0.0,1.0,1.0,1.0,1.0,0.0,0.0,0.0,6.23077,4.26667,1.25878,0.752783,0.46875,0.794422,128.0,1.73286,0.160952,1.67514,895.0,429.951,396.378,13.0,22.0,11.0,0.0,2.0,0.307692,834.0,21.0,195.0,4.38462,0.805785,1215.0,832.0,245.462
generalized-peacable-queens,2022,n9_q5,5.15719,13.3655,2.58321,0.0,0.0,0.0,2.48318,2.49274,0.0,0.0,1.833,1.92348,0.113288,466.519,875.515,86.0,229.819,4.08746,2.0,3.58496,1.79248,299.0,0.0,1.20565,1113.0,3996.28,772.38,7.0,0.0,0.0,0.0,0.0,161.0,248.0,0.0234114,0.0,0.0,0.0,0.0,0.538462,1.0,0.0,0.0,0.0,0.0,4.0,131.0,0.0305344,0.438127,2.0,0.32166,0.00668896,-0.899226,17.0,2.73944,8.5,7.63276,0.0,0.0,3.0,0.0,1.0,1.0,1.0,1.0,0.0,0.0,0.0,6.21774,6.20565,1.79518,0.75436,0.227891,0.557047,162.0,1.70792,0.180105,1.80468,1135.0,545.859,646.998,13.0,17.0,8.5,0.0,2.0,0.461538,1059.0,43.0,248.0,4.44355,0.829431,1542.0,1539.0,445.205
gfd-schedule,2015,n120f5d50m50k20,3.8842,10.7149,2.23497,0.0,0.0,0.0,2.85529,4.74416,0.447433,0.0,1.76389,4.14335,1.83314,44134.0,73051.8,122.0,672.199,5.52597,1.0,1.0,1.0,29983.0,0.0,1.87066,96382.0,321264.0,67011.1,120.0,7735.0,15425.0,0.0,0.0,21857.0,603.0,0.00400227,0.25798,0.962378,0.0,0.0,0.72898,0.0376217,0.0,0.0,0.0,0.0,3.0,271.0,0.0110701,0.00903846,0.0,0.0,0.0,-0.236992,78720.0,10237.9,0.0,126.587,0.0,5.0,2.0,0.0,5.0,0.0,5.0,5.0,0.0,0.0,0.0,7.26603,7.68904,1.06963,4.21955,80.8688,5.83846,15628.0,0.539584,0.324008,0.319045,16235.0,19545.8,17624.3,240.0,78720.0,787.0,0.0,2.0,0.00913242,978.0,119.0,16028.0,0.0684427,0.53457,116460.0,123240.0,17144.0
gfd-schedule,2015,n180f7d50m30k18,3.92361,11.2241,2.41927,0.0,0.0,0.0,3.44778,5.5339,0.413348,0.0,1.71762,4.16575,1.93962,101115.0,174592.0,182.0,1013.22,5.57646,1.0,1.0,1.0,67507.0,0.0,1.89334,217361.0,757703.0,163318.0,180.0,17423.0,34723.0,0.0,0.0,49511.0,932.0,0.00266639,0.258092,0.973861,0.0,0.0,0.73342,0.0261394,0.0,0.0,0.0,0.0,3.0,393.0,0.00763359,0.00582162,0.0,0.0,0.0,-0.19149,126080.0,20744.0,0.0,188.809,0.0,5.0,2.0,0.0,5.0,0.0,5.0,5.0,0.0,0.0,0.0,7.42872,6.07791,1.04884,5.22221,109.862,6.39584,35046.0,0.410989,0.251053,0.250499,35945.0,41576.1,38231.6,360.0,126080.0,1260.0,0.0,2.0,0.00584795,1490.0,139.0,35655.0,0.0456878,0.528167,264871.0,216708.0,37396.4
gfd-schedule,2015,n30f3d30m7k4,3.8931,9.56698,2.01789,0.0,0.0,0.0,1.40691,2.36285,0.495567,0.0,1.97292,4.18799,1.93235,3467.06,5336.39,32.0,152.958,4.82854,1.0,1.0,1.0,2245.0,0.0,1.61163,7069.0,21477.9,4530.16,30.0,607.0,1234.0,0.0,0.0,1521.0,159.0,0.013363,0.270379,0.885858,0.0,0.0,0.677506,0.114142,0.0,0.0,0.0,0.0,3.0,87.0,0.0344828,0.0387528,0.0,0.0,0.0,-0.477021,15530.0,1064.05,0.0,37.3047,0.0,5.0,2.0,0.0,5.0,0.0,5.0,5.0,0.0,0.0,0.0,6.27423,14.5951,1.14513,2.09634,28.4965,3.70493,1287.0,1.21404,0.815306,0.691251,1448.0,2037.16,1752.77,60.0,15530.0,156.0,0.0,2.0,0.0350877,253.0,32.0,1393.0,0.204594,0.62049,8740.0,20331.0,1595.17
gfd-schedule,2015,n50f7d40m10k4,3.98229,11.0658,2.31968,0.0,0.0,0.0,1.82812,2.94356,0.431094,0.0,1.83,4.4446,1.99692,9294.31,15505.1,52.0,273.816,5.29378,1.0,1.0,1.0,6042.0,0.0,1.66906,19078.0,66859.8,14015.5,50.0,1671.0,3346.0,0.0,0.0,4184.0,274.0,0.00827541,0.276564,0.924309,0.0,0.0,0.692486,0.0756906,0.0,0.0,0.0,0.0,3.0,137.0,0.0218978,0.0226746,0.0,0.0,0.0,-0.365888,38350.0,2750.79,0.0,60.1526,0.0,5.0,2.0,0.0,5.0,0.0,5.0,5.0,0.0,0.0,0.0,6.64669,13.9414,1.16158,2.73308,45.7136,5.51241,3440.0,0.925404,0.639346,0.587406,3707.0,4912.89,4368.65,100.0,38350.0,384.0,0.0,2.0,0.0206186,428.0,43.0,3620.0,0.13011,0.599139,24061.0,50468.0,4204.93
gfd-schedule,2015,n75f5d30m20k20,3.75974,8.93,1.93207,0.0,0.0,0.0,2.22531,3.8189,0.51758,0.0,1.83684,4.00442,1.74784,15898.4,24237.9,77.0,362.008,4.73149,1.0,1.0,1.0,11059.0,0.0,1.9193,35069.0,98756.9,21366.7,74.0,2993.0,5431.0,0.0,0.0,7830.0,331.0,0.00669138,0.270639,0.942555,0.0,0.0,0.708021,0.0574453,0.0,0.0,0.0,0.0,3.0,162.0,0.0185185,0.0146487,0.0,0.0,0.0,-0.31227,33675.0,3901.07,0.0,75.8945,0.0,5.0,2.0,0.0,5.0,0.0,5.0,5.0,0.0,0.0,0.0,7.21607,8.63225,1.04853,3.20236,51.3881,4.26516,5524.0,0.850666,0.433449,0.493626,5911.0,7779.88,6520.9,150.0,33675.0,337.0,0.0,2.0,0.0163934,584.0,109.0,5762.0,0.120271,0.521024,41579.0,49739.0,6041.62
gfd-schedule,2016,n180f7d50m30k18,4.95326,17.0644,2.14787,0.0,0.0,0.0,4.70445,6.16263,0.0,0.0,0.829165,5.3867,1.78793,24648.3,48204.5,356.0,1179.7,11.5783,1.0,1.0,1.0,24261.0,0.0,3.33118,70839.0,414000.0,52109.4,180.0,2542.0,5136.0,0.0,0.0,21139.0,2147.0,0.00741931,0.104777,0.705204,0.0,0.0,0.871316,0.294796,0.0,0.0,0.0,0.0,4.0,400.0,0.01,0.0164874,1.0,0.0606053,4.12184e-05,-0.336564,126080.0,5740.3,126080.0,85.3287,0.0,5.0,2.0,0.0,5.0,0.0,5.0,5.0,0.0,0.0,0.0,16.5002,21.964,18.3595,2.79114,67.261,80.464,5460.0,2.01003,0.942702,0.831357,10093.0,13401.1,9859.57,188.0,126080.0,126080.0,0.0,2.0,0.010989,2705.0,1443.0,7283.0,0.569546,0.300194,120171.0,159964.0,133712.0
gfd-schedule,2016,n25f5d20m10k3,3.68667,8.60006,1.62872,0.0,0.0,0.0,1.71552,2.57393,0.0,0.0,1.01871,3.67121,1.55589,1498.28,2176.37,49.0,131.275,7.94819,1.0,1.0,1.0,1200.0,0.0,1.51899,3414.0,10320.1,1954.47,25.0,270.0,543.0,0.0,0.0,832.0,247.0,0.0208333,0.225,0.687342,0.0,0.0,0.693333,0.312658,0.0,0.0,0.0,0.0,4.0,73.0,0.0547945,0.0608333,1.0,0.178571,0.000833333,-0.561979,7725.0,584.667,7725.0,28.0849,0.0,5.0,2.0,0.0,5.0,0.0,5.0,5.0,0.0,0.0,0.0,5.6,13.2127,10.7321,1.46167,20.7823,25.5904,587.0,2.15969,1.14059,0.854024,1080.0,1348.91,1063.41,31.0,7725.0,7725.0,0.0,2.0,0.0740741,328.0,154.0,790.0,0.610127,0.658333,4424.0,10438.0,8478.32
gfd-schedule,2016,n35f5d20m10k3,3.85866,9.31771,1.74124,0.0,0.0,0.0,2.04061,2.92737,0.0,0.0,0.87344,4.14785,1.63699,2422.99,3711.85,69.0,185.105,8.34078,1.0,1.0,1.0,1981.0,0.0,1.59501,5617.0,18458.4,3449.39,35.0,444.0,891.0,0.0,0.0,1409.0,351.0,0.0176678,0.224129,0.717391,0.0,0.0,0.711257,0.282609,0.0,0.0,0.0,0.0,4.0,93.0,0.0430108,0.046946,1.0,0.16248,0.000504796,-0.496001,9835.0,876.575,9835.0,35.2227,0.0,5.0,2.0,0.0,5.0,0.0,5.0,5.0,0.0,0.0,0.0,6.15459,11.2198,8.85786,1.68855,24.8583,31.4902,955.0,2.10558,1.02851,0.828663,1646.0,2098.06,1627.87,41.0,9835.0,9835.0,0.0,2.0,0.0540541,462.0,208.0,1242.0,0.539452,0.626956,7644.0,13935.0,11001.5
gfd-schedule,2016,n55f2d50m30k3,4.81364,14.9906,2.17407,0.0,0.0,0.0,2.42268,3.49058,0.459968,0.0,0.85212,5.53425,2.05245,4268.66,7403.45,108.0,362.208,10.0852,1.0,1.0,1.0,3386.0,0.0,1.85331,9661.0,50758.2,7361.39,55.0,689.0,1445.0,0.0,0.0,2482.0,382.0,0.0162434,0.203485,0.790914,0.0,0.0,0.733018,0.209086,0.0,0.0,0.0,0.0,4.0,160.0,0.025,0.0472534,1.0,0.112093,0.000295334,-0.458862,48255.0,1515.2,48255.0,42.7278,0.0,5.0,2.0,0.0,5.0,0.0,5.0,5.0,0.0,0.0,0.0,8.92118,31.8473,27.5961,1.93502,35.4383,40.898,1528.0,1.95193,1.08786,0.822737,2140.0,3210.1,2593.54,58.0,48255.0,48255.0,0.0,2.0,0.0350877,572.0,162.0,1827.0,0.401752,0.539575,16299.0,58185.0,50418.0
gfd-schedule,2016,n60f7d50m30k10,4.39887,14.0211,1.73418,0.0,0.0,0.0,2.7656,3.96331,0.0,0.0,1.07041,3.98222,1.58798,4772.27,7503.99,118.0,390.269,10.2468,1.0,1.0,1.0,4252.0,0.0,1.98228,12250.0,59617.5,7373.74,60.0,709.0,1436.0,0.0,0.0,3315.0,709.0,0.014111,0.166745,0.669464,0.0,0.0,0.779633,0.330536,0.0,0.0,0.0,0.0,4.0,168.0,0.0238095,0.0395108,1.0,0.114681,0.000235183,-0.431551,54660.0,1780.79,54660.0,46.2994,0.0,5.0,2.0,0.0,5.0,0.0,5.0,5.0,0.0,0.0,0.0,8.71981,30.6942,26.6383,2.05148,38.441,44.2939,1542.0,2.02696,1.05189,0.812651,3094.0,3842.06,3022.63,68.0,54660.0,54660.0,0.0,2.0,0.0322581,895.0,509.0,2145.0,0.654545,0.504468,18704.0,65839.0,57139.2
gfd-schedule,2018,n100f7d50m20k10,4.63557,15.3248,2.12958,0.0,0.0,0.0,3.49179,4.74157,0.469575,0.0,0.716552,5.3157,1.94033,11291.3,20516.3,200.0,661.519,10.777,1.0,1.0,1.0,10065.0,0.0,2.22431,28895.0,154244.0,21434.3,100.0,1644.0,3295.0,0.0,0.0,8070.0,1230.0,0.00993542,0.163338,0.728177,0.0,0.0,0.801788,0.271823,0.0,0.0,0.0,0.0,4.0,251.0,0.0159363,0.0249379,1.0,0.0969844,9.93542e-05,-0.361607,73500.0,3551.81,73500.0,67.2552,0.0,5.0,2.0,0.0,5.0,0.0,5.0,5.0,0.0,0.0,0.0,10.3109,20.6937,17.297,2.49723,52.796,63.1623,3487.0,1.92397,0.900354,0.812393,6085.0,7811.2,6030.95,108.0,73500.0,73500.0,0.0,2.0,0.0196078,1534.0,782.0,4525.0,0.511823,0.449578,46657.0,93639.0,78269.0
gfd-schedule,2018,n200f5d50m40k6,4.98672,17.5793,2.86849,0.0,0.0,0.0,4.78765,5.97699,0.348615,0.0,0.465945,7.2164,2.29631,35230.7,77799.5,399.0,1327.31,11.6517,1.0,1.0,1.0,32234.0,0.0,2.77473,92662.0,566651.0,92463.0,200.0,4737.0,9548.0,0.0,0.0,26847.0,2069.0,0.00620463,0.146957,0.821899,0.0,0.0,0.832878,0.178101,0.0,0.0,0.0,0.0,4.0,450.0,0.00888889,0.0139604,1.0,0.0722711,3.10231e-05,-0.288704,129100.0,8552.48,129100.0,107.77,0.0,5.0,2.0,0.0,5.0,0.0,5.0,5.0,0.0,0.0,0.0,13.8368,15.095,12.1443,3.21342,79.3495,98.6259,9931.0,1.65604,0.7376,0.685299,13930.0,18730.8,14679.6,206.0,129100.0,129100.0,0.0,2.0,0.00990099,2682.0,1140.0,11617.0,0.329001,0.360396,160742.0,175359.0,141080.0
gfd-schedule,2018,n65f2d50m20k10,5.06093,16.5046,1.92024,0.0,0.0,0.0,2.68755,3.82624,0.0,0.0,1.30128,4.80213,1.72521,4018.16,6789.39,122.0,416.776,10.273,1.0,1.0,1.0,3496.0,0.0,2.53885,10258.0,57700.1,6713.18,65.0,442.0,959.0,0.0,0.0,2816.0,418.0,0.0185927,0.12643,0.696442,0.0,0.0,0.805492,0.303558,0.0,0.0,0.0,0.0,4.0,173.0,0.0231214,0.0494851,1.0,0.0778274,0.000286041,-0.52468,53965.0,1167.6,53965.0,37.0913,0.0,5.0,2.0,0.0,5.0,0.0,5.0,5.0,0.0,0.0,0.0,12.8489,46.2186,40.4824,1.75759,31.4523,35.9101,1048.0,2.28789,1.38391,0.980277,1758.0,2838.37,2198.84,68.0,53965.0,53965.0,0.0,2.0,0.0298507,639.0,225.0,1377.0,0.627451,0.393879,17693.0,63643.0,55744.2
gfd-schedule,2018,n80f7d30m7k7,4.31037,12.5543,1.95279,0.0,0.0,0.0,3.16404,4.30056,0.0,0.0,0.789951,4.80911,1.79191,7877.34,13551.3,160.0,470.268,9.96673,1.0,1.0,1.0,7027.0,0.0,2.06373,20149.0,88219.3,13722.3,80.0,1208.0,2423.0,0.0,0.0,5548.0,982.0,0.0113847,0.171908,0.711601,0.0,0.0,0.789526,0.288399,0.0,0.0,0.0,0.0,4.0,191.0,0.0209424,0.0271809,1.0,0.112417,0.000142308,-0.378123,35380.0,2523.33,35380.0,58.3386,0.0,5.0,2.0,0.0,5.0,0.0,5.0,5.0,0.0,0.0,0.0,8.89545,14.0211,11.3643,2.34734,43.2361,53.3441,2575.0,1.95784,0.917606,0.823605,4657.0,5864.5,4448.51,88.0,35380.0,35380.0,0.0,2.0,0.0243902,1226.0,634.0,3405.0,0.546256,0.48456,30289.0,47742.0,38695.5
gfd-schedule,2018,n90f5d40m30k6,4.66637,14.5791,2.1521,0.0,0.0,0.0,3.26411,4.3936,0.464662,0.0,0.767764,5.38702,1.94154,8956.23,16305.2,179.0,565.399,10.25,1.0,1.0,1.0,7838.0,0.0,2.23943,22539.0,114271.0,16868.2,90.0,1280.0,2588.0,0.0,0.0,6248.0,912.0,0.0114825,0.163307,0.739429,0.0,0.0,0.797142,0.260571,0.0,0.0,0.0,0.0,4.0,220.0,0.0181818,0.0280684,1.0,0.0956938,0.000127584,-0.387412,44790.0,2632.67,44790.0,59.1466,0.0,5.0,2.0,0.0,5.0,0.0,5.0,5.0,0.0,0.0,0.0,10.45,17.0131,13.8139,2.33422,44.494,54.7979,2756.0,2.03668,0.98791,0.87096,4541.0,6165.2,4718.54,96.0,44790.0,44790.0,0.0,2.0,0.0217391,1190.0,528.0,3500.0,0.490857,0.446542,36575.0,59546.0,48348.7
gfd-schedule,2022,n180f7d50m30k18_10124,4.95208,17.061,2.16428,0.0,0.0,0.0,4.70124,6.15356,0.0,0.0,0.824408,5.42113,1.81432,24678.8,48466.2,355.0,1178.5,11.5661,1.0,1.0,1.0,24288.0,0.0,3.31894,70891.0,414377.0,52566.1,180.0,2567.0,5180.0,0.0,0.0,21141.0,2138.0,0.00741107,0.10569,0.707844,0.0,0.0,0.87043,0.292156,0.0,0.0,0.0,0.0,4.0,400.0,0.01,0.016469,1.0,0.0608434,4.11726e-05,-0.335875,124480.0,5763.25,124480.0,85.5335,0.0,5.0,2.0,0.0,5.0,0.0,5.0,5.0,0.0,0.0,0.0,16.4356,21.5989,18.0404,2.79615,67.3683,80.6545,5505.0,2.00988,0.928128,0.818591,10124.0,13434.3,9866.09,188.0,124480.0,124480.0,0.0,2.0,0.010989,2695.0,1445.0,7318.0,0.565728,0.301301,120276.0,158061.0,132020.0
gfd-schedule,2022,n200f5d50m40k6_10124,4.98632,17.6176,2.8695,0.0,0.0,0.0,4.78384,5.97694,0.348493,0.0,0.465068,7.21782,2.29604,35148.3,77653.7,398.0,1327.31,11.699,1.0,1.0,1.0,32157.0,0.0,2.77982,92478.0,566530.0,92274.4,200.0,4686.0,9502.0,0.0,0.0,26821.0,2066.0,0.00621949,0.145723,0.821404,0.0,0.0,0.834064,0.178596,0.0,0.0,0.0,0.0,4.0,450.0,0.00888889,0.0139938,1.0,0.0721444,3.10974e-05,-0.288885,135600.0,8626.95,135600.0,107.542,0.0,5.0,2.0,0.0,5.0,0.0,5.0,5.0,0.0,0.0,0.0,13.8611,15.7182,12.7535,3.21185,80.2097,98.8517,9884.0,1.65458,0.738602,0.683996,13878.0,18665.0,14613.6,206.0,135600.0,135600.0,0.0,2.0,0.00990099,2679.0,1135.0,11568.0,0.329703,0.359735,160345.0,181828.0,147533.0
gfd-schedule,2022,n55f2d50m30k3_10124,4.80665,14.966,2.17664,0.0,0.0,0.0,2.4262,3.49184,0.459423,0.0,0.862509,5.62428,2.05137,4281.18,7431.54,108.0,362.844,10.2939,1.0,1.0,1.0,3398.0,0.0,1.84976,9693.0,50854.6,7396.23,55.0,693.0,1461.0,0.0,0.0,2490.0,376.0,0.016186,0.203943,0.795318,0.0,0.0,0.732784,0.204682,0.0,0.0,0.0,0.0,4.0,160.0,0.025,0.0470865,1.0,0.112472,0.000294291,-0.458662,59955.0,1571.39,59955.0,42.8452,0.0,5.0,2.0,0.0,5.0,0.0,5.0,5.0,0.0,0.0,0.0,8.89113,38.1541,33.8593,1.93504,36.6527,41.302,1538.0,1.92897,1.08948,0.810524,2150.0,3226.73,2607.59,58.0,59955.0,59955.0,0.0,2.0,0.0350877,572.0,162.0,1837.0,0.399565,0.540612,16333.0,70089.0,62199.5
gfd-schedule,2022,n60f7d50m30k10_10124,4.40334,14.0519,1.75529,0.0,0.0,0.0,2.75345,3.95462,0.0,0.0,1.06655,4.01451,1.62626,4774.92,7560.81,118.0,388.46,10.1604,1.0,1.0,1.0,4252.0,0.0,1.974,12241.0,59748.6,7463.51,60.0,714.0,1449.0,0.0,0.0,3310.0,705.0,0.014111,0.167921,0.672702,0.0,0.0,0.778457,0.327298,0.0,0.0,0.0,0.0,4.0,168.0,0.0238095,0.0395108,1.0,0.115046,0.000235183,-0.431357,49960.0,1759.17,49960.0,46.3961,0.0,5.0,2.0,0.0,5.0,0.0,5.0,5.0,0.0,0.0,0.0,8.6922,28.3997,24.3423,2.05156,37.8949,44.2113,1557.0,2.03484,1.09579,0.803193,3100.0,3847.55,3029.56,68.0,49960.0,49960.0,0.0,2.0,0.0322581,889.0,509.0,2154.0,0.649025,0.506585,18723.0,61173.0,52433.3
gfd-schedule,2022,n85f3d50m8k20_10124,4.98679,16.3054,1.70326,0.0,0.0,0.0,3.19592,4.47999,0.0,0.0,1.32207,3.94833,1.45119,5433.88,8895.95,161.0,539.104,10.5019,1.0,1.0,1.0,5373.0,0.0,2.98832,15821.0,87608.8,9151.62,84.0,559.0,1177.0,0.0,0.0,4525.0,621.0,0.0156337,0.104039,0.654616,0.0,0.0,0.842174,0.345384,0.0,0.0,0.0,0.0,4.0,205.0,0.0195122,0.0381537,1.0,0.0671046,0.000186116,-0.499379,59885.0,1492.95,59885.0,42.3873,0.0,5.0,2.0,0.0,5.0,0.0,5.0,5.0,0.0,0.0,0.0,14.9021,40.1118,34.5335,1.86811,35.1981,40.8846,1303.0,2.27333,1.26998,0.969019,2465.0,3787.95,2835.42,89.0,59885.0,59885.0,0.0,2.0,0.0229885,895.0,393.0,1798.0,0.716352,0.334636,26794.0,72121.0,62091.1
ghoulomb,2013,3-11-29,3.89293,36.4324,9.32802,0.0,0.0,3.0,4.81942,4.99178,0.107204,0.0,0.450605,1.43265,0.598653,729.226,2227.65,406.0,3945.37,9.71768,2.0,6.49185,3.24593,467.0,0.0,1.00647,1395.0,17013.9,4356.19,0.0,0.0,0.0,0.0,0.0,464.0,464.0,0.0,0.0,0.0,0.0,0.0,0.993576,1.0,0.0,0.0,0.0,0.0,1.0,3.0,0.333333,0.00642398,12.0,3.06271,0.0256959,1.20478,122.0,0.162392,10.1667,-2.61973,0.0,0.0,2.0,0.0,0.0,1.0,1.0,1.0,1.0,0.0,0.0,3.9181,751.269,350.816,1.7121,0.319731,0.420185,424.0,0.539986,0.623533,1.01192,467.0,601.405,4336.37,31.0,842.0,421.0,0.0,9.0,2.25,544.0,8.0,464.0,1.18966,0.993576,1818.0,348589.0,162778.0
ghoulomb,2013,3-9-16,3.78395,28.6046,7.51146,0.0,0.0,3.0,2.50712,2.63358,0.0,0.0,0.694959,2.18759,0.932861,252.217,720.871,120.0,960.669,8.00562,2.0,6.49185,3.24593,162.0,0.0,1.01887,480.0,4633.94,1216.86,0.0,0.0,0.0,0.0,0.0,159.0,159.0,0.0,0.0,0.0,0.0,0.0,0.981481,1.0,0.0,0.0,0.0,0.0,1.0,3.0,0.333333,0.0185185,10.0,2.5938,0.0617284,1.34087,82.0,0.385523,8.2,-1.66973,0.0,0.0,2.0,0.0,0.0,1.0,1.0,1.0,1.0,0.0,0.0,3.85535,212.698,93.9677,1.18863,0.368011,0.520804,134.0,0.886402,1.01094,1.57354,162.0,226.107,1199.34,18.0,257.0,128.5,0.0,9.0,2.25,209.0,8.0,159.0,1.36478,0.981481,613.0,33819.0,14940.9
ghoulomb,2013,4-9-10,3.67778,23.3928,6.33185,0.0,0.0,3.0,1.51389,1.57416,0.0,0.0,0.952557,2.94419,1.30869,141.194,379.887,45.0,299.605,6.65821,2.0,8.08746,4.04373,90.0,0.0,1.03448,264.0,2105.35,569.867,0.0,0.0,0.0,0.0,0.0,87.0,87.0,0.0,0.0,0.0,0.0,0.0,0.966667,1.0,0.0,0.0,0.0,0.0,1.0,3.0,0.333333,0.0333333,10.0,2.6284,0.111111,1.86798,82.0,0.939179,8.2,-0.250332,0.0,0.0,2.0,0.0,0.0,1.0,1.0,1.0,1.0,0.0,0.0,3.8046,87.3103,36.1778,0.871741,0.242963,0.481942,67.0,1.19457,1.4849,1.98855,90.0,132.202,552.897,12.0,101.0,50.5,0.0,16.0,2.83333,127.0,8.0,87.0,1.55172,0.966667,331.0,7596.0,3147.47
ghoulomb,2013,4-9-20,3.83404,31.3899,8.15012,0.0,0.0,3.0,3.21562,3.38573,0.122698,0.0,0.63109,1.93149,0.814006,367.242,1074.57,190.0,1643.01,8.64746,2.0,8.08746,4.04373,235.0,0.0,1.01293,699.0,7376.63,1915.28,0.0,0.0,0.0,0.0,0.0,232.0,232.0,0.0,0.0,0.0,0.0,0.0,0.987234,1.0,0.0,0.0,0.0,0.0,1.0,3.0,0.333333,0.012766,10.0,2.57492,0.0425532,1.15589,82.0,0.240078,8.2,-2.04711,0.0,0.0,2.0,0.0,0.0,1.0,1.0,1.0,1.0,0.0,0.0,3.88362,341.556,154.72,1.36252,0.371216,0.497589,202.0,0.773201,0.873505,1.36109,235.0,319.463,1896.3,22.0,401.0,200.5,0.0,16.0,2.83333,292.0,10.0,232.0,1.30172,0.987234,901.0,79241.0,35895.1
ghoulomb,2013,5-7-22,3.84906,32.7716,8.4737,0.0,0.0,3.0,3.63725,3.81549,0.118012,0.0,0.592221,1.70002,0.656593,414.447,1226.38,231.0,2060.94,8.92184,2.0,9.3443,4.67215,265.0,0.0,1.01145,789.0,8684.48,2245.53,0.0,0.0,0.0,0.0,0.0,262.0,262.0,0.0,0.0,0.0,0.0,0.0,0.988679,1.0,0.0,0.0,0.0,0.0,1.0,3.0,0.333333,0.0113208,8.0,2.0549,0.0301887,0.714914,50.0,0.115579,6.25,-2.67424,0.0,0.0,2.0,0.0,0.0,1.0,1.0,1.0,1.0,0.0,0.0,3.89313,432.603,197.989,1.47556,0.330719,0.452066,231.0,0.718319,0.707352,1.14772,265.0,354.788,2226.38,24.0,485.0,242.5,0.0,25.0,3.71429,324.0,8.0,262.0,1.26718,0.988679,1020.0,113342.0,51873.1
graph-clear,2024,planar_n20_seed2022_14,2.79682,4.84258,1.94095,0.0,0.0,0.0,1.43019,1.01165,0.0,0.0,1.10123,1.97185,1.0215,11127.6,17842.9,83.0,163.958,7.80753,2.0,2.0,1.0,8628.0,0.0,1.06479,21987.0,41781.8,16746.5,1.0,2368.0,6218.0,0.0,0.0,4618.0,1885.0,0.000115902,0.274455,0.76737,0.0,0.0,0.535234,0.23263,0.0,0.0,0.0,0.0,1.0,1.0,1.0,0.000115902,1.0,0.335792,0.000115902,-0.431642,188.0,53.1827,188.0,12.5804,0.0,0.0,2.0,0.0,1.0,0.0,1.0,1.0,0.0,1.0,0.0,2.97803,3.53499,1.47269,1.53879,4.14793,4.98984,6259.0,0.811013,0.232698,0.405197,7918.0,9854.1,9078.57,105.0,226.0,188.0,0.0,2.0,0.105263,3544.0,87.0,8103.0,0.448106,0.939152,24131.0,28644.0,11933.2
graph-clear,2024,planar_n20_seed2022_15,2.7771,4.84793,1.95295,0.0,0.0,0.0,1.34733,0.967509,0.0,0.0,1.08722,1.99852,1.02179,10255.8,16555.2,75.0,163.066,7.76503,2.0,2.0,1.0,7990.0,0.0,1.06804,20415.0,38735.0,15604.1,1.0,2176.0,5772.0,0.0,0.0,4332.0,1709.0,0.000125156,0.27234,0.771555,0.0,0.0,0.542178,0.228445,0.0,0.0,0.0,0.0,1.0,1.0,1.0,0.000125156,1.0,0.337149,0.000125156,-0.439622,190.0,52.9697,190.0,12.4552,0.0,0.0,2.0,0.0,1.0,0.0,1.0,1.0,0.0,1.0,0.0,2.96605,3.58695,1.50518,1.50778,4.17252,5.01591,5813.0,0.814132,0.236739,0.416657,7312.0,9103.87,8396.85,83.0,219.0,190.0,0.0,2.0,0.153846,3208.0,79.0,7481.0,0.43938,0.936295,22189.0,26834.0,11260.2
graph-clear,2024,planar_n20_seed2022_16,2.77334,4.86599,1.96332,0.0,0.0,0.0,1.34915,0.963919,0.0,0.0,1.08535,2.01333,1.02108,10302.1,16687.6,75.0,165.569,7.88423,2.0,2.0,1.0,8034.0,0.0,1.06764,20551.0,39093.3,15773.3,1.0,2176.0,5816.0,0.0,0.0,4376.0,1709.0,0.000124471,0.270849,0.77289,0.0,0.0,0.544685,0.22711,0.0,0.0,0.0,0.0,1.0,1.0,1.0,0.000124471,1.0,0.337732,0.000124471,-0.438477,204.0,55.4268,204.0,12.3995,0.0,0.0,2.0,0.0,1.0,0.0,1.0,1.0,0.0,1.0,0.0,2.96093,3.68053,1.55022,1.51038,4.38945,5.24058,5857.0,0.779675,0.235617,0.412748,7356.0,9118.71,8448.99,93.0,238.0,204.0,0.0,2.0,0.117647,3208.0,79.0,7525.0,0.436811,0.936644,22281.0,27696.0,11665.4
graph-clear,2024,planar_n30_seed2022_4,2.79331,5.13524,2.1055,0.0,0.0,0.0,1.7169,1.11866,0.474947,0.0,1.00667,1.92174,1.19938,24016.4,40246.1,121.0,266.629,8.60095,2.0,2.0,1.0,18748.0,0.0,1.06119,47837.0,96275.5,39473.9,1.0,4980.0,13706.0,0.0,0.0,10166.0,3961.0,5.3339e-05,0.265628,0.775797,0.0,0.0,0.542245,0.224203,0.0,0.0,0.0,0.0,1.0,1.0,1.0,5.3339e-05,1.0,0.337356,5.3339e-05,-0.371204,340.0,90.352,340.0,15.6771,0.0,0.0,2.0,0.0,1.0,0.0,1.0,1.0,0.0,1.0,0.0,2.96423,3.76306,1.58457,1.78512,5.69951,6.79698,13767.0,0.714199,0.169036,0.346037,17396.0,20947.6,19325.8,139.0,390.0,340.0,0.0,2.0,0.0952381,7590.0,127.0,17667.0,0.436803,0.942341,52369.0,66482.0,27994.7
graph-clear,2024,planar_n30_seed2022_8,2.80268,5.11435,2.09083,0.0,0.0,0.0,1.784,1.14012,0.478278,0.0,1.01368,1.91062,1.20143,24981.6,41660.8,127.0,259.998,8.38704,2.0,2.0,1.0,19456.0,0.0,1.05952,49589.0,99504.7,40679.3,1.0,5184.0,14210.0,0.0,0.0,10490.0,4153.0,5.1398e-05,0.266447,0.773839,0.0,0.0,0.539165,0.226161,0.0,0.0,0.0,0.0,1.0,1.0,1.0,5.1398e-05,1.0,0.336757,5.1398e-05,-0.372201,300.0,84.8437,300.0,16.1734,0.0,0.0,2.0,0.0,1.0,0.0,1.0,1.0,0.0,1.0,0.0,2.9695,3.53591,1.48139,1.78195,5.18403,6.18685,14271.0,0.712003,0.167675,0.342954,18080.0,21778.0,20045.0,125.0,336.0,300.0,0.0,2.0,0.105263,7962.0,133.0,18363.0,0.440832,0.943822,54529.0,64930.0,27202.8
grid-colouring,2015,10_5,3.48485,4.6866,1.42729,0.0,0.0,0.0,0.0,0.0,0.0,0.0,1.25153,1.25153,0.99403,1465.11,1822.19,4.0,5.64386,2.32193,2.0,4.0,1.0,825.0,0.0,2.19415,2350.0,3866.45,1177.51,0.0,450.0,325.0,0.0,0.0,375.0,51.0,0.0,0.545455,0.864362,0.0,0.0,0.454545,0.135638,0.0,0.0,0.0,0.0,0.0,0.0,0.0,0.0,50.0,6.53913,0.0606061,10.9357,5.0,2.07735,0.1,2.59309,0.0,5.0,2.0,0.0,5.0,0.0,5.0,5.0,0.0,0.0,0.0,7.64628,2.40691,0.340312,0.506519,0.41547,0.0,325.0,1.36129,0.572701,0.0,376.0,1050.64,443.418,50.0,5.0,0.4,0.0,2.0,0.1,101.0,2.0,376.0,0.273936,0.455758,2875.0,905.0,127.957
grid-colouring,2015,13_11,3.69048,5.09587,1.48798,0.0,0.0,0.0,0.0,0.339893,0.0,0.0,0.981354,0.981354,0.863121,11216.1,13674.9,4.0,7.91886,3.45943,2.0,4.0,1.0,6006.0,0.0,3.49796,15301.0,30605.8,8936.82,0.0,4290.0,1573.0,0.0,0.0,1716.0,144.0,0.0,0.714286,0.916133,0.0,0.0,0.285714,0.0838672,0.0,0.0,0.0,0.0,0.0,0.0,0.0,0.0,143.0,11.0774,0.0238095,29.0892,11.0,3.99302,0.0769231,3.36609,0.0,5.0,2.0,0.0,5.0,0.0,5.0,5.0,0.0,0.0,0.0,12.9091,2.7548,0.194798,0.346432,0.88917,0.0,1573.0,1.33134,0.415661,0.0,1717.0,6268.04,2071.16,143.0,11.0,0.478261,0.0,2.0,0.0769231,287.0,2.0,1717.0,0.168317,0.285881,22165.0,4730.0,334.468
grid-colouring,2015,19_17,3.64182,5.79772,1.72793,0.0,0.0,0.0,0.0,0.422492,0.0,0.0,0.993818,0.993818,0.993818,66095.5,86349.5,4.0,9.17493,4.08746,2.0,4.0,1.0,35731.0,0.0,2.86398,96089.0,207158.0,61740.8,0.0,23256.0,12152.0,0.0,0.0,12475.0,324.0,0.0,0.650863,0.97403,0.0,0.0,0.349137,0.0259699,0.0,0.0,0.0,0.0,0.0,0.0,0.0,0.0,323.0,30.968,0.00903977,24.2601,17.0,7.11432,0.0526316,6.53399,0.0,5.0,2.0,0.0,5.0,0.0,5.0,5.0,0.0,0.0,0.0,10.4301,2.38955,0.389028,1.23528,0.93577,0.0,12152.0,3.16429,0.17376,0.976704,12476.0,35120.2,13476.3,323.0,17.0,1.0,0.0,2.0,0.0526316,647.0,10.0,12476.0,0.0526611,0.349165,130126.0,29812.0,4853.51
grid-colouring,2015,4_11,3.43333,4.43333,1.35556,0.0,0.0,0.0,0.0,0.0,0.0,0.0,1.28325,0.987138,1.0,1157.3,1412.07,4.0,5.0,2.0,2.0,4.0,1.0,660.0,0.0,1.99396,1936.0,2926.0,894.667,0.0,330.0,286.0,0.0,0.0,330.0,45.0,0.0,0.5,0.864048,0.0,0.0,0.5,0.135952,0.0,0.0,0.0,0.0,0.0,0.0,0.0,0.0,44.0,6.42718,0.0666667,8.52373,4.0,1.76064,0.0909091,0.0,0.0,5.0,2.0,0.0,5.0,0.0,5.0,5.0,0.0,0.0,0.0,6.84592,2.2719,0.406835,0.636715,0.0,0.0,286.0,1.26784,0.573538,0.920297,331.0,841.306,376.0,44.0,4.0,0.5,0.0,2.0,0.0909091,89.0,2.0,331.0,0.274924,0.501515,2266.0,752.0,134.662
grid-colouring,2015,4_8,3.37778,4.44444,1.38519,0.0,0.0,0.0,0.0,0.0,0.0,0.0,1.34347,0.991076,0.996792,621.594,771.508,4.0,5.0,2.0,2.0,4.0,1.0,360.0,0.0,1.86528,1072.0,1600.0,498.667,0.0,168.0,160.0,0.0,0.0,192.0,33.0,0.0,0.466667,0.829016,0.0,0.0,0.533333,0.170984,0.0,0.0,0.0,0.0,0.0,0.0,0.0,0.0,32.0,5.07895,0.0888889,8.12689,4.0,1.70796,0.125,0.0,0.0,5.0,2.0,0.0,5.0,0.0,5.0,5.0,0.0,0.0,0.0,6.30052,2.34197,0.413271,0.501908,0.0,0.0,160.0,1.42405,0.659952,0.981309,193.0,483.702,226.0,32.0,4.0,0.5,0.0,2.0,0.125,65.0,2.0,193.0,0.34715,0.536111,1216.0,452.0,79.7614
groupsplitter,2017,u12g1pref0,3.57778,26.457,7.81405,0.0,0.0,0.0,1.15242,0.552926,0.0,0.0,1.9567,3.37893,0.583473,215.732,614.445,49.0,127.709,8.2622,1.0,3.45943,2.60631,135.0,0.0,0.72973,345.0,3571.69,1054.9,0.0,0.0,0.0,0.0,0.0,73.0,185.0,0.0,0.0,0.0,0.0,0.0,0.540741,1.0,0.0,0.0,0.0,0.0,2.0,62.0,0.0322581,0.459259,1.0,0.383023,0.00740741,-0.720376,985.0,3.15716,985.0,0.538574,0.0,5.0,3.0,0.0,5.0,0.0,5.0,5.0,0.0,0.0,0.0,2.61081,311.989,99.3214,0.856465,4.00532,1.02118,1.0,0.907914,2.08655,2.24808,303.0,225.17,1233.33,24.0,17069.0,985.0,0.0,5.0,2.5,397.0,3347710.0,185.0,18097.9,1.37037,483.0,57718.0,18374.5
groupsplitter,2017,u12g1pref1,3.57778,26.457,7.81405,0.0,0.0,0.0,1.15242,0.552926,0.0,0.0,1.9567,3.37893,0.583473,215.732,614.445,49.0,127.709,8.2622,1.0,3.45943,2.60631,135.0,0.0,0.72973,345.0,3571.69,1054.9,0.0,0.0,0.0,0.0,0.0,73.0,185.0,0.0,0.0,0.0,0.0,0.0,0.540741,1.0,0.0,0.0,0.0,0.0,2.0,62.0,0.0322581,0.459259,1.0,0.383023,0.00740741,-0.720376,985.0,3.15716,985.0,0.538574,0.0,5.0,3.0,0.0,5.0,0.0,5.0,5.0,0.0,0.0,0.0,2.61081,311.989,99.3214,0.856465,4.00532,1.02118,1.0,0.907914,2.08655,2.24808,303.0,225.17,1233.33,24.0,17069.0,985.0,0.0,5.0,2.5,397.0,3347710.0,185.0,18097.9,1.37037,483.0,57718.0,18374.5
groupsplitter,2017,u15g3pref2,4.15347,30.4395,8.08396,0.0,0.0,0.0,1.10331,0.545779,0.174941,0.0,2.33328,3.76535,1.41146,361.033,960.338,61.0,157.472,14.0591,2.0,13.2512,1.69412,202.0,0.0,0.682432,561.0,6148.78,1632.96,0.0,0.0,0.0,0.0,0.0,91.0,296.0,0.0,0.0,0.0,0.0,0.0,0.450495,1.0,0.0,0.0,0.0,0.0,3.0,111.0,0.027027,0.549505,1.0,0.352801,0.0049505,-1.05913,1231.0,0.932256,1231.0,-0.0221867,0.0,5.0,3.0,0.0,5.0,0.0,5.0,5.0,0.0,0.0,0.0,2.83446,1320.45,408.625,0.611069,3.05336,3.01995,31.0,1.51094,2.74023,2.91037,412.0,396.99,2015.45,15.0,17069.0,5689.67,0.0,2.0,0.5,530.0,5137060.0,296.0,17356.7,1.46535,839.0,390854.0,120953.0
groupsplitter,2017,u5g1pref0,3.5,25.7562,7.62624,0.0,0.0,0.0,0.755929,0.495692,0.131126,0.0,2.06995,3.44926,0.757939,91.9412,259.463,21.0,57.7519,8.2622,1.0,2.0,2.0,58.0,0.0,0.725,149.0,1493.86,442.322,0.0,0.0,0.0,0.0,0.0,31.0,80.0,0.0,0.0,0.0,0.0,0.0,0.534483,1.0,0.0,0.0,0.0,0.0,2.0,27.0,0.0740741,0.465517,1.0,0.394089,0.0172414,-1.08718,411.0,0.935606,411.0,-0.0150036,0.0,5.0,3.0,0.0,5.0,0.0,5.0,5.0,0.0,0.0,0.0,2.5375,439.288,115.339,0.557326,4.29189,1.67664,1.0,1.07478,2.24512,2.40076,128.0,96.6439,534.12,10.0,17069.0,1706.9,0.0,4.0,2.5,166.0,968654.0,80.0,12110.2,1.37931,203.0,35143.0,9227.15
groupsplitter,2017,u6g3pref0,3.94118,28.9262,7.79928,0.0,0.0,0.0,0.67131,0.52315,0.256434,0.0,2.26402,3.89036,1.62065,152.432,395.656,25.0,67.8281,14.0591,2.0,9.66178,1.6103,85.0,0.0,0.68,237.0,2458.73,662.939,0.0,0.0,0.0,0.0,0.0,37.0,125.0,0.0,0.0,0.0,0.0,0.0,0.435294,1.0,0.0,0.0,0.0,0.0,3.0,48.0,0.0625,0.564706,1.0,0.373134,0.0117647,-1.68,493.0,0.323375,493.0,-0.236828,0.0,5.0,3.0,0.0,5.0,0.0,5.0,5.0,0.0,0.0,0.0,2.68,1524.54,450.92,0.373134,2.85703,2.78628,13.0,1.70961,2.74383,3.07008,169.0,162.529,858.19,6.0,17069.0,5689.67,0.0,2.0,0.5,215.0,1065220.0,125.0,8523.45,1.47059,335.0,190568.0,56365.0
groupsplitter,2019,u12g2pref1,3.86957,28.2248,8.00895,0.0,0.0,0.0,1.03371,0.498542,0.176579,0.0,2.10555,3.72022,1.02398,277.242,752.33,49.0,127.709,14.0591,2.0,13.2512,1.20495,161.0,0.0,0.685106,447.0,4544.19,1289.44,0.0,0.0,0.0,0.0,0.0,73.0,235.0,0.0,0.0,0.0,0.0,0.0,0.453416,1.0,0.0,0.0,0.0,0.0,3.0,88.0,0.0340909,0.546584,1.0,0.377207,0.00621118,-1.16748,985.0,0.758857,985.0,-0.0783767,0.0,5.0,3.0,0.0,5.0,0.0,5.0,5.0,0.0,0.0,0.0,2.65106,1298.0,412.189,0.533451,3.07671,3.00662,25.0,1.52639,2.69351,2.89117,329.0,303.248,1587.1,12.0,17069.0,5689.67,0.0,2.0,0.666667,423.0,3417880.0,235.0,14546.0,1.45963,623.0,305031.0,96864.5
groupsplitter,2019,u15g5pref0,4.65534,34.4774,8.08434,0.0,0.0,0.0,1.05234,0.656938,0.214248,0.0,2.36973,3.88085,1.45955,391.422,1000.64,61.0,157.472,14.0591,2.0,13.2512,2.26224,206.0,0.0,0.677632,573.0,7102.34,1665.37,0.0,0.0,0.0,0.0,0.0,91.0,304.0,0.0,0.0,0.0,0.0,0.0,0.441748,1.0,0.0,0.0,0.0,0.0,3.0,115.0,0.026087,0.558252,1.0,0.316997,0.00485437,-0.879614,1231.0,0.872329,1231.0,-0.0430973,0.0,5.0,3.0,0.0,5.0,0.0,5.0,5.0,0.0,0.0,0.0,3.15461,1411.16,406.4,0.776481,2.96239,3.00237,31.0,1.83756,2.68752,3.01913,416.0,428.997,2097.7,15.0,17069.0,5689.67,0.0,2.0,0.333333,534.0,5603700.0,304.0,18435.0,1.47573,959.0,428994.0,123546.0
groupsplitter,2019,u6g1pref1,3.52174,25.9566,7.68178,0.0,0.0,0.0,0.803134,0.500837,0.130178,0.0,2.04175,3.43305,0.718333,109.703,310.448,25.0,67.8281,8.2622,1.0,2.32193,2.32193,69.0,0.0,0.726316,177.0,1791.0,530.043,0.0,0.0,0.0,0.0,0.0,37.0,95.0,0.0,0.0,0.0,0.0,0.0,0.536232,1.0,0.0,0.0,0.0,0.0,2.0,32.0,0.0625,0.463768,1.0,0.390947,0.0144928,-1.1016,493.0,1.22068,493.0,0.0514314,0.0,5.0,3.0,0.0,5.0,0.0,5.0,5.0,0.0,0.0,0.0,2.55789,403.874,109.215,0.552882,4.29074,1.41916,1.0,1.03251,2.11796,2.36243,153.0,115.17,634.316,12.0,17069.0,1422.42,0.0,5.0,2.5,199.0,1065230.0,95.0,11215.0,1.37681,243.0,38368.0,10375.4
groupsplitter,2019,u7g2pref1,3.78125,27.6449,7.89403,0.0,0.0,0.0,0.748014,0.471639,0.219413,0.0,2.17011,3.78094,1.14595,165.826,444.443,29.0,77.8639,14.0591,2.0,8.58496,1.22642,96.0,0.0,0.685714,267.0,2653.91,757.827,0.0,0.0,0.0,0.0,0.0,43.0,140.0,0.0,0.0,0.0,0.0,0.0,0.447917,1.0,0.0,0.0,0.0,0.0,3.0,53.0,0.0566038,0.552083,1.0,0.385675,0.0104167,-1.59286,575.0,0.415417,575.0,-0.195642,0.0,5.0,3.0,0.0,5.0,0.0,5.0,5.0,0.0,0.0,0.0,2.59286,1384.15,429.196,0.385675,2.98803,2.90384,15.0,1.62204,2.65352,2.97455,194.0,178.438,951.43,7.0,17069.0,5689.67,0.0,2.0,0.666667,248.0,1275900.0,140.0,9115.34,1.45833,363.0,193781.0,60087.4
groupsplitter,2019,u9g1pref1,3.55882,26.2907,7.77131,0.0,0.0,0.0,1.01313,0.524294,0.0,0.0,1.98789,3.39965,0.618004,162.797,462.683,37.0,97.8535,8.2622,1.0,3.0,2.64469,102.0,0.0,0.728571,261.0,2681.65,792.674,0.0,0.0,0.0,0.0,0.0,55.0,140.0,0.0,0.0,0.0,0.0,0.0,0.539216,1.0,0.0,0.0,0.0,0.0,2.0,47.0,0.0425532,0.460784,1.0,0.385675,0.00980392,-0.796429,739.0,2.15349,739.0,0.276324,0.0,5.0,3.0,0.0,5.0,0.0,5.0,5.0,0.0,0.0,0.0,2.59286,343.164,101.735,0.77135,4.1744,1.08066,1.0,0.953107,2.12971,2.2898,228.0,170.34,934.125,18.0,17069.0,948.278,0.0,5.0,2.5,298.0,2278190.0,140.0,16274.9,1.37255,363.0,48043.0,14242.9
groupsplitter,2025,u12g2pref0,3.86957,28.2248,8.00895,0.0,0.0,0.0,1.03371,0.498542,0.176579,0.0,2.10555,3.72022,1.02398,277.242,752.33,49.0,127.709,14.0591,2.0,13.2512,1.20495,161.0,0.0,0.685106,447.0,4544.19,1289.44,0.0,0.0,0.0,0.0,0.0,73.0,235.0,0.0,0.0,0.0,0.0,0.0,0.453416,1.0,0.0,0.0,0.0,0.0,3.0,88.0,0.0340909,0.546584,1.0,0.377207,0.00621118,-1.16748,985.0,0.758857,985.0,-0.0783767,0.0,5.0,3.0,0.0,5.0,0.0,5.0,5.0,0.0,0.0,0.0,2.65106,1298.0,412.189,0.533451,3.07671,3.00662,25.0,1.52639,2.69351,2.89117,329.0,303.248,1587.1,12.0,17069.0,5689.67,0.0,2.0,0.666667,423.0,3417880.0,235.0,14546.0,1.45963,623.0,305031.0,96864.5
groupsplitter,2025,u12g2pref2,3.86957,28.2248,8.00895,0.0,0.0,0.0,1.03371,0.498542,0.176579,0.0,2.10555,3.72022,1.02398,277.242,752.33,49.0,127.709,14.0591,2.0,13.2512,1.20495,161.0,0.0,0.685106,447.0,4544.19,1289.44,0.0,0.0,0.0,0.0,0.0,73.0,235.0,0.0,0.0,0.0,0.0,0.0,0.453416,1.0,0.0,0.0,0.0,0.0,3.0,88.0,0.0340909,0.546584,1.0,0.377207,0.00621118,-1.16748,985.0,0.758857,985.0,-0.0783767,0.0,5.0,3.0,0.0,5.0,0.0,5.0,5.0,0.0,0.0,0.0,2.65106,1298.0,412.189,0.533451,3.07671,3.00662,25.0,1.52639,2.69351,2.89117,329.0,303.248,1587.1,12.0,17069.0,5689.67,0.0,2.0,0.666667,423.0,3417880.0,235.0,14546.0,1.45963,623.0,305031.0,96864.5
groupsplitter,2025,u15g1pref2,3.58929,26.556,7.83876,0.0,0.0,0.0,1.27674,0.582151,0.0,0.0,1.93615,3.36472,0.577281,268.577,765.99,61.0,157.472,8.2622,1.0,3.80735,2.58151,168.0,0.0,0.730435,429.0,4461.41,1316.91,0.0,0.0,0.0,0.0,0.0,91.0,230.0,0.0,0.0,0.0,0.0,0.0,0.541667,1.0,0.0,0.0,0.0,0.0,2.0,77.0,0.025974,0.458333,1.0,0.381426,0.00595238,-0.61296,1231.0,4.20118,1231.0,0.834786,0.0,5.0,3.0,0.0,5.0,0.0,5.0,5.0,0.0,0.0,0.0,2.62174,293.013,98.3118,1.00916,3.83473,1.04492,1.0,0.878439,2.05831,2.22072,378.0,279.814,1532.21,30.0,17069.0,1231.0,0.0,5.0,2.5,496.0,4835620.0,230.0,21026.6,1.36905,603.0,67393.0,22611.7
groupsplitter,2025,u15g3pref0,4.15347,30.4395,8.08396,0.0,0.0,0.0,1.10331,0.545779,0.174941,0.0,2.33328,3.76535,1.41146,361.033,960.338,61.0,157.472,14.0591,2.0,13.2512,1.69412,202.0,0.0,0.682432,561.0,6148.78,1632.96,0.0,0.0,0.0,0.0,0.0,91.0,296.0,0.0,0.0,0.0,0.0,0.0,0.450495,1.0,0.0,0.0,0.0,0.0,3.0,111.0,0.027027,0.549505,1.0,0.352801,0.0049505,-1.05913,1231.0,0.932256,1231.0,-0.0221867,0.0,5.0,3.0,0.0,5.0,0.0,5.0,5.0,0.0,0.0,0.0,2.83446,1320.45,408.625,0.611069,3.05336,3.01995,31.0,1.51094,2.74023,2.91037,412.0,396.99,2015.45,15.0,17069.0,5689.67,0.0,2.0,0.5,530.0,5603700.0,296.0,18933.2,1.46535,839.0,390854.0,120953.0
groupsplitter,2025,u15g5pref1,4.65534,34.4774,8.08434,0.0,0.0,0.0,1.05234,0.656938,0.214248,0.0,2.36973,3.88085,1.45955,391.422,1000.64,61.0,157.472,14.0591,2.0,13.2512,2.26224,206.0,0.0,0.677632,573.0,7102.34,1665.37,0.0,0.0,0.0,0.0,0.0,91.0,304.0,0.0,0.0,0.0,0.0,0.0,0.441748,1.0,0.0,0.0,0.0,0.0,3.0,115.0,0.026087,0.558252,1.0,0.316997,0.00485437,-0.879614,1231.0,0.872329,1231.0,-0.0430973,0.0,5.0,3.0,0.0,5.0,0.0,5.0,5.0,0.0,0.0,0.0,3.15461,1411.16,406.4,0.776481,2.96239,3.00237,31.0,1.83756,2.68752,3.01913,416.0,428.997,2097.7,15.0,17069.0,5689.67,0.0,2.0,0.333333,534.0,5603700.0,304.0,18435.0,1.47573,959.0,428994.0,123546.0
gt-sort,2025,n13_ub20_50.0_BEST,2.19529,49.0433,23.0902,0.0,0.0,0.0,0.0,1.18526,0.946861,0.0,1.5195,7.05192,4.87461,89765.0,376841.0,71.0,432.107,63.0,1.0,1.0,1.0,86941.0,0.0,1.2415,225759.0,4263880.0,2007480.0,28.0,0.0,1162.0,0.0,0.0,33793.0,35029.0,0.000322057,0.0,0.0165931,0.0,0.0,0.388689,0.500207,0.597578,0.4832,51954.0,33838.0,1.0,4.0,0.25,4.60082e-05,1.0,0.366911,1.15021e-05,-0.406694,4411.0,2.2357e-15,4411.0,0.0,0.0,0.0,2.0,0.0,5.0,5.0,0.0,5.0,0.0,0.0,5.0,2.72546,1.97298e+18,9.66304e+17,1.55667,0.0,0.0,53019.0,1.00445,4.9094,4.81575,70308.0,84297.5,1757120.0,64.0,9.22337e+18,4.61169e+18,0.0,2.0,0.031746,202.0,186.0,70029.0,0.00554056,0.805477,190861.0,1.38166e+23,6.76693e+22
gt-sort,2025,n7_ub20_75.0_BEST,2.19017,23.7172,11.1227,0.0,0.0,0.0,0.0,1.11554,0.880896,0.0,1.52141,6.17721,4.32823,10743.1,37796.7,33.0,168.443,30.0,1.0,1.0,1.0,10433.0,0.0,1.23292,27043.0,247442.0,116043.0,14.0,0.0,276.0,0.0,0.0,3926.0,4237.0,0.0013419,0.0,0.0326164,0.0,0.0,0.376306,0.500709,0.59561,0.466675,6214.0,3949.0,1.0,3.0,0.333333,0.000287549,1.0,0.370328,9.58497e-05,-0.642656,961.0,4.81296e-06,961.0,0.0,0.0,0.0,2.0,0.0,5.0,5.0,0.0,5.0,0.0,0.0,5.0,2.70031,199669000.0,95731200.0,0.979796,0.0,0.0,6445.0,1.12581,4.3217,4.31425,8585.0,10433.0,100851.0,31.0,1073740000.0,536871000.0,0.0,2.0,0.0666667,94.0,80.0,8462.0,0.0205625,0.81108,22850.0,1689600000000.0,810078000000.0
gt-sort,2025,n9_ub10_50.0_BEST,2.18951,19.1838,8.99734,0.0,0.0,0.0,0.0,1.07589,0.839119,0.0,1.52461,5.78225,4.0658,11903.2,39591.1,51.0,239.417,23.0,1.0,1.0,1.0,11572.0,0.0,1.22897,29970.0,221995.0,104117.0,22.0,0.0,376.0,0.0,0.0,4287.0,4717.0,0.00190114,0.0,0.039932,0.0,0.0,0.370463,0.500956,0.594798,0.459112,6883.0,4323.0,1.0,4.0,0.25,0.000345662,1.0,0.37163,8.64155e-05,-0.690285,1151.0,0.00066191,1151.0,0.0,0.0,0.0,2.0,0.0,5.0,5.0,0.0,5.0,0.0,0.0,5.0,2.69085,1738910.0,823728.0,0.910305,0.0,0.0,7188.0,1.18071,4.03832,4.06677,9609.0,11695.1,89568.9,24.0,8388610.0,4194300.0,0.0,2.0,0.0869565,148.0,122.0,9416.0,0.0286746,0.813688,25337.0,16373500000.0,7756220000.0
gt-sort,2025,n9_ub10_75.0_BEST,2.19149,26.029,12.2633,0.0,0.0,0.0,0.0,1.11877,0.889538,0.0,1.52192,6.20262,4.32329,19936.1,71997.5,51.0,262.864,32.0,1.0,1.0,1.0,19348.0,0.0,1.23393,50166.0,503610.0,237271.0,22.0,0.0,484.0,0.0,0.0,7311.0,7849.0,0.00113707,0.0,0.0308673,0.0,0.0,0.377869,0.500574,0.595772,0.468559,11527.0,7347.0,1.0,4.0,0.25,0.00020674,1.0,0.369803,5.16849e-05,-0.602506,1601.0,1.65107e-06,1601.0,0.0,0.0,0.0,2.0,0.0,5.0,5.0,0.0,5.0,0.0,0.0,5.0,2.70415,969672000.0,465898000.0,1.04596,0.0,0.0,11940.0,1.12459,4.28532,4.28459,15883.0,19265.4,204582.0,33.0,4294970000.0,2147480000.0,0.0,2.0,0.0625,151.0,131.0,15680.0,0.0179847,0.81042,42401.0,15204500000000.0,7305280000000.0
gt-sort,2025,n9_ub30_35.0_BEST,2.19345,33.3205,15.6177,0.0,0.0,0.0,0.0,1.13252,0.889534,0.0,1.51991,6.3922,4.50032,40147.6,154712.0,51.0,278.844,40.0,1.0,1.0,1.0,38910.0,0.0,1.23838,100982.0,1296500.0,607684.0,22.0,0.0,710.0,0.0,0.0,14955.0,15719.0,0.000565407,0.0,0.0225971,0.0,0.0,0.384348,0.500286,0.596736,0.477116,23219.0,14991.0,1.0,4.0,0.25,0.000102801,1.0,0.368144,2.57003e-05,-0.517492,2001.0,7.13161e-09,2001.0,0.0,0.0,0.0,2.0,0.0,5.0,5.0,0.0,5.0,0.0,0.0,5.0,2.71633,280582000000.0,136835000000.0,1.221,0.0,0.0,23858.0,1.05078,4.38174,4.30325,31613.0,38231.5,533021.0,41.0,1099510000000.0,549756000000.0,0.0,2.0,0.05,148.0,124.0,31420.0,0.00865691,0.807504,85347.0,8815880000000000.0,4299370000000000.0
harmony,2024,brother,2.39995,8.8876,3.82867,0.0,0.0,0.0,0.931714,1.25293,0.73875,0.0,1.17608,4.75904,2.84403,4506.29,10622.5,69.0,224.0,12.0,1.0,2.0,1.0,4028.0,0.0,1.19031,10796.0,35799.3,15421.9,164.0,469.0,1171.0,0.0,0.0,2083.0,1989.0,0.040715,0.116435,0.34604,0.0,0.0,0.51713,0.587766,0.190665,0.0661939,768.0,224.0,2.0,64.0,0.03125,0.0158888,1.0,0.350057,0.000248262,-0.757986,573.0,1.95366,573.0,0.275916,0.0,0.0,2.0,0.0,1.0,1.0,1.0,1.0,0.0,0.0,0.0,2.85668,293.296,103.956,0.857461,3.45632,3.60844,2808.0,1.37766,2.91988,2.75752,4322.0,4408.85,11000.9,17.0,4096.0,2048.0,0.0,2.0,0.4375,1100.0,133.0,3384.0,0.364362,0.840119,9667.0,992515.0,351788.0
harmony,2024,canon,2.40102,8.77874,3.77352,0.0,0.0,0.0,1.10193,1.44088,0.749546,0.0,1.16261,4.72936,2.86336,6787.39,15957.3,101.0,336.0,12.0,1.0,2.0,1.0,6082.0,0.0,1.19068,16286.0,53392.3,22950.5,240.0,713.0,1763.0,0.0,0.0,3161.0,3009.0,0.0394607,0.117231,0.345145,0.0,0.0,0.51973,0.589076,0.189411,0.0657792,1152.0,336.0,2.0,96.0,0.0208333,0.0157843,1.0,0.349791,0.00016442,-0.758872,605.0,2.22238,605.0,0.348011,0.0,0.0,2.0,0.0,1.0,1.0,1.0,1.0,0.0,0.0,0.0,2.85885,272.231,101.86,0.85681,3.51246,3.66755,4244.0,1.3677,2.98999,2.7679,6566.0,6662.39,16553.6,17.0,4096.0,2048.0,0.0,2.0,0.4375,1700.0,185.0,5108.0,0.369029,0.839855,14603.0,1390560.0,520303.0
harmony,2024,minuet,2.39906,8.89873,3.83307,0.0,0.0,0.0,0.932061,1.25136,0.737901,0.0,1.1744,4.76891,2.84798,4515.29,10656.2,69.0,224.0,12.0,1.0,2.0,1.0,4037.0,0.0,1.1898,10814.0,35924.2,15474.1,164.0,469.0,1171.0,0.0,0.0,2092.0,1998.0,0.0406242,0.116175,0.345122,0.0,0.0,0.518207,0.588859,0.19024,0.0660183,768.0,224.0,2.0,64.0,0.03125,0.0158534,1.0,0.350336,0.000247709,-0.757058,573.0,1.95853,573.0,0.276977,0.0,0.0,2.0,0.0,1.0,1.0,1.0,1.0,0.0,0.0,0.0,2.85441,292.566,103.702,0.858143,3.46069,3.61281,2817.0,1.37561,2.93575,2.76844,4331.0,4417.85,11039.8,17.0,4096.0,2048.0,0.0,2.0,0.4375,1100.0,133.0,3393.0,0.363395,0.840476,9685.0,992678.0,351860.0
harmony,2024,ode,2.38748,8.66902,3.74953,0.0,0.0,0.0,0.837705,1.24239,0.754342,0.0,1.17245,4.82219,2.83005,4741.37,11101.0,69.0,224.0,12.0,1.0,2.0,1.0,4248.0,0.0,1.20204,11380.0,36826.0,15928.0,164.0,517.0,1267.0,0.0,0.0,2246.0,2043.0,0.0386064,0.121704,0.358517,0.0,0.0,0.528719,0.578098,0.180791,0.0633843,768.0,224.0,3.0,73.0,0.0410959,0.0171846,1.0,0.348452,0.000235405,-0.706732,573.0,2.03856,573.0,0.293777,0.0,0.0,2.0,0.0,1.0,1.0,1.0,1.0,0.0,0.0,0.0,2.86984,281.081,99.6532,0.921917,3.5352,3.68921,2958.0,1.39847,2.93949,2.80566,4472.0,4594.09,11283.4,18.0,4096.0,2048.0,0.0,2.0,0.294118,1100.0,155.0,3534.0,0.355122,0.831921,10142.0,993339.0,352174.0
harmony,2024,twinkle,2.3842,8.69235,3.76089,0.0,0.0,0.0,0.838854,1.14467,0.752064,0.0,1.1795,4.83936,2.83464,3549.91,8322.58,53.0,168.0,12.0,1.0,2.0,1.0,3178.0,0.0,1.20197,8513.0,27624.3,11952.1,126.0,383.0,947.0,0.0,0.0,1678.0,1529.0,0.0396476,0.120516,0.358169,0.0,0.0,0.528005,0.57829,0.181246,0.0635401,576.0,168.0,3.0,55.0,0.0545455,0.0173065,1.0,0.348951,0.000314663,-0.705181,557.0,1.97637,557.0,0.276611,0.0,0.0,2.0,0.0,1.0,1.0,1.0,1.0,0.0,0.0,0.0,2.86573,281.829,99.9957,0.923237,3.52977,3.68093,2212.0,1.40711,2.92652,2.79913,3346.0,3431.58,8456.79,18.0,4096.0,2048.0,0.0,2.0,0.294118,824.0,129.0,2644.0,0.360439,0.83197,7577.0,745157.0,264389.0
hitori,2025,h11-1,10.4507,38.1834,2.17447,0.0,0.0,0.0,2.7317,4.04463,0.650372,0.0,1.87691,2.93727,1.54848,5887.15,8508.17,121.0,837.182,6.91886,1.0,1.0,1.0,3470.0,0.0,1.40714,8813.0,132496.0,7545.41,537.0,1339.0,1895.0,0.0,0.0,1224.0,571.0,0.154755,0.385879,0.768451,0.0,0.0,0.352738,0.231549,0.0,0.0,0.0,0.0,3.0,265.0,0.0113208,0.0763689,1.0,0.0680013,0.000288184,-0.380125,807.0,40.4805,807.0,17.5555,1.0,0.0,3.0,1.0,0.0,1.0,0.0,1.0,0.0,0.0,0.0,14.7056,19.9355,4.85096,2.45182,2.2489,4.31921,2017.0,1.83423,0.97679,1.37876,3086.0,4673.74,4792.09,134.0,807.0,807.0,0.0,2.0,0.0149254,763.0,122.0,2466.0,0.358881,0.710663,36264.0,49161.0,11962.5
hitori,2025,h14-1,15.2791,61.0056,2.26575,0.0,0.0,0.0,3.1169,4.41409,0.76445,0.0,1.83058,2.927,1.52206,10394.1,15051.0,198.0,1507.71,7.61471,1.0,1.0,1.0,6008.0,0.0,1.4418,15138.0,366522.0,13612.6,917.0,2399.0,3199.0,0.0,0.0,2080.0,968.0,0.15263,0.399301,0.767699,0.0,0.0,0.346205,0.232301,0.0,0.0,0.0,0.0,3.0,423.0,0.0070922,0.0704061,1.0,0.0453936,0.000166445,-0.360018,1632.0,54.1376,1632.0,22.2824,1.0,0.0,3.0,1.0,0.0,1.0,0.0,1.0,0.0,0.0,0.0,22.0295,30.1454,6.91384,2.65155,2.38473,4.72679,3396.0,1.74628,1.00241,1.41516,5153.0,8214.73,8461.28,211.0,1632.0,1632.0,0.0,2.0,0.00947867,1337.0,82.0,4167.0,0.340533,0.693575,91797.0,125616.0,28810.0
hitori,2025,h15-1,16.9409,73.4606,2.36383,0.0,0.0,0.0,3.08251,4.36793,0.732729,0.0,1.88491,2.94501,1.55659,11217.8,16449.3,222.0,1734.66,7.81378,1.0,1.0,1.0,6384.0,0.0,1.39571,16210.0,468972.0,15090.7,1009.0,2443.0,3531.0,0.0,0.0,2266.0,1043.0,0.158051,0.382675,0.771972,0.0,0.0,0.35495,0.228028,0.0,0.0,0.0,0.0,3.0,478.0,0.00627615,0.0748747,1.0,0.0422927,0.000156642,-0.348628,2021.0,57.3545,2021.0,23.6837,1.0,0.0,3.0,1.0,0.0,1.0,0.0,1.0,0.0,0.0,0.0,23.6447,35.237,8.19419,2.74707,2.37946,4.7626,3757.0,1.81813,0.97772,1.40562,5735.0,8951.18,9524.27,235.0,2021.0,2021.0,0.0,2.0,0.00851064,1380.0,245.0,4574.0,0.355269,0.716479,108151.0,161174.0,37480.2
hitori,2025,h20-2,28.0593,132.135,2.47348,0.0,0.0,0.0,3.4085,4.67539,0.808576,0.0,1.83849,2.95973,1.56953,21781.3,31970.3,399.0,3448.9,8.64386,1.0,1.0,1.0,12129.0,0.0,1.4325,30554.0,1602660.0,30000.9,1882.0,4814.0,6523.0,0.0,0.0,4219.0,1944.0,0.155165,0.3969,0.770403,0.0,0.0,0.347844,0.229597,0.0,0.0,0.0,0.0,3.0,840.0,0.00357143,0.0692555,1.0,0.0248787,8.2447e-05,-0.337187,4704.0,79.4602,4704.0,31.5295,1.0,0.0,3.0,1.0,0.0,1.0,0.0,1.0,0.0,0.0,0.0,40.195,59.1995,13.1,2.89193,2.48847,5.10479,6924.0,1.73518,1.01701,1.4305,10492.0,17355.4,18536.7,412.0,4704.0,4704.0,0.0,2.0,0.00485437,2664.0,263.0,8467.0,0.345695,0.698079,340331.0,501242.0,110918.0
hitori,2025,h5-1,4.22928,10.0902,1.81811,0.0,0.0,0.0,1.29507,2.36612,0.550022,0.0,1.93273,2.88665,1.39319,880.042,1243.44,25.0,116.096,4.64386,1.0,1.0,1.0,567.0,0.0,1.3125,1487.0,5721.17,1030.87,87.0,195.0,329.0,0.0,0.0,210.0,103.0,0.153439,0.343915,0.761574,0.0,0.0,0.37037,0.238426,0.0,0.0,0.0,0.0,3.0,61.0,0.0491803,0.107584,1.0,0.18015,0.00176367,-0.555984,72.0,11.8899,72.0,7.23834,1.0,0.0,3.0,1.0,0.0,1.0,0.0,1.0,0.0,0.0,0.0,5.55093,6.05556,1.88458,1.47459,1.50448,2.37301,355.0,2.00667,0.891786,1.22247,566.0,726.395,711.892,38.0,72.0,72.0,0.0,2.0,0.0526316,121.0,101.0,432.0,0.513889,0.761905,2398.0,2616.0,814.139
hoist-benchmark,2020,PU_1_2_2,3.00274,13.518,4.22062,0.0,0.0,0.0,0.0,0.833659,0.749245,0.0,1.33767,2.6327,1.43631,1130.91,2195.87,12.0,30.2738,10.2578,2.0,2.0,1.0,729.0,0.0,1.30179,2386.0,9854.65,3076.83,78.0,156.0,511.0,0.0,0.0,495.0,49.0,0.106996,0.213992,0.9125,0.0,0.0,0.679012,0.0875,0.0,0.0,0.0,0.0,0.0,0.0,0.0,0.0,181.0,46.3042,0.248285,16.2339,702.0,11.9315,3.87845,2.30734,0.0,0.0,2.0,0.0,5.0,5.0,5.0,5.0,0.0,0.0,0.0,3.90893,58.8357,13.6252,2.79072,4.73772,6.12031,523.0,0.841198,0.464823,0.464823,550.0,696.336,797.662,181.0,1731.0,577.0,0.0,2.0,0.0952381,61.0,36.0,560.0,0.173214,0.768176,2189.0,32948.0,7630.13
hoist-benchmark,2020,PU_2_8_1,3.0651,13.5571,4.12429,0.0,0.0,0.0,0.0,0.748602,0.641505,0.0,1.32981,2.6928,2.14716,4035.68,8047.27,24.0,27.8842,9.04166,2.0,2.0,1.0,2550.0,0.0,1.32468,8278.0,34570.7,10516.9,300.0,600.0,1828.0,0.0,0.0,1650.0,97.0,0.117647,0.235294,0.94961,0.0,0.0,0.647059,0.0503896,0.0,0.0,0.0,0.0,0.0,0.0,0.0,0.0,649.0,159.842,0.25451,34.6222,446.0,28.9679,0.687211,5.22337,0.0,0.0,2.0,0.0,5.0,5.0,5.0,5.0,0.0,0.0,0.0,4.06026,15.3964,3.16903,4.58787,5.35437,6.11067,1852.0,0.855869,0.270989,0.289535,1903.0,2345.6,2366.8,649.0,527.0,175.667,0.0,2.0,0.258065,121.0,48.0,1925.0,0.0877922,0.754902,7816.0,29638.0,6100.39
hoist-benchmark,2020,PU_3_2_5,3.08608,16.1059,4.79916,0.0,0.0,0.0,0.0,0.849055,0.751287,0.0,1.32219,2.27711,1.71491,8793.86,17495.2,36.0,93.0587,12.5028,2.0,2.0,1.0,5518.0,0.0,1.32996,17894.0,88872.3,26481.8,666.0,1332.0,4004.0,0.0,0.0,3520.0,145.0,0.120696,0.241392,0.965052,0.0,0.0,0.637912,0.0349482,0.0,0.0,0.0,0.0,0.0,0.0,0.0,0.0,1405.0,342.319,0.254621,54.0407,2105.0,15.2955,1.49822,1.60551,0.0,0.0,2.0,0.0,5.0,5.0,5.0,5.0,0.0,0.0,0.0,4.10436,137.622,38.6096,6.31595,8.90402,10.3873,4040.0,0.820473,0.218568,0.286889,4115.0,4960.62,5044.3,1405.0,12976.0,4325.33,0.0,2.0,0.05,181.0,60.0,4149.0,0.0580863,0.751903,17029.0,570993.0,160191.0
hoist-benchmark,2020,PU_3_4_1,3.08563,15.2141,4.55019,0.0,0.0,0.0,0.0,0.810353,0.728899,0.0,1.31883,2.5347,2.10742,8839.82,17744.9,36.0,36.0,10.5401,2.0,2.0,1.0,5547.0,0.0,1.32767,18010.0,84392.9,25239.9,666.0,1332.0,4033.0,0.0,0.0,3549.0,145.0,0.120065,0.24013,0.965294,0.0,0.0,0.639805,0.0347056,0.0,0.0,0.0,0.0,0.0,0.0,0.0,0.0,1405.0,342.959,0.25329,54.1621,1244.0,44.5237,0.885409,6.25465,0.0,0.0,2.0,0.0,5.0,5.0,5.0,5.0,0.0,0.0,0.0,4.0967,27.9402,5.28367,6.31363,6.95861,8.66483,4069.0,0.805563,0.200084,0.214102,4144.0,4974.68,4910.17,1405.0,1489.0,496.333,0.0,2.0,0.0634921,181.0,65.0,4178.0,0.0588798,0.7532,17116.0,116734.0,22075.2
hoist-benchmark,2020,PU_3_8_5,3.08584,14.2111,4.26883,0.0,0.0,0.0,0.0,0.767619,0.662577,0.0,1.3221,2.64153,1.67795,8799.61,17606.3,36.0,93.0587,10.6196,2.0,2.0,1.0,5522.0,0.0,1.32964,17910.0,78473.7,23572.5,666.0,1332.0,4008.0,0.0,0.0,3524.0,145.0,0.120608,0.241217,0.965085,0.0,0.0,0.638175,0.0349145,0.0,0.0,0.0,0.0,0.0,0.0,0.0,0.0,1405.0,342.428,0.254437,54.0408,582.0,15.0107,0.414235,1.63759,0.0,0.0,2.0,0.0,5.0,5.0,5.0,5.0,0.0,0.0,0.0,4.10306,38.7725,11.1318,6.31796,8.55563,9.75175,4044.0,0.818742,0.289891,0.288294,4119.0,4962.54,4982.85,1405.0,3516.0,1172.0,0.0,2.0,0.195122,181.0,60.0,4153.0,0.0580303,0.752083,17040.0,161022.0,46230.2
hoist-benchmark,2024,PU_2_2_3,3.06515,15.281,4.6117,0.0,0.0,0.0,0.0,0.838053,0.751156,0.0,1.33032,2.39636,1.39976,4032.51,7976.91,24.0,48.0,11.5496,2.0,2.0,1.0,2548.0,0.0,1.32501,8270.0,38935.9,11750.6,300.0,600.0,1826.0,0.0,0.0,1648.0,97.0,0.117739,0.235479,0.949558,0.0,0.0,0.646782,0.050442,0.0,0.0,0.0,0.0,0.0,0.0,0.0,0.0,649.0,159.799,0.25471,34.6221,1404.0,15.7586,2.16333,2.17112,0.0,0.0,2.0,0.0,5.0,5.0,5.0,5.0,0.0,0.0,0.0,4.06136,89.0941,22.7261,4.58662,6.79768,8.44739,1850.0,0.863824,0.296174,0.296174,1901.0,2344.58,2462.84,649.0,5191.0,1730.33,0.0,2.0,0.0645161,121.0,48.0,1923.0,0.0878835,0.75471,7810.0,171328.0,43702.4
hoist-benchmark,2024,PU_2_4_3,3.06512,14.5279,4.40019,0.0,0.0,0.0,0.0,0.7968,0.718668,0.0,1.33007,2.70602,2.15697,4034.09,8074.27,24.0,48.0,10.7476,2.0,2.0,1.0,2549.0,0.0,1.32484,8274.0,37031.6,11216.1,300.0,600.0,1827.0,0.0,0.0,1649.0,97.0,0.117693,0.235386,0.949584,0.0,0.0,0.64692,0.0504158,0.0,0.0,0.0,0.0,0.0,0.0,0.0,0.0,649.0,159.82,0.25461,34.6221,830.0,15.9762,1.27889,2.24124,0.0,0.0,2.0,0.0,5.0,5.0,5.0,5.0,0.0,0.0,0.0,4.06081,51.9522,13.4203,4.58725,6.68213,8.19825,1851.0,0.860478,0.367181,0.289657,1902.0,2345.09,2448.58,649.0,2977.0,992.333,0.0,2.0,0.129032,121.0,48.0,1924.0,0.0878378,0.754806,7813.0,99956.0,25820.6
hoist-benchmark,2024,PU_2_8_4,3.0651,13.6509,4.15225,0.0,0.0,0.0,0.0,0.754211,0.637185,0.0,1.32981,2.77613,2.17498,4035.68,8061.52,24.0,55.7263,10.0406,2.0,2.0,1.0,2550.0,0.0,1.32468,8278.0,34809.7,10588.2,300.0,600.0,1828.0,0.0,0.0,1650.0,97.0,0.117647,0.235294,0.94961,0.0,0.0,0.647059,0.0503896,0.0,0.0,0.0,0.0,0.0,0.0,0.0,0.0,649.0,159.842,0.25451,34.6222,446.0,12.7038,0.687211,1.71232,0.0,0.0,2.0,0.0,5.0,5.0,5.0,5.0,0.0,0.0,0.0,4.06026,35.1075,9.73942,4.58787,6.83507,7.98232,1852.0,0.855869,0.391964,0.385585,1903.0,2345.6,2446.48,649.0,2105.0,701.667,0.0,2.0,0.258065,121.0,48.0,1925.0,0.0877922,0.754902,7816.0,67582.0,18748.4
hoist-benchmark,2024,PU_3_2_1,3.08608,16.0294,4.77665,0.0,0.0,0.0,0.0,0.846234,0.754828,0.0,1.32219,2.21569,1.6898,8793.86,17475.4,36.0,36.0,11.3421,2.0,2.0,1.0,5518.0,0.0,1.32996,17894.0,88450.4,26357.6,666.0,1332.0,4004.0,0.0,0.0,3520.0,145.0,0.120696,0.241392,0.965052,0.0,0.0,0.637912,0.0349482,0.0,0.0,0.0,0.0,0.0,0.0,0.0,0.0,1405.0,342.319,0.254621,54.0407,2105.0,44.2952,1.49822,6.04714,0.0,0.0,2.0,0.0,5.0,5.0,5.0,5.0,0.0,0.0,0.0,4.10436,47.5221,8.57635,6.31595,7.15962,9.34763,4040.0,0.820473,0.12955,0.215333,4115.0,4960.62,4903.67,1405.0,2596.0,865.333,0.0,2.0,0.05,181.0,60.0,4149.0,0.0580863,0.751903,17029.0,197169.0,35583.3
hoist-benchmark,2024,PU_3_4_3,3.08563,15.2645,4.5651,0.0,0.0,0.0,0.0,0.812978,0.726518,0.0,1.31883,2.5958,2.10869,8839.82,17759.2,36.0,72.0,11.3323,2.0,2.0,1.0,5547.0,0.0,1.32767,18010.0,84672.0,25322.6,666.0,1332.0,4033.0,0.0,0.0,3549.0,145.0,0.120065,0.24013,0.965294,0.0,0.0,0.639805,0.0347056,0.0,0.0,0.0,0.0,0.0,0.0,0.0,0.0,1405.0,342.959,0.25329,54.1621,1244.0,23.2088,0.885409,2.74263,0.0,0.0,2.0,0.0,5.0,5.0,5.0,5.0,0.0,0.0,0.0,4.0967,53.6003,13.837,6.31363,8.09764,9.93466,4069.0,0.805563,0.271229,0.214102,4144.0,4974.68,5003.21,1405.0,4465.0,1488.33,0.0,2.0,0.0634921,181.0,65.0,4178.0,0.0588798,0.7532,17116.0,223942.0,57811.2
hrc,2017,exp1-1-5145,5.64809,6.18336,1.26691,0.0,0.0,0.0,1.89866,1.71153,0.0,0.0,2.46393,3.76763,1.04439,6352.69,7315.54,389.0,389.0,3.85712,2.0,2.0,1.0,3714.0,0.0,1.01365,10015.0,22965.0,4705.32,121.0,988.0,2622.0,0.0,0.0,1645.0,1042.0,0.0325794,0.26602,0.715611,0.0,0.0,0.442919,0.284389,0.0,0.0,0.0,0.0,1.0,34.0,0.0294118,0.00915455,1.0,0.174667,0.000269251,-0.433155,91.0,41.8506,91.0,51.2835,0.0,1.0,2.0,0.0,1.0,0.0,1.0,1.0,0.0,0.0,0.0,5.72516,2.1744,0.869094,1.9054,0.796565,1.62723,3194.0,1.98803,0.298666,0.633362,14220.0,5761.14,3855.31,63.0,91.0,91.0,0.0,2.0,0.031746,11645.0,5344.0,3664.0,4.63674,0.986537,20977.0,7967.0,3184.36
hrc,2017,exp1-1-5670,4.43128,4.82296,1.19463,0.0,0.0,0.0,1.74802,1.59262,0.0,0.0,2.1264,3.2958,0.806496,3460.02,3920.45,243.0,243.0,3.35022,2.0,2.0,1.0,2219.0,0.0,0.990183,5963.0,10702.1,2650.89,49.0,526.0,1531.0,0.0,0.0,1016.0,710.0,0.022082,0.237044,0.683177,0.0,0.0,0.457864,0.316823,0.0,0.0,0.0,0.0,1.0,18.0,0.0555556,0.00811176,1.0,0.227906,0.000450653,-0.549569,91.0,42.1781,91.0,44.4212,0.0,1.0,2.0,0.0,1.0,0.0,1.0,1.0,0.0,0.0,0.0,4.38777,2.15752,0.889162,1.40491,0.926991,1.94796,1917.0,1.79873,0.363862,0.561689,5985.0,3380.25,2354.64,31.0,91.0,91.0,0.0,2.0,0.0645161,4517.0,1574.0,2241.0,2.71798,1.00991,9833.0,4835.0,1992.61
hrc,2017,exp1-1-945,4.45122,4.86001,1.20335,0.0,0.0,0.0,1.82513,1.6589,0.0,0.0,2.15238,3.36455,0.823842,4233.05,4811.04,289.0,289.0,3.5222,2.0,2.0,1.0,2706.0,0.0,0.992663,7283.0,13151.2,3256.27,64.0,646.0,1875.0,0.0,0.0,1242.0,851.0,0.0236511,0.238729,0.687821,0.0,0.0,0.45898,0.312179,0.0,0.0,0.0,0.0,1.0,22.0,0.0454545,0.00813008,1.0,0.226318,0.000369549,-0.527496,108.0,49.7479,108.0,52.9145,0.0,1.0,2.0,0.0,1.0,0.0,1.0,1.0,0.0,0.0,0.0,4.41856,2.17095,0.891539,1.46671,0.921257,2.24331,2341.0,1.84159,0.364453,0.550528,7157.0,4094.22,2869.78,36.0,108.0,108.0,0.0,2.0,0.0555556,5353.0,1873.0,2726.0,2.65077,1.00739,12045.0,5918.0,2430.34
hrc,2017,exp2-1-4795,5.47805,6.154,1.33755,0.0,0.0,0.0,2.07333,1.82401,0.0,0.0,2.48699,3.74157,1.12839,11136.4,13113.2,573.0,573.0,4.07994,2.0,2.0,1.0,6516.0,0.0,1.05148,17151.0,40099.4,8715.46,383.0,1989.0,4621.0,0.0,0.0,2644.0,1576.0,0.0587784,0.305249,0.745683,0.0,0.0,0.40577,0.254317,0.0,0.0,0.0,0.0,1.0,80.0,0.0125,0.0122775,1.0,0.17361,0.000153468,-0.367245,101.0,45.7494,101.0,57.0378,0.0,1.0,2.0,0.0,1.0,0.0,1.0,1.0,0.0,0.0,0.0,5.76005,2.20768,0.835887,2.25024,0.784557,1.19633,5549.0,2.19521,0.242582,0.665004,22307.0,9826.58,6530.66,106.0,101.0,101.0,0.0,2.0,0.0188679,17681.0,10791.0,6197.0,4.59448,0.951044,35695.0,13681.0,5179.99
hrc,2017,exp2-1-5180,5.11915,5.8327,1.35641,0.0,0.0,0.0,2.08571,1.80631,0.0,0.0,2.41821,3.68004,1.11107,12679.8,15027.8,636.0,636.0,4.07994,2.0,2.0,1.0,7495.0,0.0,1.06131,19523.0,43716.1,10166.3,492.0,2388.0,5316.0,0.0,0.0,2940.0,1746.0,0.0656438,0.318612,0.752761,0.0,0.0,0.392262,0.247239,0.0,0.0,0.0,0.0,1.0,92.0,0.0108696,0.0122748,1.0,0.18406,0.000133422,-0.376004,101.0,45.8748,101.0,57.0413,0.0,1.0,2.0,0.0,1.0,0.0,1.0,1.0,0.0,0.0,0.0,5.43302,2.20164,0.824955,2.17003,0.786708,1.21219,6356.0,2.18166,0.22615,0.679993,22137.0,11169.5,7417.03,90.0,101.0,101.0,0.0,2.0,0.0222222,16799.0,8549.0,7062.0,3.58935,0.942228,38368.0,15548.0,5825.83
hrc,2019,exp1-1-5110,5.60676,6.12068,1.25616,0.0,0.0,0.0,1.88754,1.70574,0.0,0.0,2.45844,3.62011,1.02157,5732.51,6580.22,353.0,353.0,3.85712,2.0,2.0,1.0,3372.0,0.0,1.00928,9130.0,20638.9,4235.78,102.0,875.0,2377.0,0.0,0.0,1513.0,964.0,0.0302491,0.25949,0.711464,0.0,0.0,0.448695,0.288536,0.0,0.0,0.0,0.0,1.0,34.0,0.0294118,0.010083,1.0,0.176716,0.00029656,-0.425287,91.0,41.6538,91.0,51.2776,0.0,1.0,2.0,0.0,1.0,0.0,1.0,1.0,0.0,0.0,0.0,5.65878,2.18468,0.877605,1.93583,0.792818,1.61145,2907.0,1.9859,0.314522,0.616244,12843.0,5213.51,3526.91,70.0,91.0,91.0,0.0,2.0,0.0285714,10513.0,5108.0,3341.0,4.67555,0.990807,18906.0,7299.0,2932.08
hrc,2019,exp1-1-5425,5.12478,5.59561,1.23448,0.0,0.0,0.0,1.89186,1.71414,0.0,0.0,2.32676,3.53019,0.939704,4688.15,5362.03,300.0,300.0,3.74593,2.0,2.0,1.0,2869.0,0.0,1.00773,7666.0,16053.8,3541.71,93.0,749.0,2006.0,0.0,0.0,1268.0,841.0,0.0324155,0.261067,0.704601,0.0,0.0,0.441966,0.295399,0.0,0.0,0.0,0.0,1.0,18.0,0.0555556,0.00627396,1.0,0.193634,0.000348554,-0.431826,91.0,42.2362,91.0,51.2949,0.0,1.0,2.0,0.0,1.0,0.0,1.0,1.0,0.0,0.0,0.0,5.16438,2.15455,0.867308,1.86734,0.803904,1.63058,2466.0,1.92974,0.30551,0.549456,9436.0,4396.64,2979.69,62.0,91.0,91.0,0.0,2.0,0.0322581,7493.0,3549.0,2847.0,3.87847,0.992332,14703.0,6134.0,2469.23
hrc,2019,exp1-1-5460,4.76162,5.18607,1.21109,0.0,0.0,0.0,1.84285,1.681,0.0,0.0,2.23405,3.36251,0.880215,3694.53,4203.19,256.0,256.0,3.58496,2.0,2.0,1.0,2324.0,0.0,0.996142,6231.0,12052.4,2814.57,59.0,569.0,1609.0,0.0,0.0,1051.0,724.0,0.0253873,0.244836,0.68967,0.0,0.0,0.452238,0.31033,0.0,0.0,0.0,0.0,1.0,14.0,0.0714286,0.0060241,1.0,0.210826,0.000430293,-0.457311,86.0,39.92,86.0,48.4083,0.0,1.0,2.0,0.0,1.0,0.0,1.0,1.0,0.0,0.0,0.0,4.74325,2.15431,0.881389,1.72568,0.803994,1.96514,1999.0,1.87627,0.337363,0.536734,6776.0,3540.82,2446.06,50.0,86.0,86.0,0.0,2.0,0.04,5228.0,2642.0,2333.0,3.37334,1.00387,11066.0,5026.0,2056.28
hrc,2019,exp2-1-5145,5.11376,5.78316,1.33424,0.0,0.0,0.0,1.88583,1.64042,0.0,0.0,2.46758,3.88869,1.1149,10078.0,11870.2,488.0,488.0,4.07994,2.0,2.0,1.0,5925.0,0.0,1.05128,15746.0,34265.2,7905.36,348.0,1769.0,4200.0,0.0,0.0,2443.0,1436.0,0.0587342,0.298565,0.745209,0.0,0.0,0.412321,0.254791,0.0,0.0,0.0,0.0,1.0,116.0,0.00862069,0.0195781,1.0,0.186013,0.000168776,-0.389843,101.0,44.8641,101.0,57.0126,0.0,1.0,2.0,0.0,1.0,0.0,1.0,1.0,0.0,0.0,0.0,5.37598,2.25124,0.851878,2.08799,0.769376,1.17388,5078.0,2.18438,0.318885,0.695887,17990.0,8867.83,6022.67,79.0,101.0,101.0,0.0,2.0,0.0253165,13744.0,7885.0,5636.0,3.83765,0.951224,30299.0,12688.0,4801.19
hrc,2019,exp2-1-5600,5.18059,5.84738,1.33295,0.0,0.0,0.0,1.93991,1.69298,0.0,0.0,2.4905,3.87031,1.09449,10562.4,12436.1,509.0,509.0,3.92587,2.0,2.0,1.0,6202.0,0.0,1.05261,16453.0,36265.5,8266.98,369.0,1869.0,4401.0,0.0,0.0,2544.0,1491.0,0.0594969,0.301354,0.746945,0.0,0.0,0.41019,0.253055,0.0,0.0,0.0,0.0,1.0,116.0,0.00862069,0.0187036,1.0,0.18338,0.000161238,-0.373701,101.0,44.9431,101.0,57.0149,0.0,1.0,2.0,0.0,1.0,0.0,1.0,1.0,0.0,0.0,0.0,5.45316,2.24728,0.846927,2.18523,0.770731,1.18074,5313.0,2.21151,0.30504,0.694238,19264.0,9294.39,6289.41,108.0,101.0,101.0,0.0,2.0,0.0185185,14817.0,8502.0,5892.0,3.95774,0.950016,32130.0,13241.0,4990.09
ihtc-2024-kletzander,2025,i02,3.16039,4.89091,1.50144,0.0,0.0,0.0,1.0006,2.11496,0.0,0.0,1.82407,3.29775,1.33985,9114.86,11738.6,39.0,315.805,8.53528,1.0,1.58496,1.0,6110.0,0.0,1.10809,15967.0,29883.5,9173.81,1386.0,823.0,3575.0,0.0,0.0,2279.0,1939.0,0.226841,0.134697,0.64835,0.0,0.0,0.372995,0.35165,0.0,0.0,0.0,0.0,3.0,43.0,0.0697674,0.00703764,1.0,0.285552,0.000163666,-0.317754,7461.0,424.749,7461.0,60.7046,5.0,0.0,2.0,0.0,5.0,5.0,0.0,5.0,0.0,0.0,0.0,3.50199,17.5657,9.28721,2.24843,6.98052,11.4561,5156.0,1.2851,0.435109,0.502825,7457.0,7163.31,7342.53,90.0,7461.0,7461.0,0.0,2.0,0.0222222,2566.0,347.0,5514.0,0.528292,0.902455,19310.0,96857.0,51209.7
ihtc-2024-kletzander,2025,i07,3.26067,5.94788,1.71107,0.0,0.0,0.0,1.30115,3.31172,0.0,0.0,1.81987,3.71245,1.37255,37800.5,52197.9,79.0,771.425,9.76487,1.0,2.0,1.0,24617.0,0.0,1.11921,67417.0,146419.0,42121.4,5124.0,3696.0,15081.0,0.0,0.0,10186.0,6914.0,0.208149,0.15014,0.685656,0.0,0.0,0.413779,0.314344,0.0,0.0,0.0,0.0,3.0,93.0,0.0322581,0.00377788,1.0,0.27402,4.06223e-05,-0.214893,42561.0,911.194,42561.0,124.09,5.0,0.0,2.0,0.0,5.0,5.0,0.0,5.0,0.0,0.0,0.0,3.64937,46.709,24.1948,3.37834,7.33493,12.473,20601.0,0.959098,0.43069,0.702957,25068.0,27087.9,32154.8,161.0,42561.0,42561.0,0.0,2.0,0.0124224,5662.0,1581.0,21995.0,0.329302,0.893488,80268.0,1027360.0,532164.0
ihtc-2024-kletzander,2025,i09,3.37419,6.3127,1.79503,0.0,0.0,0.0,1.25738,3.39384,0.0,0.0,1.89167,3.58927,1.3842,47242.0,66539.0,98.0,976.433,10.1712,1.0,2.0,1.0,29552.0,0.0,1.14935,83683.0,186553.0,53046.7,5278.0,5126.0,18620.0,0.0,0.0,13574.0,7092.0,0.1786,0.173457,0.724175,0.0,0.0,0.459326,0.275825,0.0,0.0,0.0,0.0,3.0,109.0,0.0275229,0.00368841,1.0,0.257857,3.38387e-05,-0.199083,62821.0,1045.0,62821.0,135.656,5.0,0.0,2.0,0.0,5.0,5.0,0.0,5.0,0.0,0.0,0.0,3.87811,60.1157,31.1452,3.7278,7.69597,13.1821,24087.0,1.03599,0.432632,0.701998,33415.0,31787.9,37905.7,224.0,62821.0,62821.0,0.0,2.0,0.0106383,10738.0,1417.0,25712.0,0.472736,0.87006,99714.0,1545700.0,800804.0
ihtc-2024-kletzander,2025,test03,3.20196,5.14177,1.55673,0.0,0.0,0.0,1.03581,2.28469,0.0,0.0,1.86828,3.39643,1.37935,11681.1,15361.1,45.0,373.67,8.30378,1.0,1.58496,1.0,7739.0,0.0,1.12159,20554.0,39792.2,12047.5,1666.0,1166.0,4576.0,0.0,0.0,3012.0,2324.0,0.215273,0.150665,0.663188,0.0,0.0,0.389198,0.336812,0.0,0.0,0.0,0.0,3.0,52.0,0.0576923,0.00671921,1.0,0.27845,0.000129216,-0.299218,21991.0,1149.46,21991.0,80.7091,5.0,0.0,2.0,0.0,5.0,5.0,0.0,5.0,0.0,0.0,0.0,3.5913,19.1316,10.981,2.41145,14.2296,24.2763,6421.0,1.30689,0.447879,0.517592,7553.0,9000.03,9413.77,103.0,21991.0,21991.0,0.0,2.0,0.0194175,1502.0,556.0,6900.0,0.298261,0.891588,24780.0,132008.0,75769.0
ihtc-2024-kletzander,2025,test05,3.22566,5.35055,1.60939,0.0,0.0,0.0,1.15997,2.64972,0.0,0.0,1.83458,3.7001,1.44905,19393.6,26010.4,63.0,591.548,9.5411,1.0,1.58496,1.0,12656.0,0.0,1.15633,34757.0,67716.6,20368.4,2338.0,2175.0,7634.0,0.0,0.0,5427.0,3311.0,0.184735,0.171855,0.697487,0.0,0.0,0.428808,0.302513,0.0,0.0,0.0,0.0,3.0,69.0,0.0434783,0.00545196,1.0,0.268102,7.90139e-05,-0.265153,27501.0,838.032,27501.0,92.0353,5.0,0.0,2.0,0.0,5.0,5.0,0.0,5.0,0.0,0.0,0.0,3.72992,32.8162,17.4939,2.76028,9.09468,15.5559,10283.0,1.30428,0.405705,0.47065,14320.0,14230.7,14895.5,130.0,27501.0,27501.0,0.0,2.0,0.0168067,4550.0,689.0,10945.0,0.478666,0.864807,40824.0,359173.0,191470.0
ihtc-2024-marte,2025,i01,6.48775,16.8457,3.14643,0.0,0.0,0.0,3.07115,6.90926,0.778499,0.0,1.50047,4.71766,2.57724,10962.4,19619.4,744.0,6500.68,11.8878,1.0,1.58496,1.0,7186.0,0.0,0.941438,21783.0,121053.0,22610.2,0.0,1134.0,2212.0,0.0,0.0,5241.0,5421.0,0.0,0.157807,0.289794,0.0,0.0,0.729335,0.710206,0.0,0.0,0.0,0.0,5.0,671.0,0.00745156,0.093376,1.0,0.163725,0.000139159,-0.230984,4557080.0,5021.99,4557080.0,0.0,0.0,5.0,2.0,0.0,5.0,0.0,5.0,5.0,0.0,0.0,0.0,6.10782,907.426,770.266,3.6205,0.0,0.0,5027.0,1.96737,3.24656,3.54611,10471.0,10661.5,34735.3,153.0,4557080.0,4557080.0,0.0,2.0,0.0131579,4397.0,1954.0,7633.0,0.832045,1.0622,46621.0,6926390.0,5879440.0
ihtc-2024-marte,2025,i03,7.44058,17.5982,3.03233,0.0,0.0,0.0,3.00824,7.71572,0.80779,0.0,1.54257,4.9536,2.54277,13491.7,23137.9,993.0,8787.81,12.4191,1.0,1.58496,1.0,8432.0,0.0,0.944762,25972.0,148388.0,25568.6,0.0,1305.0,2554.0,0.0,0.0,6071.0,6371.0,0.0,0.154768,0.286162,0.0,0.0,0.719995,0.713838,0.0,0.0,0.0,0.0,5.0,901.0,0.00554939,0.106855,1.0,0.142256,0.000118596,-0.20043,3105700.0,4297.3,3105700.0,93.1727,0.0,5.0,2.0,0.0,5.0,0.0,5.0,5.0,0.0,0.0,0.0,7.02958,722.71,561.396,4.27952,46.1111,59.3505,5914.0,1.98267,3.35629,3.59628,12952.0,12408.4,41128.8,224.0,3105700.0,3105700.0,0.0,2.0,0.00896861,5619.0,2796.0,8925.0,0.942857,1.05847,62739.0,6450180.0,5010460.0
ihtc-2024-marte,2025,i06,11.4011,29.5658,3.37889,0.0,0.0,0.0,3.59934,7.46144,0.837088,0.0,1.37948,4.99496,2.70051,40246.0,72743.3,2283.0,23331.7,14.4495,1.0,1.58496,1.0,25821.0,0.0,1.00832,77420.0,763419.0,87246.3,0.0,4525.0,8903.0,0.0,0.0,18817.0,16705.0,0.0,0.175245,0.347665,0.0,0.0,0.728748,0.652335,0.0,0.0,0.0,0.0,5.0,2082.0,0.00240154,0.080632,1.0,0.0869869,3.87282e-05,-0.161976,27539200.0,12437.9,27539200.0,0.0,0.0,5.0,2.0,0.0,5.0,0.0,5.0,5.0,0.0,0.0,0.0,11.496,2214.13,1703.47,5.63673,0.0,0.0,17056.0,1.94743,3.32597,3.47102,36535.0,36908.0,125029.0,503.0,27539200.0,27539200.0,0.0,2.0,0.0059761,14249.0,7497.0,25608.0,0.849188,0.991751,294389.0,56699400.0,43622500.0
ihtc-2024-marte,2025,i11,10.328,35.8191,3.69712,0.0,0.0,0.0,4.41481,7.24327,0.811442,0.0,1.20424,4.57683,2.66796,65176.1,129136.0,3024.0,33274.7,15.6827,1.0,2.0,1.0,45791.0,0.0,1.04087,133301.0,1640190.0,169295.0,0.0,9035.0,17860.0,0.0,0.0,33776.0,26133.0,0.0,0.19731,0.405974,0.0,0.0,0.737612,0.594026,0.0,0.0,0.0,0.0,5.0,2449.0,0.00204165,0.0534821,1.0,0.0930226,2.18384e-05,-0.149209,171204000.0,29729.9,171204000.0,0.0,0.0,5.0,2.0,0.0,5.0,0.0,5.0,5.0,0.0,0.0,0.0,10.7501,5758.63,4921.73,6.07858,0.0,0.0,28161.0,1.97279,2.98962,3.09597,59079.0,62160.4,221597.0,555.0,171204000.0,171204000.0,0.0,2.0,0.0108893,21516.0,9867.0,43993.0,0.713363,0.960735,472928.0,253339000.0,216522000.0
ihtc-2024-marte,2025,i14,10.0597,38.471,3.85894,0.0,0.0,0.0,5.13363,7.43154,0.777416,0.0,1.11446,4.40979,2.7119,98864.4,205195.0,3642.0,41417.1,16.3841,1.0,2.0,1.0,73198.0,0.0,1.08549,209909.0,2816000.0,282467.0,0.0,15251.0,30208.0,0.0,0.0,54285.0,37225.0,0.0,0.208353,0.447971,0.0,0.0,0.741619,0.552029,0.0,0.0,0.0,0.0,5.0,2942.0,0.00169952,0.0401924,1.0,0.091577,1.36616e-05,-0.142001,190488000.0,35350.9,190488000.0,0.0,0.0,5.0,2.0,0.0,5.0,0.0,5.0,5.0,0.0,0.0,0.0,10.9198,5388.51,4227.82,6.39729,0.0,0.0,43333.0,1.85602,2.77035,2.86429,87828.0,96163.9,336585.0,621.0,190488000.0,190488000.0,0.0,2.0,0.012987,28250.0,13988.0,67433.0,0.62637,0.921241,736353.0,363363000.0,285094000.0
is,2015,1YHXeG1xYs,2.30243,7.61809,3.00011,0.0,0.0,0.0,2.03716,6.34304,0.816467,1.0,0.851238,3.06171,2.20673,1478.83,3055.52,128.0,1799.0,14.0547,1.0,1.0,1.0,1402.0,0.0,1.52557,3674.0,10680.6,4206.15,0.0,341.0,276.0,0.0,0.0,415.0,643.0,0.0,0.243224,0.300326,0.0,0.0,0.296006,0.699674,0.0827389,0.0,116.0,0.0,3.0,392.0,0.00765306,0.279601,1.0,0.284696,0.000713267,-1.12363,2080770.0,372.427,2080770.0,0.0,5.0,0.0,2.0,5.0,0.0,5.0,0.0,5.0,0.0,0.0,0.0,3.51251,5587.06,4450.3,0.636601,0.0,0.0,602.0,2.73659,1.86958,2.7955,1381.0,1455.29,4145.57,29.0,2080770.0,2080770.0,0.0,2.0,0.153846,1426.0,620.0,919.0,2.22633,0.655492,3228.0,5134510.0,4089820.0
is,2015,A3PZaPjnUz,2.24526,7.23929,2.93922,0.0,0.0,0.0,1.40843,4.75714,0.83338,1.0,1.04076,3.3959,2.28261,750.682,1571.03,66.0,930.05,14.0917,1.0,1.0,1.0,738.0,0.0,1.50612,1937.0,5342.6,2169.15,0.0,160.0,135.0,0.0,0.0,219.0,355.0,0.0,0.216802,0.27551,0.0,0.0,0.296748,0.72449,0.097561,0.0,72.0,0.0,3.0,224.0,0.0133929,0.303523,1.0,0.295715,0.00135501,-1.19082,1081340.0,186.788,1081340.0,0.0,5.0,0.0,2.0,5.0,0.0,5.0,0.0,5.0,0.0,0.0,0.0,3.38163,5789.15,4699.4,0.59143,0.0,0.0,310.0,2.77034,1.97356,2.82561,781.0,748.949,2247.27,21.0,1081340.0,1081340.0,0.0,2.0,0.153846,814.0,289.0,490.0,2.25102,0.663957,1657.0,2836680.0,2302710.0
is,2015,HgSWGJHxY5,2.29882,7.60787,3.05252,0.0,0.0,0.0,1.9454,6.24042,0.802447,1.0,1.07514,3.3756,2.26972,1320.57,2786.84,120.0,1686.93,14.0577,1.0,1.0,1.0,1275.0,0.0,1.56442,3368.0,9700.04,3891.97,0.0,273.0,225.0,0.0,0.0,403.0,590.0,0.0,0.214118,0.276074,0.0,0.0,0.316078,0.723926,0.0917647,0.0,117.0,0.0,3.0,369.0,0.00813008,0.289412,1.0,0.278062,0.000784314,-1.29816,1982460.0,329.469,1982460.0,0.0,5.0,0.0,2.0,5.0,0.0,5.0,0.0,5.0,0.0,0.0,0.0,3.59632,6017.14,4816.71,0.556124,0.0,0.0,522.0,2.78538,1.92375,2.91047,1278.0,1320.79,3835.81,21.0,1982460.0,1982460.0,0.0,2.0,0.153846,1319.0,504.0,815.0,2.23681,0.639216,2931.0,4903970.0,3925620.0
is,2015,jZ9pQqRxJ2,2.23387,6.62728,2.58861,0.0,0.0,0.0,1.61404,5.71,0.86381,1.0,1.12869,3.30481,1.58547,739.853,1464.26,73.0,1028.18,14.0846,1.0,1.0,1.0,744.0,0.0,1.50303,1968.0,4930.69,1925.93,0.0,133.0,120.0,0.0,0.0,225.0,375.0,0.0,0.178763,0.242424,0.0,0.0,0.302419,0.757576,0.126344,0.0,94.0,0.0,3.0,221.0,0.0135747,0.297043,1.0,0.297834,0.00134409,-1.17879,1179650.0,201.252,1179650.0,0.0,5.0,0.0,2.0,5.0,0.0,5.0,0.0,5.0,0.0,0.0,0.0,3.35758,5861.55,4667.96,0.595668,0.0,0.0,298.0,2.8809,1.91804,2.58617,774.0,759.117,2134.25,15.0,1179650.0,1179650.0,0.0,2.0,0.153846,822.0,181.0,495.0,2.02626,0.665323,1662.0,2901470.0,2310640.0
is,2015,y21PnVA2Hj,2.28,7.64179,3.10496,0.0,0.0,0.0,1.80838,5.80815,0.852104,1.0,1.04452,3.29982,2.26629,1319.63,2802.8,112.0,1574.82,14.0609,1.0,1.0,1.0,1275.0,0.0,1.5343,3347.0,9743.28,3958.83,0.0,291.0,237.0,0.0,0.0,390.0,594.0,0.0,0.228235,0.285199,0.0,0.0,0.305882,0.714801,0.0870588,0.0,111.0,0.0,3.0,376.0,0.00797872,0.294902,1.0,0.285862,0.000784314,-1.2491,1835010.0,319.449,1835010.0,0.0,5.0,0.0,2.0,5.0,0.0,5.0,0.0,5.0,0.0,0.0,0.0,3.49819,5744.3,4645.38,0.571723,0.0,0.0,530.0,2.7853,1.93503,2.90001,1317.0,1299.52,3907.62,29.0,1835010.0,1835010.0,0.0,2.0,0.153846,1376.0,649.0,831.0,2.43682,0.651765,2907.0,4773510.0,3860310.0
is,2020,A3PZaPjnUz,2.24526,7.23929,2.93922,0.0,0.0,0.0,1.40843,4.75714,0.83338,1.0,1.04076,3.3959,2.28261,750.682,1571.03,66.0,930.05,14.0917,1.0,1.0,1.0,738.0,0.0,1.50612,1937.0,5342.6,2169.15,0.0,160.0,135.0,0.0,0.0,219.0,355.0,0.0,0.216802,0.27551,0.0,0.0,0.296748,0.72449,0.097561,0.0,72.0,0.0,3.0,224.0,0.0133929,0.303523,1.0,0.295715,0.00135501,-1.19082,1081340.0,186.788,1081340.0,0.0,5.0,0.0,2.0,5.0,0.0,5.0,0.0,5.0,0.0,0.0,0.0,3.38163,5789.15,4699.4,0.59143,0.0,0.0,310.0,2.77034,1.97356,2.82561,781.0,748.949,2247.27,21.0,1081340.0,1081340.0,0.0,2.0,0.153846,814.0,289.0,490.0,2.25102,0.663957,1657.0,2836680.0,2302710.0
is,2020,LeTaZW8Ij5,2.25583,7.71647,3.10108,0.0,0.0,0.0,2.07924,6.47186,0.789883,1.0,1.00473,3.31364,2.31431,1342.33,2926.3,129.0,1813.01,14.0544,1.0,1.0,1.0,1329.0,0.0,1.48824,3512.0,10255.2,4121.33,0.0,278.0,243.0,0.0,0.0,400.0,650.0,0.0,0.20918,0.272116,0.0,0.0,0.300978,0.727884,0.100828,0.0,134.0,0.0,3.0,392.0,0.00765306,0.294959,1.0,0.297865,0.000752445,-1.17861,2097150.0,361.337,2097150.0,0.0,5.0,0.0,2.0,5.0,0.0,5.0,0.0,5.0,0.0,0.0,0.0,3.35722,5803.88,4625.5,0.59573,0.0,0.0,559.0,2.82533,1.97448,2.948,1385.0,1366.4,4138.09,21.0,2097150.0,2097150.0,0.0,2.0,0.153846,1451.0,456.0,893.0,2.1355,0.671934,2998.0,5182860.0,4130580.0
is,2020,Ws5Q6fhGi5,2.26757,7.47019,2.97921,0.0,0.0,0.0,2.11496,6.59483,0.822193,1.0,1.00959,3.32066,2.28349,1346.51,2866.15,127.0,1785.0,14.0551,1.0,1.0,1.0,1323.0,0.0,1.48485,3512.0,9883.06,3941.5,0.0,261.0,242.0,0.0,0.0,401.0,649.0,0.0,0.197279,0.271605,0.0,0.0,0.303099,0.728395,0.116402,0.0,154.0,0.0,3.0,378.0,0.00793651,0.285714,1.0,0.297,0.000755858,-1.36659,2080770.0,364.695,2080770.0,0.0,5.0,0.0,2.0,5.0,0.0,5.0,0.0,5.0,0.0,0.0,0.0,3.367,5705.51,4543.6,0.514419,0.0,0.0,559.0,2.76957,2.00046,2.8397,1352.0,1374.67,4005.32,16.0,2080770.0,2080770.0,0.0,2.0,0.153846,1399.0,384.0,891.0,2.00112,0.673469,3000.0,5083610.0,4048340.0
is,2020,YfFfEiuCQo,2.26345,7.92715,3.18267,0.0,0.0,0.0,2.07224,6.46074,0.8313,1.0,1.01614,3.35757,2.40861,1276.34,2807.47,129.0,1813.04,14.0546,1.0,1.0,1.0,1264.0,0.0,1.50835,3348.0,10019.9,4022.89,0.0,269.0,229.0,0.0,0.0,394.0,609.0,0.0,0.212816,0.27327,0.0,0.0,0.311709,0.72673,0.0941456,0.0,119.0,0.0,3.0,369.0,0.00813008,0.29193,1.0,0.292905,0.000791139,-1.20704,2146300.0,347.02,2146300.0,0.0,5.0,0.0,2.0,5.0,0.0,5.0,0.0,5.0,0.0,0.0,0.0,3.41408,6184.96,4929.15,0.585809,0.0,0.0,533.0,2.74472,1.949,2.91039,1294.0,1301.99,4011.19,25.0,2146300.0,2146300.0,0.0,2.0,0.153846,1350.0,524.0,838.0,2.23628,0.662975,2861.0,5183000.0,4130630.0
is,2020,v1HjuSBQMb,2.22581,7.1499,2.91171,0.0,0.0,0.0,1.49008,5.15786,0.841256,1.0,1.04807,3.32528,2.23355,739.676,1550.98,71.0,1000.75,14.095,1.0,1.0,1.0,744.0,0.0,1.49398,1962.0,5319.52,2166.31,0.0,166.0,144.0,0.0,0.0,226.0,354.0,0.0,0.223118,0.289157,0.0,0.0,0.303763,0.710843,0.0954301,0.0,71.0,0.0,3.0,217.0,0.0138249,0.291667,1.0,0.300725,0.00134409,-1.34251,1753090.0,250.001,1753090.0,0.0,5.0,0.0,2.0,5.0,0.0,5.0,0.0,5.0,0.0,0.0,0.0,3.3253,7012.32,5857.76,0.52087,0.0,0.0,320.0,2.73625,1.90645,2.79994,776.0,757.381,2244.24,13.0,1753090.0,1753090.0,0.0,2.0,0.153846,771.0,310.0,498.0,2.17068,0.669355,1656.0,3492140.0,2917160.0
is,2025,1vERFuvviS,2.11111,6.90271,2.89192,0.0,0.0,0.0,0.947368,3.8082,0.914876,1.0,1.26229,3.55514,1.61047,330.455,731.264,35.0,495.784,14.1653,1.0,1.0,1.0,360.0,0.0,1.45161,956.0,2484.98,1041.09,0.0,50.0,51.0,0.0,0.0,113.0,197.0,0.0,0.138889,0.205645,0.0,0.0,0.313889,0.794355,0.15,0.0,54.0,0.0,3.0,120.0,0.025,0.333333,1.0,0.326316,0.00277778,-1.19195,901121.0,117.54,901121.0,0.0,5.0,0.0,2.0,5.0,0.0,5.0,0.0,5.0,0.0,0.0,0.0,3.06452,7666.51,6541.53,0.565196,0.0,0.0,139.0,2.69716,2.01013,2.53754,420.0,343.43,1192.57,13.0,901121.0,901121.0,0.0,2.0,0.153846,463.0,134.0,248.0,2.40726,0.688889,760.0,1901290.0,1622300.0
is,2025,9aGFgDaHX7,2.07246,5.03231,1.99185,0.0,0.0,0.0,1.07894,4.74844,1.12261,1.0,1.03196,2.10375,1.0998,304.763,471.28,35.0,440.069,14.1958,1.0,1.0,1.0,345.0,0.0,1.54018,895.0,1736.15,687.187,0.0,93.0,86.0,0.0,0.0,99.0,138.0,0.0,0.269565,0.383929,0.0,0.0,0.286957,0.616071,0.113043,0.0,39.0,0.0,3.0,88.0,0.0340909,0.255072,1.0,0.313287,0.00289855,-1.54995,1097730.0,137.654,1097730.0,0.0,5.0,0.0,2.0,5.0,0.0,5.0,0.0,5.0,0.0,0.0,0.0,3.19196,7974.58,6876.15,0.443054,0.0,0.0,164.0,2.42386,1.12332,1.82863,336.0,337.642,808.747,12.0,1097730.0,1097730.0,0.0,2.0,0.166667,226.0,131.0,224.0,1.59375,0.649275,715.0,1786300.0,1540260.0
is,2025,BnMUR3YMRk,2.18703,7.01073,2.93648,0.0,0.0,0.0,1.02242,3.75494,0.900993,1.0,1.12562,3.43687,2.10681,394.711,830.086,37.0,523.213,14.1409,1.0,1.0,1.0,401.0,0.0,1.4529,1059.0,2811.3,1177.53,0.0,83.0,73.0,0.0,0.0,124.0,203.0,0.0,0.206983,0.264493,0.0,0.0,0.309227,0.735507,0.102244,0.0,41.0,0.0,3.0,127.0,0.023622,0.316708,1.0,0.314709,0.00249377,-1.2572,606209.0,101.048,606209.0,16.289,5.0,0.0,2.0,5.0,0.0,5.0,0.0,5.0,0.0,0.0,0.0,3.17754,5999.24,4928.43,0.545092,6.14205,7.43634,171.0,2.68907,2.01757,2.65698,444.0,395.522,1288.15,16.0,606209.0,606209.0,0.0,2.0,0.153846,457.0,182.0,276.0,2.31522,0.688279,877.0,1655790.0,1360250.0
is,2025,avdoaYnfXq,2.09836,6.89267,2.94942,0.0,0.0,0.0,0.673961,3.06737,0.897042,1.0,1.08497,3.44241,2.11873,229.205,493.967,23.0,326.702,14.2045,1.0,1.0,1.0,244.0,0.0,1.4104,643.0,1681.81,719.658,0.0,45.0,41.0,0.0,0.0,74.0,132.0,0.0,0.184426,0.236994,0.0,0.0,0.303279,0.763006,0.0942623,0.0,23.0,0.0,3.0,89.0,0.0337079,0.364754,1.0,0.337891,0.00409836,-1.13134,425985.0,66.1111,425985.0,12.8103,5.0,0.0,2.0,5.0,0.0,5.0,0.0,5.0,0.0,0.0,0.0,2.95954,6443.47,5399.67,0.585244,5.0827,6.02767,100.0,2.70591,2.02255,2.75254,302.0,227.854,832.988,9.0,425985.0,425985.0,0.0,2.0,0.222222,327.0,153.0,173.0,2.77457,0.709016,512.0,1114720.0,934143.0
is,2025,vWQp9idqMs,2.28954,7.1489,2.80814,0.0,0.0,0.0,1.57479,5.18129,0.872283,1.0,0.91901,3.22011,2.21077,862.278,1730.19,76.0,1056.22,14.0829,1.0,1.0,1.0,822.0,0.0,1.52222,2161.0,5876.4,2308.29,0.0,186.0,157.0,0.0,0.0,245.0,383.0,0.0,0.226277,0.290741,0.0,0.0,0.298054,0.709259,0.093674,0.0,77.0,0.0,3.0,233.0,0.0128755,0.283455,1.0,0.286929,0.00121655,-1.24259,1212420.0,215.825,1212420.0,0.0,5.0,0.0,2.0,5.0,0.0,5.0,0.0,5.0,0.0,0.0,0.0,3.48519,5617.59,4491.91,0.573858,0.0,0.0,351.0,2.742,1.90782,2.72269,816.0,855.1,2375.24,21.0,1212420.0,1212420.0,0.0,2.0,0.153846,840.0,407.0,540.0,2.30926,0.656934,1882.0,3033500.0,2425630.0
java-auto-gen,2016,binpack_11,2.52122,5.04571,1.88571,0.0,0.0,0.0,0.793268,1.26902,0.0,0.0,0.691182,3.27497,1.61104,1633.3,2734.84,33.0,50.3438,5.78136,2.0,2.0,1.0,1414.0,0.0,1.46833,3876.0,7134.63,2666.4,11.0,494.0,813.0,0.0,0.0,822.0,150.0,0.00777935,0.349364,0.844237,0.0,0.0,0.58133,0.155763,0.0,0.0,0.0,0.0,3.0,87.0,0.0344828,0.0615276,1.0,0.270126,0.000707214,-0.5634,12.0,3.09979,12.0,1.09608,0.0,0.0,2.0,0.0,5.0,5.0,5.0,5.0,0.0,0.0,0.0,3.70197,3.87124,1.36267,1.29548,1.91572,2.32064,876.0,1.90599,1.02794,0.663586,1785.0,1413.46,1277.54,43.0,56.0,28.0,0.0,2.0,0.0952381,591.0,475.0,963.0,1.10696,0.681047,3565.0,3728.0,1312.25
java-auto-gen,2016,pizza_8_3,2.70985,5.37084,1.90268,0.0,0.0,0.0,0.639169,1.06958,0.0,0.0,1.39182,4.70575,1.73557,1942.25,3101.26,16.0,48.894,9.11274,2.0,2.0,1.0,1513.0,0.0,1.56788,4285.0,8126.08,2878.76,8.0,521.0,735.0,0.0,0.0,814.0,230.0,0.00528751,0.344349,0.761658,0.0,0.0,0.538004,0.238342,0.0,0.0,0.0,0.0,2.0,170.0,0.0117647,0.11236,1.0,0.235366,0.000660939,-0.459436,1188.0,79.7232,1188.0,12.8974,0.0,0.0,2.0,0.0,5.0,5.0,5.0,5.0,0.0,0.0,0.0,4.2487,14.9016,9.28793,1.66429,6.1038,8.23351,875.0,1.87049,1.66337,1.37737,2276.0,1415.14,1540.69,52.0,1188.0,1188.0,0.0,2.0,0.0384615,941.0,629.0,965.0,1.62694,0.637806,4100.0,14380.0,8962.85
java-auto-gen,2016,plusexample_6,2.90164,10.1638,3.47772,0.0,0.0,0.0,0.0,0.278284,0.0,0.0,0.649323,3.67424,1.62617,184.836,395.014,8.0,14.5601,6.04439,2.0,2.0,1.0,122.0,0.0,0.910448,364.0,1239.99,424.282,0.0,0.0,8.0,0.0,0.0,121.0,126.0,0.0,0.0,0.0597015,0.0,0.0,0.991803,0.940299,0.0,0.0,0.0,0.0,1.0,1.0,1.0,0.00819672,1.0,0.378531,0.00819672,-0.670258,66.0,3.18129,66.0,3.06497,0.0,0.0,2.0,0.0,5.0,5.0,5.0,5.0,0.0,0.0,0.0,2.64179,20.7463,14.0322,0.927208,0.711686,0.97713,113.0,2.0828,3.30375,3.95776,264.0,133.559,521.776,14.0,66.0,66.0,0.0,2.0,0.428571,184.0,92.0,134.0,2.0597,1.09836,354.0,2780.0,1880.32
java-auto-gen,2016,projplan1_15_15,2.86142,6.52129,2.05664,0.0,0.0,0.0,1.26006,1.57877,0.48623,0.0,1.46418,3.45713,1.7876,691.695,1102.26,74.0,91.8696,5.49185,2.0,2.0,1.0,534.0,0.0,1.26841,1616.0,3482.37,1098.25,12.0,107.0,156.0,0.0,0.0,308.0,265.0,0.0224719,0.200375,0.370546,0.0,0.0,0.576779,0.629454,0.0,0.0,0.0,0.0,3.0,107.0,0.0280374,0.200375,1.0,0.275524,0.00187266,-0.573794,45.0,3.39151,45.0,1.70837,0.0,0.0,2.0,0.0,5.0,5.0,5.0,5.0,0.0,0.0,0.0,3.62945,13.2684,5.8341,1.26261,1.39988,1.60793,248.0,1.91833,1.48697,2.00446,961.0,578.603,950.695,35.0,45.0,45.0,0.0,2.0,0.0571429,722.0,206.0,421.0,2.20428,0.78839,1528.0,5586.0,2456.16
java-auto-gen,2016,routing_7,2.42385,5.77037,2.53703,0.0,0.0,0.0,0.0,1.0105,0.557429,0.0,0.991544,2.13569,1.58242,8624.27,15887.0,16.0,107.892,6.84799,2.0,2.0,1.0,7026.0,0.0,1.79969,18101.0,40542.6,17825.2,0.0,3121.0,3714.0,0.0,0.0,3762.0,190.0,0.0,0.444207,0.951332,0.0,0.0,0.53544,0.048668,0.0,0.0,0.0,0.0,2.0,143.0,0.013986,0.020353,1.0,0.229243,0.000142328,-0.278257,299.0,51.9514,299.0,10.7437,0.0,0.0,2.0,0.0,5.0,5.0,5.0,5.0,0.0,0.0,0.0,4.36219,5.75538,2.28507,2.76995,4.74247,6.54974,3826.0,1.11452,0.414898,0.694801,10024.0,5496.58,4673.78,198.0,299.0,299.0,0.0,2.0,0.125,635.0,6224.0,3904.0,1.75692,0.55565,17030.0,22469.0,8920.93
java-routing,2021,trip_6_2,2.48249,6.76585,2.28227,0.0,0.0,0.0,0.900736,1.77976,0.438161,0.0,0.382348,2.43974,1.63968,1152.43,2195.19,14.0,91.2907,7.90689,2.0,2.0,1.0,1028.0,0.0,1.40054,2927.0,6955.29,2346.17,0.0,288.0,576.0,0.0,0.0,606.0,158.0,0.0,0.280156,0.784741,0.0,0.0,0.589494,0.215259,0.0,0.0,0.0,0.0,2.0,134.0,0.0149254,0.13035,1.0,0.287618,0.000972763,-0.516457,257.0,21.0651,257.0,6.17229,0.0,0.0,2.0,0.0,1.0,1.0,1.0,1.0,0.0,0.0,0.0,3.47684,12.2003,4.60859,1.37937,3.25083,4.03034,661.0,1.10541,1.25574,1.23999,986.0,950.866,1282.98,26.0,257.0,257.0,0.0,2.0,0.44,325.0,520.0,734.0,1.15123,0.714008,2552.0,8955.0,3382.7
java-routing,2021,trip_7_4,2.49525,7.01141,2.32746,0.0,0.0,0.0,0.981663,1.92939,0.429653,0.0,0.345843,2.3639,1.6021,1522.45,2940.58,16.0,107.057,8.11894,2.0,2.0,1.0,1367.0,0.0,1.41219,3862.0,9584.59,3181.64,0.0,392.0,784.0,0.0,0.0,819.0,184.0,0.0,0.286759,0.809917,0.0,0.0,0.599122,0.190083,0.0,0.0,0.0,0.0,2.0,156.0,0.0128205,0.114119,1.0,0.283788,0.000731529,-0.468651,293.0,22.7792,293.0,6.26563,0.0,0.0,2.0,0.0,1.0,1.0,1.0,1.0,0.0,0.0,0.0,3.52376,12.8626,4.78003,1.52824,3.47598,4.23605,883.0,1.01159,1.14982,1.14749,1333.0,1237.59,1650.11,30.0,293.0,293.0,0.0,2.0,0.275862,449.0,705.0,968.0,1.19215,0.70812,3411.0,12451.0,4627.07
java-routing,2021,trip_7_5,2.49525,7.01784,2.32842,0.0,0.0,0.0,0.981663,1.92762,0.429477,0.0,0.345843,2.3639,1.59877,1522.45,2941.04,16.0,107.163,8.10852,2.0,2.0,1.0,1367.0,0.0,1.41219,3862.0,9593.38,3182.94,0.0,392.0,784.0,0.0,0.0,819.0,184.0,0.0,0.286759,0.809917,0.0,0.0,0.599122,0.190083,0.0,0.0,0.0,0.0,2.0,156.0,0.0128205,0.114119,1.0,0.283788,0.000731529,-0.468651,289.0,22.5625,289.0,6.21793,0.0,0.0,2.0,0.0,1.0,1.0,1.0,1.0,0.0,0.0,0.0,3.52376,12.8089,4.7613,1.52824,3.46779,4.22148,883.0,1.01159,1.14982,1.14877,1333.0,1237.59,1650.52,30.0,289.0,289.0,0.0,2.0,0.37931,449.0,705.0,968.0,1.19215,0.70812,3411.0,12399.0,4608.94
java-routing,2021,trip_8_2,2.50513,7.23409,2.36698,0.0,0.0,0.0,1.05613,2.08271,0.422479,0.0,0.316153,2.30144,1.5469,1942.03,3796.27,18.0,125.123,8.32193,2.0,2.0,1.0,1754.0,0.0,1.42139,4925.0,12688.6,4151.68,0.0,512.0,1024.0,0.0,0.0,1064.0,210.0,0.0,0.291904,0.829822,0.0,0.0,0.606613,0.170178,0.0,0.0,0.0,0.0,2.0,178.0,0.011236,0.101482,1.0,0.280838,0.000570125,-0.43917,337.0,24.8407,337.0,6.40243,0.0,0.0,2.0,0.0,1.0,1.0,1.0,1.0,0.0,0.0,0.0,3.56078,13.5665,4.98482,1.63755,3.72369,4.46777,1137.0,0.933282,1.06154,1.0442,1698.0,1558.73,2054.75,34.0,337.0,337.0,0.0,2.0,0.424242,561.0,916.0,1234.0,1.19692,0.703535,4394.0,16741.0,6151.27
java-routing,2021,trip_8_3,2.50513,7.2244,2.36589,0.0,0.0,0.0,1.05613,2.08091,0.422674,0.0,0.316153,2.30144,1.54318,1942.03,3795.68,18.0,124.638,8.32193,2.0,2.0,1.0,1754.0,0.0,1.42139,4925.0,12671.6,4149.77,0.0,512.0,1024.0,0.0,0.0,1064.0,210.0,0.0,0.291904,0.829822,0.0,0.0,0.606613,0.170178,0.0,0.0,0.0,0.0,2.0,178.0,0.011236,0.101482,1.0,0.280838,0.000570125,-0.43917,337.0,24.8526,337.0,6.40256,0.0,0.0,2.0,0.0,1.0,1.0,1.0,1.0,0.0,0.0,0.0,3.56078,13.56,4.9831,1.63755,3.72548,4.46931,1137.0,0.933282,1.06154,1.04112,1698.0,1558.73,2053.78,34.0,337.0,337.0,0.0,2.0,0.30303,561.0,916.0,1234.0,1.19692,0.703535,4394.0,16733.0,6149.15
javarouting,2013,trip_6_3,2.48249,6.78833,2.2859,0.0,0.0,0.0,0.900736,1.77997,0.437464,0.0,0.382348,2.43974,1.67142,1152.43,2196.28,14.0,91.1532,7.90689,2.0,2.0,1.0,1028.0,0.0,1.40054,2927.0,6978.41,2349.91,0.0,288.0,576.0,0.0,0.0,606.0,158.0,0.0,0.280156,0.784741,0.0,0.0,0.589494,0.215259,0.0,0.0,0.0,0.0,2.0,134.0,0.0149254,0.13035,1.0,0.287618,0.000972763,-0.516457,257.0,20.9668,257.0,6.16889,0.0,0.0,2.0,0.0,1.0,1.0,1.0,1.0,0.0,0.0,0.0,3.47684,12.2575,4.61701,1.37937,3.23669,4.02299,661.0,1.10541,1.25574,1.2713,986.0,950.866,1286.06,26.0,257.0,257.0,0.0,2.0,0.4,325.0,520.0,734.0,1.15123,0.714008,2552.0,8997.0,3388.88
javarouting,2013,trip_7_1,2.49525,7.01526,2.32794,0.0,0.0,0.0,0.981663,1.92833,0.429565,0.0,0.345843,2.3639,1.60466,1522.45,2940.79,16.0,107.227,8.11894,2.0,2.0,1.0,1367.0,0.0,1.41219,3862.0,9589.86,3182.29,0.0,392.0,784.0,0.0,0.0,819.0,184.0,0.0,0.286759,0.809917,0.0,0.0,0.599122,0.190083,0.0,0.0,0.0,0.0,2.0,156.0,0.0128205,0.114119,1.0,0.283788,0.000731529,-0.468651,293.0,22.7756,293.0,6.26558,0.0,0.0,2.0,0.0,1.0,1.0,1.0,1.0,0.0,0.0,0.0,3.52376,12.8647,4.78058,1.52824,3.47542,4.23556,883.0,1.01159,1.14982,1.14425,1333.0,1237.59,1650.45,30.0,293.0,293.0,0.0,2.0,0.310345,449.0,705.0,968.0,1.19215,0.70812,3411.0,12453.0,4627.6
javarouting,2013,trip_7_2,2.49525,7.02515,2.32888,0.0,0.0,0.0,0.981663,1.93611,0.429391,0.0,0.345843,2.3639,1.5964,1522.45,2941.19,16.0,108.101,8.12928,2.0,2.0,1.0,1367.0,0.0,1.41219,3862.0,9603.38,3183.58,0.0,392.0,784.0,0.0,0.0,819.0,184.0,0.0,0.286759,0.809917,0.0,0.0,0.599122,0.190083,0.0,0.0,0.0,0.0,2.0,156.0,0.0128205,0.114119,1.0,0.283788,0.000731529,-0.468651,297.0,22.9886,297.0,6.31446,0.0,0.0,2.0,0.0,1.0,1.0,1.0,1.0,0.0,0.0,0.0,3.52376,12.9194,4.8013,1.52824,3.48227,4.24804,883.0,1.01159,1.14982,1.13648,1318.0,1237.59,1651.09,30.0,297.0,297.0,0.0,2.0,0.448276,435.0,690.0,968.0,1.16219,0.70812,3411.0,12506.0,4647.65
javarouting,2013,trip_8_1,2.50513,7.22081,2.36563,0.0,0.0,0.0,1.05613,2.07733,0.422721,0.0,0.316153,2.30144,1.54318,1942.03,3795.58,18.0,124.276,8.31288,2.0,2.0,1.0,1754.0,0.0,1.42139,4925.0,12665.3,4149.31,0.0,512.0,1024.0,0.0,0.0,1064.0,210.0,0.0,0.291904,0.829822,0.0,0.0,0.606613,0.170178,0.0,0.0,0.0,0.0,2.0,178.0,0.011236,0.101482,1.0,0.280838,0.000570125,-0.43917,333.0,24.6548,333.0,6.3569,0.0,0.0,2.0,0.0,1.0,1.0,1.0,1.0,0.0,0.0,0.0,3.56078,13.5065,4.96547,1.63755,3.72113,4.45343,1137.0,0.933282,1.06154,1.04112,1698.0,1558.73,2053.27,34.0,333.0,333.0,0.0,2.0,0.30303,561.0,1700.0,1234.0,1.83225,0.703535,4394.0,16667.0,6127.39
javarouting,2013,trip_8_5,2.50513,7.22238,2.36595,0.0,0.0,0.0,1.05613,2.07688,0.422663,0.0,0.316153,2.30144,1.5469,1942.03,3795.8,18.0,124.169,8.30378,2.0,2.0,1.0,1754.0,0.0,1.42139,4925.0,12668.1,4149.87,0.0,512.0,1024.0,0.0,0.0,1064.0,210.0,0.0,0.291904,0.829822,0.0,0.0,0.606613,0.170178,0.0,0.0,0.0,0.0,2.0,178.0,0.011236,0.101482,1.0,0.280838,0.000570125,-0.43917,329.0,24.4496,329.0,6.30961,0.0,0.0,2.0,0.0,1.0,1.0,1.0,1.0,0.0,0.0,0.0,3.56078,13.4562,4.94869,1.63755,3.71649,4.44103,1137.0,0.933282,1.06154,1.04785,1698.0,1558.73,2053.27,34.0,329.0,329.0,0.0,2.0,0.363636,561.0,1700.0,1234.0,1.83225,0.703535,4394.0,16605.0,6106.68
jp-encoding,2014,data100,2.15698,3.79071,1.94098,0.0,0.0,0.0,2.4532,1.72987,0.0,0.0,0.80024,2.11849,1.78128,9657.04,17497.2,494.0,516.924,4.0,1.0,2.0,1.0,9906.0,0.0,1.61126,25304.0,37550.7,19227.4,0.0,3018.0,5162.0,0.0,0.0,6069.0,986.0,0.0,0.304664,0.839623,0.0,0.0,0.612659,0.160377,0.0329093,0.0,326.0,0.0,1.0,1.0,1.0,0.000100949,1.0,0.287733,0.000100949,-0.567905,192907.0,5698.24,192907.0,78.4027,0.0,5.0,2.0,0.0,0.0,0.0,5.0,5.0,5.0,0.0,0.0,3.47544,33.8538,32.2119,1.2542,72.6664,76.3709,5655.0,1.73938,0.366589,0.313045,5654.0,8944.64,6877.63,29.0,192907.0,192907.0,0.0,2.0,0.285714,492.0,0.0,6148.0,0.080026,0.620634,21367.0,208133.0,198039.0
jp-encoding,2014,data1000,2.15679,3.79187,1.94314,0.0,0.0,0.0,6.02748,4.14471,0.0,0.0,0.797567,2.01465,1.76463,59759.1,108392.0,3047.0,3075.19,4.0,1.0,2.0,1.0,61375.0,0.0,1.61326,156734.0,232726.0,119260.0,0.0,18745.0,31952.0,0.0,0.0,37556.0,6092.0,0.0,0.305418,0.83987,0.0,0.0,0.61191,0.16013,0.0330428,0.0,2028.0,0.0,1.0,1.0,1.0,1.62933e-05,1.0,0.2874,1.62933e-05,-0.56883,1207490.0,35287.2,1207490.0,195.046,0.0,5.0,2.0,0.0,0.0,0.0,5.0,5.0,5.0,0.0,0.0,3.47947,34.219,32.5732,1.25275,180.912,190.053,34998.0,1.73741,0.356479,0.309818,34997.0,55431.2,42456.9,29.0,1207490.0,1207490.0,0.0,2.0,0.285714,3045.0,0.0,38044.0,0.0800389,0.619862,132373.0,1301830.0,1239210.0
jp-encoding,2014,data1700,2.15863,3.79018,1.93794,0.0,0.0,0.0,7.92967,5.43919,0.0,0.0,0.788874,1.99892,1.75762,104678.0,189341.0,5312.0,5341.79,4.0,1.0,2.0,1.0,107274.0,0.0,1.61125,274046.0,406588.0,207891.0,0.0,32934.0,55956.0,0.0,0.0,65491.0,10622.0,0.0,0.307008,0.840458,0.0,0.0,0.610502,0.159542,0.032981,0.0,3538.0,0.0,1.0,1.0,1.0,9.32192e-06,1.0,0.287513,9.32192e-06,-0.568515,2099440.0,61726.9,2099440.0,258.025,0.0,5.0,2.0,0.0,0.0,0.0,5.0,5.0,5.0,0.0,0.0,3.4781,34.0117,32.3674,1.25324,239.224,251.378,61267.0,1.74301,0.354481,0.311551,61266.0,97003.7,74255.5,29.0,2099440.0,2099440.0,0.0,2.0,0.285714,5310.0,0.0,66578.0,0.0797561,0.620635,231565.0,2264430.0,2154950.0
jp-encoding,2014,data400,2.15925,3.78947,1.9358,0.0,0.0,0.0,4.60802,3.19948,0.0,0.0,0.786846,2.02396,1.75974,35478.3,64098.8,1799.0,1825.66,4.0,1.0,2.0,1.0,36320.0,0.0,1.61014,92801.0,137634.0,70308.2,0.0,11162.0,18961.0,0.0,0.0,22164.0,3596.0,0.0,0.307324,0.840582,0.0,0.0,0.610242,0.159418,0.0329295,0.0,1196.0,0.0,1.0,1.0,1.0,2.7533e-05,1.0,0.287629,2.7533e-05,-0.568195,705128.0,20900.8,705128.0,150.186,0.0,5.0,2.0,0.0,0.0,0.0,5.0,5.0,5.0,0.0,0.0,3.4767,33.7368,32.0938,1.25374,139.159,146.284,20759.0,1.74657,0.356724,0.311097,20758.0,32854.3,25170.4,29.0,705128.0,705128.0,0.0,2.0,0.285714,1797.0,0.0,22557.0,0.0796648,0.621063,78424.0,761002.0,723940.0
jp-encoding,2014,data800,2.15404,3.79443,1.95101,0.0,0.0,0.0,5.43382,3.74567,0.0,0.0,0.810042,2.02756,1.77332,48190.2,87777.1,2474.0,2501.6,4.0,1.0,2.0,1.0,49661.0,0.0,1.61641,126749.0,188435.0,96889.4,0.0,15053.0,25777.0,0.0,0.0,30489.0,4946.0,0.0,0.303115,0.839013,0.0,0.0,0.613943,0.160987,0.0331447,0.0,1646.0,0.0,1.0,1.0,1.0,2.01365e-05,1.0,0.287206,2.01365e-05,-0.569369,988865.0,28523.4,988865.0,175.277,0.0,5.0,2.0,0.0,0.0,0.0,5.0,5.0,5.0,0.0,0.0,3.48182,34.6685,33.0203,1.2519,162.728,170.851,28250.0,1.7289,0.358472,0.30595,28249.0,44772.0,34309.8,29.0,988865.0,988865.0,0.0,2.0,0.285714,2472.0,0.0,30723.0,0.0804609,0.618654,106972.0,1065120.0,1014480.0
jp-encoding,2017,data1400,2.15533,3.79327,1.94746,0.0,0.0,0.0,7.29179,5.00192,0.0,0.0,0.803892,2.01068,1.76769,87413.9,158920.0,4472.0,4501.31,4.0,1.0,2.0,1.0,89949.0,0.0,1.61509,229631.0,341201.0,175172.0,0.0,27369.0,46751.0,0.0,0.0,55131.0,8942.0,0.0,0.304272,0.839441,0.0,0.0,0.612914,0.160559,0.0331076,0.0,2978.0,0.0,1.0,1.0,1.0,1.11174e-05,1.0,0.28727,1.11174e-05,-0.569191,1780570.0,51682.1,1780570.0,235.991,0.0,5.0,2.0,0.0,0.0,0.0,5.0,5.0,5.0,0.0,0.0,3.48105,34.4524,32.805,1.25218,218.996,229.993,51222.0,1.73371,0.356492,0.307359,55693.0,81160.5,62159.9,29.0,1780570.0,1780570.0,0.0,2.0,0.285714,8942.0,4472.0,55693.0,0.240856,0.619162,193870.0,1918760.0,1827010.0
jp-encoding,2017,data1900,2.15701,3.79171,1.94266,0.0,0.0,0.0,8.22818,5.64413,0.0,0.0,0.796244,2.00234,1.76227,112040.0,203169.0,5708.0,5738.0,4.0,1.0,2.0,1.0,115053.0,0.0,1.61317,293819.0,436248.0,223508.0,0.0,35169.0,59907.0,0.0,0.0,70375.0,11414.0,0.0,0.305677,0.839963,0.0,0.0,0.611675,0.160037,0.0330456,0.0,3802.0,0.0,1.0,1.0,1.0,8.69165e-06,1.0,0.287388,8.69165e-06,-0.568864,2263780.0,66152.9,2263780.0,267.058,0.0,5.0,2.0,0.0,0.0,0.0,5.0,5.0,5.0,0.0,0.0,3.47962,34.2204,32.5745,1.25269,247.706,260.222,65614.0,1.73907,0.35524,0.308583,71321.0,103928.0,79569.2,29.0,2263780.0,2263780.0,0.0,2.0,0.285714,11414.0,5708.0,71321.0,0.24007,0.619897,248170.0,2440630.0,2323250.0
jp-encoding,2017,data200,2.16127,3.78701,1.92902,0.0,0.0,0.0,2.77615,1.95833,0.0,0.0,0.779589,2.07983,1.76403,12735.2,22926.7,644.0,667.687,4.0,1.0,2.0,1.0,12997.0,0.0,1.60675,33227.0,49219.8,25071.4,0.0,4009.0,6803.0,0.0,0.0,7919.0,1286.0,0.0,0.308456,0.841019,0.0,0.0,0.609294,0.158981,0.0327768,0.0,426.0,0.0,1.0,1.0,1.0,7.69408e-05,1.0,0.287967,7.69408e-05,-0.567257,251251.0,7492.36,251251.0,89.9332,0.0,5.0,2.0,0.0,0.0,0.0,5.0,5.0,5.0,0.0,0.0,3.47262,33.5343,31.8953,1.25522,83.2991,87.5802,7446.0,1.75153,0.361646,0.315918,8089.0,11770.4,9035.49,29.0,251251.0,251251.0,0.0,2.0,0.285714,1286.0,644.0,8089.0,0.238596,0.622374,28090.0,271259.0,258001.0
jp-encoding,2017,data300,2.15626,3.79207,1.94407,0.0,0.0,0.0,3.50136,2.43127,0.0,0.0,0.801375,2.06001,1.7733,19872.9,36063.7,1016.0,1041.02,4.0,1.0,2.0,1.0,20415.0,0.0,1.6132,52133.0,77415.0,39688.2,0.0,6219.0,10625.0,0.0,0.0,12507.0,2030.0,0.0,0.304629,0.839589,0.0,0.0,0.612638,0.160411,0.0330149,0.0,674.0,0.0,1.0,1.0,1.0,4.89836e-05,1.0,0.287483,4.89836e-05,-0.568599,401570.0,11738.0,401570.0,112.49,0.0,5.0,2.0,0.0,0.0,0.0,5.0,5.0,5.0,0.0,0.0,3.47847,34.2111,32.5662,1.25311,104.338,109.609,11640.0,1.73587,0.361031,0.310277,12655.0,18429.7,14138.7,29.0,401570.0,401570.0,0.0,2.0,0.285714,2030.0,1016.0,12655.0,0.240695,0.619887,44020.0,432942.0,412126.0
jp-encoding,2017,data900,2.15427,3.79424,1.95044,0.0,0.0,0.0,6.12314,4.20041,0.0,0.0,0.808844,2.02077,1.77172,61090.4,111240.0,3134.0,3162.28,4.0,1.0,2.0,1.0,62941.0,0.0,1.61623,160649.0,238813.0,122763.0,0.0,19093.0,32677.0,0.0,0.0,38629.0,6266.0,0.0,0.303348,0.839098,0.0,0.0,0.613733,0.160902,0.0331421,0.0,2086.0,0.0,1.0,1.0,1.0,1.58879e-05,1.0,0.287207,1.58879e-05,-0.569366,1249240.0,36146.3,1249240.0,197.337,0.0,5.0,2.0,0.0,0.0,0.0,5.0,5.0,5.0,0.0,0.0,3.48181,34.5608,32.9126,1.25191,183.165,192.338,35810.0,1.73049,0.357752,0.305919,38943.0,56751.8,43481.3,29.0,1249240.0,1249240.0,0.0,2.0,0.285714,6266.0,3134.0,38943.0,0.241378,0.618722,135592.0,1345900.0,1281720.0
kidney-exchange,2019,3_20_0.25_2,7.82716,32.7369,4.22997,0.0,0.0,0.0,1.14984,1.14254,0.0,0.0,1.72963,4.15654,1.08926,169.412,336.931,40.0,133.571,6.36054,1.0,4.32193,2.46491,81.0,0.0,0.81,282.0,2651.69,342.628,0.0,0.0,0.0,0.0,0.0,39.0,100.0,0.0,0.0,0.0,0.0,0.0,0.481481,1.0,0.0,0.0,0.0,0.0,3.0,42.0,0.0714286,0.518519,1.0,0.157729,0.0123457,-0.678181,1484.0,37.3898,1484.0,9.76353,0.0,5.0,3.0,0.0,0.0,0.0,5.0,5.0,5.0,0.0,0.0,6.34,39.69,24.7935,1.24196,3.72711,5.94624,40.0,2.31744,3.12832,3.20994,120.0,177.473,388.103,22.0,1484.0,1484.0,0.0,2.0,0.666667,81.0,445.0,100.0,5.26,1.23457,634.0,3969.0,2479.35
kidney-exchange,2019,3_20_0.25_5,7.82716,32.8561,4.25912,0.0,0.0,0.0,1.14984,1.14124,0.0,0.0,1.72963,4.19055,0.927013,169.412,337.871,40.0,136.766,6.51269,1.0,4.32193,2.52151,81.0,0.0,0.81,282.0,2661.34,344.989,0.0,0.0,0.0,0.0,0.0,39.0,100.0,0.0,0.0,0.0,0.0,0.0,0.481481,1.0,0.0,0.0,0.0,0.0,3.0,42.0,0.0714286,0.518519,1.0,0.157729,0.0123457,-0.678181,1623.0,38.2152,1623.0,9.77145,0.0,5.0,3.0,0.0,0.0,0.0,5.0,5.0,5.0,0.0,0.0,6.34,42.47,26.8785,1.24196,3.80857,5.99835,40.0,2.31744,3.19096,3.2791,120.0,177.473,392.43,22.0,1623.0,1623.0,0.0,2.0,0.666667,81.0,445.0,100.0,5.26,1.23457,634.0,4247.0,2687.85
kidney-exchange,2019,3_20_0.30_5,7.82716,33.0829,4.31005,0.0,0.0,0.0,1.14984,1.13824,0.0,0.0,1.72963,4.24925,0.985981,169.412,339.322,40.0,140.093,6.67112,1.0,4.32193,2.66096,81.0,0.0,0.81,282.0,2679.71,349.114,0.0,0.0,0.0,0.0,0.0,39.0,100.0,0.0,0.0,0.0,0.0,0.0,0.481481,1.0,0.0,0.0,0.0,0.0,3.0,42.0,0.0714286,0.518519,1.0,0.157729,0.0123457,-0.678181,1744.0,38.6782,1744.0,9.78245,0.0,5.0,3.0,0.0,0.0,0.0,5.0,5.0,5.0,0.0,0.0,6.34,45.09,28.7602,1.24196,3.85161,6.0225,40.0,2.31744,3.32492,3.3244,120.0,177.473,399.697,22.0,1744.0,1744.0,0.0,2.0,0.666667,81.0,445.0,100.0,5.26,1.23457,634.0,4509.0,2876.02
kidney-exchange,2019,3_20_0.40_3,7.82716,33.3966,4.37425,0.0,0.0,0.0,1.14984,1.13271,0.0,0.0,1.72963,4.25049,1.16524,169.412,341.018,40.0,141.106,6.71935,1.0,4.32193,2.66096,81.0,0.0,0.81,282.0,2705.13,354.314,0.0,0.0,0.0,0.0,0.0,39.0,100.0,0.0,0.0,0.0,0.0,0.0,0.481481,1.0,0.0,0.0,0.0,0.0,3.0,42.0,0.0714286,0.518519,1.0,0.157729,0.0123457,-0.678181,1798.0,38.6085,1798.0,9.78575,0.0,5.0,3.0,0.0,0.0,0.0,5.0,5.0,5.0,0.0,0.0,6.34,46.57,29.7035,1.24196,3.8432,6.01116,40.0,2.31744,3.35506,3.10097,120.0,177.473,408.521,22.0,1798.0,1798.0,0.0,2.0,0.666667,81.0,445.0,100.0,5.26,1.23457,634.0,4657.0,2970.35
kidney-exchange,2019,3_25_0.20_3,9.09901,40.8039,4.50334,0.0,0.0,0.0,1.23365,1.2239,0.0,0.0,1.69411,4.193,0.943921,217.953,436.398,50.0,168.66,6.48692,1.0,4.64386,2.52371,101.0,0.0,0.808,352.0,4121.2,454.838,0.0,0.0,0.0,0.0,0.0,49.0,125.0,0.0,0.0,0.0,0.0,0.0,0.485149,1.0,0.0,0.0,0.0,0.0,3.0,52.0,0.0576923,0.514851,1.0,0.136017,0.00990099,-0.644948,1980.0,45.3214,1980.0,10.9844,0.0,5.0,3.0,0.0,0.0,0.0,5.0,5.0,5.0,0.0,0.0,7.352,43.688,26.5465,1.33962,4.03493,6.63383,50.0,2.31908,3.32818,3.33551,150.0,230.081,505.658,27.0,1980.0,1980.0,0.0,2.0,0.666667,101.0,678.0,125.0,6.232,1.23762,919.0,5461.0,3318.31
kidney-exchange,2023,3_20_0.15_3,7.82716,32.1617,4.10519,0.0,0.0,0.0,1.14984,1.15337,0.0,0.0,1.72963,3.99504,0.942531,169.412,332.982,40.0,127.633,6.07778,1.0,4.32193,1.88319,81.0,0.0,0.81,282.0,2605.1,332.521,0.0,0.0,0.0,0.0,0.0,39.0,100.0,0.0,0.0,0.0,0.0,0.0,0.481481,1.0,0.0,0.0,0.0,0.0,3.0,42.0,0.0714286,0.518519,1.0,0.157729,0.0123457,-0.678181,1296.0,36.4762,1296.0,9.74302,0.0,5.0,3.0,0.0,0.0,0.0,5.0,5.0,5.0,0.0,0.0,6.34,35.53,21.8402,1.24196,3.64119,5.89732,40.0,2.31744,3.14439,3.13176,120.0,177.473,370.53,22.0,1296.0,1296.0,0.0,2.0,0.666667,81.0,445.0,100.0,5.26,1.23457,634.0,3553.0,2184.02
kidney-exchange,2023,3_20_0.30_4,7.82716,33.1419,4.3241,0.0,0.0,0.0,1.14984,1.13782,0.0,0.0,1.72963,4.18,1.0721,169.412,339.697,40.0,141.458,6.73608,1.0,4.32193,2.66096,81.0,0.0,0.81,282.0,2684.49,350.252,0.0,0.0,0.0,0.0,0.0,39.0,100.0,0.0,0.0,0.0,0.0,0.0,0.481481,1.0,0.0,0.0,0.0,0.0,3.0,42.0,0.0714286,0.518519,1.0,0.157729,0.0123457,-0.678181,1819.0,39.0427,1819.0,9.78337,0.0,5.0,3.0,0.0,0.0,0.0,5.0,5.0,5.0,0.0,0.0,6.34,46.59,29.8852,1.24196,3.88851,6.04523,40.0,2.31744,3.24752,3.173,120.0,177.473,401.766,22.0,1819.0,1819.0,0.0,2.0,0.666667,81.0,445.0,100.0,5.26,1.23457,634.0,4659.0,2988.52
kidney-exchange,2023,3_20_0.40_2,7.82716,33.3987,4.37461,0.0,0.0,0.0,1.14984,1.13263,0.0,0.0,1.72963,4.21042,1.16524,169.412,341.018,40.0,141.085,6.71832,1.0,4.32193,2.66096,81.0,0.0,0.81,282.0,2705.3,354.344,0.0,0.0,0.0,0.0,0.0,39.0,100.0,0.0,0.0,0.0,0.0,0.0,0.481481,1.0,0.0,0.0,0.0,0.0,3.0,42.0,0.0714286,0.518519,1.0,0.157729,0.0123457,-0.678181,1804.0,38.6378,1804.0,9.78399,0.0,5.0,3.0,0.0,0.0,0.0,5.0,5.0,5.0,0.0,0.0,6.34,46.69,29.7935,1.24196,3.84688,6.01337,40.0,2.31744,3.26461,3.14215,120.0,177.473,408.572,22.0,1804.0,1804.0,0.0,2.0,0.666667,81.0,445.0,100.0,5.26,1.23457,634.0,4669.0,2979.35
kidney-exchange,2023,3_25_0.10_2,9.09901,40.1213,4.36791,0.0,0.0,0.0,1.23365,1.23747,0.0,0.0,1.69411,4.09664,1.2273,217.953,431.289,50.0,166.096,6.38405,1.0,4.64386,1.67472,101.0,0.0,0.808,352.0,4052.25,441.159,0.0,0.0,0.0,0.0,0.0,49.0,125.0,0.0,0.0,0.0,0.0,0.0,0.485149,1.0,0.0,0.0,0.0,0.0,3.0,52.0,0.0576923,0.514851,1.0,0.136017,0.00990099,-0.644948,1875.0,45.1764,1875.0,10.9763,0.0,5.0,3.0,0.0,0.0,0.0,5.0,5.0,5.0,0.0,0.0,7.352,41.504,25.1185,1.33962,4.02472,6.64013,50.0,2.31908,3.16683,2.96897,150.0,230.081,481.758,27.0,1875.0,1875.0,0.0,2.0,0.666667,101.0,678.0,125.0,6.232,1.23762,919.0,5188.0,3139.81
kidney-exchange,2023,3_25_0.15_4,9.09901,40.5605,4.45869,0.0,0.0,0.0,1.23365,1.22927,0.0,0.0,1.69411,4.15768,1.09782,217.953,434.78,50.0,170.294,6.54978,1.0,4.64386,2.15315,101.0,0.0,0.808,352.0,4096.61,450.327,0.0,0.0,0.0,0.0,0.0,49.0,125.0,0.0,0.0,0.0,0.0,0.0,0.485149,1.0,0.0,0.0,0.0,0.0,3.0,52.0,0.0576923,0.514851,1.0,0.136017,0.00990099,-0.644948,2069.0,46.1254,2069.0,10.982,0.0,5.0,3.0,0.0,0.0,0.0,5.0,5.0,5.0,0.0,0.0,7.352,44.856,27.5292,1.33962,4.10904,6.68539,50.0,2.31908,3.17759,3.12455,150.0,230.081,498.028,27.0,2069.0,2069.0,0.0,2.0,0.666667,101.0,678.0,125.0,6.232,1.23762,919.0,5607.0,3441.15
l2p,2013,l2p1,2.50012,11.0928,3.95867,0.0,0.0,0.0,0.0,0.859959,0.75783,0.0,1.00296,2.03583,1.81194,5415.93,11326.0,13.0,48.1057,10.6303,2.0,2.0,1.0,4193.0,0.0,1.66985,11015.0,46512.3,16598.7,120.0,1793.0,2288.0,0.0,0.0,2255.0,223.0,0.0286191,0.427617,0.911191,0.0,0.0,0.537801,0.0888092,0.00572383,0.0,24.0,0.0,2.0,6.0,0.333333,0.00143096,39.0,9.3417,0.00930122,6.58134,13.0,0.109423,0.333333,-0.255877,0.0,0.0,2.0,0.0,5.0,5.0,5.0,5.0,0.0,0.0,0.0,4.17483,118.805,7.44498,1.26748,3.48049,3.22085,2353.0,1.35448,0.505343,1.04992,2498.0,3845.86,4397.78,39.0,1585.0,105.667,0.0,2.0,0.285714,247.0,9.0,2511.0,0.101951,0.598855,10483.0,298319.0,18694.3
l2p,2013,l2p12,2.52071,9.15237,3.24987,0.0,0.0,0.0,0.0,0.817636,0.688049,0.0,1.00092,2.24464,1.84634,8876.5,17296.2,16.0,64.0,8.7039,2.0,2.0,1.0,6808.0,0.0,1.62327,18385.0,62309.4,22125.1,145.0,2748.0,3633.0,0.0,0.0,3740.0,561.0,0.0212985,0.403643,0.866237,0.0,0.0,0.549354,0.133763,0.00425969,0.0,29.0,0.0,2.0,146.0,0.0136986,0.0214454,64.0,15.641,0.00940071,9.59299,16.0,0.647385,0.25,-0.0932614,0.0,0.0,2.0,0.0,5.0,5.0,5.0,5.0,0.0,0.0,0.0,4.0918,24.7148,2.04023,1.52622,3.78094,2.19197,3858.0,1.42004,0.574841,1.0768,4194.0,6122.65,6285.7,67.0,417.0,23.1667,0.0,2.0,0.125,316.0,11.0,4194.0,0.0779685,0.61604,17161.0,103654.0,8556.74
l2p,2013,l2p13,2.50501,8.63769,3.08193,0.0,0.0,0.0,0.0,0.785202,0.648945,0.0,1.03388,2.16486,1.74455,11734.7,22582.7,19.0,80.7106,7.81378,1.0,1.0,1.0,9075.0,0.0,1.6818,24124.0,78387.0,27968.5,175.0,3805.0,4756.0,0.0,0.0,4884.0,640.0,0.0192837,0.419284,0.881394,0.0,0.0,0.538182,0.118606,0.00385675,0.0,35.0,0.0,2.0,176.0,0.0113636,0.0193939,41.0,9.73193,0.00451791,5.67637,19.0,1.40402,0.463415,0.11252,0.0,0.0,2.0,0.0,5.0,5.0,5.0,5.0,0.0,0.0,0.0,4.21294,13.5326,1.38849,1.5383,3.59059,1.44041,4991.0,1.25477,0.600666,1.13241,5396.0,7967.63,7678.37,43.0,225.0,10.7143,0.0,2.0,0.125,379.0,9.0,5396.0,0.0719051,0.594601,22733.0,73022.0,7492.31
l2p,2013,l2p16,2.50269,8.4339,3.031,0.0,0.0,0.0,0.0,0.795386,0.659849,0.0,1.00272,2.53391,1.88768,6012.32,11530.1,13.0,48.1057,7.81378,2.0,2.0,1.0,4649.0,0.0,1.6193,12407.0,39209.2,14091.1,120.0,1889.0,2408.0,0.0,0.0,2495.0,463.0,0.025812,0.406324,0.838732,0.0,0.0,0.536675,0.161268,0.0051624,0.0,24.0,0.0,2.0,121.0,0.0165289,0.0260271,39.0,9.62346,0.0083889,6.72563,13.0,0.753589,0.333333,-0.077777,0.0,0.0,2.0,0.0,5.0,5.0,5.0,5.0,0.0,0.0,0.0,4.05259,17.2508,1.99808,1.28218,3.16817,1.65991,2593.0,1.39401,1.04281,1.29538,2871.0,4299.16,4672.06,39.0,225.0,15.0,0.0,2.0,0.125,260.0,9.0,2871.0,0.0936956,0.617552,11635.0,49527.0,5736.49
l2p,2013,l2p2,2.50688,12.5701,4.44789,0.0,0.0,0.0,0.0,0.878703,0.778819,0.0,1.00209,1.95874,1.70118,7811.46,16906.2,16.0,64.0,12.179,2.0,2.0,1.0,6029.0,0.0,1.69354,15849.0,75785.0,26816.3,145.0,2603.0,3289.0,0.0,0.0,3251.0,271.0,0.0240504,0.431747,0.923876,0.0,0.0,0.539227,0.0761236,0.00481008,0.0,29.0,0.0,2.0,6.0,0.333333,0.00099519,48.0,11.3061,0.00796152,7.39586,16.0,0.0542131,0.333333,-0.247508,0.0,0.0,2.0,0.0,5.0,5.0,5.0,5.0,0.0,0.0,0.0,4.24551,295.131,14.6817,1.39349,3.82124,3.72504,3369.0,1.27736,0.450672,1.00777,3544.0,5385.32,6215.81,48.0,4637.0,257.611,0.0,2.0,0.285714,300.0,9.0,3560.0,0.0867978,0.590479,15114.0,1050670.0,52267.0
largescheduling,2015,instance-0100-1,2.97525,59.1262,19.8727,0.0,0.0,0.0,3.27596,3.27789,0.0,0.0,0.090037,1.08014,8.88178e-16,213.302,1084.47,101.0,2007.15,19.8728,2.0,39.7451,19.8726,202.0,0.0,1.00498,606.0,11943.5,4014.28,1.0,0.0,0.0,0.0,0.0,200.0,201.0,0.0049505,0.0,0.0,0.0,0.0,0.990099,1.0,0.0,0.0,0.0,0.0,1.0,1.0,1.0,0.0049505,101.0,33.7787,0.5,14.1465,959804.0,0.999738,9503.01,-14.1616,0.0,0.0,2.0,0.0,1.0,1.0,1.0,1.0,0.0,0.0,0.0,2.99005,960056.0,398081.0,2.31709,1.8516e-05,0.0,101.0,1.04025,0.0452246,1.04025,201.0,265.154,3994.42,101.0,960057.0,480028.0,0.0,959804.0,9503.01,200.0,202.0,201.0,2.0,0.99505,601.0,192971000.0,80014300.0
largescheduling,2015,instance-0400-2,2.99377,65.586,21.9075,0.0,0.0,0.0,6.63867,6.6389,0.0,0.0,0.0276518,1.02516,0.0,817.291,4388.88,401.0,8784.93,21.9075,2.0,43.815,21.9075,802.0,0.0,1.00125,2406.0,52600.0,17569.8,1.0,0.0,0.0,0.0,0.0,800.0,801.0,0.00124688,0.0,0.0,0.0,0.0,0.997506,1.0,0.0,0.0,0.0,0.0,1.0,1.0,1.0,0.00124688,401.0,133.778,0.5,28.2848,3933800.0,0.999963,9809.98,-28.7931,0.0,0.0,2.0,0.0,1.0,1.0,1.0,1.0,0.0,0.0,0.0,2.9975,3933950.0,1637110.0,4.69432,1.29616e-06,0.0,401.0,1.01259,0.013842,1.01259,801.0,1042.63,17547.9,401.0,3933950.0,1966970.0,0.0,3933800.0,9809.98,800.0,802.0,801.0,2.0,0.998753,2401.0,3151090000.0,1311330000.0
largescheduling,2015,instance-0800-1,2.99688,68.7206,22.9307,0.0,0.0,0.0,9.40837,9.40845,0.0,0.0,0.0150905,1.01384,0.0,1619.29,8859.06,801.0,18367.5,22.9307,2.0,45.8615,22.9307,1602.0,0.0,1.00062,4806.0,110090.0,36735.0,1.0,0.0,0.0,0.0,0.0,1600.0,1601.0,0.00062422,0.0,0.0,0.0,0.0,0.998752,1.0,0.0,0.0,0.0,0.0,1.0,1.0,1.0,0.00062422,801.0,267.111,0.5,40.0002,7995290.0,0.999986,9981.63,-38.3094,0.0,0.0,2.0,0.0,1.0,1.0,1.0,1.0,0.0,0.0,0.0,2.99875,7995400.0,3329340.0,6.65275,3.75216e-07,0.0,801.0,1.00693,0.00754966,1.00693,1601.0,2077.62,36712.1,801.0,7995400.0,3997700.0,0.0,7995290.0,9981.63,1600.0,1602.0,1601.0,2.0,0.999376,4801.0,12800600000.0,5330280000.0
largescheduling,2015,instance-1600-2,2.99844,71.8088,23.9487,0.0,0.0,0.0,13.3194,13.3194,0.0,0.0,0.00817427,1.00755,0.0,3221.29,17892.5,1601.0,38341.9,23.9487,2.0,47.8974,23.9487,3202.0,0.0,1.00031,9606.0,229932.0,76683.8,1.0,0.0,0.0,0.0,0.0,3200.0,3201.0,0.000312305,0.0,0.0,0.0,0.0,0.999375,1.0,0.0,0.0,0.0,0.0,1.0,1.0,1.0,0.000312305,1601.0,533.778,0.5,56.5686,16191200.0,0.999992,10113.2,-26.9916,0.0,0.0,2.0,0.0,1.0,1.0,1.0,1.0,0.0,0.0,0.0,2.99938,16191400.0,6744300.0,9.41826,3.08806e-07,0.0,1601.0,1.00378,0.00408834,1.00378,3201.0,4146.58,76659.9,1601.0,16191400.0,8095690.0,0.0,16191200.0,10113.2,3200.0,3202.0,3201.0,2.0,0.999688,9601.0,51828600000.0,21588500000.0
largescheduling,2015,instance-3200-3,2.99922,74.8625,24.9607,0.0,0.0,0.0,18.8464,18.8464,0.0,0.0,0.00440074,1.00409,0.0,6423.29,36138.7,3201.0,79899.1,24.9607,2.0,49.9213,24.9607,6402.0,0.0,1.00016,19206.0,479270.0,159798.0,1.0,0.0,0.0,0.0,0.0,6400.0,6401.0,0.000156201,0.0,0.0,0.0,0.0,0.999688,1.0,0.0,0.0,0.0,0.0,1.0,1.0,1.0,0.000156201,3201.0,1067.11,0.5,80.0,32651800.0,0.999996,10200.5,-86.2536,0.0,0.0,2.0,0.0,1.0,1.0,1.0,1.0,0.0,0.0,0.0,2.99969,32652000.0,13602900.0,13.3264,4.33117e-08,0.0,3201.0,1.00204,0.0022007,1.00204,6401.0,8283.52,159773.0,3201.0,32652000.0,16326000.0,0.0,32651800.0,10200.5,6400.0,6402.0,6401.0,2.0,0.999844,19201.0,209005000000.0,87071900000.0
largescheduling,2018,instance-0100-4,2.97525,59.48,19.9916,0.0,0.0,0.0,3.27596,3.2779,0.0,0.0,0.090037,1.08014,8.88178e-16,213.302,1086.21,101.0,2019.15,19.9916,2.0,39.9831,19.9916,202.0,0.0,1.00498,606.0,12015.0,4038.3,1.0,0.0,0.0,0.0,0.0,200.0,201.0,0.0049505,0.0,0.0,0.0,0.0,0.990099,1.0,0.0,0.0,0.0,0.0,1.0,1.0,1.0,0.0049505,101.0,33.7787,0.5,14.1465,1042390.0,0.999884,10320.7,-14.208,0.0,0.0,2.0,0.0,1.0,1.0,1.0,1.0,0.0,0.0,0.0,2.99005,1042510.0,432271.0,2.31709,8.19558e-06,0.0,101.0,1.04025,0.0452246,1.04025,201.0,265.154,4018.32,101.0,1042510.0,521257.0,0.0,1042390.0,10320.7,200.0,202.0,201.0,2.0,0.99505,601.0,209545000.0,86886500.0
largescheduling,2018,instance-0400-4,2.99377,65.6592,21.932,0.0,0.0,0.0,6.63867,6.63889,0.0,0.0,0.0276518,1.02516,0.0,817.291,4390.17,401.0,8794.73,21.932,2.0,43.864,21.932,802.0,0.0,1.00125,2406.0,52658.7,17589.5,1.0,0.0,0.0,0.0,0.0,800.0,801.0,0.00124688,0.0,0.0,0.0,0.0,0.997506,1.0,0.0,0.0,0.0,0.0,1.0,1.0,1.0,0.00124688,401.0,133.778,0.5,28.2848,4001080.0,0.99997,9977.75,-28.7198,0.0,0.0,2.0,0.0,1.0,1.0,1.0,1.0,0.0,0.0,0.0,2.9975,4001200.0,1665100.0,4.69432,1.06034e-06,0.0,401.0,1.01259,0.013842,1.01259,801.0,1042.63,17567.5,401.0,4001200.0,2000600.0,0.0,4001080.0,9977.75,800.0,802.0,801.0,2.0,0.998753,2401.0,3204960000.0,1333740000.0
largescheduling,2018,instance-0800-4,2.99688,68.7688,22.9468,0.0,0.0,0.0,9.40837,9.40845,0.0,0.0,0.0150905,1.01384,0.0,1619.29,8860.68,801.0,18380.4,22.9468,2.0,45.8936,22.9468,1602.0,0.0,1.00062,4806.0,110168.0,36760.8,1.0,0.0,0.0,0.0,0.0,1600.0,1601.0,0.00062422,0.0,0.0,0.0,0.0,0.998752,1.0,0.0,0.0,0.0,0.0,1.0,1.0,1.0,0.00062422,801.0,267.111,0.5,40.0002,8084870.0,0.999985,10093.5,-40.6413,0.0,0.0,2.0,0.0,1.0,1.0,1.0,1.0,0.0,0.0,0.0,2.99875,8085000.0,3366650.0,6.65275,3.71058e-07,0.0,801.0,1.00693,0.00754966,1.00693,1601.0,2077.62,36737.9,801.0,8085000.0,4042500.0,0.0,8084870.0,10093.5,1600.0,1602.0,1601.0,2.0,0.999376,4801.0,12944100000.0,5390010000.0
largescheduling,2018,instance-1600-4,2.99844,71.8018,23.9464,0.0,0.0,0.0,13.3194,13.3194,0.0,0.0,0.00817427,1.00755,0.0,3221.29,17892.0,1601.0,38338.2,23.9464,2.0,47.8928,23.9464,3202.0,0.0,1.00031,9606.0,229910.0,76676.4,1.0,0.0,0.0,0.0,0.0,3200.0,3201.0,0.000312305,0.0,0.0,0.0,0.0,0.999375,1.0,0.0,0.0,0.0,0.0,1.0,1.0,1.0,0.000312305,1601.0,533.778,0.5,56.5686,16165400.0,0.999994,10097.1,-70.6886,0.0,0.0,2.0,0.0,1.0,1.0,1.0,1.0,0.0,0.0,0.0,2.99938,16165500.0,6733530.0,9.41826,8.74834e-08,0.0,1601.0,1.00378,0.00408834,1.00378,3201.0,4146.58,76652.5,1601.0,16165500.0,8082750.0,0.0,16165400.0,10097.1,3200.0,3202.0,3201.0,2.0,0.999688,9601.0,51745800000.0,21554000000.0
largescheduling,2018,instance-3200-4,2.99922,74.7922,24.9372,0.0,0.0,0.0,18.8464,18.8464,0.0,0.0,0.00440074,1.00409,0.0,6423.29,36130.0,3201.0,79824.0,24.9372,2.0,49.8744,24.9372,6402.0,0.0,1.00016,19206.0,478819.0,159648.0,1.0,0.0,0.0,0.0,0.0,6400.0,6401.0,0.000156201,0.0,0.0,0.0,0.0,0.999688,1.0,0.0,0.0,0.0,0.0,1.0,1.0,1.0,0.000156201,3201.0,1067.11,0.5,80.0,32125300.0,0.999997,10036.0,0.0,0.0,0.0,2.0,0.0,1.0,1.0,1.0,1.0,0.0,0.0,0.0,2.99969,32125400.0,13383500.0,13.3264,0.0,0.0,3201.0,1.00204,0.0022007,1.00204,6401.0,8283.52,159623.0,3201.0,32125400.0,16062700.0,0.0,32125300.0,10036.0,6400.0,6402.0,6401.0,2.0,0.999844,19201.0,205635000000.0,85667700000.0
league,2012,model100-21-12,2.45884,5.61809,2.11281,0.0,0.0,0.0,2.11326,4.3345,0.473303,0.0,0.164134,1.51513,1.05039,15681.0,28772.8,101.0,509.746,5.04699,2.0,2.0,1.0,14892.0,0.0,1.65928,38216.0,83664.6,31464.0,0.0,6188.0,8296.0,0.0,0.0,8262.0,679.0,0.0,0.415525,0.924345,0.0,0.0,0.554795,0.0756546,0.0,0.0,0.0,0.0,1.0,34.0,0.0294118,0.00228311,1.0,0.245105,6.71501e-05,-0.282333,6800070.0,8944.63,6800070.0,0.0,0.0,5.0,2.0,5.0,0.0,0.0,5.0,5.0,0.0,0.0,0.0,4.07989,760.24,758.571,2.67378,0.0,0.0,8773.0,1.32308,0.22566,0.366807,9146.0,12229.2,9768.96,102.0,6800070.0,6800070.0,0.0,2.0,0.0909091,678.0,18.0,8975.0,0.0775487,0.602673,36617.0,6823160.0,6808180.0
league,2012,model20-3-5,2.51,3.62104,1.37834,0.0,0.0,0.0,0.890864,1.43499,0.0,0.0,0.673594,1.86241,1.02108,458.49,625.843,21.0,47.4386,2.87362,2.0,2.0,1.0,400.0,0.0,1.28617,1060.0,1448.42,551.334,0.0,135.0,240.0,0.0,0.0,235.0,71.0,0.0,0.3375,0.771704,0.0,0.0,0.5875,0.228296,0.0,0.0,0.0,0.0,1.0,5.0,0.2,0.0125,1.0,0.309761,0.0025,-0.671856,100016.0,308.838,100016.0,17.6068,0.0,5.0,2.0,5.0,0.0,0.0,5.0,5.0,0.0,0.0,0.0,3.2283,323.846,322.519,1.02736,17.4841,17.5562,276.0,1.34497,0.693402,0.688596,265.0,412.23,363.898,15.0,100016.0,100016.0,0.0,2.0,0.153846,40.0,11.0,311.0,0.163987,0.7775,1004.0,100716.0,100303.0
league,2012,model30-4-6,2.46469,3.95347,1.5117,0.0,0.0,0.0,1.14758,1.99167,0.0,0.0,0.397568,1.56967,1.06123,1157.47,1695.14,31.0,91.0,2.93548,2.0,2.0,1.0,1048.0,0.0,1.56185,2680.0,4143.23,1584.26,0.0,440.0,552.0,0.0,0.0,552.0,119.0,0.0,0.419847,0.822653,0.0,0.0,0.526718,0.177347,0.0,0.0,0.0,0.0,1.0,8.0,0.125,0.00763359,1.0,0.259775,0.000954198,-0.594157,240025.0,666.623,240025.0,25.8844,0.0,5.0,2.0,5.0,0.0,0.0,5.0,5.0,0.0,0.0,0.0,3.84948,360.061,358.571,1.24584,25.7153,25.8223,617.0,1.73048,0.591382,0.715108,600.0,991.214,776.553,24.0,240025.0,240025.0,0.0,2.0,0.153846,62.0,12.0,671.0,0.110283,0.640267,2583.0,241601.0,240601.0
league,2012,model50-4-4,2.53105,4.44147,1.64996,0.0,0.0,0.0,1.62901,2.72051,0.0,0.0,0.290347,1.45423,1.03098,2057.99,3243.84,51.0,167.096,3.2764,2.0,2.0,1.0,1900.0,0.0,1.54346,4930.0,8438.79,3134.92,0.0,760.0,1090.0,0.0,0.0,1090.0,141.0,0.0,0.4,0.885459,0.0,0.0,0.573684,0.114541,0.0,0.0,0.0,0.0,1.0,10.0,0.1,0.00526316,1.0,0.255978,0.000526316,-0.491302,300041.0,1219.1,300041.0,35.0714,0.0,5.0,2.0,5.0,0.0,0.0,5.0,5.0,0.0,0.0,0.0,3.90658,246.118,244.625,1.51439,34.7319,34.944,1151.0,1.48683,0.485671,0.605681,1130.0,1732.45,1400.14,30.0,300041.0,300041.0,0.0,2.0,0.0909091,90.0,10.0,1231.0,0.0812348,0.647895,4809.0,302971.0,301133.0
league,2012,model55-3-12,2.54905,4.60126,1.69308,0.0,0.0,0.0,1.56921,2.89141,0.0,0.0,0.355011,1.45272,1.03224,2444.14,3894.36,56.0,191.269,3.41551,2.0,2.0,1.0,2222.0,0.0,1.4317,5797.0,10224.0,3762.01,0.0,792.0,1309.0,0.0,0.0,1287.0,243.0,0.0,0.356436,0.843428,0.0,0.0,0.579208,0.156572,0.0,0.0,0.0,0.0,1.0,11.0,0.0909091,0.0049505,1.0,0.274011,0.000450045,-0.424257,220045.0,1526.66,220045.0,39.3827,0.0,5.0,2.0,5.0,0.0,0.0,5.0,5.0,0.0,0.0,0.0,3.64948,144.135,142.719,1.7112,38.7394,39.1239,1464.0,1.00968,0.395555,0.470153,1584.0,1996.15,1731.43,33.0,220045.0,220045.0,0.0,2.0,0.0833333,242.0,18.0,1552.0,0.167526,0.69847,5664.0,223697.0,221500.0
league,2012,model90-18-20,2.42681,5.21728,1.98038,0.0,0.0,0.0,1.88831,4.11534,0.0,0.0,0.248622,1.56598,1.0594,13538.7,23565.7,91.0,442.62,4.86396,2.0,2.0,1.0,12720.0,0.0,1.69577,32220.0,66363.8,25190.4,0.0,5580.0,6660.0,0.0,0.0,6510.0,841.0,0.0,0.438679,0.887882,0.0,0.0,0.511792,0.112118,0.0,0.0,0.0,0.0,1.0,30.0,0.0333333,0.00235849,1.0,0.242995,7.86164e-05,-0.304024,5100060.0,7473.22,5100060.0,0.0,0.0,5.0,2.0,5.0,0.0,0.0,5.0,5.0,0.0,0.0,0.0,4.11532,682.445,680.801,2.48995,0.0,0.0,7321.0,1.37534,0.237724,0.366214,7890.0,10427.5,8174.27,90.0,5100060.0,5100060.0,0.0,2.0,0.0606061,840.0,26.0,7501.0,0.115451,0.589701,30869.0,5119020.0,5106690.0
league,2013,model15-4-3,2.60744,7.34037,2.37305,0.0,0.0,0.0,0.939424,2.81181,0.942276,0.0,0.541514,2.50278,1.55589,558.291,950.226,16.0,201.318,12.5824,2.0,2.0,1.0,484.0,0.0,0.985743,1282.0,3552.74,1148.56,10.0,10.0,160.0,0.0,0.0,299.0,331.0,0.0206612,0.0206612,0.325866,0.0,0.0,0.617769,0.674134,0.0,0.0,0.0,0.0,1.0,5.0,0.2,0.0103306,1.0,0.389065,0.00206612,-0.702244,1995.0,1.30074,1995.0,0.128258,0.0,5.0,2.0,5.0,0.0,0.0,5.0,5.0,0.0,0.0,0.0,2.57026,1533.74,768.776,0.869976,2.34483,2.34015,471.0,1.00826,1.55761,1.42489,611.0,580.815,1504.46,15.0,10001.0,5000.5,0.0,2.0,0.333333,181.0,9.0,491.0,0.386965,1.01446,1262.0,753065.0,377469.0
league,2013,model20-5-4,2.62162,7.79517,2.48028,0.0,0.0,0.0,1.14433,3.11338,0.901539,0.0,0.437997,2.5235,1.58156,1007.59,1812.86,21.0,268.079,12.7657,2.0,2.0,1.0,888.0,0.0,0.991071,2356.0,6922.11,2202.49,14.0,14.0,294.0,0.0,0.0,559.0,602.0,0.0157658,0.0157658,0.328125,0.0,0.0,0.629505,0.671875,0.0,0.0,0.0,0.0,1.0,7.0,0.142857,0.00788288,1.0,0.38488,0.00112613,-0.604068,3493.0,2.22654,3493.0,0.530007,0.0,5.0,2.0,5.0,0.0,0.0,5.0,5.0,0.0,0.0,0.0,2.59821,1568.8,786.219,1.0183,2.31419,2.31142,869.0,0.940513,1.65099,1.50828,1135.0,1050.08,2839.18,21.0,10001.0,5000.5,0.0,2.0,0.333333,322.0,10.0,896.0,0.370536,1.00901,2328.0,1405650.0,704452.0
league,2013,model30-8-4,2.63954,7.97813,2.49686,0.0,0.0,0.0,1.41754,3.78734,0.89555,0.0,0.4048,2.45171,1.63733,1660.42,3024.74,31.0,401.636,12.956,2.0,2.0,1.0,1487.0,0.0,0.989355,3933.0,11863.5,3712.84,16.0,32.0,512.0,0.0,0.0,919.0,991.0,0.0107599,0.0215198,0.340652,0.0,0.0,0.618023,0.659348,0.0,0.0,0.0,0.0,1.0,8.0,0.125,0.00537996,1.0,0.38293,0.000672495,-0.537148,6392.0,3.98638,6392.0,1.3068,0.0,5.0,2.0,5.0,0.0,0.0,5.0,5.0,0.0,0.0,0.0,2.61144,1603.46,803.716,1.14879,2.28527,2.28546,1465.0,0.891721,1.57623,1.53292,1929.0,1756.28,4790.06,24.0,10001.0,6392.0,0.0,2.0,0.333333,535.0,10.0,1503.0,0.362608,1.01076,3925.0,2410000.0,1207980.0
league,2013,model40-5-11,2.66513,8.18546,2.53929,0.0,0.0,0.0,1.67802,4.34341,0.880587,0.0,0.32794,2.32449,1.55452,2640.97,4884.14,41.0,533.836,13.0204,2.0,2.0,1.0,2389.0,0.0,0.990875,6307.0,19555.1,6066.37,20.0,40.0,840.0,0.0,0.0,1479.0,1571.0,0.0083717,0.0167434,0.348403,0.0,0.0,0.619087,0.651597,0.0,0.0,0.0,0.0,1.0,10.0,0.1,0.00418585,1.0,0.378671,0.000418585,-0.473662,4990.0,3.00003,4990.0,0.894294,0.0,5.0,2.0,5.0,0.0,0.0,5.0,5.0,0.0,0.0,0.0,2.64081,1663.31,832.554,1.31176,2.23644,2.23605,2361.0,0.865769,1.44725,1.31442,3261.0,2808.6,7686.6,30.0,10001.0,5000.5,0.0,2.0,0.333333,991.0,17.0,2411.0,0.418084,1.00921,6367.0,4010250.0,2007290.0
league,2013,model55-13-15,2.62925,8.72064,2.70307,0.0,0.0,0.0,1.93934,4.80523,0.7399,0.0,0.294506,2.58126,1.98736,7179.06,14264.0,56.0,734.533,13.1167,2.0,2.0,1.0,6611.0,0.0,0.997134,17591.0,57652.2,17870.0,38.0,114.0,2204.0,0.0,0.0,4236.0,4426.0,0.005748,0.017244,0.332428,0.0,0.0,0.64075,0.667572,0.0,0.0,0.0,0.0,1.0,19.0,0.0526316,0.002874,1.0,0.381429,0.000151263,-0.331032,24681.0,15.5923,24681.0,6.32145,0.0,5.0,2.0,5.0,0.0,0.0,5.0,5.0,0.0,0.0,0.0,2.62172,1582.9,793.168,1.86861,2.30837,2.3261,6556.0,0.771056,1.71624,1.66561,8912.0,7523.43,21762.2,57.0,24681.0,24681.0,0.0,2.0,0.333333,2507.0,21.0,6630.0,0.381297,1.00287,17382.0,10494600.0,5258700.0
liner-sf-repositioning,2014,fm3_11,3.14103,19.928,5.81027,0.0,0.0,0.0,1.10286,2.69625,0.769695,15.0,1.77794,5.79281,3.42617,551.551,1301.92,56.0,898.44,19.8232,2.0,2.0,1.0,390.0,0.0,0.965347,1254.0,7771.92,2266.0,37.0,45.0,220.0,0.0,0.0,224.0,184.0,0.0948718,0.115385,0.544554,0.0,0.0,0.574359,0.455446,0.0,0.0,0.0,0.0,4.0,84.0,0.047619,0.215385,1.0,0.329796,0.0025641,-1.17328,20348900.0,103.747,20348900.0,0.0,0.0,5.0,2.0,5.0,0.0,0.0,5.0,5.0,0.0,0.0,0.0,3.03218,196140.0,104398.0,0.571223,0.0,0.0,333.0,1.92081,3.28915,3.23539,428.0,579.095,2393.92,20.0,20348900.0,20348900.0,0.0,2.0,0.2,161.0,17160.0,404.0,42.8738,1.0359,1225.0,79240600.0,42176900.0
liner-sf-repositioning,2014,fm3_5,3.15236,20.0729,5.83651,0.0,0.0,0.0,1.18694,2.92871,0.766234,18.0,1.7869,5.82545,3.41697,658.127,1563.47,67.0,1074.32,19.8866,2.0,2.0,1.0,466.0,0.0,0.96281,1499.0,9353.97,2719.81,44.0,54.0,264.0,0.0,0.0,268.0,220.0,0.0944206,0.11588,0.545455,0.0,0.0,0.575107,0.454545,0.0,0.0,0.0,0.0,4.0,100.0,0.04,0.214592,1.0,0.329476,0.00214592,-1.17498,24931100.0,125.203,24931100.0,0.0,0.0,5.0,2.0,5.0,0.0,0.0,5.0,5.0,0.0,0.0,0.0,3.03512,199126.0,106173.0,0.570669,0.0,0.0,399.0,1.91609,3.31429,3.29484,513.0,693.913,2871.89,24.0,24931100.0,24931100.0,0.0,2.0,0.2,193.0,18840.0,484.0,39.3244,1.03863,1469.0,96377000.0,51387600.0
liner-sf-repositioning,2014,tp7_0,3.85366,30.3685,8.0119,0.0,0.0,0.0,1.10094,1.85018,0.499258,9.0,1.94855,3.9171,2.51294,65.8858,182.522,28.0,383.065,15.8172,2.0,6.91886,3.45943,41.0,0.0,0.706897,164.0,1245.11,328.488,2.0,0.0,0.0,0.0,0.0,11.0,58.0,0.0487805,0.0,0.0,0.0,0.0,0.268293,1.0,0.0,0.0,0.0,0.0,3.0,28.0,0.107143,0.682927,1.0,0.367089,0.0243902,-0.771058,12745100.0,39.6407,12745100.0,0.0,0.0,5.0,2.0,5.0,0.0,0.0,5.0,5.0,0.0,0.0,0.0,2.72414,321515.0,270628.0,0.820835,0.0,0.0,39.0,0.864964,3.75675,3.98372,67.0,72.0673,558.05,18.0,12745100.0,12745100.0,0.0,11.0,0.722222,46.0,18874.0,58.0,326.207,1.41463,158.0,18647800.0,15696400.0
liner-sf-repositioning,2014,tp7_10,3.20032,21.6698,6.30624,0.0,0.0,0.0,1.46561,3.42485,0.726673,24.0,1.72168,6.00991,3.41025,893.583,2212.34,97.0,1584.82,19.119,2.0,2.0,1.0,634.0,0.0,0.949102,2045.0,13738.7,3998.16,58.0,72.0,360.0,0.0,0.0,364.0,308.0,0.0914826,0.113565,0.538922,0.0,0.0,0.574132,0.461078,0.0,0.0,0.0,0.0,4.0,140.0,0.0285714,0.22082,1.0,0.329226,0.00157729,-1.01871,77954000.0,254.281,77954000.0,0.0,0.0,5.0,2.0,5.0,0.0,0.0,5.0,5.0,0.0,0.0,0.0,3.03743,306566.0,182771.0,0.658452,0.0,0.0,547.0,1.89678,3.58021,3.44298,731.0,956.537,4216.44,32.0,77954000.0,77954000.0,0.0,2.0,0.4,305.0,42574.0,668.0,64.1901,1.05363,2029.0,204786000.0,122091000.0
liner-sf-repositioning,2014,tp7_8,2.93868,18.6295,5.46001,0.0,0.0,0.0,1.02087,2.80774,0.897248,12.0,1.62549,4.62791,3.18303,287.018,650.121,37.0,609.197,19.119,2.0,2.0,1.0,212.0,0.0,0.913793,652.0,3949.45,1157.52,26.0,24.0,126.0,0.0,0.0,117.0,106.0,0.122642,0.113208,0.543103,0.0,0.0,0.551887,0.456897,0.0,0.0,0.0,0.0,4.0,45.0,0.0888889,0.212264,1.0,0.372392,0.00471698,-1.19172,22497500.0,93.1312,22497500.0,0.0,0.0,5.0,2.0,5.0,0.0,0.0,5.0,5.0,0.0,0.0,0.0,2.68534,241568.0,145849.0,0.526641,0.0,0.0,183.0,1.43029,2.93709,2.70429,249.0,298.141,1376.74,18.0,22497500.0,22497500.0,0.0,2.0,0.625,115.0,14726.0,232.0,63.9698,1.09434,623.0,56043700.0,33836900.0
liner-sf-repositioning,2019,fm3_0,3.68966,28.9621,7.83706,0.0,0.0,0.0,0.857066,1.55222,0.510395,6.0,2.06056,4.2542,2.63283,46.9574,128.059,19.0,264.699,15.5238,2.0,6.91886,3.45943,29.0,0.0,0.725,113.0,839.9,227.275,2.0,0.0,0.0,0.0,0.0,8.0,40.0,0.0689655,0.0,0.0,0.0,0.0,0.275862,1.0,0.0,0.0,0.0,0.0,3.0,19.0,0.157895,0.655172,1.0,0.373832,0.0344828,-0.967062,4016150.0,21.652,4016150.0,0.0,0.0,5.0,2.0,5.0,0.0,0.0,5.0,5.0,0.0,0.0,0.0,2.675,185486.0,142944.0,0.647496,0.0,0.0,27.0,0.934184,4.28418,4.23418,64.0,49.5165,381.282,12.0,4016150.0,4016150.0,0.0,3.0,1.08333,50.0,13555.0,40.0,340.125,1.37931,107.0,7419450.0,5717780.0
liner-sf-repositioning,2019,fm3_3,2.84951,16.74,5.03017,0.0,0.0,0.0,0.859617,2.60319,0.932458,12.0,1.59966,4.58057,3.14494,275.503,605.623,31.0,508.228,19.8382,2.0,2.0,1.0,206.0,0.0,0.936364,634.0,3448.45,1036.21,26.0,24.0,120.0,0.0,0.0,111.0,100.0,0.126214,0.116505,0.545455,0.0,0.0,0.538835,0.454545,0.0,0.0,0.0,0.0,4.0,45.0,0.0888889,0.218447,1.0,0.374787,0.00485437,-1.17958,8143130.0,38.1272,8143130.0,0.0,0.0,5.0,2.0,5.0,0.0,0.0,5.0,5.0,0.0,0.0,0.0,2.66818,213578.0,102384.0,0.530029,0.0,0.0,177.0,1.40279,2.74622,2.43738,219.0,280.141,1207.77,18.0,8143130.0,8143130.0,0.0,2.0,0.666667,79.0,16202.0,220.0,74.0045,1.06796,587.0,46987200.0,22524500.0
liner-sf-repositioning,2019,tp7_12,3.19424,21.5496,6.27474,0.0,0.0,0.0,1.36461,3.22437,0.730322,21.0,1.73438,6.02067,3.37826,784.765,1928.95,85.0,1390.38,19.119,2.0,2.0,1.0,556.0,0.0,0.950427,1793.0,11981.6,3488.75,51.0,63.0,315.0,0.0,0.0,319.0,270.0,0.0917266,0.113309,0.538462,0.0,0.0,0.573741,0.461538,0.0,0.0,0.0,0.0,4.0,123.0,0.0325203,0.221223,1.0,0.329392,0.00179856,-1.17543,68236200.0,220.2,68236200.0,0.0,0.0,5.0,2.0,5.0,0.0,0.0,5.0,5.0,0.0,0.0,0.0,3.0359,309884.0,184426.0,0.570523,0.0,0.0,479.0,1.89945,3.58469,3.45057,725.0,837.652,3687.23,28.0,68236200.0,68236200.0,0.0,2.0,0.4,352.0,40198.0,585.0,69.3162,1.05216,1776.0,181282000.0,107889000.0
liner-sf-repositioning,2019,tp7_2,2.96815,19.0358,5.53399,0.0,0.0,0.0,1.21475,3.36003,0.885252,18.0,1.59782,4.62262,3.26145,422.386,973.509,55.0,901.901,19.119,2.0,2.0,1.0,314.0,0.0,0.907514,967.0,5977.24,1737.67,38.0,36.0,189.0,0.0,0.0,174.0,157.0,0.121019,0.11465,0.546243,0.0,0.0,0.55414,0.453757,0.0,0.0,0.0,0.0,4.0,66.0,0.0606061,0.210191,1.0,0.371245,0.00318471,-0.977824,33690800.0,138.291,33690800.0,0.0,0.0,5.0,2.0,5.0,0.0,0.0,5.0,5.0,0.0,0.0,0.0,2.69364,243622.0,146941.0,0.643015,0.0,0.0,273.0,1.41378,2.93043,2.72889,427.0,444.711,2064.42,27.0,33690800.0,33690800.0,0.0,2.0,0.481481,227.0,21889.0,346.0,63.9191,1.10191,932.0,84293100.0,50841500.0
liner-sf-repositioning,2019,tp7_4,3.81081,30.0266,7.9833,0.0,0.0,0.0,1.01631,1.74773,0.501046,8.0,1.98008,3.73569,2.48059,59.6634,164.585,25.0,342.428,15.8172,2.0,6.91886,3.45943,37.0,0.0,0.711538,147.0,1110.99,295.382,2.0,0.0,0.0,0.0,0.0,10.0,52.0,0.0540541,0.0,0.0,0.0,0.0,0.27027,1.0,0.0,0.0,0.0,0.0,3.0,25.0,0.12,0.675676,1.0,0.368794,0.027027,-0.855769,6497270.0,28.053,6497270.0,0.0,0.0,5.0,2.0,5.0,0.0,0.0,5.0,5.0,0.0,0.0,0.0,2.71154,231607.0,178277.0,0.737589,0.0,0.0,35.0,0.883568,3.63525,3.87556,84.0,64.5754,499.392,16.0,6497270.0,6497270.0,0.0,11.0,0.8125,66.0,17026.0,52.0,328.692,1.40541,141.0,12043600.0,9270380.0
lot-sizing,2019,pigment15a.psp,6.30263,22.5754,3.07655,0.0,0.0,0.0,0.965115,1.14572,0.32504,0.0,1.90506,3.75937,2.2105,309.534,530.679,29.0,166.261,5.73313,2.0,2.0,1.0,152.0,0.0,1.33333,482.0,3431.46,467.635,0.0,28.0,42.0,0.0,0.0,66.0,72.0,0.0,0.184211,0.368421,0.0,0.0,0.434211,0.631579,0.0,0.0,0.0,0.0,6.0,58.0,0.103448,0.381579,1.0,0.118998,0.00657895,-0.675845,4133.0,61.3332,4133.0,10.497,0.0,5.0,2.0,0.0,0.0,0.0,5.0,5.0,5.0,0.0,0.0,8.40351,67.386,49.757,1.30356,5.74769,7.74544,71.0,2.26146,2.54646,2.39068,85.0,240.725,368.946,45.0,4133.0,4133.0,0.0,2.0,0.235294,87.0,288.0,114.0,3.28947,0.75,958.0,7682.0,5672.29
lot-sizing,2019,pigment15d.psp,6.16058,21.4569,2.95558,0.0,0.0,0.0,0.973934,1.17349,0.338343,0.0,1.90967,3.53646,2.21054,276.581,466.927,27.0,163.146,6.04246,2.0,2.0,1.0,137.0,0.0,1.24545,435.0,2939.59,404.915,0.0,28.0,42.0,0.0,0.0,57.0,68.0,0.0,0.20438,0.381818,0.0,0.0,0.416058,0.618182,0.0,0.0,0.0,0.0,6.0,52.0,0.115385,0.379562,1.0,0.130332,0.00729927,-0.69193,4153.0,59.4057,4153.0,10.307,0.0,5.0,2.0,0.0,0.0,0.0,5.0,5.0,5.0,0.0,0.0,7.67273,69.9091,52.011,1.25687,5.66659,7.57764,69.0,2.06972,2.49655,2.28684,83.0,224.76,356.319,39.0,4153.0,4153.0,0.0,2.0,0.333333,81.0,226.0,110.0,2.79091,0.80292,844.0,7690.0,5721.21
lot-sizing,2019,pigment20a.psp,7.38071,27.511,3.15805,0.0,0.0,0.0,1.10902,1.26336,0.316651,0.0,1.86497,4.00896,2.16144,411.577,701.212,37.0,215.736,5.83071,2.0,2.0,1.0,197.0,0.0,1.31333,625.0,5419.66,622.136,0.0,38.0,57.0,0.0,0.0,87.0,93.0,0.0,0.192893,0.38,0.0,0.0,0.441624,0.62,0.0,0.0,0.0,0.0,6.0,72.0,0.0833333,0.365482,1.0,0.103164,0.00507614,-0.660942,5560.0,79.8545,5560.0,12.0955,0.0,5.0,2.0,0.0,0.0,0.0,5.0,5.0,5.0,0.0,0.0,9.69333,69.6267,50.916,1.35691,6.5193,8.88539,94.0,2.23648,2.91783,2.47861,113.0,328.586,491.444,54.0,5560.0,5560.0,0.0,2.0,0.1,111.0,401.0,150.0,3.41333,0.761421,1454.0,10444.0,7637.39
lot-sizing,2019,pigment20c.psp,7.81188,30.2276,3.25784,0.0,0.0,0.0,1.07863,1.22136,0.306951,0.0,1.89527,3.94841,2.06156,436.885,743.044,39.0,226.375,5.80448,2.0,2.0,1.0,202.0,0.0,1.31169,642.0,6105.97,658.085,0.0,38.0,57.0,0.0,0.0,86.0,97.0,0.0,0.188119,0.37013,0.0,0.0,0.425743,0.62987,0.0,0.0,0.0,0.0,6.0,78.0,0.0769231,0.386139,1.0,0.0975919,0.0049505,-0.638087,6023.0,82.9051,6023.0,12.2663,0.0,5.0,2.0,0.0,0.0,0.0,5.0,5.0,5.0,0.0,0.0,10.2468,72.6494,53.2705,1.41424,6.67725,9.07984,96.0,2.12322,2.72563,2.40686,115.0,337.366,516.791,60.0,6023.0,6023.0,0.0,2.0,0.136364,117.0,483.0,154.0,3.8961,0.762376,1578.0,11188.0,8203.66
lot-sizing,2019,pigment30b.psp,6.92377,23.3147,2.73803,0.0,0.0,0.0,1.47997,1.71405,0.365226,0.0,1.67078,3.48518,2.25712,414.063,690.349,41.0,283.724,6.9201,2.0,2.0,1.0,223.0,0.0,1.12626,707.0,5199.18,610.581,0.0,58.0,87.0,0.0,0.0,101.0,111.0,0.0,0.26009,0.439394,0.0,0.0,0.452915,0.560606,0.0,0.0,0.0,0.0,6.0,64.0,0.09375,0.286996,1.0,0.128238,0.0044843,-0.74172,5479.0,85.6094,5479.0,13.8238,0.0,5.0,2.0,0.0,0.0,0.0,5.0,5.0,5.0,0.0,0.0,7.79798,64.0,43.9932,1.17532,6.12057,8.83704,128.0,1.98367,2.4886,1.93513,157.0,416.423,627.297,36.0,5479.0,5479.0,0.0,2.0,0.285714,123.0,213.0,198.0,1.69697,0.887892,1544.0,12672.0,8710.66
lot-sizing,2020,pigment15b.psp,6.16327,21.6244,3.01361,0.0,0.0,0.0,0.97351,1.16348,0.331828,0.0,1.89672,3.78062,2.21688,295.562,504.701,28.0,163.828,5.85099,2.0,2.0,1.0,147.0,0.0,1.3125,466.0,3178.79,443.001,0.0,28.0,42.0,0.0,0.0,64.0,70.0,0.0,0.190476,0.375,0.0,0.0,0.435374,0.625,0.0,0.0,0.0,0.0,6.0,55.0,0.109091,0.37415,1.0,0.12362,0.00680272,-0.688572,4119.0,60.0766,4119.0,10.3971,0.0,5.0,2.0,0.0,0.0,0.0,5.0,5.0,5.0,0.0,0.0,8.08929,68.5625,50.7089,1.27275,5.68205,7.64132,70.0,2.24789,2.68773,2.40776,84.0,234.81,360.326,42.0,4119.0,4119.0,0.0,2.0,0.25,84.0,256.0,112.0,3.03571,0.761905,906.0,7679.0,5679.4
lot-sizing,2020,pigment15c.psp,6.25,22.0668,3.01541,0.0,0.0,0.0,0.973242,1.15802,0.33163,0.0,1.91035,3.57281,2.20964,292.562,497.116,28.0,165.712,5.9183,2.0,2.0,1.0,144.0,0.0,1.28571,457.0,3177.63,434.219,0.0,28.0,42.0,0.0,0.0,61.0,70.0,0.0,0.194444,0.375,0.0,0.0,0.423611,0.625,0.0,0.0,0.0,0.0,6.0,55.0,0.109091,0.381944,1.0,0.124444,0.00694444,-0.683369,4247.0,60.5556,4247.0,10.4027,0.0,5.0,2.0,0.0,0.0,0.0,5.0,5.0,5.0,0.0,0.0,8.03571,70.1339,52.0805,1.28123,5.72499,7.67054,70.0,2.14584,2.54378,2.32491,84.0,232.599,363.37,42.0,4247.0,4247.0,0.0,2.0,0.1875,84.0,256.0,112.0,3.03571,0.777778,900.0,7855.0,5833.02
lot-sizing,2020,pigment20b.psp,7.67005,29.217,3.19635,0.0,0.0,0.0,1.08299,1.23453,0.312857,0.0,1.889,3.87866,2.15581,421.734,714.982,38.0,218.622,5.7532,2.0,2.0,1.0,197.0,0.0,1.29605,626.0,5755.75,629.681,0.0,38.0,57.0,0.0,0.0,84.0,95.0,0.0,0.192893,0.375,0.0,0.0,0.426396,0.625,0.0,0.0,0.0,0.0,6.0,75.0,0.08,0.380711,1.0,0.100596,0.00507614,-0.646933,5802.0,80.9309,5802.0,12.1766,0.0,5.0,2.0,0.0,0.0,0.0,5.0,5.0,5.0,0.0,0.0,9.94079,71.6908,52.476,1.39026,6.56433,8.93766,95.0,2.15358,2.889,2.48739,114.0,331.199,502.789,57.0,5802.0,5802.0,0.0,2.0,0.0952381,114.0,441.0,152.0,3.65132,0.771574,1511.0,10897.0,7976.35
lot-sizing,2020,pigment30a.psp,7.10776,23.6694,2.75587,0.0,0.0,0.0,1.46886,1.6836,0.362862,0.0,1.68207,3.86958,2.29533,434.992,722.823,42.0,279.805,6.66202,2.0,2.0,1.0,232.0,0.0,1.16,735.0,5491.29,639.362,0.0,58.0,87.0,0.0,0.0,107.0,113.0,0.0,0.25,0.435,0.0,0.0,0.461207,0.565,0.0,0.0,0.0,0.0,6.0,67.0,0.0895522,0.288793,1.0,0.121286,0.00431034,-0.735618,5941.0,91.4,5941.0,13.9298,0.0,5.0,2.0,0.0,0.0,0.0,5.0,5.0,5.0,0.0,0.0,8.245,65.0,45.429,1.19452,6.48966,9.22988,129.0,2.10508,2.70156,2.07118,158.0,428.878,619.827,39.0,5941.0,5941.0,0.0,2.0,0.133333,126.0,241.0,200.0,1.835,0.862069,1649.0,13000.0,9085.8
lot-sizing,2020,pigment30c.psp,8.20648,29.1043,2.91508,0.0,0.0,0.0,1.38401,1.56702,0.485137,0.0,1.75916,3.74752,2.30614,497.61,822.517,46.0,294.222,6.39612,2.0,2.0,1.0,247.0,0.0,1.1875,784.0,7188.77,720.026,0.0,58.0,87.0,0.0,0.0,110.0,121.0,0.0,0.234818,0.418269,0.0,0.0,0.445344,0.581731,0.0,0.0,0.0,0.0,6.0,79.0,0.0759494,0.319838,1.0,0.102615,0.00404858,-0.687087,7943.0,107.54,7943.0,14.2831,0.0,5.0,2.0,0.0,0.0,0.0,5.0,5.0,5.0,0.0,0.0,9.74519,73.8606,53.7674,1.30607,7.45921,10.2178,133.0,2.07266,2.69976,2.2682,162.0,458.881,662.868,51.0,7943.0,7943.0,0.0,2.0,0.105263,138.0,373.0,208.0,2.45673,0.842105,2027.0,15363.0,11183.6
ma-path-finding,2017,ins_g16_p10_a10,2.99522,4.26256,1.63137,0.0,0.0,0.0,2.31309,1.70792,0.612983,0.0,1.26867,1.88737,0.698874,313409.0,408329.0,231.0,231.0,7.85175,1.0,1.0,1.0,239881.0,0.0,1.28615,716745.0,1022510.0,391334.0,190.0,48650.0,137420.0,0.0,0.0,190822.0,49091.0,0.000792059,0.202809,0.736793,0.0,0.0,0.795486,0.263207,0.0,0.0,0.0,0.0,1.0,21.0,0.047619,8.75434e-05,1.0,0.259585,4.16873e-06,-0.365199,201.0,89.918,201.0,27.3024,0.0,5.0,2.0,0.0,0.0,0.0,5.0,5.0,5.0,0.0,0.0,3.8523,2.23537,0.804952,2.02743,3.25678,0.0,137631.0,1.32903,0.0125334,0.810716,182141.0,286102.0,187853.0,233.0,231.0,201.0,0.0,2.0,0.0909091,44481.0,364.0,186511.0,0.240442,0.777515,718496.0,416921.0,150132.0
ma-path-finding,2017,ins_g16_p10_a20,3.01645,4.30411,1.64123,0.0,0.0,0.0,2.34417,1.73864,0.609301,0.0,1.19356,1.82109,0.704631,708825.0,928595.0,231.0,231.0,7.85175,1.0,1.0,1.0,546807.0,0.0,1.27461,1633100.0,2353520.0,897434.0,440.0,112600.0,316780.0,0.0,0.0,433285.0,112221.0,0.000804671,0.205923,0.738413,0.0,0.0,0.792391,0.261587,0.0,0.0,0.0,0.0,1.0,24.0,0.0416667,4.38912e-05,1.0,0.260093,1.8288e-06,-0.364237,461.0,206.083,461.0,62.4297,0.0,5.0,2.0,0.0,0.0,0.0,5.0,5.0,5.0,0.0,0.0,3.84478,2.23697,0.805874,2.03139,3.28501,0.0,317261.0,1.30475,0.0124477,0.810695,530401.0,656981.0,432095.0,233.0,461.0,461.0,0.0,2.0,0.08,213081.0,448.0,429001.0,0.497735,0.784557,1649420.0,959661.0,345721.0
ma-path-finding,2017,ins_g16_p20_a20,2.94671,4.20093,1.62425,0.0,0.0,0.0,2.25107,1.68321,0.615668,0.0,1.25594,1.88406,0.705026,620385.0,813035.0,205.0,205.0,7.67948,1.0,1.0,1.0,486383.0,0.0,1.27606,1451820.0,2043260.0,790009.0,440.0,100640.0,281420.0,0.0,0.0,384821.0,99741.0,0.000904637,0.206915,0.738323,0.0,0.0,0.791189,0.261677,0.0,0.0,0.0,0.0,1.0,24.0,0.0416667,4.93438e-05,1.0,0.265946,2.05599e-06,-0.375611,461.0,206.108,461.0,66.2168,0.0,5.0,2.0,0.0,0.0,0.0,5.0,5.0,5.0,0.0,0.0,3.76017,2.2367,0.808887,1.95429,3.09752,0.0,281901.0,1.38523,0.0138036,0.810621,471121.0,577914.0,384180.0,207.0,461.0,461.0,0.0,2.0,0.08,189161.0,408.0,381161.0,0.497346,0.783664,1433230.0,852541.0,308316.0
ma-path-finding,2017,ins_g16_p20_a40,2.96977,4.22834,1.62626,0.0,0.0,0.0,2.35708,1.75392,0.614908,0.0,1.2171,1.84813,0.706116,1171500.0,1539210.0,205.0,307.179,7.67948,1.0,1.0,1.0,925297.0,0.0,1.26899,2760610.0,3912470.0,1504770.0,840.0,192080.0,538000.0,0.0,0.0,731476.0,191161.0,0.000907817,0.207587,0.737834,0.0,0.0,0.790531,0.262166,0.0,0.0,0.0,0.0,1.0,23.0,0.0434783,2.48569e-05,1.0,0.26535,1.08073e-06,-0.37676,881.0,393.969,881.0,126.839,0.0,5.0,2.0,0.0,0.0,0.0,5.0,5.0,5.0,0.0,0.0,3.76861,2.23622,0.808467,1.94992,3.09818,1.23691,538921.0,1.39494,0.0137907,0.810413,899241.0,1106850.0,734921.0,207.0,881.0,881.0,0.0,2.0,0.0833333,360201.0,582.0,729161.0,0.494792,0.788029,2747920.0,1630560.0,589502.0
ma-path-finding,2017,ins_g24_p10_a05,2.9598,4.45105,1.74473,0.0,0.0,0.0,3.41222,2.34558,0.810564,0.0,1.15857,1.77308,0.697422,684006.0,908070.0,519.0,519.0,9.01959,1.0,1.0,1.0,518889.0,0.0,1.30998,1552150.0,2309600.0,905320.0,185.0,102670.0,294340.0,0.0,0.0,415807.0,101766.0,0.000356531,0.197865,0.743084,0.0,0.0,0.801341,0.256916,0.0,0.0,0.0,0.0,1.0,39.0,0.025641,7.51606e-05,1.0,0.257914,1.92719e-06,-0.249491,191.0,85.1763,191.0,16.9509,0.0,5.0,2.0,0.0,0.0,0.0,5.0,5.0,5.0,0.0,0.0,3.87727,2.24241,0.806577,2.97441,4.96588,0.0,294536.0,1.23285,0.00611533,0.811081,391125.0,605888.0,397618.0,521.0,519.0,191.0,0.0,2.0,0.05,96575.0,607.0,396106.0,0.245343,0.763373,1535810.0,888231.0,319490.0
ma-path-finding,2022,ins_g16_p10_a20,3.01645,4.30411,1.64123,0.0,0.0,0.0,2.34417,1.73864,0.609301,0.0,1.19356,1.82109,0.704631,708825.0,928595.0,231.0,231.0,7.85175,1.0,1.0,1.0,546807.0,0.0,1.27461,1633100.0,2353520.0,897434.0,440.0,112600.0,316780.0,0.0,0.0,433285.0,112221.0,0.000804671,0.205923,0.738413,0.0,0.0,0.792391,0.261587,0.0,0.0,0.0,0.0,1.0,24.0,0.0416667,4.38912e-05,1.0,0.260093,1.8288e-06,-0.364237,461.0,206.083,461.0,62.4297,0.0,5.0,2.0,0.0,0.0,0.0,5.0,5.0,5.0,0.0,0.0,3.84478,2.23697,0.805874,2.03139,3.28501,0.0,317261.0,1.30475,0.0124477,0.810695,530401.0,656981.0,432095.0,233.0,461.0,461.0,0.0,2.0,0.08,213081.0,448.0,429001.0,0.497735,0.784557,1649420.0,959661.0,345721.0
ma-path-finding,2022,ins_g16_p10_a30,3.0343,4.28404,1.62226,0.0,0.0,0.0,2.37653,1.77771,0.616426,0.0,1.21416,1.83049,0.69237,1051440.0,1370080.0,231.0,231.0,7.85175,1.0,1.0,1.0,816930.0,0.0,1.26999,2440170.0,3499760.0,1325270.0,638.0,168560.0,474994.0,0.0,0.0,647043.0,168263.0,0.000780973,0.206333,0.73842,0.0,0.0,0.792042,0.26158,0.0,0.0,0.0,0.0,1.0,24.0,0.0416667,2.93783e-05,1.0,0.259502,1.2241e-06,-0.36839,691.0,309.978,691.0,95.5153,0.0,5.0,2.0,0.0,0.0,0.0,5.0,5.0,5.0,0.0,0.0,3.85354,2.22919,0.805483,2.01009,3.23485,0.0,475691.0,1.31216,0.0120744,0.810704,789029.0,986662.0,647741.0,233.0,691.0,691.0,0.0,2.0,0.08,313181.0,564.0,643257.0,0.487744,0.787408,2478810.0,1433940.0,518132.0
ma-path-finding,2022,ins_g16_p20_a30,2.96787,4.23379,1.62999,0.0,0.0,0.0,2.28525,1.70323,0.613501,0.0,1.21849,1.85189,0.708423,1131170.0,1485840.0,205.0,230.384,7.67948,1.0,1.0,1.0,887283.0,0.0,1.27467,2646380.0,3756570.0,1446260.0,810.0,185910.0,515280.0,0.0,0.0,699696.0,180811.0,0.000912899,0.209527,0.740248,0.0,0.0,0.788583,0.259752,0.0,0.0,0.0,0.0,1.0,29.0,0.0344828,3.2684e-05,1.0,0.264337,1.12704e-06,-0.375266,841.0,375.683,841.0,121.065,0.0,5.0,2.0,0.0,0.0,0.0,5.0,5.0,5.0,0.0,0.0,3.78304,2.23859,0.809209,1.96038,3.0949,1.23577,516151.0,1.37744,0.013737,0.81064,861331.0,1056800.0,701626.0,207.0,841.0,841.0,0.0,2.0,0.0666667,345091.0,502.0,696091.0,0.496477,0.78452,2633340.0,1558260.0,563283.0
ma-path-finding,2022,ins_g24_p20_a10,2.93603,4.41985,1.74058,0.0,0.0,0.0,3.28459,2.26252,0.812494,0.0,1.26319,1.88855,0.703975,1045930.0,1397210.0,461.0,461.0,8.84862,1.0,1.0,1.0,809129.0,0.0,1.28447,2419710.0,3576230.0,1408360.0,330.0,163320.0,467580.0,0.0,0.0,645106.0,162351.0,0.000407846,0.201847,0.742272,0.0,0.0,0.797284,0.257728,0.0,0.0,0.0,0.0,1.0,35.0,0.0285714,4.32564e-05,1.0,0.265165,1.2359e-06,-0.256202,341.0,152.129,341.0,32.2994,0.0,5.0,2.0,0.0,0.0,0.0,5.0,5.0,5.0,0.0,0.0,3.77124,2.24152,0.809724,2.86819,4.67901,0.0,467931.0,1.332,0.0067738,0.811001,621101.0,951976.0,632570.0,463.0,461.0,341.0,0.0,2.0,0.0555556,153141.0,584.0,629931.0,0.244035,0.77853,2375620.0,1412000.0,510070.0
ma-path-finding,2022,ins_g32_p20_a10,2.94791,4.60623,1.82833,0.0,0.0,0.0,4.34418,2.84721,0.7735,0.0,1.23498,1.86324,0.706445,2738210.0,3711470.0,820.0,820.0,9.67948,1.0,1.0,1.0,2109530.0,0.0,1.28285,6313280.0,9716970.0,3856920.0,490.0,423700.0,1224730.0,0.0,0.0,1684790.0,419681.0,0.000232279,0.20085,0.744783,0.0,0.0,0.798657,0.255217,0.0,0.0,0.0,0.0,1.0,51.0,0.0196078,2.4176e-05,1.0,0.26443,4.74039e-07,-0.193343,501.0,223.227,501.0,35.3559,0.0,5.0,2.0,0.0,0.0,0.0,5.0,5.0,5.0,0.0,0.0,3.78172,2.24435,0.810325,3.80449,6.28545,0.0,1225240.0,1.29756,0.00404748,0.811134,1628560.0,2482180.0,1648720.0,822.0,820.0,501.0,0.0,2.0,0.0384615,403291.0,957.0,1644410.0,0.245831,0.779515,6218700.0,3690630.0,1332510.0
mapping,2015,full2x2,4.37008,22.5232,3.57657,0.0,0.0,0.0,0.915315,1.49644,0.92732,0.0,2.06474,2.85919,2.14189,440.94,745.307,22.0,177.691,14.155,2.0,2.0,1.0,254.0,0.0,0.888112,742.0,5720.89,908.449,1.0,0.0,56.0,0.0,0.0,218.0,230.0,0.00393701,0.0,0.195804,0.0,0.0,0.858268,0.804196,0.0,0.0,0.0,0.0,2.0,15.0,0.133333,0.0590551,1.0,0.257658,0.00393701,-1.66341,10001.0,9.02205,10001.0,2.4901,0.0,5.0,2.0,0.0,5.0,0.0,5.0,5.0,0.0,0.0,0.0,3.88112,1108.51,538.769,0.446276,3.22158,3.45093,136.0,1.78254,1.89503,2.5555,728.0,515.531,1523.08,17.0,21201.0,10600.5,0.0,2.0,0.235294,863.0,93.0,286.0,3.34266,1.12598,1110.0,317033.0,154088.0
mapping,2015,mesh2x2_mpeg,4.01747,19.5931,3.23129,0.0,0.0,0.0,1.57426,2.60895,0.978642,0.0,1.94171,2.53676,2.07604,1441.79,2412.97,62.0,531.471,16.1265,2.0,2.0,1.0,916.0,0.0,0.987069,2700.0,17947.3,2959.86,1.0,0.0,232.0,0.0,0.0,808.0,696.0,0.0010917,0.0,0.25,0.0,0.0,0.882096,0.75,0.0,0.0,0.0,0.0,2.0,59.0,0.0338983,0.0644105,1.0,0.252174,0.0010917,-1.12086,10001.0,5.58594,10001.0,0.760623,0.0,5.0,2.0,0.0,5.0,0.0,5.0,5.0,0.0,0.0,0.0,3.96552,1790.39,831.763,0.667189,6.0292,6.50066,446.0,1.54483,1.6301,2.2771,2438.0,1671.5,4670.49,45.0,117001.0,58500.5,0.0,2.0,0.0888889,2825.0,232.0,928.0,3.29418,1.0131,3680.0,1661480.0,771876.0
mapping,2015,mesh3x3_2,4.53551,23.9726,3.90569,0.0,0.0,0.0,1.01038,1.61451,0.886938,0.0,2.11826,2.93929,2.41048,899.538,1609.67,29.0,241.093,15.393,2.0,2.0,1.0,521.0,0.0,0.865449,1518.0,12489.7,2034.86,1.0,0.0,126.0,0.0,0.0,460.0,476.0,0.00191939,0.0,0.209302,0.0,0.0,0.882917,0.790698,0.0,0.0,0.0,0.0,2.0,15.0,0.133333,0.0287908,1.0,0.254761,0.00191939,-1.19423,10001.0,4.00296,10001.0,0.858578,0.0,5.0,2.0,0.0,5.0,0.0,5.0,5.0,0.0,0.0,0.0,3.92525,2498.4,1212.82,0.624034,3.49759,3.61695,293.0,1.80899,1.82776,2.50253,1525.0,1075.07,3261.84,37.0,50601.0,25300.5,0.0,2.0,0.243243,1778.0,215.0,602.0,3.31063,1.15547,2363.0,1504040.0,730119.0
mapping,2015,mesh3x3_mpeg_2,4.84538,23.3842,3.35948,0.0,0.0,0.0,1.71434,2.59454,0.841925,0.0,1.96416,2.62082,2.09355,3110.97,5395.02,117.0,897.489,16.7116,2.0,2.0,1.0,1882.0,0.0,0.850429,5538.0,44009.0,6322.54,1.0,0.0,522.0,0.0,0.0,1714.0,1691.0,0.00053135,0.0,0.235879,0.0,0.0,0.910733,0.764121,0.0,0.0,0.0,0.0,2.0,59.0,0.0338983,0.0313496,1.0,0.24268,0.00053135,-0.834029,10001.0,5.4274,10001.0,0.649301,0.0,5.0,2.0,0.0,5.0,0.0,5.0,5.0,0.0,0.0,0.0,4.12065,1842.69,881.857,0.908026,6.81871,7.12771,972.0,1.55076,1.57997,2.19324,6912.0,4070.91,10752.0,100.0,139701.0,69850.5,0.0,2.0,0.09,7880.0,611.0,2213.0,3.83687,1.17588,9119.0,4077870.0,1951550.0
mapping,2015,ring_2,4.13398,20.3231,3.75747,0.0,0.0,0.0,0.905098,1.52456,0.882674,0.0,2.00939,2.70064,2.32395,857.532,1538.77,19.0,160.604,15.0212,2.0,2.0,1.0,515.0,0.0,0.929603,1500.0,10466.4,1935.1,1.0,0.0,126.0,0.0,0.0,454.0,428.0,0.00194175,0.0,0.227437,0.0,0.0,0.881553,0.772563,0.0,0.0,0.0,0.0,2.0,15.0,0.133333,0.0291262,1.0,0.260216,0.00194175,-1.07454,10001.0,4.88158,10001.0,1.16673,0.0,5.0,2.0,0.0,5.0,0.0,5.0,5.0,0.0,0.0,0.0,3.84296,2048.72,999.961,0.688467,3.32688,3.43122,287.0,1.83176,1.83129,2.51742,1339.0,965.552,2829.71,37.0,38001.0,19000.5,0.0,2.0,0.243243,1538.0,98.0,554.0,2.95307,1.07573,2129.0,1134990.0,553979.0
mapping,2016,mesh2x2_1,3.816,17.6569,3.37406,0.0,0.0,0.0,0.786164,1.4294,0.937231,0.0,2.1793,2.8303,2.17082,410.256,695.156,18.0,121.89,13.6925,2.0,2.0,1.0,250.0,0.0,0.984252,730.0,4414.23,843.516,1.0,0.0,56.0,0.0,0.0,214.0,198.0,0.004,0.0,0.220472,0.0,0.0,0.856,0.779528,0.0,0.0,0.0,0.0,2.0,15.0,0.133333,0.06,1.0,0.266247,0.004,-1.59112,10001.0,11.7062,10001.0,3.57787,0.0,5.0,2.0,0.0,5.0,0.0,5.0,5.0,0.0,0.0,0.0,3.75591,854.335,425.32,0.461154,2.99234,3.27026,132.0,1.81928,1.91157,2.58677,532.0,442.517,1242.29,17.0,14201.0,10001.0,0.0,2.0,0.235294,631.0,78.0,254.0,2.79134,1.016,954.0,217001.0,108031.0
mapping,2016,mesh2x2_mp3,3.87942,13.4191,2.53576,0.0,0.0,0.0,1.09363,1.78694,0.788717,0.0,2.00293,2.62263,1.94901,764.211,1194.06,32.0,166.799,12.8083,2.0,2.0,1.0,481.0,0.0,0.973684,1395.0,6454.59,1219.7,1.0,0.0,112.0,0.0,0.0,403.0,382.0,0.002079,0.0,0.226721,0.0,0.0,0.837838,0.773279,0.0,0.0,0.0,0.0,2.0,29.0,0.0689655,0.0602911,1.0,0.264737,0.002079,-1.60349,10001.0,49.8999,10001.0,10.9471,0.0,5.0,2.0,0.0,5.0,0.0,5.0,5.0,0.0,0.0,0.0,3.77733,200.421,104.454,0.458539,4.46694,5.67107,251.0,1.70631,1.76102,2.37203,1223.0,872.66,1780.26,17.0,10001.0,10001.0,0.0,2.0,0.235294,1401.0,127.0,494.0,3.09312,1.02703,1866.0,99008.0,51600.3
mapping,2016,mesh3x3_mp3,4.61886,17.8687,2.92035,0.0,0.0,0.0,1.28085,1.89865,0.838766,0.0,2.02544,2.70657,2.25809,1661.67,2751.81,57.0,325.627,14.0365,2.0,2.0,1.0,997.0,0.0,0.856529,2883.0,17815.1,2911.59,1.0,0.0,252.0,0.0,0.0,859.0,912.0,0.00100301,0.0,0.216495,0.0,0.0,0.861585,0.783505,0.0,0.0,0.0,0.0,2.0,29.0,0.0689655,0.0290873,1.0,0.252769,0.00100301,-1.32205,10001.0,22.3123,10001.0,4.40572,0.0,5.0,2.0,0.0,5.0,0.0,5.0,5.0,0.0,0.0,0.0,3.95619,448.229,219.225,0.565208,4.83741,5.07728,552.0,1.7129,1.68257,2.30039,3462.0,2104.72,4569.03,37.0,17801.0,10001.0,0.0,2.0,0.243243,3906.0,341.0,1164.0,3.64863,1.1675,4605.0,521738.0,255178.0
mapping,2016,mesh4x4_1,4.87583,25.5805,4.02842,0.0,0.0,0.0,1.26428,1.82858,0.859916,0.0,2.11346,2.95778,2.44923,1561.1,2865.62,49.0,380.479,15.8786,2.0,2.0,1.0,902.0,0.0,0.818512,2626.0,23073.6,3633.63,1.0,0.0,224.0,0.0,0.0,806.0,878.0,0.00110865,0.0,0.203267,0.0,0.0,0.89357,0.796733,0.0,0.0,0.0,0.0,2.0,15.0,0.133333,0.0166297,1.0,0.250568,0.00110865,-0.901798,10001.0,3.22887,10001.0,0.600679,0.0,5.0,2.0,0.0,5.0,0.0,5.0,5.0,0.0,0.0,0.0,3.99093,3097.37,1517.18,0.831042,3.71058,3.79286,520.0,1.73991,1.69809,2.45752,2941.0,1981.75,5881.89,65.0,67401.0,33700.5,0.0,2.0,0.246154,3424.0,313.0,1102.0,3.39111,1.22173,4398.0,3413300.0,1671930.0
mapping,2016,ring_1,4.13398,20.3231,3.75747,0.0,0.0,0.0,0.905098,1.52456,0.882674,0.0,2.00939,2.70064,2.32395,857.532,1538.77,19.0,160.604,15.0212,2.0,2.0,1.0,515.0,0.0,0.929603,1500.0,10466.4,1935.1,1.0,0.0,126.0,0.0,0.0,454.0,428.0,0.00194175,0.0,0.227437,0.0,0.0,0.881553,0.772563,0.0,0.0,0.0,0.0,2.0,15.0,0.133333,0.0291262,1.0,0.260216,0.00194175,-1.07454,10001.0,4.88158,10001.0,1.16673,0.0,5.0,2.0,0.0,5.0,0.0,5.0,5.0,0.0,0.0,0.0,3.84296,2048.72,999.961,0.688467,3.32688,3.43122,287.0,1.83176,1.83129,2.51742,1339.0,965.552,2829.71,37.0,38001.0,19000.5,0.0,2.0,0.243243,1538.0,98.0,554.0,2.95307,1.07573,2129.0,1134990.0,553979.0
mapping,2018,full2x2_mp3,4.45773,15.3875,2.48351,0.0,0.0,0.0,1.2287,1.81618,0.805312,0.0,2.02858,2.64722,2.12215,813.661,1243.29,43.0,215.315,12.706,2.0,2.0,1.0,485.0,0.0,0.875451,1407.0,7462.93,1204.5,1.0,0.0,112.0,0.0,0.0,407.0,442.0,0.00206186,0.0,0.202166,0.0,0.0,0.839175,0.797834,0.0,0.0,0.0,0.0,2.0,29.0,0.0689655,0.0597938,1.0,0.256244,0.00206186,-2.0524,10001.0,61.0543,10001.0,12.4422,0.0,5.0,2.0,0.0,5.0,0.0,5.0,5.0,0.0,0.0,0.0,3.90253,163.805,85.8817,0.362384,4.82665,6.27644,255.0,1.66024,1.76671,2.34981,1654.0,1010.69,1976.51,17.0,10001.0,10001.0,0.0,2.0,0.235294,1896.0,149.0,554.0,3.69134,1.14227,2162.0,90748.0,47578.5
mapping,2018,mesh3x3_mp3_2,4.61886,17.1668,2.84399,0.0,0.0,0.0,1.28085,1.87766,0.786243,0.0,2.02544,2.70657,2.17763,1661.67,2731.66,57.0,307.674,13.7649,2.0,2.0,1.0,997.0,0.0,0.856529,2883.0,17115.3,2835.46,1.0,0.0,252.0,0.0,0.0,859.0,912.0,0.00100301,0.0,0.216495,0.0,0.0,0.861585,0.783505,0.0,0.0,0.0,0.0,2.0,29.0,0.0689655,0.0290873,1.0,0.252769,0.00100301,-1.32205,10001.0,27.4966,10001.0,5.48833,0.0,5.0,2.0,0.0,5.0,0.0,5.0,5.0,0.0,0.0,0.0,3.95619,363.718,178.746,0.565208,4.8278,5.11056,552.0,1.7129,1.68257,2.30039,3462.0,2104.72,4401.82,37.0,14441.0,10001.0,0.0,2.0,0.243243,3906.0,341.0,1164.0,3.64863,1.1675,4605.0,423368.0,208060.0
mapping,2018,mesh3x3_mpeg,4.84538,26.3813,3.64388,0.0,0.0,0.0,1.71434,2.66124,0.91019,0.0,1.96416,2.62082,2.09479,3110.97,5499.46,117.0,1051.65,17.6644,2.0,2.0,1.0,1882.0,0.0,0.850429,5538.0,49649.5,6857.78,1.0,0.0,522.0,0.0,0.0,1714.0,1691.0,0.00053135,0.0,0.235879,0.0,0.0,0.910733,0.764121,0.0,0.0,0.0,0.0,2.0,59.0,0.0338983,0.0313496,1.0,0.24268,0.00053135,-0.834029,10001.0,2.59039,10001.0,0.234636,0.0,5.0,2.0,0.0,5.0,0.0,5.0,5.0,0.0,0.0,0.0,4.12065,3860.81,1838.77,0.908026,6.77813,7.11802,972.0,1.55076,1.57562,2.19234,6912.0,4070.91,12048.7,100.0,291001.0,145500.0,0.0,2.0,0.09,7880.0,611.0,2213.0,3.83687,1.17588,9119.0,8543970.0,4069190.0
mapping,2018,mesh_star_2,5.45556,31.5377,3.69558,0.0,0.0,0.0,1.92246,2.84667,0.897458,0.0,1.85199,2.50424,2.03918,3238.62,5665.87,233.0,2056.68,17.663,2.0,2.0,1.0,1890.0,0.0,0.770485,5562.0,59606.3,6984.64,1.0,0.0,522.0,0.0,0.0,1722.0,1931.0,0.000529101,0.0,0.212801,0.0,0.0,0.911111,0.787199,0.0,0.0,0.0,0.0,2.0,59.0,0.0338983,0.0312169,1.0,0.237901,0.000529101,-0.88847,10001.0,2.84977,10001.0,0.261065,0.0,5.0,2.0,0.0,5.0,0.0,5.0,5.0,0.0,0.0,0.0,4.20342,3509.4,1662.78,0.857765,7.08548,7.47931,980.0,1.49624,1.56607,2.14308,8626.0,4625.6,14049.5,100.0,290701.0,145350.0,0.0,2.0,0.09,9842.0,624.0,2453.0,4.26661,1.29788,10311.0,8608560.0,4078810.0
mapping,2018,ring_mp3,4.19879,15.2564,2.83044,0.0,0.0,0.0,1.16676,1.81055,0.790007,0.0,1.81017,2.48694,2.11891,1594.96,2650.91,32.0,166.799,13.6871,2.0,2.0,1.0,991.0,0.0,0.922719,2865.0,15119.1,2804.97,1.0,0.0,252.0,0.0,0.0,853.0,822.0,0.00100908,0.0,0.234637,0.0,0.0,0.860747,0.765363,0.0,0.0,0.0,0.0,2.0,29.0,0.0689655,0.0292634,1.0,0.258111,0.00100908,-1.17343,10001.0,26.9033,10001.0,5.6046,0.0,5.0,2.0,0.0,5.0,0.0,5.0,5.0,0.0,0.0,0.0,3.8743,371.739,183.264,0.63224,4.62179,4.90204,546.0,1.74332,1.66993,2.30992,3018.0,1897.68,3992.81,37.0,13601.0,10001.0,0.0,2.0,0.243243,3366.0,147.0,1074.0,3.27095,1.08375,4161.0,399248.0,196825.0
mapping,2021,mesh2x2_2,3.816,18.142,3.44924,0.0,0.0,0.0,0.786164,1.43737,0.916804,0.0,2.1793,2.8303,2.26362,410.256,698.894,18.0,126.179,13.9191,2.0,2.0,1.0,250.0,0.0,0.984252,730.0,4535.5,862.31,1.0,0.0,56.0,0.0,0.0,214.0,198.0,0.004,0.0,0.220472,0.0,0.0,0.856,0.779528,0.0,0.0,0.0,0.0,2.0,15.0,0.133333,0.06,1.0,0.266247,0.004,-1.59112,10001.0,9.69189,10001.0,2.90509,0.0,5.0,2.0,0.0,5.0,0.0,5.0,5.0,0.0,0.0,0.0,3.75591,1031.89,509.423,0.461154,2.99196,3.22001,132.0,1.81928,1.91157,2.58677,532.0,442.517,1274.33,17.0,17281.0,10001.0,0.0,2.0,0.235294,631.0,78.0,254.0,2.79134,1.016,954.0,262101.0,129393.0
mapping,2021,mesh3x3_4,4.53551,23.4929,3.84483,0.0,0.0,0.0,1.01038,1.60796,0.86262,0.0,2.11826,2.93929,2.41048,899.538,1603.76,29.0,235.127,15.2065,2.0,2.0,1.0,521.0,0.0,0.865449,1518.0,12239.8,2003.15,1.0,0.0,126.0,0.0,0.0,460.0,476.0,0.00191939,0.0,0.209302,0.0,0.0,0.882917,0.790698,0.0,0.0,0.0,0.0,2.0,15.0,0.133333,0.0287908,1.0,0.254761,0.00191939,-1.19423,10001.0,4.61512,10001.0,1.03439,0.0,5.0,2.0,0.0,5.0,0.0,5.0,5.0,0.0,0.0,0.0,3.92525,2167.01,1053.04,0.624034,3.49492,3.61403,293.0,1.80899,1.82776,2.50253,1525.0,1075.07,3198.4,37.0,43831.0,21915.5,0.0,2.0,0.243243,1778.0,215.0,602.0,3.31063,1.15547,2363.0,1304540.0,633933.0
mapping,2021,mesh4x4_2,4.87583,25.5805,4.02842,0.0,0.0,0.0,1.26428,1.82858,0.859916,0.0,2.11346,2.95778,2.44923,1561.1,2865.62,49.0,380.479,15.8786,2.0,2.0,1.0,902.0,0.0,0.818512,2626.0,23073.6,3633.63,1.0,0.0,224.0,0.0,0.0,806.0,878.0,0.00110865,0.0,0.203267,0.0,0.0,0.89357,0.796733,0.0,0.0,0.0,0.0,2.0,15.0,0.133333,0.0166297,1.0,0.250568,0.00110865,-0.901798,10001.0,3.22887,10001.0,0.600679,0.0,5.0,2.0,0.0,5.0,0.0,5.0,5.0,0.0,0.0,0.0,3.99093,3097.37,1517.18,0.831042,3.71058,3.79286,520.0,1.73991,1.69809,2.45752,2941.0,1981.75,5881.89,65.0,67401.0,33700.5,0.0,2.0,0.246154,3424.0,313.0,1102.0,3.39111,1.22173,4398.0,3413300.0,1671930.0
mapping,2021,mesh_star_mpeg,5.45556,31.926,3.71824,0.0,0.0,0.0,1.92246,2.85601,0.891988,0.0,1.85199,2.50424,2.03918,3238.62,5674.1,233.0,2092.02,17.6644,2.0,2.0,1.0,1890.0,0.0,0.770485,5562.0,60340.2,7027.48,1.0,0.0,522.0,0.0,0.0,1722.0,1931.0,0.000529101,0.0,0.212801,0.0,0.0,0.911111,0.787199,0.0,0.0,0.0,0.0,2.0,59.0,0.0338983,0.0312169,1.0,0.237901,0.000529101,-0.88847,10001.0,2.83147,10001.0,0.260047,0.0,5.0,2.0,0.0,5.0,0.0,5.0,5.0,0.0,0.0,0.0,4.20342,3532.09,1668.75,0.857765,7.04285,7.45609,980.0,1.49624,1.56607,2.14308,8626.0,4625.6,14201.2,100.0,291001.0,145500.0,0.0,2.0,0.09,9842.0,624.0,2453.0,4.26661,1.29788,10311.0,8664210.0,4093440.0
mapping,2021,ring_3,4.19879,18.7373,3.27404,0.0,0.0,0.0,1.16676,1.9109,0.863896,0.0,1.81017,2.48694,1.97979,1594.96,2755.78,32.0,224.197,15.3904,2.0,2.0,1.0,991.0,0.0,0.922719,2865.0,18568.6,3244.57,1.0,0.0,252.0,0.0,0.0,853.0,822.0,0.00100908,0.0,0.234637,0.0,0.0,0.860747,0.765363,0.0,0.0,0.0,0.0,2.0,29.0,0.0689655,0.0292634,1.0,0.258111,0.00100908,-1.17343,10001.0,7.20202,10001.0,1.32038,0.0,5.0,2.0,0.0,5.0,0.0,5.0,5.0,0.0,0.0,0.0,3.8743,1388.64,670.847,0.63224,4.69713,4.87849,546.0,1.74332,1.66993,2.30992,3018.0,1897.68,4832.09,37.0,50501.0,25250.5,0.0,2.0,0.243243,3366.0,147.0,1074.0,3.27095,1.08375,4161.0,1491400.0,720490.0
mario,2013,mario_easy_2,4.40936,14.0821,2.66935,0.0,0.0,0.0,1.11104,1.59105,0.648865,0.0,1.7359,3.54587,2.20908,277.897,468.577,17.0,159.104,9.94398,1.0,2.0,1.0,171.0,0.0,1.04268,514.0,2408.05,456.459,1.0,43.0,72.0,0.0,0.0,75.0,92.0,0.00584795,0.251462,0.439024,0.0,0.0,0.438596,0.560976,0.00584795,0.0,1.0,0.0,3.0,37.0,0.0810811,0.216374,1.0,0.217507,0.00584795,-0.66805,629.0,5.81619,629.0,1.67842,0.0,5.0,3.0,0.0,5.0,0.0,5.0,5.0,0.0,0.0,0.0,4.59756,108.146,60.9416,1.17131,2.86948,3.41827,134.0,2.18466,2.3112,2.83987,224.0,260.151,478.368,21.0,2001.0,2001.0,0.0,2.0,0.285714,88.0,262.0,164.0,2.13415,0.959064,754.0,17736.0,9994.42
mario,2013,mario_easy_4,4.40936,14.0783,2.66834,0.0,0.0,0.0,1.11104,1.5899,0.649112,0.0,1.7359,3.53417,2.20908,277.897,468.536,17.0,158.867,9.92917,1.0,2.0,1.0,171.0,0.0,1.04268,514.0,2407.39,456.286,1.0,43.0,72.0,0.0,0.0,75.0,92.0,0.00584795,0.251462,0.439024,0.0,0.0,0.438596,0.560976,0.00584795,0.0,1.0,0.0,3.0,37.0,0.0810811,0.216374,1.0,0.217507,0.00584795,-0.66805,554.0,5.18703,554.0,1.45483,0.0,5.0,3.0,0.0,5.0,0.0,5.0,5.0,0.0,0.0,0.0,4.59756,106.805,60.0422,1.17131,2.87803,3.43645,134.0,2.18466,2.299,2.83526,224.0,260.151,477.947,21.0,2001.0,2001.0,0.0,2.0,0.285714,88.0,262.0,164.0,2.13415,0.959064,754.0,17516.0,9846.92
mario,2013,mario_n_medium_2,5.86012,23.9485,3.0856,0.0,0.0,0.0,1.60986,2.05837,0.648172,0.0,1.56849,3.60319,2.29805,561.601,987.854,32.0,348.335,11.2366,1.0,2.0,1.0,336.0,0.0,1.02128,1009.0,8046.71,1036.76,1.0,88.0,147.0,0.0,0.0,150.0,182.0,0.00297619,0.261905,0.446809,0.0,0.0,0.446429,0.553191,0.00297619,0.0,1.0,0.0,3.0,67.0,0.0447761,0.199405,1.0,0.16709,0.00297619,-0.519702,1420.0,5.84999,1420.0,1.66854,0.0,5.0,3.0,0.0,5.0,0.0,5.0,5.0,0.0,0.0,0.0,5.9848,242.736,124.284,1.60267,2.90672,2.98273,269.0,2.12962,2.47765,3.08725,449.0,545.67,1094.0,36.0,2500.0,2001.0,0.0,2.0,0.285714,178.0,967.0,329.0,3.48024,0.979167,1969.0,79860.0,40889.5
mario,2013,mario_n_medium_4,5.86012,23.9451,3.08473,0.0,0.0,0.0,1.60986,2.05825,0.648355,0.0,1.56849,3.595,2.29805,561.601,987.799,32.0,347.849,11.221,1.0,2.0,1.0,336.0,0.0,1.02128,1009.0,8045.54,1036.47,1.0,88.0,147.0,0.0,0.0,150.0,182.0,0.00297619,0.261905,0.446809,0.0,0.0,0.446429,0.553191,0.00297619,0.0,1.0,0.0,3.0,67.0,0.0447761,0.199405,1.0,0.16709,0.00297619,-0.519702,1238.0,5.16311,1238.0,1.43122,0.0,5.0,3.0,0.0,5.0,0.0,5.0,5.0,0.0,0.0,0.0,5.9848,239.778,122.529,1.60267,2.90878,2.98256,269.0,2.12962,2.46927,3.07279,449.0,545.67,1093.31,36.0,2495.0,2001.0,0.0,2.0,0.285714,178.0,967.0,329.0,3.48024,0.979167,1969.0,78887.0,40312.0
mario,2013,mario_t_hard_1,12.2839,73.2137,3.63462,0.0,0.0,0.0,2.42178,2.70758,0.615214,0.0,1.41767,3.559,2.33548,1959.9,3579.4,102.0,909.806,9.00798,1.0,2.0,1.0,1106.0,0.0,1.00637,3319.0,80974.4,4019.88,1.0,298.0,497.0,0.0,0.0,500.0,602.0,0.000904159,0.269439,0.452229,0.0,0.0,0.45208,0.547771,0.000904159,0.0,1.0,0.0,3.0,207.0,0.0144928,0.187161,1.0,0.0808921,0.000904159,-0.383018,4784.0,47.4244,4784.0,7.40347,0.0,5.0,3.0,0.0,5.0,0.0,5.0,5.0,0.0,0.0,0.0,12.3621,100.876,54.1336,2.39965,6.27064,11.5042,899.0,2.0727,2.51759,3.10937,1496.0,1973.19,4049.25,106.0,20001.0,20001.0,0.0,2.0,0.285714,595.0,10204.0,1099.0,9.82621,0.993671,13586.0,110863.0,59492.8
mario,2014,mario_easy_5,4.40936,14.0748,2.66806,0.0,0.0,0.0,1.11104,1.59029,0.64918,0.0,1.7359,3.55756,2.20908,277.897,468.505,17.0,158.69,9.91813,1.0,2.0,1.0,171.0,0.0,1.04268,514.0,2406.79,456.238,1.0,43.0,72.0,0.0,0.0,75.0,92.0,0.00584795,0.251462,0.439024,0.0,0.0,0.438596,0.560976,0.00584795,0.0,1.0,0.0,3.0,37.0,0.0810811,0.216374,1.0,0.217507,0.00584795,-0.66805,467.0,4.42424,467.0,1.18635,0.0,5.0,3.0,0.0,5.0,0.0,5.0,5.0,0.0,0.0,0.0,4.59756,105.555,59.152,1.17131,2.88637,3.45595,134.0,2.18466,2.3112,2.86426,224.0,260.151,477.525,21.0,2001.0,2001.0,0.0,2.0,0.285714,88.0,262.0,164.0,2.13415,0.959064,754.0,17311.0,9700.92
mario,2014,mario_n_medium_3,5.86012,23.9476,3.0853,0.0,0.0,0.0,1.60986,2.05803,0.648236,0.0,1.56849,3.60319,2.29805,561.601,987.84,32.0,348.082,11.2674,1.0,2.0,1.0,336.0,0.0,1.02128,1009.0,8046.4,1036.66,1.0,88.0,147.0,0.0,0.0,150.0,182.0,0.00297619,0.261905,0.446809,0.0,0.0,0.446429,0.553191,0.00297619,0.0,1.0,0.0,3.0,67.0,0.0447761,0.199405,1.0,0.16709,0.00297619,-0.519702,1627.0,6.72052,1627.0,1.97045,0.0,5.0,3.0,0.0,5.0,0.0,5.0,5.0,0.0,0.0,0.0,5.9848,242.094,124.278,1.60267,2.90316,2.98722,269.0,2.12962,2.47157,3.08117,449.0,545.67,1093.94,36.0,2495.0,2001.0,0.0,2.0,0.285714,178.0,967.0,329.0,3.48024,0.979167,1969.0,79649.0,40887.5
mario,2014,mario_n_medium_5,5.86012,23.9468,3.08551,0.0,0.0,0.0,1.60986,2.0581,0.648191,0.0,1.56849,3.59724,2.29805,561.601,987.832,32.0,348.258,11.2662,1.0,2.0,1.0,336.0,0.0,1.02128,1009.0,8046.12,1036.73,1.0,88.0,147.0,0.0,0.0,150.0,182.0,0.00297619,0.261905,0.446809,0.0,0.0,0.446429,0.553191,0.00297619,0.0,1.0,0.0,3.0,67.0,0.0447761,0.199405,1.0,0.16709,0.00297619,-0.519702,1046.0,4.33544,1046.0,1.1445,0.0,5.0,3.0,0.0,5.0,0.0,5.0,5.0,0.0,0.0,0.0,5.9848,241.267,122.982,1.60267,2.91433,2.98328,269.0,2.12962,2.46549,3.06063,449.0,545.67,1093.48,36.0,2495.0,2001.0,0.0,2.0,0.285714,178.0,967.0,329.0,3.48024,0.979167,1969.0,79377.0,40461.0
mario,2014,mario_t_hard_2,12.2866,73.2162,3.63455,0.0,0.0,0.0,2.42125,2.70749,0.615225,0.0,1.41586,3.57351,2.33548,1959.94,3579.43,102.0,909.69,9.00683,1.0,2.0,1.0,1106.0,0.0,1.00637,3319.0,80977.2,4019.81,1.0,298.0,497.0,0.0,0.0,500.0,602.0,0.000904159,0.269439,0.452229,0.0,0.0,0.45208,0.547771,0.000904159,0.0,1.0,0.0,3.0,207.0,0.0144928,0.187161,1.0,0.0808742,0.000904159,-0.38311,4851.0,48.0769,4851.0,7.50423,0.0,5.0,3.0,0.0,5.0,0.0,5.0,5.0,0.0,0.0,0.0,12.3649,100.901,54.1754,2.39912,6.27339,11.5038,899.0,2.0799,2.53323,3.1151,1499.0,1974.95,4049.16,106.0,20001.0,20001.0,0.0,2.0,0.285714,598.0,10207.0,1099.0,9.83167,0.993671,13589.0,110890.0,59538.8
mario,2014,mario_t_hard_5,12.2839,73.2127,3.63438,0.0,0.0,0.0,2.42178,2.70759,0.615255,0.0,1.41767,3.60823,2.33548,1959.9,3579.35,102.0,909.292,9.00289,1.0,2.0,1.0,1106.0,0.0,1.00637,3319.0,80973.3,4019.62,1.0,298.0,497.0,0.0,0.0,500.0,602.0,0.000904159,0.269439,0.452229,0.0,0.0,0.45208,0.547771,0.000904159,0.0,1.0,0.0,3.0,207.0,0.0144928,0.187161,1.0,0.0808921,0.000904159,-0.383018,4483.0,44.6322,4483.0,6.95099,0.0,5.0,3.0,0.0,5.0,0.0,5.0,5.0,0.0,0.0,0.0,12.3621,100.443,53.7801,2.39965,6.27713,11.5418,899.0,2.0727,2.56692,3.15608,1496.0,1973.19,4048.65,106.0,20001.0,20001.0,0.0,2.0,0.285714,595.0,10204.0,1099.0,9.82621,0.993671,13586.0,110387.0,59104.3
mario,2017,mario_medium_1,5.86012,23.711,3.02044,0.0,0.0,0.0,1.60986,2.0484,0.573443,0.0,1.56849,3.57938,2.29805,561.601,983.902,32.0,308.4,9.94839,1.0,2.0,1.0,336.0,0.0,1.02128,1009.0,7966.9,1014.87,1.0,88.0,147.0,0.0,0.0,150.0,182.0,0.00297619,0.261905,0.446809,0.0,0.0,0.446429,0.553191,0.00297619,0.0,1.0,0.0,3.0,67.0,0.0447761,0.199405,1.0,0.16709,0.00297619,-0.519702,1482.0,13.5322,1482.0,4.51802,0.0,5.0,3.0,0.0,5.0,0.0,5.0,5.0,0.0,0.0,0.0,5.9848,109.517,57.7691,1.60267,2.77382,3.32186,269.0,2.12962,2.44725,3.04618,449.0,545.67,1054.12,36.0,2001.0,2001.0,0.0,2.0,0.285714,178.0,967.0,329.0,3.48024,0.979167,1969.0,36031.0,19006.0
mario,2017,mario_medium_3,5.86012,23.7117,3.02053,0.0,0.0,0.0,1.60986,2.04834,0.573426,0.0,1.56849,3.58904,2.29805,561.601,983.912,32.0,308.44,9.94966,1.0,2.0,1.0,336.0,0.0,1.02128,1009.0,7967.12,1014.9,1.0,88.0,147.0,0.0,0.0,150.0,182.0,0.00297619,0.261905,0.446809,0.0,0.0,0.446429,0.553191,0.00297619,0.0,1.0,0.0,3.0,67.0,0.0447761,0.199405,1.0,0.16709,0.00297619,-0.519702,1627.0,14.7897,1627.0,4.95865,0.0,5.0,3.0,0.0,5.0,0.0,5.0,5.0,0.0,0.0,0.0,5.9848,110.009,58.2356,1.60267,2.78093,3.35414,269.0,2.12962,2.45711,3.05605,449.0,545.67,1054.3,36.0,2001.0,2001.0,0.0,2.0,0.285714,178.0,967.0,329.0,3.48024,0.979167,1969.0,36193.0,19159.5
mario,2017,mario_medium_4,5.86012,23.7091,3.01997,0.0,0.0,0.0,1.60986,2.04856,0.573533,0.0,1.56849,3.595,2.29805,561.601,983.868,32.0,308.206,9.94213,1.0,2.0,1.0,336.0,0.0,1.02128,1009.0,7966.26,1014.71,1.0,88.0,147.0,0.0,0.0,150.0,182.0,0.00297619,0.261905,0.446809,0.0,0.0,0.446429,0.553191,0.00297619,0.0,1.0,0.0,3.0,67.0,0.0447761,0.199405,1.0,0.16709,0.00297619,-0.519702,1238.0,11.4237,1238.0,3.77139,0.0,5.0,3.0,0.0,5.0,0.0,5.0,5.0,0.0,0.0,0.0,5.9848,108.371,56.8253,1.60267,2.7639,3.27891,269.0,2.12962,2.46927,3.04848,449.0,545.67,1053.67,36.0,2001.0,2001.0,0.0,2.0,0.285714,178.0,967.0,329.0,3.48024,0.979167,1969.0,35654.0,18695.5
mario,2017,mario_medium_5,5.86012,23.7108,3.02075,0.0,0.0,0.0,1.60986,2.04885,0.573385,0.0,1.56849,3.56523,2.29805,561.601,983.906,32.0,308.618,9.95541,1.0,2.0,1.0,336.0,0.0,1.02128,1009.0,7966.84,1014.97,1.0,88.0,147.0,0.0,0.0,150.0,182.0,0.00297619,0.261905,0.446809,0.0,0.0,0.446429,0.553191,0.00297619,0.0,1.0,0.0,3.0,67.0,0.0447761,0.199405,1.0,0.16709,0.00297619,-0.519702,1046.0,9.62963,1046.0,3.12561,0.0,5.0,3.0,0.0,5.0,0.0,5.0,5.0,0.0,0.0,0.0,5.9848,108.623,56.6597,1.60267,2.76094,3.24506,269.0,2.12962,2.4305,3.03143,449.0,545.67,1053.84,36.0,2001.0,2001.0,0.0,2.0,0.285714,178.0,967.0,329.0,3.48024,0.979167,1969.0,35737.0,18641.0
mario,2017,mario_n_medium_1,5.86012,23.947,3.08521,0.0,0.0,0.0,1.60986,2.05808,0.648254,0.0,1.56849,3.59129,2.29805,561.601,987.831,32.0,348.046,11.2556,1.0,2.0,1.0,336.0,0.0,1.02128,1009.0,8046.19,1036.63,1.0,88.0,147.0,0.0,0.0,150.0,182.0,0.00297619,0.261905,0.446809,0.0,0.0,0.446429,0.553191,0.00297619,0.0,1.0,0.0,3.0,67.0,0.0447761,0.199405,1.0,0.16709,0.00297619,-0.519702,1482.0,6.1356,1482.0,1.7673,0.0,5.0,3.0,0.0,5.0,0.0,5.0,5.0,0.0,0.0,0.0,5.9848,241.541,123.781,1.60267,2.90591,2.98503,269.0,2.12962,2.45941,3.07509,449.0,545.67,1093.77,36.0,2490.0,2001.0,0.0,2.0,0.285714,178.0,967.0,329.0,3.48024,0.979167,1969.0,79467.0,40724.0
maximum-dag,2016,25_01,3.01648,9.77163,3.22679,0.0,0.0,0.0,1.87531,1.00269,0.619811,0.0,1.47589,2.08965,1.52794,242.363,475.173,79.0,84.3038,6.30378,2.0,2.0,1.0,182.0,0.0,0.7,454.0,1778.44,587.275,14.0,0.0,78.0,0.0,0.0,90.0,182.0,0.0769231,0.0,0.3,0.0,0.0,0.494505,0.7,0.0,0.0,0.0,0.0,0.0,0.0,0.0,0.0,1.0,0.473588,0.00549451,0.0,79.0,2.45929,79.0,1.24093,5.0,0.0,3.0,5.0,0.0,5.0,0.0,5.0,0.0,0.0,0.0,2.11154,32.1231,15.4621,0.0,1.17597,1.22711,173.0,1.77476,1.41116,2.06639,320.0,240.969,797.814,5.0,80.0,79.0,0.0,2.0,0.5,241.0,80.0,260.0,1.23462,1.42857,549.0,8352.0,4020.13
maximum-dag,2016,25_03,3.02913,10.2532,3.3873,0.0,0.0,0.0,1.98077,0.980171,0.59044,0.0,1.52809,2.05816,1.53467,275.672,551.362,88.0,93.4594,6.45943,2.0,2.0,1.0,206.0,0.0,0.703072,511.0,2112.16,697.785,20.0,0.0,87.0,0.0,0.0,99.0,206.0,0.0970874,0.0,0.296928,0.0,0.0,0.480583,0.703072,0.0,0.0,0.0,0.0,0.0,0.0,0.0,0.0,1.0,0.469551,0.00485437,0.0,88.0,2.40724,88.0,1.21423,5.0,0.0,3.0,5.0,0.0,5.0,0.0,5.0,0.0,0.0,0.0,2.12969,36.5563,17.1525,0.0,1.15896,1.17762,194.0,1.75052,1.3992,2.29213,373.0,275.135,933.349,7.0,89.0,88.0,0.0,2.0,0.666667,279.0,89.0,293.0,1.25597,1.42233,624.0,10711.0,5025.67
maximum-dag,2016,25_04,2.99444,9.60777,3.22454,0.0,0.0,0.0,1.85936,0.953931,0.620244,0.0,1.48809,2.16207,1.54994,239.63,470.072,77.0,82.2668,6.26679,2.0,2.0,1.0,180.0,0.0,0.703125,448.0,1729.4,580.417,16.0,0.0,76.0,0.0,0.0,88.0,180.0,0.0888889,0.0,0.296875,0.0,0.0,0.488889,0.703125,0.0,0.0,0.0,0.0,0.0,0.0,0.0,0.0,1.0,0.474954,0.00555556,0.0,77.0,2.44414,77.0,1.2355,5.0,0.0,3.0,5.0,0.0,5.0,0.0,5.0,0.0,0.0,0.0,2.10547,31.5039,15.191,0.0,1.16887,1.19221,172.0,1.75878,1.43937,1.98095,317.0,237.121,785.364,6.0,78.0,77.0,0.0,2.0,0.5,238.0,78.0,256.0,1.23438,1.42222,539.0,8065.0,3888.88
maximum-dag,2016,25_06,3.01896,10.4249,3.46773,0.0,0.0,0.0,1.98744,0.96879,0.576746,0.0,1.47486,1.96844,1.51934,281.461,572.09,89.0,94.4757,6.47573,2.0,2.0,1.0,211.0,0.0,0.705686,528.0,2199.65,731.691,17.0,0.0,88.0,0.0,0.0,106.0,211.0,0.0805687,0.0,0.294314,0.0,0.0,0.50237,0.705686,0.0,0.0,0.0,0.0,0.0,0.0,0.0,0.0,1.0,0.469388,0.00473934,0.0,89.0,2.3419,89.0,1.18437,5.0,0.0,3.0,5.0,0.0,5.0,0.0,5.0,0.0,0.0,0.0,2.13043,38.0033,17.7691,0.0,1.13301,1.16292,199.0,1.74261,1.3881,2.05448,373.0,282.253,973.547,6.0,90.0,89.0,0.0,2.0,0.666667,275.0,90.0,299.0,1.22074,1.41706,637.0,11363.0,5312.97
maximum-dag,2016,31_02,2.99556,9.90524,3.34385,0.0,0.0,0.0,2.08475,0.984004,0.598114,0.0,1.49102,2.19021,1.6155,298.559,591.857,96.0,101.585,6.58496,2.0,2.0,1.0,225.0,0.0,0.703125,557.0,2228.68,752.365,23.0,0.0,95.0,0.0,0.0,107.0,225.0,0.102222,0.0,0.296875,0.0,0.0,0.475556,0.703125,0.0,0.0,0.0,0.0,0.0,0.0,0.0,0.0,1.0,0.474777,0.00444444,0.0,96.0,2.50428,96.0,1.25508,5.0,0.0,3.0,5.0,0.0,5.0,0.0,5.0,0.0,0.0,0.0,2.10625,38.3344,18.4482,0.0,1.19855,1.24201,216.0,1.71213,1.45035,2.31625,404.0,296.669,1010.77,6.0,97.0,96.0,0.0,2.0,0.4,305.0,97.0,320.0,1.25625,1.42222,674.0,12267.0,5903.43
median-string,2019,p1_15_20-1,2.59372,7.29714,2.70069,0.0,0.0,0.0,0.0,0.512757,0.370275,0.0,0.97499,6.26616,2.1632,64734.2,124046.0,16.0,89.5945,5.59966,2.0,2.0,1.0,48051.0,0.0,1.33212,132153.0,350635.0,129771.0,0.0,12000.0,12080.0,0.0,0.0,36066.0,23991.0,0.0,0.249735,0.334895,0.0,0.0,0.750578,0.665105,0.0,0.0,0.0,0.0,0.0,0.0,0.0,0.0,1.0,0.289422,2.08112e-05,-0.140582,601.0,46.2265,601.0,51.9722,0.0,0.0,2.0,0.0,1.0,1.0,1.0,1.0,0.0,0.0,0.0,3.45516,13.0012,4.65465,5.05454,0.870205,1.11634,24051.0,1.51361,4.20861,3.32896,36066.0,50898.7,107119.0,601.0,601.0,601.0,0.0,2.0,0.00332779,36.0,16.0,36071.0,0.0014416,0.750682,124631.0,468966.0,167898.0
median-string,2019,p2_10_8-0,2.54769,5.22866,1.9711,0.0,0.0,0.0,0.0,0.468474,0.0,0.0,0.997367,5.03616,1.68123,4883.91,8051.46,11.0,44.2166,4.01969,2.0,2.0,1.0,3701.0,0.0,1.36216,10111.0,19351.3,7295.06,0.0,992.0,1032.0,0.0,0.0,2719.0,1685.0,0.0,0.268036,0.379831,0.0,0.0,0.734666,0.620169,0.0,0.0,0.0,0.0,0.0,0.0,0.0,0.0,1.0,0.288154,0.000270197,-0.277939,125.0,21.9297,125.0,27.3693,0.0,0.0,2.0,0.0,1.0,1.0,1.0,1.0,0.0,0.0,0.0,3.47037,5.70004,2.13346,2.56116,0.764714,1.24012,1717.0,1.80846,3.1396,2.225,2719.0,3888.3,5828.26,161.0,125.0,125.0,0.0,2.0,0.0124224,19.0,11.0,2717.0,0.0110416,0.734126,9429.0,15487.0,5796.61
median-string,2019,p2_10_8-3,2.54774,5.25021,1.97998,0.0,0.0,0.0,0.0,0.46655,0.0,0.0,0.997279,5.0743,1.69791,4989.65,8245.61,11.0,44.3855,4.03505,2.0,2.0,1.0,3781.0,0.0,1.35958,10335.0,19851.1,7486.32,0.0,1008.0,1048.0,0.0,0.0,2783.0,1733.0,0.0,0.266596,0.376843,0.0,0.0,0.736049,0.623157,0.0,0.0,0.0,0.0,0.0,0.0,0.0,0.0,1.0,0.288695,0.00026448,-0.278977,127.0,22.048,127.0,27.1101,0.0,0.0,2.0,0.0,1.0,1.0,1.0,1.0,0.0,0.0,0.0,3.46386,5.76016,2.1573,2.54969,0.776391,1.22642,1765.0,1.80057,3.16902,2.24638,2783.0,3979.7,5996.35,161.0,127.0,127.0,0.0,2.0,0.0124224,19.0,11.0,2781.0,0.0107875,0.73552,9633.0,16019.0,5999.46
median-string,2019,p2_2_20-2,2.5894,6.57112,2.40843,0.0,0.0,0.0,0.0,0.504727,0.415208,0.0,0.976816,5.72385,1.91782,4971.63,9002.0,3.0,15.2057,5.06856,2.0,2.0,1.0,3697.0,0.0,1.38102,10051.0,24293.4,8903.97,0.0,1040.0,1140.0,0.0,0.0,2659.0,1537.0,0.0,0.281309,0.42585,0.0,0.0,0.719232,0.57415,0.0,0.0,0.0,0.0,0.0,0.0,0.0,0.0,1.0,0.279641,0.00027049,-0.379813,53.0,5.37611,53.0,5.01511,0.0,0.0,2.0,0.0,1.0,1.0,1.0,1.0,0.0,0.0,0.0,3.57602,9.85842,3.30487,1.89662,0.872586,0.907751,1617.0,1.95539,3.68653,2.95663,2656.0,4027.78,6954.17,81.0,53.0,53.0,0.0,2.0,0.0246914,20.0,3.0,2677.0,0.00859171,0.724101,9573.0,26391.0,8847.14
median-string,2019,p2_4_20-0,2.59872,6.53676,2.38407,0.0,0.0,0.0,0.0,0.50738,0.41945,0.0,0.973811,5.55682,1.78978,9306.71,16744.3,5.0,25.4355,5.08709,2.0,2.0,1.0,6893.0,0.0,1.40301,18679.0,45057.9,16433.4,0.0,2000.0,2100.0,0.0,0.0,4897.0,2813.0,0.0,0.290149,0.427437,0.0,0.0,0.710431,0.572563,0.0,0.0,0.0,0.0,0.0,0.0,0.0,0.0,1.0,0.27427,0.000145075,-0.260722,101.0,10.5014,101.0,11.0817,0.0,0.0,2.0,0.0,1.0,1.0,1.0,1.0,0.0,0.0,0.0,3.64604,9.61775,3.18905,2.78354,0.857395,0.940719,2893.0,1.89783,3.62188,2.83173,4892.0,7293.53,12701.4,161.0,101.0,101.0,0.0,2.0,0.0124224,20.0,5.0,4913.0,0.00508854,0.712752,17913.0,47252.0,15667.8
minimal-decision-sets,2020,australian_train5,3.14772,4.20287,1.43913,0.0,0.0,0.0,1.90614,1.48589,0.0,0.0,1.84387,2.44974,1.09296,26698.6,33109.9,554.0,563.69,4.0,1.0,2.0,1.0,17120.0,0.0,1.28125,43608.0,71953.1,24637.9,4416.0,5971.0,9724.0,0.0,0.0,4631.0,3638.0,0.257944,0.348773,0.727735,0.0,0.0,0.270502,0.272265,0.000233645,0.0,4.0,0.0,1.0,1536.0,0.000651042,0.0897196,1.0,0.247954,5.84112e-05,-0.0697104,661.0,184.102,661.0,77.4765,0.0,0.0,2.0,0.0,1.0,1.0,1.0,1.0,0.0,0.0,0.0,4.033,3.59041,1.46663,10.7881,2.36332,5.14775,11264.0,1.83763,0.522772,1.12527,11703.0,17382.2,17859.8,2977.0,661.0,661.0,0.0,2.0,0.000671817,3332.0,11342.0,13362.0,1.09819,0.780491,53889.0,47975.0,19597.1
minimal-decision-sets,2020,backache_train4,3.03768,4.74249,1.71204,0.0,0.0,0.0,0.931114,0.816656,0.584097,0.0,1.81225,2.50253,1.19836,7905.03,10702.5,146.0,153.757,5.08746,1.0,2.0,1.0,5228.0,0.0,1.27761,13644.0,24793.7,8950.57,1152.0,1716.0,2845.0,0.0,0.0,1657.0,1247.0,0.220352,0.328233,0.695259,0.0,0.0,0.316947,0.304741,0.000765111,0.0,4.0,0.0,1.0,545.0,0.00183486,0.104246,1.0,0.257666,0.000191278,-0.127698,173.0,27.7006,173.0,15.0358,0.0,0.0,2.0,0.0,1.0,1.0,1.0,1.0,0.0,0.0,0.0,3.88099,6.24536,2.33756,5.81322,1.77581,2.05164,3393.0,1.77665,0.589148,1.16049,3657.0,5313.38,6330.57,849.0,173.0,173.0,0.0,2.0,0.00235571,884.0,8729.0,4092.0,2.34922,0.782708,15881.0,25556.0,9565.31
minimal-decision-sets,2020,breast-cancer_train4,3.22044,3.96264,1.30869,0.0,0.0,0.0,1.24207,1.07066,0.0,0.0,1.88047,2.45481,1.00482,10296.1,12129.4,231.0,239.42,3.45943,1.0,2.0,1.0,6469.0,0.0,1.28481,16177.0,25634.3,8465.9,1832.0,2355.0,3784.0,0.0,0.0,1535.0,1251.0,0.283197,0.364044,0.751539,0.0,0.0,0.237286,0.248461,0.000618334,0.0,4.0,0.0,1.0,504.0,0.00198413,0.07791,1.0,0.241684,0.000154583,-0.112417,274.0,94.17,274.0,49.4941,0.0,0.0,2.0,0.0,1.0,1.0,1.0,1.0,0.0,0.0,0.0,4.13764,2.90963,1.24107,6.74553,1.88245,4.02879,4292.0,1.94626,0.488593,1.13508,4345.0,6699.0,6232.81,1169.0,274.0,274.0,0.0,2.0,0.00171086,1394.0,234.0,5035.0,0.323337,0.778327,20833.0,14650.0,6248.78
minimal-decision-sets,2020,cleve_train5,3.09703,4.19642,1.45705,0.0,0.0,0.0,1.25055,1.01101,0.0,0.0,1.82627,2.47626,1.13809,12443.4,15636.3,245.0,253.512,3.90689,1.0,2.0,1.0,8090.0,0.0,1.27845,20844.0,33949.0,11787.5,1944.0,2743.0,4507.0,0.0,0.0,2366.0,1821.0,0.240297,0.339061,0.712231,0.0,0.0,0.29246,0.287769,0.000494438,0.0,4.0,0.0,1.0,780.0,0.00128205,0.0964153,1.0,0.252564,0.000123609,-0.102353,292.0,81.7022,292.0,47.4169,0.0,0.0,2.0,0.0,1.0,1.0,1.0,1.0,0.0,0.0,0.0,3.95939,3.57396,1.45611,7.30256,1.70197,3.36443,5295.0,1.81574,0.554376,1.1457,5596.0,8246.27,8547.71,1363.0,292.0,292.0,0.0,2.0,0.00146735,1478.0,5708.0,6328.0,1.13559,0.7822,25055.0,22616.0,9214.25
minimal-decision-sets,2020,colic_train4,3.03301,4.542,1.62811,0.0,0.0,0.0,1.31882,1.00893,0.0,0.0,1.79104,2.47541,0.905352,16329.6,21728.4,297.0,305.781,4.58496,1.0,2.0,1.0,10814.0,0.0,1.27584,28288.0,49117.2,17606.4,2360.0,3527.0,5867.0,0.0,0.0,3470.0,2609.0,0.218236,0.326151,0.69219,0.0,0.0,0.32088,0.30781,0.000369891,0.0,4.0,0.0,1.0,1148.0,0.00087108,0.106159,1.0,0.258423,9.24727e-05,-0.0887704,352.0,71.3478,352.0,39.8112,0.0,0.0,2.0,0.0,1.0,1.0,1.0,1.0,0.0,0.0,0.0,3.86963,4.93358,1.90914,8.35388,1.76703,2.86896,7023.0,1.72348,0.584284,1.14475,7588.0,10849.9,12555.0,1755.0,352.0,352.0,0.0,2.0,0.0011396,1790.0,13502.0,8476.0,1.80415,0.783799,32799.0,41817.0,16181.8
mondoku,2025,10-10-6,3.11482,7.21532,2.07875,0.0,0.0,0.0,0.717881,1.11738,0.0,0.0,1.45613,2.96875,1.55111,1479.74,2472.98,21.0,92.2387,4.39232,1.0,2.0,1.0,1019.0,0.0,1.10761,3016.0,7352.41,2118.24,41.0,180.0,360.0,0.0,0.0,758.0,560.0,0.0402355,0.176644,0.391304,0.0,0.0,0.743867,0.608696,0.0,0.0,0.0,0.0,1.0,40.0,0.025,0.0392542,1.0,0.289855,0.000981354,-1.41451,21.0,3.5971,21.0,3.9148,0.0,1.0,2.0,0.0,1.0,0.0,1.0,1.0,0.0,0.0,0.0,3.45,5.83804,1.98942,0.502044,0.663404,0.870633,520.0,1.81847,2.03038,1.74238,1460.0,1507.47,2023.89,9.0,21.0,21.0,0.0,2.0,0.666667,740.0,24.0,920.0,0.830435,0.902846,3174.0,5371.0,1830.26
mondoku,2025,12-12-8,3.1784,8.19537,2.28968,0.0,0.0,0.0,0.88989,1.26807,0.0,0.0,1.39682,2.91532,1.63001,2117.53,3725.58,25.0,116.096,4.64386,1.0,2.0,1.0,1463.0,0.0,1.08854,4340.0,11989.8,3349.8,49.0,264.0,528.0,0.0,0.0,1102.0,816.0,0.0334928,0.180451,0.392857,0.0,0.0,0.753247,0.607143,0.0,0.0,0.0,0.0,1.0,48.0,0.0208333,0.0328093,1.0,0.289032,0.000683527,-1.42018,25.0,3.54917,25.0,3.74411,0.0,1.0,2.0,0.0,1.0,0.0,1.0,1.0,0.0,0.0,0.0,3.45982,7.0439,2.32227,0.500619,0.680849,0.861227,744.0,1.78617,2.01648,1.98731,2136.0,2209.98,3228.06,9.0,25.0,25.0,0.0,2.0,0.666667,1080.0,30.0,1344.0,0.825893,0.91866,4650.0,9467.0,3121.13
mondoku,2025,14-14-8,3.13941,8.0878,2.28138,0.0,0.0,0.0,0.900943,1.34311,0.0,0.0,1.35228,2.87433,1.60349,2842.56,5013.13,29.0,140.881,4.85798,1.0,2.0,1.0,1987.0,0.0,1.10882,5904.0,16070.5,4533.11,57.0,364.0,728.0,0.0,0.0,1510.0,1064.0,0.0286865,0.183191,0.40625,0.0,0.0,0.75994,0.59375,0.0,0.0,0.0,0.0,1.0,56.0,0.0178571,0.0281832,1.0,0.287272,0.000503271,-1.43242,29.0,4.03009,29.0,4.12059,0.0,1.0,2.0,0.0,1.0,0.0,1.0,1.0,0.0,0.0,0.0,3.48103,7.19587,2.36881,0.497569,0.735353,0.943963,1008.0,1.78892,1.98849,1.94287,2828.0,2957.17,4287.66,9.0,29.0,29.0,0.0,2.0,0.666667,1428.0,30.0,1792.0,0.813616,0.901862,6238.0,12895.0,4244.9
mondoku,2025,20-18-9,3.10916,8.32102,2.3565,0.0,0.0,0.0,1.06673,1.53902,0.0,0.0,1.29884,2.8565,1.61636,5114.02,9228.27,39.0,205.983,5.2816,1.0,2.0,1.0,3637.0,0.0,1.1288,10834.0,30263.5,8570.57,77.0,682.0,1364.0,0.0,0.0,2802.0,1858.0,0.0211713,0.187517,0.42334,0.0,0.0,0.770415,0.57666,0.0,0.0,0.0,0.0,1.0,76.0,0.0131579,0.0208963,1.0,0.284931,0.000274952,-1.44893,41.0,5.10658,41.0,4.86133,0.0,1.0,2.0,0.0,1.0,0.0,1.0,1.0,0.0,0.0,0.0,3.50962,8.02886,2.60709,0.493515,0.844743,1.0849,1838.0,1.78022,2.08265,2.00343,5042.0,5344.7,7916.77,9.0,41.0,41.0,0.0,2.0,0.666667,2540.0,43.0,3222.0,0.801676,0.885895,11308.0,25869.0,8400.06
mondoku,2025,8-8-4,3.01985,5.90772,1.78615,0.0,0.0,0.0,0.573556,0.957536,0.0,0.0,1.53959,3.029,1.03322,949.407,1454.67,17.0,69.4869,4.08746,1.0,2.0,1.0,655.0,0.0,1.13715,1932.0,3869.55,1169.93,33.0,112.0,224.0,0.0,0.0,478.0,352.0,0.0503817,0.170992,0.388889,0.0,0.0,0.729771,0.611111,0.0,0.0,0.0,0.0,1.0,32.0,0.03125,0.048855,1.0,0.291203,0.00152672,-1.40529,17.0,3.67154,17.0,3.91167,0.0,1.0,2.0,0.0,1.0,0.0,1.0,1.0,0.0,0.0,0.0,3.43403,4.63021,1.66022,0.504379,0.682967,0.851824,336.0,1.86305,2.0496,1.93154,912.0,938.401,1110.86,9.0,17.0,17.0,0.0,2.0,0.444444,464.0,18.0,576.0,0.836806,0.879389,1978.0,2667.0,956.286
monitor-placement-1id,2024,hop_counting_based_caida_139203,3.916,3.92311,1.00017,0.0,0.0,0.0,1.67452,1.67149,0.0,0.0,0.449476,0.449476,0.0,1450.05,1450.25,81.0,81.0,1.14899,2.0,2.0,1.0,881.0,0.0,0.975637,1763.0,3456.26,881.149,820.0,19.0,861.0,0.0,0.0,1.0,42.0,0.93076,0.0215664,0.953488,0.0,0.0,0.00113507,0.0465116,0.0,0.0,0.0,0.0,0.0,0.0,0.0,0.0,1.0,0.261739,0.00113507,-0.342048,153.0,70.5973,153.0,30.1666,1.0,0.0,2.0,0.0,1.0,1.0,0.0,1.0,0.0,0.0,0.0,3.8206,2.16722,1.32769,2.15836,2.3071,3.76593,862.0,2.0489,0.0124701,1.15121,23145.0,971.729,909.257,44.0,153.0,153.0,0.0,2.0,0.0454545,10824.0,12432.0,903.0,25.7542,1.02497,3450.0,1957.0,1198.91
monitor-placement-1id,2024,hop_counting_based_zoo_Forthnet,3.08824,3.16143,1.0061,0.0,0.0,0.0,0.457936,0.547869,0.0,0.0,0.851749,0.851749,0.0,105.217,105.718,12.0,16.9773,1.41477,2.0,2.0,1.0,68.0,0.0,0.871795,137.0,214.977,68.4148,55.0,1.0,66.0,0.0,0.0,1.0,12.0,0.808824,0.0147059,0.846154,0.0,0.0,0.0147059,0.153846,0.0,0.0,0.0,0.0,0.0,0.0,0.0,0.0,1.0,0.371429,0.0147059,-0.51025,63.0,22.6452,63.0,8.78369,1.0,0.0,2.0,0.0,1.0,1.0,0.0,1.0,0.0,0.0,0.0,2.69231,2.78205,2.25622,1.23189,2.46424,3.07072,67.0,1.41948,0.0989591,1.44661,3855.0,59.1793,82.9773,12.0,63.0,63.0,0.0,2.0,0.166667,1254.0,2652.0,78.0,50.0769,1.14706,210.0,217.0,175.985
monitor-placement-1id,2024,igp_weight_based_defo_rf6461_real_hard,10.8161,10.818,1.00002,0.0,0.0,0.0,3.53268,3.53326,0.0,0.0,0.694139,0.69476,0.0,5876.02,5876.13,284.0,284.0,1.07745,2.0,2.0,1.0,3220.0,0.0,1.01899,6441.0,34834.1,3220.08,3003.0,138.0,3081.0,0.0,0.0,1.0,79.0,0.932609,0.0428571,0.975,0.0,0.0,0.000310559,0.025,0.0,0.0,0.0,0.0,0.0,0.0,0.0,0.0,1.0,0.0907316,0.000310559,-0.599973,139.0,68.0254,139.0,61.2489,1.0,0.0,2.0,0.0,1.0,1.0,0.0,1.0,0.0,0.0,0.0,11.0215,2.04335,1.22254,1.51552,1.09431,2.00361,3082.0,2.14454,0.0041355,1.32091,19122.0,5814.26,3166.12,137.0,139.0,139.0,0.0,2.0,0.0145985,15522.0,3660.0,3160.0,6.07025,0.981366,34828.0,6457.0,3863.22
monitor-placement-1id,2024,igp_weight_based_rocketfuel_rf1755_real_hard,8.574,8.57707,1.00005,0.0,0.0,0.0,3.62685,3.62743,0.0,0.0,0.643209,0.643209,0.0,3148.24,3148.37,342.0,342.0,1.09253,2.0,2.0,1.0,1777.0,0.0,1.00395,3555.0,15241.5,1777.09,1653.0,65.0,1711.0,0.0,0.0,1.0,59.0,0.930219,0.0365785,0.966667,0.0,0.0,0.000562746,0.0333333,0.0,0.0,0.0,0.0,0.0,0.0,0.0,0.0,1.0,0.116172,0.000562746,-0.5835,88.0,42.9564,88.0,42.9757,1.0,0.0,2.0,0.0,1.0,1.0,0.0,1.0,0.0,0.0,0.0,8.60791,2.04859,1.09959,1.5147,0.976282,1.81885,1712.0,3.12522,0.00691063,1.5542,7627.0,3196.78,1775.46,99.0,88.0,88.0,0.0,2.0,0.020202,6786.0,870.0,1770.0,4.32542,0.996061,15236.0,3626.0,1946.28
monitor-placement-1id,2024,igp_weight_based_rocketfuel_rf6461_real_hard,10.8161,10.818,1.00002,0.0,0.0,0.0,3.53268,3.53326,0.0,0.0,0.694139,0.69476,0.0,5876.02,5876.13,284.0,284.0,1.07745,2.0,2.0,1.0,3220.0,0.0,1.01899,6441.0,34834.1,3220.08,3003.0,138.0,3081.0,0.0,0.0,1.0,79.0,0.932609,0.0428571,0.975,0.0,0.0,0.000310559,0.025,0.0,0.0,0.0,0.0,0.0,0.0,0.0,0.0,1.0,0.0907316,0.000310559,-0.599973,139.0,68.0254,139.0,61.2489,1.0,0.0,2.0,0.0,1.0,1.0,0.0,1.0,0.0,0.0,0.0,11.0215,2.04335,1.22254,1.51552,1.09431,2.00361,3082.0,2.14454,0.0041355,1.32091,19122.0,5814.26,3166.12,137.0,139.0,139.0,0.0,2.0,0.0145985,15522.0,3660.0,3160.0,6.07025,0.981366,34828.0,6457.0,3863.22
monomatch,2021,data_n_3_percentage_0.97,1.94286,25.2571,13.0,0.0,0.0,0.0,0.0,0.424585,0.0,0.0,1.58033,1.58033,0.0,170.608,947.7,3.0,39.0,13.0,1.0,13.0,13.0,210.0,0.0,2.69231,486.0,5304.0,2730.0,0.0,0.0,0.0,0.0,0.0,0.0,0.0,0.0,0.0,0.0,0.0,0.0,0.0,0.0,1.0,1.0,210.0,78.0,0.0,0.0,0.0,0.0,0.0,0.0,0.0,0.0,0.0,0.0,0.0,0.0,0.0,0.0,1.0,0.0,1.0,1.0,0.0,1.0,0.0,0.0,1.0,5.23077,8192.0,3520.64,1.44335,0.0,0.383263,66.0,0.619382,0.0,0.619382,66.0,120.283,1014.0,23.0,8192.0,4096.0,0.0,8192.0,356.174,12.0,0.0,78.0,0.153846,0.371429,408.0,638976.0,274610.0
monomatch,2021,data_n_4_percentage_0.75,1.95455,41.0455,21.0,0.0,0.0,0.0,0.0,0.42128,0.0,0.0,1.58202,1.58202,0.0,271.421,1720.89,3.0,63.0,21.0,1.0,21.0,21.0,330.0,0.0,2.75,765.0,13545.0,6930.0,0.0,0.0,0.0,0.0,0.0,0.0,0.0,0.0,0.0,0.0,0.0,0.0,0.0,0.0,1.0,1.0,330.0,120.0,0.0,0.0,0.0,0.0,0.0,0.0,0.0,0.0,0.0,0.0,0.0,0.0,0.0,0.0,1.0,0.0,1.0,1.0,0.0,1.0,0.0,0.0,1.0,5.375,2097150.0,926543.0,1.65362,0.0,0.0,105.0,0.543564,0.0,0.543564,105.0,177.87,2520.0,29.0,2097150.0,1048580.0,0.0,2097150.0,72315.6,15.0,0.0,120.0,0.125,0.363636,645.0,251658000.0,111185000.0
monomatch,2021,data_n_4_percentage_0.97,1.9661,41.2881,21.0,0.0,0.0,0.0,0.0,0.418103,0.0,0.0,1.58332,1.58332,0.0,491.143,3082.61,3.0,63.0,21.0,1.0,21.0,21.0,590.0,0.0,2.80952,1370.0,24360.0,12390.0,0.0,0.0,0.0,0.0,0.0,0.0,0.0,0.0,0.0,0.0,0.0,0.0,0.0,0.0,1.0,1.0,590.0,210.0,0.0,0.0,0.0,0.0,0.0,0.0,0.0,0.0,0.0,0.0,0.0,0.0,0.0,0.0,1.0,0.0,1.0,1.0,0.0,1.0,0.0,0.0,1.0,5.52381,2097150.0,953833.0,1.95819,0.0,0.0,190.0,0.453716,0.0,0.453716,190.0,295.708,4410.0,39.0,2097150.0,1048580.0,0.0,2097150.0,53773.1,20.0,0.0,210.0,0.0952381,0.355932,1160.0,440402000.0,200305000.0
monomatch,2021,data_n_5_percentage_0.5,1.95455,60.5909,31.0,0.0,0.0,0.0,0.0,0.421744,0.0,0.0,1.58202,1.58202,0.0,271.421,1906.31,3.0,93.0,31.0,1.0,31.0,31.0,330.0,0.0,2.75,765.0,19995.0,10230.0,0.0,0.0,0.0,0.0,0.0,0.0,0.0,0.0,0.0,0.0,0.0,0.0,0.0,0.0,1.0,1.0,330.0,120.0,0.0,0.0,0.0,0.0,0.0,0.0,0.0,0.0,0.0,0.0,0.0,0.0,0.0,0.0,1.0,0.0,1.0,1.0,0.0,1.0,0.0,0.0,1.0,5.375,2147480000.0,948780000.0,1.65362,0.0,0.0,105.0,0.543564,0.0,0.543564,105.0,177.87,3720.0,29.0,2147480000.0,1073740000.0,0.0,2147480000.0,74051200.0,15.0,0.0,120.0,0.125,0.363636,645.0,257698000000.0,113854000000.0
monomatch,2021,data_n_6_percentage_0.5,1.96774,84.6129,43.0,0.0,0.0,0.0,0.0,0.417848,0.0,0.0,1.58348,1.58348,0.0,542.842,4075.34,3.0,129.0,43.0,1.0,43.0,43.0,651.0,0.0,2.81818,1512.0,55083.0,27993.0,0.0,0.0,0.0,0.0,0.0,0.0,0.0,0.0,0.0,0.0,0.0,0.0,0.0,0.0,1.0,1.0,651.0,231.0,0.0,0.0,0.0,0.0,0.0,0.0,0.0,0.0,0.0,0.0,0.0,0.0,0.0,0.0,1.0,0.0,1.0,1.0,0.0,1.0,0.0,0.0,1.0,5.54545,8796090000000.0,4017730000000.0,2.01613,0.0,0.0,210.0,0.439497,0.0,0.439497,210.0,322.509,9933.0,41.0,8796090000000.0,4398050000000.0,0.0,8796090000000.0,214539000000.0,21.0,0.0,231.0,0.0909091,0.354839,1281.0,2031900000000000.0,928095000000000.0
mqueens,2014,n11,13.5955,13.7431,1.04169,0.0,0.0,0.0,1.43947,1.42216,0.0,0.0,1.82296,1.98665,0.180641,962.216,978.759,121.0,121.0,2.29248,2.0,2.0,1.0,403.0,0.0,1.01511,829.0,5538.45,419.802,127.0,121.0,253.0,0.0,0.0,23.0,144.0,0.315136,0.300248,0.63728,0.0,0.0,0.057072,0.36272,0.0,0.0,0.0,0.0,0.0,0.0,0.0,0.0,1.0,0.0724585,0.00248139,-0.954131,12.0,5.21225,12.0,6.85733,0.0,0.0,2.0,1.0,0.0,1.0,1.0,1.0,0.0,0.0,0.0,13.801,2.30227,0.549451,0.972132,0.61427,1.82,278.0,2.55807,0.195527,1.13103,1255.0,1201.46,428.02,41.0,12.0,12.0,0.0,2.0,0.0487805,1002.0,24.0,397.0,2.58438,0.985112,5479.0,914.0,218.132
mqueens,2014,n12,14.7221,14.8642,1.0398,0.0,0.0,0.0,1.47415,1.45695,0.0,0.0,1.84535,1.99983,0.17005,1153.02,1171.35,144.0,144.0,2.35022,2.0,2.0,1.0,475.0,0.0,1.01279,975.0,7060.51,493.903,150.0,144.0,300.0,0.0,0.0,25.0,169.0,0.315789,0.303158,0.639659,0.0,0.0,0.0526316,0.360341,0.0,0.0,0.0,0.0,0.0,0.0,0.0,0.0,1.0,0.0670671,0.00210526,-0.929431,13.0,5.64015,13.0,6.17482,0.0,0.0,2.0,1.0,0.0,1.0,1.0,1.0,0.0,0.0,0.0,14.9104,2.3049,0.543316,1.00377,0.751463,1.84055,326.0,2.58463,0.182818,1.1168,1489.0,1446.13,504.106,44.0,13.0,13.0,0.0,2.0,0.0454545,1189.0,26.0,469.0,2.59062,0.987368,6993.0,1081.0,254.815
mqueens,2014,n13,15.8463,15.9834,1.03807,0.0,0.0,0.0,1.50267,1.48715,0.0,0.0,1.86946,2.01578,0.160709,1362.77,1382.91,169.0,169.0,2.40368,2.0,2.0,1.0,553.0,0.0,1.01097,1133.0,8838.8,574.055,175.0,169.0,351.0,0.0,0.0,27.0,196.0,0.316456,0.305606,0.641682,0.0,0.0,0.0488246,0.358318,0.0,0.0,0.0,0.0,0.0,0.0,0.0,0.0,1.0,0.0624215,0.00180832,-0.910728,14.0,6.06815,14.0,6.75088,0.0,0.0,2.0,1.0,0.0,1.0,1.0,1.0,0.0,0.0,0.0,16.0201,2.30713,0.538084,1.02948,0.750738,1.85844,379.0,2.61163,0.171791,1.10448,1743.0,1714.92,586.303,49.0,14.0,14.0,0.0,2.0,0.0408163,1392.0,28.0,547.0,2.59598,0.98915,8763.0,1262.0,294.332
mqueens,2014,n20,23.6788,23.7885,1.02945,0.0,0.0,0.0,1.63236,1.62374,0.0,0.0,2.01538,2.123,0.117072,3379.85,3413.01,400.0,400.0,2.69616,2.0,2.0,1.0,1267.0,0.0,1.00476,2575.0,30140.1,1304.32,406.0,400.0,820.0,0.0,0.0,41.0,441.0,0.320442,0.315706,0.650278,0.0,0.0,0.0323599,0.349722,0.0,0.0,0.0,0.0,0.0,0.0,0.0,0.0,1.0,0.0420319,0.000789266,-0.831671,21.0,9.06573,21.0,8.35555,0.0,0.0,2.0,1.0,0.0,1.0,1.0,1.0,0.0,0.0,0.0,23.7914,2.31642,0.515695,1.15186,0.965314,2.74234,864.0,2.76068,0.122214,1.0495,4081.0,4289.74,1332.24,76.0,21.0,21.0,0.0,2.0,0.0263158,3261.0,42.0,1261.0,2.61935,0.995264,30001.0,2921.0,650.292
mqueens,2014,n31,35.9366,36.0211,1.02213,0.0,0.0,0.0,1.72459,1.71987,0.0,0.0,2.19105,2.26828,0.0833823,8589.52,8644.09,961.0,961.0,3.0,2.0,2.0,1.0,2983.0,0.0,1.00202,6029.0,107451.0,3049.0,967.0,961.0,1953.0,0.0,0.0,63.0,1024.0,0.32417,0.322159,0.65603,0.0,0.0,0.0211197,0.34397,0.0,0.0,0.0,0.0,0.0,0.0,0.0,0.0,1.0,0.0277708,0.000335233,-0.783807,32.0,13.7784,32.0,9.89251,0.0,0.0,2.0,1.0,0.0,1.0,1.0,1.0,0.0,0.0,0.0,36.0091,2.32247,0.50056,1.24039,1.29173,2.82526,2017.0,2.9273,0.0857191,1.00956,9735.0,10885.2,3105.0,121.0,32.0,32.0,0.0,2.0,0.0165289,7782.0,64.0,2977.0,2.63554,0.997989,107199.0,6914.0,1490.17
mrcpsp,2016,j30_15_5,10.1763,14.1837,1.97855,0.0,0.0,0.0,2.46649,2.33195,0.714773,0.0,1.47832,2.88855,1.43994,587.557,821.631,91.0,313.97,7.77469,1.0,1.58496,1.0,363.0,0.0,0.947781,1180.0,5148.69,718.213,1.0,0.0,90.0,0.0,0.0,90.0,293.0,0.00275482,0.0,0.234987,0.0,0.0,0.247934,0.765013,0.0,0.0,0.0,0.0,3.0,182.0,0.0164835,0.501377,4.0,0.414727,0.0110193,-0.47371,215.0,10.0925,53.75,3.18178,0.0,0.0,2.0,0.0,5.0,0.0,5.0,5.0,0.0,5.0,0.0,9.64491,21.3029,4.76129,1.23551,2.85769,3.00713,233.0,1.83548,1.30365,1.85446,380.0,869.39,674.166,31.0,222.0,111.0,0.0,2.0,0.0645161,262.0,519.0,383.0,2.03916,1.0551,3694.0,8159.0,1823.58
mrcpsp,2016,j30_17_10,5.81678,11.7509,2.48235,0.0,0.0,0.0,2.60724,1.7378,0.697746,0.0,1.81116,3.12694,1.75992,1785.59,2770.58,91.0,310.664,7.84221,1.0,1.58496,1.0,1037.0,0.0,1.18244,3528.0,12185.6,2574.2,1.0,174.0,590.0,0.0,0.0,590.0,287.0,0.00096432,0.167792,0.672748,0.0,0.0,0.568949,0.327252,0.0,0.0,0.0,0.0,3.0,182.0,0.0164835,0.175506,4.0,0.581565,0.00385728,-0.284964,225.0,20.8105,56.25,4.94778,0.0,0.0,2.0,0.0,5.0,0.0,5.0,5.0,0.0,5.0,0.0,6.87799,10.8119,1.63931,1.46838,4.00391,4.44097,727.0,1.82656,0.764386,1.19696,873.0,1575.7,1166.3,51.0,234.0,117.0,0.0,2.0,0.0645161,256.0,523.0,877.0,0.888255,0.845709,6032.0,9482.0,1437.67
mrcpsp,2016,j30_1_10,6.75502,12.5015,2.42736,0.0,0.0,0.0,2.6399,1.90304,0.713553,0.0,1.86651,3.28821,1.77621,1279.66,1961.6,91.0,315.625,7.94526,1.0,1.58496,1.0,747.0,0.0,1.10831,2524.0,9338.6,1813.24,1.0,96.0,378.0,0.0,0.0,378.0,296.0,0.00133869,0.128514,0.560831,0.0,0.0,0.506024,0.439169,0.0,0.0,0.0,0.0,3.0,182.0,0.0164835,0.243641,4.0,0.534285,0.00535475,-0.337067,240.0,16.8062,60.0,4.29029,0.0,0.0,2.0,0.0,5.0,0.0,5.0,5.0,0.0,5.0,0.0,7.48665,14.2804,2.32327,1.38167,3.68419,4.2827,524.0,1.88296,0.916613,1.42533,675.0,1290.32,967.258,36.0,250.0,125.0,0.0,2.0,0.0645161,265.0,524.0,674.0,1.17062,0.902276,5046.0,9625.0,1565.88
mrcpsp,2016,j30_37_4,6.34045,12.1249,2.45721,0.0,0.0,0.0,2.65322,1.86254,0.704885,0.0,1.84041,3.36741,1.91146,1432.9,2224.94,91.0,318.646,7.90228,1.0,1.58496,1.0,843.0,0.0,1.14073,2832.0,10221.3,2071.43,1.0,127.0,443.0,0.0,0.0,443.0,296.0,0.00118624,0.150652,0.599459,0.0,0.0,0.525504,0.400541,0.0,0.0,0.0,0.0,3.0,182.0,0.0164835,0.215896,4.0,0.55304,0.00474496,-0.315484,235.0,18.0882,58.75,4.5083,0.0,0.0,2.0,0.0,5.0,0.0,5.0,5.0,0.0,5.0,0.0,7.23275,12.9919,2.11755,1.41674,3.79039,4.30234,589.0,1.9559,0.944183,1.4695,736.0,1383.29,1045.81,41.0,242.0,121.0,0.0,2.0,0.0645161,265.0,518.0,739.0,1.05954,0.876631,5345.0,9601.0,1564.87
mrcpsp,2016,j30_53_3,10.0763,14.1552,1.99588,0.0,0.0,0.0,2.4771,2.31088,0.708568,0.0,1.57872,3.01849,1.47479,589.117,830.03,91.0,312.381,7.90382,1.0,1.58496,1.0,367.0,0.0,0.965789,1194.0,5194.94,732.486,1.0,1.0,93.0,0.0,0.0,93.0,287.0,0.0027248,0.0027248,0.244737,0.0,0.0,0.253406,0.755263,0.0,0.0,0.0,0.0,3.0,182.0,0.0164835,0.495913,4.0,0.411033,0.0108992,-0.480983,236.0,10.1185,59.0,3.17074,0.0,0.0,2.0,0.0,5.0,0.0,5.0,5.0,0.0,5.0,0.0,9.73158,23.3237,5.12713,1.22451,2.87581,3.04664,230.0,1.92184,1.30237,1.9045,374.0,869.982,674.529,31.0,242.0,121.0,0.0,2.0,0.0645161,256.0,493.0,380.0,1.97105,1.03542,3698.0,8863.0,1948.31
mrcpsp,2023,j30_25_5,5.89871,11.9434,2.50796,0.0,0.0,0.0,2.60986,1.74428,0.690622,0.0,1.80301,3.2077,1.8024,1738.25,2703.09,91.0,314.377,7.99421,1.0,1.58496,1.0,1007.0,0.0,1.16957,3426.0,12027.0,2525.51,1.0,165.0,569.0,0.0,0.0,569.0,292.0,0.000993049,0.163853,0.660859,0.0,0.0,0.565045,0.339141,0.0,0.0,0.0,0.0,3.0,182.0,0.0164835,0.180735,4.0,0.579798,0.00397219,-0.285642,249.0,20.754,62.25,4.86319,0.0,0.0,2.0,0.0,5.0,0.0,5.0,5.0,0.0,5.0,0.0,6.89895,11.9977,1.83006,1.47108,4.06195,4.63662,711.0,1.78231,0.76741,1.22424,860.0,1541.65,1154.45,45.0,258.0,129.0,0.0,2.0,0.0645161,261.0,524.0,861.0,0.911731,0.855015,5940.0,10330.0,1575.68
mrcpsp,2023,j30_29_3,8.95937,13.5911,2.13599,0.0,0.0,0.0,2.55255,2.22321,0.810889,0.0,1.81112,3.30135,1.68876,727.733,1054.78,91.0,315.488,7.90385,1.0,1.58496,1.0,443.0,0.0,1.00454,1457.0,6020.85,946.243,1.0,20.0,150.0,0.0,0.0,150.0,291.0,0.00225734,0.0451467,0.340136,0.0,0.0,0.3386,0.659864,0.0,0.0,0.0,0.0,3.0,182.0,0.0164835,0.410835,4.0,0.444444,0.00902935,-0.438529,237.0,11.595,59.25,3.44137,0.0,0.0,2.0,0.0,5.0,0.0,5.0,5.0,0.0,5.0,0.0,9.0,20.4399,4.07305,1.26686,3.07871,3.36635,291.0,1.99111,1.19539,1.8125,437.0,962.426,735.126,31.0,241.0,120.5,0.0,2.0,0.0645161,260.0,492.0,441.0,1.70522,0.995485,3969.0,9014.0,1796.22
mrcpsp,2023,j30_33_5,5.40368,11.4161,2.5054,0.0,0.0,0.0,2.56426,1.66431,0.691326,0.0,1.73937,3.03716,1.69641,2160.03,3363.59,91.0,314.488,7.91273,1.0,1.58496,1.0,1251.0,0.0,1.21811,4258.0,14281.6,3134.26,1.0,237.0,741.0,0.0,0.0,741.0,286.0,0.000799361,0.189448,0.721519,0.0,0.0,0.592326,0.278481,0.0,0.0,0.0,0.0,3.0,182.0,0.0164835,0.145484,4.0,0.607692,0.00319744,-0.254439,235.0,23.6961,58.75,5.326,0.0,0.0,2.0,0.0,5.0,0.0,5.0,5.0,0.0,5.0,0.0,6.58228,9.91723,1.53529,1.54185,4.26138,4.65151,877.0,1.87005,0.674876,1.06838,1017.0,1783.66,1317.07,53.0,244.0,122.0,0.0,2.0,0.0645161,255.0,512.0,1027.0,0.746835,0.820943,6760.0,10185.0,1576.74
mrcpsp,2023,j30_41_8,7.68,12.9546,2.31116,0.0,0.0,0.0,2.62685,2.05831,0.749428,0.0,1.97699,3.40915,1.79195,956.732,1444.04,91.0,314.85,7.92765,1.0,1.58496,1.0,575.0,0.0,1.08286,1922.0,7448.88,1328.92,1.0,53.0,249.0,0.0,0.0,249.0,282.0,0.00173913,0.0921739,0.468927,0.0,0.0,0.433043,0.531073,0.0,0.0,0.0,0.0,3.0,182.0,0.0164835,0.316522,4.0,0.480978,0.00695652,-0.39905,238.0,13.6374,59.5,3.78181,0.0,0.0,2.0,0.0,5.0,0.0,5.0,5.0,0.0,5.0,0.0,8.31638,17.452,3.00188,1.30064,3.34163,3.84178,381.0,2.11559,1.06219,1.60561,522.0,1103.01,823.829,33.0,246.0,123.0,0.0,2.0,0.0645161,251.0,518.0,531.0,1.44821,0.923478,4416.0,9267.0,1594.0
mrcpsp,2023,j30_54_2,10.1377,14.2014,1.99133,0.0,0.0,0.0,2.47588,2.33117,0.710185,0.0,1.56864,2.97886,1.45575,579.747,817.341,91.0,315.265,7.93645,1.0,1.58496,1.0,363.0,0.0,0.968,1180.0,5155.11,722.853,1.0,0.0,90.0,0.0,0.0,90.0,285.0,0.00275482,0.0,0.24,0.0,0.0,0.247934,0.76,0.0,0.0,0.0,0.0,3.0,182.0,0.0164835,0.501377,4.0,0.407609,0.0110193,-0.486135,239.0,9.99387,59.75,3.1437,0.0,0.0,2.0,0.0,5.0,0.0,5.0,5.0,0.0,5.0,0.0,9.81333,23.9147,5.33725,1.21857,2.86092,3.04428,225.0,1.87441,1.32049,1.92217,365.0,862.238,671.959,31.0,249.0,124.5,0.0,2.0,0.0645161,254.0,511.0,375.0,2.04,1.03306,3680.0,8968.0,2001.47
mspsp,2012,easy_01,3.505,9.11597,2.19599,0.0,0.0,0.0,1.45478,2.12429,0.910752,0.0,1.43973,2.18152,1.12799,273.554,405.145,38.0,130.302,5.85798,2.0,2.0,1.0,200.0,0.0,0.809717,503.0,1823.19,439.198,0.0,2.0,115.0,0.0,0.0,73.0,132.0,0.0,0.01,0.465587,0.0,0.0,0.365,0.534413,0.0,0.0,0.0,0.0,2.0,14.0,0.142857,0.07,3.0,1.05706,0.015,0.0572556,58.0,8.57844,19.3333,3.28697,0.0,0.0,2.0,0.0,0.0,0.0,5.0,5.0,5.0,5.0,0.0,2.83806,6.76113,1.7261,0.996607,2.3056,1.00345,113.0,1.98757,0.419626,1.57976,503.0,258.024,349.018,18.0,58.0,19.3333,0.0,2.0,0.4,447.0,279.0,247.0,2.93927,1.235,701.0,1670.0,426.346
mspsp,2012,hard_01,2.77551,10.3543,3.44547,0.0,0.0,0.0,1.13935,1.42923,0.580473,0.0,1.11598,1.64446,1.52097,317.241,663.734,39.0,167.232,6.12928,2.0,2.0,1.0,245.0,0.0,1.3172,757.0,2536.8,844.14,0.0,50.0,130.0,0.0,0.0,161.0,56.0,0.0,0.204082,0.698925,0.0,0.0,0.657143,0.301075,0.0,0.0,0.0,0.0,2.0,4.0,0.5,0.0163265,5.0,1.36765,0.0204082,0.258669,70.0,6.08411,14.0,2.48072,0.0,0.0,2.0,0.0,0.0,0.0,5.0,5.0,5.0,5.0,0.0,3.65591,11.5054,2.02238,1.4213,2.04945,1.30824,80.0,2.18427,0.583675,1.50809,265.0,237.41,319.361,27.0,70.0,17.5,0.0,2.0,0.666667,159.0,141.0,186.0,1.6129,0.759184,680.0,2140.0,376.163
mspsp,2012,hard_03,2.96706,9.78225,2.90689,0.0,0.0,0.0,1.34814,1.70445,0.68802,0.0,1.24208,1.86496,1.39403,564.017,1038.43,46.0,165.817,6.20945,2.0,2.0,1.0,425.0,0.0,1.12137,1261.0,4157.46,1235.43,0.0,76.0,250.0,0.0,0.0,239.0,129.0,0.0,0.178824,0.659631,0.0,0.0,0.562353,0.340369,0.0,0.0,0.0,0.0,2.0,12.0,0.166667,0.0282353,3.0,0.901665,0.00705882,-0.0667847,74.0,9.37993,24.6667,3.35195,0.0,0.0,2.0,0.0,0.0,0.0,5.0,5.0,5.0,5.0,0.0,3.32718,7.88918,1.53449,1.47241,2.50002,1.12875,174.0,2.26239,0.40847,1.37169,702.0,434.888,540.493,35.0,74.0,24.6667,0.0,2.0,0.5,487.0,382.0,379.0,2.29288,0.891765,1261.0,2990.0,581.572
mspsp,2012,medium_02,3.43902,8.10545,2.07491,0.0,0.0,0.0,1.30041,1.88322,0.834761,0.0,1.34014,2.02022,1.04966,167.799,245.933,28.0,85.81,5.12928,2.0,2.0,1.0,123.0,0.0,0.825503,311.0,996.97,255.214,0.0,0.0,67.0,0.0,0.0,47.0,82.0,0.0,0.0,0.449664,0.0,0.0,0.382114,0.550336,0.0,0.0,0.0,0.0,1.0,9.0,0.111111,0.0731707,3.0,1.05674,0.0243902,0.0657581,35.0,6.57629,11.6667,2.99792,0.0,0.0,2.0,0.0,0.0,0.0,5.0,5.0,5.0,5.0,0.0,2.83893,5.32215,1.62158,0.862823,1.86006,0.616681,67.0,1.96007,0.471119,1.55395,271.0,159.731,210.939,12.0,35.0,11.6667,0.0,2.0,0.5,267.0,137.0,149.0,2.71141,1.21138,423.0,793.0,241.616
mspsp,2012,medium_03,3.505,9.11597,2.19599,0.0,0.0,0.0,1.45478,2.12429,0.910752,0.0,1.43973,2.18152,1.12799,273.554,405.145,38.0,130.302,5.85798,2.0,2.0,1.0,200.0,0.0,0.809717,503.0,1823.19,439.198,0.0,2.0,115.0,0.0,0.0,73.0,132.0,0.0,0.01,0.465587,0.0,0.0,0.365,0.534413,0.0,0.0,0.0,0.0,2.0,14.0,0.142857,0.07,3.0,1.05706,0.015,0.0572556,58.0,8.57844,19.3333,3.28697,0.0,0.0,2.0,0.0,0.0,0.0,5.0,5.0,5.0,5.0,0.0,2.83806,6.76113,1.7261,0.996607,2.3056,1.00345,113.0,1.98757,0.419626,1.57976,503.0,258.024,349.018,18.0,58.0,19.3333,0.0,2.0,0.4,447.0,279.0,247.0,2.93927,1.235,701.0,1670.0,426.346
mspsp,2012,medium_05,3.41137,8.42978,1.99677,0.0,0.0,0.0,1.55114,2.288,0.70825,0.0,1.45185,2.1671,1.2182,406.46,585.839,38.0,122.099,5.42626,2.0,2.0,1.0,299.0,0.0,0.908815,788.0,2520.5,597.035,0.0,16.0,170.0,0.0,0.0,132.0,159.0,0.0,0.0535117,0.516717,0.0,0.0,0.441472,0.483283,0.0,0.0,0.0,0.0,1.0,13.0,0.0769231,0.0434783,3.0,0.967647,0.0100334,-0.0258984,43.0,9.31336,14.3333,3.8383,0.0,0.0,2.0,0.0,0.0,0.0,5.0,5.0,5.0,5.0,0.0,3.1003,4.61702,1.39794,1.24923,2.1659,0.715336,154.0,2.2603,0.342464,1.26033,637.0,359.294,421.952,26.0,43.0,14.3333,0.0,2.0,0.5,603.0,293.0,329.0,2.7234,1.10033,1020.0,1519.0,459.924
multi-agent-graph-coverage,2023,rnd_n10_p1500_c15_s1,3.9743,19.9943,2.44888,0.0,0.0,0.0,1.355,2.43534,0.913098,0.0,0.993438,2.64186,1.7086,608.848,957.471,21.0,175.629,8.66534,2.0,2.0,1.0,428.0,0.0,1.30091,1183.0,8557.57,1048.12,0.0,135.0,180.0,0.0,0.0,217.0,149.0,0.0,0.315421,0.547112,0.0,0.0,0.507009,0.452888,0.0,0.0,0.0,0.0,2.0,40.0,0.05,0.0934579,1.0,0.193416,0.00233645,-0.725941,406.0,4.29968,406.0,1.84026,5.0,0.0,2.0,0.0,5.0,5.0,0.0,5.0,0.0,0.0,0.0,5.17021,94.4255,26.3301,1.11109,1.79306,2.50808,217.0,2.11787,1.44633,1.56131,404.0,609.005,946.783,21.0,406.0,406.0,0.0,2.0,0.4,300.0,25.0,329.0,0.987842,0.768692,1701.0,31066.0,8662.6
multi-agent-graph-coverage,2023,rnd_n10_p2000_c15_s1,3.9743,19.9943,2.44888,0.0,0.0,0.0,1.355,2.43534,0.913098,0.0,0.993438,2.64186,1.7086,608.848,957.471,21.0,175.629,8.66534,2.0,2.0,1.0,428.0,0.0,1.30091,1183.0,8557.57,1048.12,0.0,135.0,180.0,0.0,0.0,217.0,149.0,0.0,0.315421,0.547112,0.0,0.0,0.507009,0.452888,0.0,0.0,0.0,0.0,2.0,40.0,0.05,0.0934579,1.0,0.193416,0.00233645,-0.725941,406.0,4.29968,406.0,1.84026,5.0,0.0,2.0,0.0,5.0,5.0,0.0,5.0,0.0,0.0,0.0,5.17021,94.4255,26.3301,1.11109,1.79306,2.50808,217.0,2.11787,1.44633,1.56131,404.0,609.005,946.783,21.0,406.0,406.0,0.0,2.0,0.4,300.0,35.0,329.0,1.01824,0.768692,1701.0,31066.0,8662.6
multi-agent-graph-coverage,2023,rnd_n20_p1000_c10_s1,5.6804,36.6041,2.54085,0.0,0.0,0.0,1.93648,2.8002,0.964044,0.0,0.947558,2.75006,1.65862,1341.97,2096.57,41.0,368.879,9.15735,2.0,2.0,1.0,898.0,0.0,1.30334,2483.0,32870.5,2281.68,0.0,285.0,380.0,0.0,0.0,457.0,309.0,0.0,0.317372,0.551524,0.0,0.0,0.508909,0.448476,0.0,0.0,0.0,0.0,2.0,80.0,0.025,0.0890869,1.0,0.135072,0.00111359,-0.53178,571.0,4.37906,571.0,1.85605,5.0,0.0,2.0,0.0,5.0,5.0,0.0,5.0,0.0,0.0,0.0,7.40348,130.393,34.5583,1.62648,1.82057,2.63514,457.0,2.09168,1.46926,1.48969,844.0,1349.21,2048.59,41.0,571.0,571.0,0.0,2.0,0.4,620.0,45.0,689.0,0.965167,0.767261,5101.0,89841.0,23810.7
multi-agent-graph-coverage,2023,rnd_n40_p1000_c20_s1,14.0234,147.412,3.08398,0.0,0.0,0.0,2.73683,3.13593,1.07544,0.0,0.912151,2.98432,1.73986,5230.35,8380.22,139.0,1658.85,11.9947,2.0,2.0,1.0,3201.0,0.0,1.30493,8853.0,471867.0,9871.81,0.0,1020.0,1360.0,0.0,0.0,1633.0,1093.0,0.0,0.31865,0.554423,0.0,0.0,0.510153,0.445577,0.0,0.0,0.0,0.0,2.0,276.0,0.00724638,0.0862231,1.0,0.0546459,0.000312402,-0.404069,4081.0,4.47373,4081.0,1.86667,5.0,0.0,2.0,0.0,5.0,5.0,0.0,5.0,0.0,0.0,0.0,18.2996,912.213,231.913,2.33959,1.86093,2.77708,1633.0,2.07029,1.55379,1.6694,3000.0,5278.81,8927.08,139.0,4081.0,4081.0,0.0,2.0,0.4,2188.0,105.0,2453.0,0.934774,0.766323,44889.0,2237660.0,568883.0
multi-agent-graph-coverage,2023,rnd_n75_p1000_c50_s1,48.5774,716.739,3.72921,0.0,0.0,0.0,3.12239,3.2435,1.16885,0.0,0.89961,3.11953,1.79022,22899.6,37306.0,545.0,8333.19,15.311,2.0,2.0,1.0,12742.0,0.0,1.3054,35243.0,9132690.0,47517.6,0.0,4065.0,5420.0,0.0,0.0,6505.0,4341.0,0.0,0.319024,0.555271,0.0,0.0,0.510516,0.444729,0.0,0.0,0.0,0.0,2.0,1088.0,0.00183824,0.0853869,1.0,0.0157697,7.84806e-05,-0.36628,40651.0,4.49481,40651.0,1.86978,5.0,0.0,2.0,0.0,5.0,5.0,0.0,5.0,0.0,0.0,0.0,63.4129,9043.99,2270.48,2.6871,1.8691,2.81652,6505.0,2.06231,1.59489,1.9066,12475.0,23129.9,43330.2,545.0,40651.0,40651.0,0.0,2.0,0.4,9227.0,288.0,9761.0,0.974798,0.766049,618973.0,88278400.0,22162200.0
multi-knapsack,2014,mknap1-6,45.1667,45.1667,1.0,0.0,0.0,0.0,0.062622,0.062622,0.0,0.0,2.25163,2.25163,0.0,32.9663,32.9663,50.0,50.0,1.0,42.0,42.0,1.0,6.0,0.0,0.12,18.0,271.0,6.0,0.0,0.0,0.0,0.0,0.0,6.0,50.0,0.0,0.0,0.0,0.0,0.0,1.0,1.0,0.0,0.0,0.0,0.0,0.0,0.0,0.0,0.0,0.0,0.0,0.0,0.0,0.0,0.0,0.0,0.0,0.0,0.0,1.0,1.0,0.0,1.0,1.0,1.0,0.0,0.0,0.0,5.42,2.0,0.382667,0.0,0.0,0.0,0.0,1.402,0.0,0.468996,221.0,120.852,50.0,6.0,2.0,1.0,0.0,2.0,0.333333,271.0,271.0,50.0,10.84,8.33333,271.0,100.0,19.1333
multi-knapsack,2014,mknap2-1,60.0,60.0,1.0,0.0,0.0,0.0,0.0,0.0,0.0,0.0,0.0,0.0,0.0,183.114,183.114,60.0,60.0,1.0,60.0,60.0,1.0,31.0,0.0,0.516667,93.0,1860.0,31.0,0.0,0.0,0.0,0.0,0.0,31.0,60.0,0.0,0.0,0.0,0.0,0.0,1.0,1.0,0.0,0.0,0.0,0.0,0.0,0.0,0.0,0.0,0.0,0.0,0.0,0.0,0.0,0.0,0.0,0.0,0.0,0.0,1.0,1.0,0.0,1.0,1.0,1.0,0.0,0.0,0.0,31.0,2.0,0.0645161,0.0,0.0,0.0,0.0,0.0,0.0,0.0,0.0,297.252,60.0,31.0,2.0,0.0645161,0.0,2.0,0.0645161,60.0,1860.0,60.0,32.0,1.93548,1860.0,120.0,3.87097
multi-knapsack,2014,mknap2-10,82.0,82.0,1.0,0.0,0.0,0.0,0.291665,0.291665,0.0,0.0,1.58496,1.58496,0.0,18.8525,18.8525,105.0,105.0,1.0,49.0,49.0,1.0,3.0,0.0,0.0285714,9.0,246.0,3.0,0.0,0.0,0.0,0.0,0.0,3.0,105.0,0.0,0.0,0.0,0.0,0.0,1.0,1.0,0.0,0.0,0.0,0.0,0.0,0.0,0.0,0.0,0.0,0.0,0.0,0.0,0.0,0.0,0.0,0.0,0.0,0.0,1.0,1.0,0.0,1.0,1.0,1.0,0.0,0.0,0.0,2.34286,2.0,0.885714,0.0,0.0,0.0,0.0,0.927527,0.0,0.0,141.0,126.059,105.0,3.0,2.0,1.0,0.0,2.0,0.666667,246.0,246.0,105.0,4.68571,35.0,246.0,210.0,93.0
multi-knapsack,2014,mknap2-20,48.0,48.0,1.0,0.0,0.0,0.0,0.0294628,0.0294628,0.0,0.0,1.9183,1.9183,0.0,33.5054,33.5054,50.0,50.0,1.0,46.0,46.0,1.0,6.0,0.0,0.12,18.0,288.0,6.0,0.0,0.0,0.0,0.0,0.0,6.0,50.0,0.0,0.0,0.0,0.0,0.0,1.0,1.0,0.0,0.0,0.0,0.0,0.0,0.0,0.0,0.0,0.0,0.0,0.0,0.0,0.0,0.0,0.0,0.0,0.0,0.0,1.0,1.0,0.0,1.0,1.0,1.0,0.0,0.0,0.0,5.76,2.0,0.35,0.0,0.0,0.0,0.0,0.856857,0.0,0.141441,238.0,126.033,50.0,6.0,2.0,0.5,0.0,2.0,0.333333,288.0,288.0,50.0,11.52,8.33333,288.0,100.0,17.5
multi-knapsack,2014,mknap2-31,67.1667,67.1667,1.0,0.0,0.0,0.0,0.0297767,0.0297767,0.0,0.0,2.58496,2.58496,0.0,36.4137,36.4137,70.0,70.0,1.0,64.0,64.0,1.0,6.0,0.0,0.0857143,18.0,403.0,6.0,0.0,0.0,0.0,0.0,0.0,6.0,70.0,0.0,0.0,0.0,0.0,0.0,1.0,1.0,0.0,0.0,0.0,0.0,0.0,0.0,0.0,0.0,0.0,0.0,0.0,0.0,0.0,0.0,0.0,0.0,0.0,0.0,1.0,1.0,0.0,1.0,1.0,1.0,0.0,0.0,0.0,5.75714,2.0,0.35,0.0,0.0,0.0,0.0,0.852608,0.0,0.108023,333.0,176.417,70.0,6.0,2.0,0.5,0.0,2.0,0.333333,403.0,403.0,70.0,11.5143,11.6667,403.0,140.0,24.5
multi-knapsack,2015,mknap1-6,46.7143,54.5726,1.16916,0.0,0.0,0.0,0.0605474,0.0839721,0.0,0.0,2.52164,2.80735,0.0,38.8004,40.3568,51.0,64.4575,1.26387,43.0,50.0,1.0,7.0,0.0,0.125,21.0,382.008,8.18413,0.0,0.0,0.0,0.0,0.0,7.0,56.0,0.0,0.0,0.0,0.0,0.0,1.0,1.0,0.0,0.0,0.0,0.0,0.0,0.0,0.0,0.0,1.0,0.171254,0.142857,-2.79396,22498.0,48.8272,22498.0,7.40201,0.0,0.0,3.0,1.0,0.0,1.0,1.0,1.0,0.0,0.0,0.0,5.83929,460.768,459.267,0.29662,6.46138,6.48301,6.0,1.74302,0.696769,0.823055,226.0,133.423,111.008,7.0,22498.0,22498.0,0.0,2.0,0.285714,276.0,276.0,56.0,9.85714,8.0,327.0,25803.0,25718.9
multi-knapsack,2015,mknap2-1,60.9688,72.1245,1.18288,0.0,0.0,0.0,0.0,0.0277298,0.0,0.0,0.200622,0.839473,0.0,189.76,197.493,61.0,73.2078,1.20013,60.0,60.0,1.0,32.0,0.0,0.351648,96.0,2307.98,37.8522,0.0,0.0,0.0,0.0,0.0,32.0,91.0,0.0,0.0,0.0,0.0,0.0,1.0,1.0,0.0,0.0,0.0,0.0,0.0,0.0,0.0,0.0,1.0,0.0466427,0.03125,-1.39397,9461.0,4.68899,9461.0,2.61126,0.0,0.0,3.0,1.0,0.0,1.0,1.0,1.0,0.0,0.0,0.0,21.4396,2017.7,2016.43,0.683917,1.41273,1.41407,31.0,0.925448,1.1501,1.1501,1830.0,300.0,447.983,32.0,9461.0,9461.0,0.0,2.0,0.0625,1890.0,1890.0,91.0,41.5385,2.84375,1951.0,183611.0,183495.0
multi-knapsack,2015,mknap2-2,60.9688,72.8219,1.19431,0.0,0.0,0.0,0.0,0.030706,0.0,0.0,0.200622,0.839473,0.0,189.76,197.935,61.0,73.2879,1.20144,60.0,60.0,1.0,32.0,0.0,0.351648,96.0,2330.3,38.218,0.0,0.0,0.0,0.0,0.0,32.0,91.0,0.0,0.0,0.0,0.0,0.0,1.0,1.0,0.0,0.0,0.0,0.0,0.0,0.0,0.0,0.0,1.0,0.0466427,0.03125,-1.39397,9461.0,2.864,9461.0,1.33222,0.0,0.0,3.0,1.0,0.0,1.0,1.0,1.0,0.0,0.0,0.0,21.4396,3303.42,3302.14,0.683917,1.39917,1.39998,31.0,0.925448,1.1501,1.1501,1830.0,300.0,470.3,32.0,10001.0,10001.0,0.0,2.0,0.0625,1890.0,1890.0,91.0,41.5385,2.84375,1951.0,300611.0,300495.0
multi-knapsack,2015,mknap2-20,49.1429,57.2471,1.16518,0.0,0.0,0.0,0.0287776,0.0653598,0.0,0.0,1.84237,2.80735,0.0,39.3279,40.8517,51.0,63.071,1.23669,47.0,50.0,1.0,7.0,0.0,0.125,21.0,400.73,8.15626,0.0,0.0,0.0,0.0,0.0,7.0,56.0,0.0,0.0,0.0,0.0,0.0,1.0,1.0,0.0,0.0,0.0,0.0,0.0,0.0,0.0,0.0,1.0,0.162791,0.142857,-2.96923,8605.0,34.3954,8605.0,7.1298,0.0,0.0,3.0,1.0,0.0,1.0,1.0,1.0,0.0,0.0,0.0,6.14286,250.179,248.659,0.281962,4.68393,4.71385,6.0,1.25629,0.768198,0.768198,243.0,137.658,112.73,7.0,8605.0,8605.0,0.0,2.0,0.285714,293.0,293.0,56.0,10.4643,8.0,344.0,14010.0,13924.9
multi-knapsack,2015,mknap2-32,78.2857,86.9979,1.11158,0.0,0.0,0.0,0.0285629,0.0459781,0.0,0.0,2.23593,2.80735,0.0,44.0305,45.0892,81.0,93.5901,1.15543,75.0,80.0,1.0,7.0,0.0,0.0813953,21.0,608.985,7.78105,0.0,0.0,0.0,0.0,0.0,7.0,86.0,0.0,0.0,0.0,0.0,0.0,1.0,1.0,0.0,0.0,0.0,0.0,0.0,0.0,0.0,0.0,1.0,0.156934,0.142857,-3.79864,12332.0,49.7142,12332.0,8.73808,0.0,0.0,3.0,1.0,0.0,1.0,1.0,1.0,0.0,0.0,0.0,6.37209,248.058,246.474,0.221939,5.57493,5.61191,6.0,1.12303,0.545401,0.545401,387.0,220.545,146.985,7.0,12332.0,12332.0,0.0,2.0,0.285714,467.0,467.0,86.0,10.8605,12.2857,548.0,21333.0,21196.7
multi-knapsack,2019,mknap1-5,36.4286,44.0306,1.20997,0.0,0.0,0.0,0.0613823,0.0936418,0.0,0.0,2.12809,2.52164,0.0,36.2875,38.1808,40.0,52.8459,1.32115,33.0,39.0,1.0,7.0,0.0,0.155556,21.0,308.214,8.46976,0.0,0.0,0.0,0.0,0.0,7.0,45.0,0.0,0.0,0.0,0.0,0.0,1.0,1.0,0.0,0.0,0.0,0.0,0.0,0.0,0.0,0.0,1.0,0.176471,0.142857,-2.33333,14724.0,37.8466,14724.0,6.61284,0.0,0.0,3.0,1.0,0.0,1.0,1.0,1.0,0.0,0.0,0.0,5.66667,389.044,387.59,0.352941,5.57198,5.59356,6.0,1.83326,0.761063,0.910161,216.0,103.654,98.2143,7.0,14724.0,14724.0,0.0,2.0,0.285714,255.0,255.0,45.0,11.3333,6.42857,255.0,17507.0,17441.6
multi-knapsack,2019,mknap2-1,60.9688,72.1245,1.18288,0.0,0.0,0.0,0.0,0.0277298,0.0,0.0,0.200622,0.839473,0.0,189.76,197.493,61.0,73.2078,1.20013,60.0,60.0,1.0,32.0,0.0,0.351648,96.0,2307.98,37.8522,0.0,0.0,0.0,0.0,0.0,32.0,91.0,0.0,0.0,0.0,0.0,0.0,1.0,1.0,0.0,0.0,0.0,0.0,0.0,0.0,0.0,0.0,1.0,0.0466427,0.03125,-1.39397,9461.0,4.68899,9461.0,2.61126,0.0,0.0,3.0,1.0,0.0,1.0,1.0,1.0,0.0,0.0,0.0,21.4396,2017.7,2016.43,0.683917,1.41273,1.41407,31.0,0.925448,1.1501,1.1501,1891.0,300.0,447.983,32.0,9461.0,9461.0,0.0,2.0,0.0625,1951.0,1951.0,91.0,42.8791,2.84375,1951.0,183611.0,183495.0
multi-knapsack,2019,mknap2-10,88.5,97.2591,1.10631,0.0,0.0,0.0,0.257667,0.251432,0.0,0.0,2.0,2.0,0.0,25.6252,26.1961,106.0,125.099,1.18018,50.0,57.9687,1.0,4.0,0.0,0.037037,12.0,389.036,4.42524,0.0,0.0,0.0,0.0,0.0,4.0,108.0,0.0,0.0,0.0,0.0,0.0,1.0,1.0,0.0,0.0,0.0,0.0,0.0,0.0,0.0,0.0,1.0,0.305085,0.25,0.0,1123050.0,107.884,1123050.0,0.0,0.0,0.0,3.0,1.0,0.0,1.0,1.0,1.0,0.0,0.0,0.0,3.27778,10409.8,10408.5,0.0,0.0,0.0,3.0,1.08488,0.20863,0.20863,249.0,181.362,143.036,4.0,1123050.0,1123050.0,0.0,2.0,0.5,354.0,354.0,108.0,6.55556,27.0,354.0,1124260.0,1124110.0
multi-knapsack,2019,mknap2-2,60.9688,72.8219,1.19431,0.0,0.0,0.0,0.0,0.030706,0.0,0.0,0.200622,0.839473,0.0,189.76,197.935,61.0,73.2879,1.20144,60.0,60.0,1.0,32.0,0.0,0.351648,96.0,2330.3,38.218,0.0,0.0,0.0,0.0,0.0,32.0,91.0,0.0,0.0,0.0,0.0,0.0,1.0,1.0,0.0,0.0,0.0,0.0,0.0,0.0,0.0,0.0,1.0,0.0466427,0.03125,-1.39397,9461.0,2.864,9461.0,1.33222,0.0,0.0,3.0,1.0,0.0,1.0,1.0,1.0,0.0,0.0,0.0,21.4396,3303.42,3302.14,0.683917,1.39917,1.39998,31.0,0.925448,1.1501,1.1501,1891.0,300.0,470.3,32.0,10001.0,10001.0,0.0,2.0,0.0625,1951.0,1951.0,91.0,42.8791,2.84375,1951.0,300611.0,300495.0
multi-knapsack,2019,mknap2-40,88.2857,97.4586,1.10407,0.0,0.0,0.0,0.0253276,0.0435328,0.0,0.0,2.23593,2.80735,0.0,45.2454,46.237,91.0,103.712,1.13969,85.0,90.0,1.0,7.0,0.0,0.0729167,21.0,682.21,7.72848,0.0,0.0,0.0,0.0,0.0,7.0,96.0,0.0,0.0,0.0,0.0,0.0,1.0,1.0,0.0,0.0,0.0,0.0,0.0,0.0,0.0,0.0,1.0,0.15534,0.142857,-3.84489,13418.0,47.0068,13418.0,8.76705,0.0,0.0,3.0,1.0,0.0,1.0,1.0,1.0,0.0,0.0,0.0,6.4375,285.448,283.85,0.219684,5.2477,5.27831,6.0,1.04989,0.49885,0.49885,528.0,248.618,160.21,7.0,13418.0,13418.0,0.0,2.0,0.285714,618.0,618.0,96.0,12.875,13.7143,618.0,27403.0,27249.6
neighbours,2018,neighbours1,3.38603,4.88887,1.3867,0.0,0.0,0.0,1.14381,1.68673,0.0,0.0,1.5307,2.28483,0.969204,391.816,510.944,26.0,57.8954,2.22675,2.0,2.58496,1.0,272.0,0.0,1.32039,725.0,1329.77,377.182,7.0,84.0,180.0,0.0,0.0,181.0,26.0,0.0257353,0.308824,0.873786,0.0,0.0,0.665441,0.126214,0.0,0.0,0.0,0.0,0.0,0.0,0.0,0.0,1.0,0.22367,0.00367647,-0.841811,101.0,36.7597,101.0,14.3316,0.0,0.0,3.0,1.0,0.0,0.0,1.0,1.0,0.0,1.0,0.0,4.47087,2.74757,1.18642,0.922215,2.49517,5.83958,181.0,2.33415,0.754062,0.864827,406.0,365.845,237.895,16.0,101.0,101.0,0.0,2.0,0.214286,251.0,26.0,206.0,1.34466,0.757353,921.0,566.0,244.403
neighbours,2018,neighbours3,3.07,4.2095,1.37761,0.0,0.0,0.0,0.977199,1.52111,0.0,0.0,1.44853,2.20931,0.966917,417.177,546.218,29.0,64.3793,2.21998,2.0,2.58496,1.0,300.0,0.0,1.2987,803.0,1262.85,413.284,3.0,94.0,202.0,0.0,0.0,203.0,29.0,0.01,0.313333,0.874459,0.0,0.0,0.676667,0.125541,0.0,0.0,0.0,0.0,0.0,0.0,0.0,0.0,1.0,0.250814,0.00333333,-1.05607,113.0,41.1071,113.0,15.1442,0.0,0.0,3.0,1.0,0.0,0.0,1.0,1.0,0.0,1.0,0.0,3.98701,2.74892,1.19823,0.70941,2.64835,6.13278,203.0,2.31499,0.745771,0.851401,343.0,397.946,266.379,12.0,113.0,113.0,0.0,2.0,0.3,169.0,29.0,231.0,0.857143,0.77,921.0,635.0,276.791
neighbours,2018,neighbours5,3.1629,4.36953,1.39891,0.0,0.0,0.0,1.37813,2.17114,0.0,0.0,1.34837,2.07538,0.941065,870.906,1150.02,57.0,127.811,2.24231,2.0,2.58496,1.0,620.0,0.0,1.30526,1659.0,2709.11,867.322,3.0,198.0,418.0,0.0,0.0,419.0,57.0,0.00483871,0.319355,0.88,0.0,0.0,0.675806,0.12,0.0,0.0,0.0,0.0,0.0,0.0,0.0,0.0,1.0,0.242223,0.0016129,-1.10606,225.0,81.5217,225.0,21.7924,0.0,0.0,3.0,1.0,0.0,0.0,1.0,1.0,0.0,1.0,0.0,4.12842,2.76,1.17228,0.685111,3.69494,8.74104,419.0,2.20451,0.696015,0.938116,699.0,840.5,545.811,12.0,225.0,225.0,0.0,2.0,0.3,337.0,57.0,475.0,0.829474,0.766129,1961.0,1311.0,556.833
neighbours,2018,neighbours7,3.44697,5.00594,1.39529,0.0,0.0,0.0,1.39132,2.04696,0.0,0.0,1.4615,2.21499,0.953499,569.022,745.758,37.0,82.6706,2.23434,2.0,2.58496,1.0,396.0,0.0,1.31561,1057.0,1982.35,552.536,7.0,124.0,264.0,0.0,0.0,265.0,37.0,0.0176768,0.313131,0.877076,0.0,0.0,0.669192,0.122924,0.0,0.0,0.0,0.0,0.0,0.0,0.0,0.0,1.0,0.220513,0.00252525,-0.857335,145.0,52.6478,145.0,17.2498,0.0,0.0,3.0,1.0,0.0,0.0,1.0,1.0,0.0,1.0,0.0,4.53488,2.75415,1.17361,0.909198,2.9941,7.07783,265.0,2.28558,0.726244,0.902227,589.0,541.199,346.671,16.0,145.0,145.0,0.0,2.0,0.214286,361.0,37.0,301.0,1.32226,0.760101,1365.0,829.0,353.257
neighbours,2018,neighbours9,3.09536,4.25428,1.38274,0.0,0.0,0.0,1.11913,1.74323,0.0,0.0,1.41304,2.17164,0.955379,539.767,708.658,37.0,82.0268,2.21694,2.0,2.58496,1.0,388.0,0.0,1.29766,1039.0,1650.66,536.502,3.0,122.0,262.0,0.0,0.0,263.0,37.0,0.00773196,0.314433,0.876254,0.0,0.0,0.677835,0.123746,0.0,0.0,0.0,0.0,0.0,0.0,0.0,0.0,1.0,0.248959,0.00257732,-1.06657,145.0,52.6792,145.0,17.25,0.0,0.0,3.0,1.0,0.0,0.0,1.0,1.0,0.0,1.0,0.0,4.01672,2.75251,1.19302,0.704163,2.99589,6.9627,263.0,2.27781,0.728622,0.858916,443.0,517.987,344.027,12.0,145.0,145.0,0.0,2.0,0.3,217.0,37.0,299.0,0.849498,0.770619,1201.0,823.0,356.712
neighbours,2021,neightbours-new-14,3.30772,4.61277,1.43382,0.0,0.0,0.0,7.8604,12.9258,0.0,0.0,1.03963,1.30614,0.916823,33855.7,45255.3,2001.0,4598.5,2.2981,2.0,2.58496,1.0,23648.0,0.0,1.32697,63117.0,109083.0,33907.0,3.0,7824.0,15820.0,0.0,0.0,15821.0,2001.0,0.000126861,0.330853,0.887717,0.0,0.0,0.669021,0.112283,0.0,0.0,0.0,0.0,0.0,0.0,0.0,0.0,1.0,0.227829,4.22869e-05,-1.12975,8001.0,2882.79,8001.0,133.489,0.0,0.0,3.0,1.0,0.0,0.0,1.0,1.0,0.0,1.0,0.0,4.38926,2.77543,1.12347,0.683487,21.5882,53.3394,15821.0,1.64709,0.557237,1.00039,25821.0,33080.7,20418.5,12.0,8001.0,8001.0,0.0,2.0,0.3,12001.0,2001.0,17821.0,0.785702,0.753594,78221.0,49461.0,20021.3
neighbours,2021,neightbours-new-17,3.44382,4.9415,1.42538,0.0,0.0,0.0,4.04446,6.37378,0.0,0.0,1.14536,1.60527,0.917993,6294.48,8389.04,381.0,867.421,2.27669,2.0,2.58496,1.0,4414.0,0.0,1.32037,11791.0,21811.8,6291.61,5.0,1446.0,2962.0,0.0,0.0,2963.0,381.0,0.00113276,0.327594,0.886031,0.0,0.0,0.671273,0.113969,0.0,0.0,0.0,0.0,0.0,0.0,0.0,0.0,1.0,0.21992,0.000226552,-1.02396,1521.0,548.689,1521.0,57.7979,0.0,0.0,3.0,1.0,0.0,0.0,1.0,1.0,0.0,1.0,0.0,4.54711,2.77206,1.12993,0.761824,9.47593,23.2642,2963.0,1.84899,0.602336,0.999061,6003.0,6213.93,3829.42,14.0,1521.0,1521.0,0.0,2.0,0.25,3421.0,381.0,3343.0,1.1373,0.757363,15201.0,9267.0,3777.36
neighbours,2021,neightbours-new-19,3.28488,4.69409,1.37338,0.0,0.0,0.0,0.913274,1.31323,0.0,0.0,1.61735,2.32349,0.990225,248.258,321.353,17.0,37.6499,2.2147,2.0,2.58496,1.0,172.0,0.0,1.33333,457.0,807.384,236.222,7.0,52.0,112.0,0.0,0.0,113.0,17.0,0.0406977,0.302326,0.868217,0.0,0.0,0.656977,0.131783,0.0,0.0,0.0,0.0,0.0,0.0,0.0,0.0,1.0,0.228319,0.00581395,-0.844961,65.0,23.7535,65.0,11.3677,0.0,0.0,3.0,1.0,0.0,0.0,1.0,1.0,0.0,1.0,0.0,4.37984,2.73643,1.20445,0.913274,2.00159,4.62267,113.0,2.33338,0.790888,0.817494,257.0,225.066,149.65,16.0,65.0,65.0,0.0,2.0,0.214286,161.0,17.0,129.0,1.37984,0.75,565.0,353.0,155.374
neighbours,2021,neightbours-new-20,3.09536,4.25428,1.38274,0.0,0.0,0.0,1.11913,1.74323,0.0,0.0,1.41304,2.17164,0.955379,539.767,708.658,37.0,82.0268,2.21694,2.0,2.58496,1.0,388.0,0.0,1.29766,1039.0,1650.66,536.502,3.0,122.0,262.0,0.0,0.0,263.0,37.0,0.00773196,0.314433,0.876254,0.0,0.0,0.677835,0.123746,0.0,0.0,0.0,0.0,0.0,0.0,0.0,0.0,1.0,0.248959,0.00257732,-1.06657,145.0,52.6792,145.0,17.25,0.0,0.0,3.0,1.0,0.0,0.0,1.0,1.0,0.0,1.0,0.0,4.01672,2.75251,1.19302,0.704163,2.99589,6.9627,263.0,2.27781,0.728622,0.858916,443.0,517.987,344.027,12.0,145.0,145.0,0.0,2.0,0.3,217.0,37.0,299.0,0.849498,0.770619,1201.0,823.0,356.712
neighbours,2021,neightbours-new-4,3.22199,4.46981,1.4125,0.0,0.0,0.0,2.05874,3.26514,0.0,0.0,1.25019,1.87875,0.92514,2017.11,2678.1,127.0,286.362,2.25482,2.0,2.58496,1.0,1428.0,0.0,1.31129,3819.0,6382.88,2017.05,3.0,462.0,962.0,0.0,0.0,963.0,127.0,0.00210084,0.323529,0.883379,0.0,0.0,0.67437,0.116621,0.0,0.0,0.0,0.0,0.0,0.0,0.0,0.0,1.0,0.236688,0.00070028,-1.1402,505.0,182.524,505.0,32.9732,0.0,0.0,3.0,1.0,0.0,0.0,1.0,1.0,0.0,1.0,0.0,4.22498,2.76676,1.15441,0.669454,5.5052,13.2226,963.0,2.0484,0.651054,0.976648,1593.0,1961.82,1248.36,12.0,505.0,505.0,0.0,2.0,0.3,757.0,127.0,1089.0,0.811754,0.762605,4601.0,3013.0,1257.15
neighbours,2024,neightbours-new-15,3.19255,4.42016,1.4055,0.0,0.0,0.0,1.68679,2.66728,0.0,0.0,1.2996,1.98744,0.931185,1322.99,1752.05,85.0,190.833,2.24509,2.0,2.58496,1.0,940.0,0.0,1.30737,2515.0,4154.95,1321.17,3.0,302.0,634.0,0.0,0.0,635.0,85.0,0.00319149,0.321277,0.88178,0.0,0.0,0.675532,0.11822,0.0,0.0,0.0,0.0,0.0,0.0,0.0,0.0,1.0,0.239587,0.00106383,-1.12213,337.0,121.944,337.0,26.7603,0.0,0.0,3.0,1.0,0.0,0.0,1.0,1.0,0.0,1.0,0.0,4.17385,2.76356,1.16394,0.677654,4.51953,10.7651,635.0,2.13042,0.673594,0.95602,1055.0,1283.05,824.833,12.0,337.0,337.0,0.0,2.0,0.3,505.0,85.0,719.0,0.820584,0.764894,3001.0,1987.0,836.876
neighbours,2024,neightbours-new-2,2.72619,3.60456,1.3062,0.0,0.0,0.0,0.518751,0.734002,0.0,0.0,1.43987,1.68687,0.958712,111.189,141.565,9.0,19.3842,2.1538,2.0,2.58496,1.0,84.0,0.0,1.29231,225.0,302.783,109.721,3.0,24.0,56.0,0.0,0.0,57.0,9.0,0.0357143,0.285714,0.861538,0.0,0.0,0.678571,0.138462,0.0,0.0,0.0,0.0,0.0,0.0,0.0,0.0,1.0,0.283843,0.0119048,-0.892042,33.0,12.3988,33.0,8.10829,0.0,0.0,3.0,1.0,0.0,0.0,1.0,1.0,0.0,1.0,0.0,3.52308,2.66154,1.28531,0.802829,1.40583,3.01326,57.0,1.75872,0.772954,0.649877,88.0,98.695,75.3842,11.0,33.0,33.0,0.0,2.0,0.272727,40.0,9.0,65.0,0.753846,0.77381,229.0,173.0,83.5455
neighbours,2024,neightbours-new-5,3.29559,4.59265,1.43068,0.0,0.0,0.0,5.394,8.82851,0.0,0.0,1.0792,1.42485,0.916886,15602.1,20837.7,931.0,2131.61,2.28959,2.0,2.58496,1.0,10924.0,0.0,1.32428,29167.0,50170.1,15628.8,3.0,3602.0,7318.0,0.0,0.0,7319.0,931.0,0.000274625,0.329733,0.887138,0.0,0.0,0.669993,0.112862,0.0,0.0,0.0,0.0,0.0,0.0,0.0,0.0,1.0,0.229133,9.15416e-05,-1.12143,3721.0,1341.25,3721.0,90.7965,0.0,0.0,3.0,1.0,0.0,0.0,1.0,1.0,0.0,1.0,0.0,4.36429,2.77428,1.1282,0.687398,14.761,36.2978,7319.0,1.72712,0.57479,1.0015,11969.0,15243.6,9449.61,12.0,3721.0,3721.0,0.0,2.0,0.3,5581.0,931.0,8249.0,0.789429,0.755126,36001.0,22885.0,9306.52
neighbours,2024,neightbours-new-6,3.08951,4.24282,1.38248,0.0,0.0,0.0,1.02355,1.58107,0.0,0.0,1.43925,2.20573,0.964079,452.147,592.944,31.0,69.1219,2.22974,2.0,2.58496,1.0,324.0,0.0,1.3012,867.0,1374.68,447.922,3.0,102.0,218.0,0.0,0.0,219.0,31.0,0.00925926,0.314815,0.875502,0.0,0.0,0.675926,0.124498,0.0,0.0,0.0,0.0,0.0,0.0,0.0,0.0,1.0,0.248751,0.00308642,-1.06776,121.0,43.9839,121.0,15.8017,0.0,0.0,3.0,1.0,0.0,0.0,1.0,1.0,0.0,1.0,0.0,4.02008,2.751,1.19207,0.703575,2.72021,6.33341,219.0,2.31282,0.739975,0.881765,369.0,431.691,287.122,12.0,121.0,121.0,0.0,2.0,0.3,181.0,31.0,249.0,0.851406,0.768519,1001.0,685.0,296.824
neighbours,2024,neightbours-new-7,3.3661,4.76159,1.42708,0.0,0.0,0.0,4.33573,6.94952,0.0,0.0,1.12266,1.54707,0.917436,8310.96,11086.0,501.0,1142.58,2.28061,2.0,2.58496,1.0,5829.0,0.0,1.32147,15569.0,27755.3,8318.47,4.0,1914.0,3910.0,0.0,0.0,3911.0,501.0,0.000686224,0.328358,0.88642,0.0,0.0,0.670956,0.11358,0.0,0.0,0.0,0.0,0.0,0.0,0.0,0.0,1.0,0.22481,0.000171556,-1.09042,2001.0,721.643,2001.0,66.3867,0.0,0.0,3.0,1.0,0.0,0.0,1.0,1.0,0.0,1.0,0.0,4.4482,2.77284,1.13017,0.710912,10.8552,26.633,3911.0,1.80975,0.59334,1.00045,7411.0,8166.51,5052.58,13.0,2001.0,2001.0,0.0,2.0,0.272727,4001.0,501.0,4411.0,1.02063,0.756734,19621.0,12231.0,4985.19
network_50_cstr,2024,MODEL1507180015,3.54263,10.1029,2.38478,0.0,0.0,0.0,12.8055,8.42389,0.593017,0.0,0.82793,1.70454,1.37706,8139.2,14657.1,2594.0,4640.04,5.67243,1.0,2.0,1.0,7084.0,0.0,0.951256,18658.0,71569.0,16893.8,0.0,1.0,2593.0,0.0,0.0,4490.0,4854.0,0.0,0.000141163,0.348194,0.0,0.0,0.633823,0.651806,0.0,0.0,0.0,0.0,0.0,0.0,0.0,0.0,1.0,0.296741,0.000141163,-2.36995,2775.0,160.937,2775.0,70.5496,1.0,1.0,2.0,0.0,1.0,0.0,0.0,1.0,0.0,0.0,0.0,3.36995,17.2428,5.26368,0.296741,2.26701,6.26362,5187.0,1.66313,0.887352,1.61891,3065.0,12465.1,18017.1,31.0,2775.0,2775.0,0.0,2.0,0.666667,5658.0,1665.0,7447.0,0.983349,1.05124,25096.0,128407.0,39198.6
network_50_cstr,2024,MODEL1507180022,3.58134,10.4364,2.51074,0.0,0.0,0.0,9.87603,5.15822,0.563265,0.0,0.961523,1.84708,1.42306,4885.32,9013.12,1582.0,1591.79,5.67243,1.0,2.0,1.0,4149.0,0.0,0.947044,10865.0,43300.5,10417.1,0.0,1.0,1581.0,0.0,0.0,2567.0,2800.0,0.0,0.000241022,0.360877,0.0,0.0,0.618703,0.639123,0.0,0.0,0.0,0.0,0.0,0.0,0.0,0.0,1.0,0.294838,0.000241022,-1.69118,1768.0,110.321,1768.0,50.9588,1.0,1.0,2.0,0.0,1.0,0.0,0.0,1.0,0.0,0.0,0.0,3.39169,16.026,4.42551,0.416964,2.14528,6.17585,3163.0,1.86029,0.85572,1.63282,2076.0,7237.2,10081.8,35.0,1768.0,1768.0,0.0,2.0,0.666667,3657.0,1672.0,4381.0,1.21639,1.05592,14859.0,70210.0,19388.2
network_50_cstr,2024,MODEL2204150001,3.5384,9.90685,2.33629,0.0,0.0,0.0,12.6987,8.58526,0.605325,0.0,0.721627,1.68563,1.3479,7493.0,13455.8,2485.0,4520.92,5.67243,1.0,2.0,1.0,6640.0,0.0,0.958983,17435.0,65781.5,15512.9,0.0,1.0,2484.0,0.0,0.0,4155.0,4440.0,0.0,0.000150602,0.358752,0.0,0.0,0.625753,0.641248,0.0,0.0,0.0,0.0,0.0,0.0,0.0,0.0,1.0,0.294701,0.000150602,-2.39327,2690.0,165.81,2690.0,68.6035,1.0,1.0,2.0,0.0,1.0,0.0,0.0,1.0,0.0,0.0,0.0,3.39327,16.2234,4.92035,0.294701,2.40235,6.7253,4969.0,1.66144,0.860616,1.56711,2896.0,11585.5,16069.0,14.0,2690.0,2690.0,0.0,2.0,0.666667,5380.0,1779.0,6924.0,1.03394,1.04277,23495.0,112331.0,34068.5
network_50_cstr,2024,MODEL2204190004,3.36231,9.21102,2.49579,0.0,0.0,0.0,12.2121,5.99573,0.566641,0.0,0.891564,1.81738,1.42001,6732.26,12473.0,2193.0,2203.29,5.67243,2.0,2.0,1.0,5832.0,0.0,0.94891,15303.0,53718.6,14555.4,0.0,1.0,2192.0,0.0,0.0,3639.0,3954.0,0.0,0.000171468,0.356655,0.0,0.0,0.623971,0.643345,0.0,0.0,0.0,0.0,0.0,0.0,0.0,0.0,1.0,0.313428,0.000171468,-1.54894,2502.0,152.128,2502.0,64.2625,1.0,1.0,2.0,0.0,1.0,0.0,0.0,1.0,0.0,0.0,0.0,3.19053,16.4466,5.36225,0.443253,2.35174,6.10306,4385.0,1.52218,0.866397,1.59246,2331.0,9752.64,14384.4,29.0,2502.0,2502.0,0.0,2.0,0.666667,4523.0,1623.0,6146.0,1.0,1.05384,19609.0,101081.0,32956.4
network_50_cstr,2024,toy_network_1000_m,3.19926,7.87138,2.40168,0.0,0.0,0.0,17.6679,7.27589,0.588843,0.0,0.474089,1.36584,1.36101,11602.7,21056.1,3999.0,4009.97,5.67243,2.0,2.0,1.0,9997.0,0.0,0.833431,25992.0,78690.2,24009.6,0.0,1.0,3998.0,0.0,0.0,5998.0,7997.0,0.0,0.00010003,0.333306,0.0,0.0,0.59998,0.666694,0.0,0.0,0.0,0.0,0.0,0.0,0.0,0.0,1.0,0.375043,0.00010003,0.0,3999.0,214.249,3999.0,92.441,1.0,1.0,2.0,0.0,1.0,0.0,0.0,1.0,0.0,0.0,0.0,2.66636,18.6652,7.91683,0.0,2.30687,4.77157,7997.0,0.919636,0.919469,1.25277,7996.0,16670.2,30686.3,3.0,3999.0,3999.0,0.0,2.0,0.666667,11994.0,38.0,11995.0,1.00308,1.19986,31983.0,223889.0,94962.3
nfc,2016,12_2_10,3.72,23.4818,6.37282,0.0,0.0,0.0,0.465605,0.438452,0.0,0.0,1.39086,4.29366,1.15855,45.1895,111.937,12.0,71.4329,6.85798,2.0,13.716,5.49334,25.0,0.0,1.04167,75.0,587.044,159.321,0.0,0.0,0.0,0.0,0.0,25.0,24.0,0.0,0.0,0.0,0.0,0.0,1.0,1.0,0.0,0.0,0.0,0.0,0.0,0.0,0.0,0.0,1.0,0.258065,0.04,0.0,626.0,5.66089,626.0,4.57593,0.0,5.0,2.0,0.0,0.0,0.0,5.0,5.0,5.0,0.0,0.0,3.875,110.583,47.2083,0.0,1.01857,2.56267,12.0,0.249882,2.70915,2.70915,37.0,46.0,153.729,4.0,626.0,626.0,0.0,17.0,4.25,59.0,21.0,24.0,3.33333,0.96,93.0,2654.0,1133.0
nfc,2016,12_2_5,3.56,21.1926,6.07634,0.0,0.0,0.0,0.397251,0.371545,0.0,0.0,1.47174,4.13366,1.46918,43.6489,108.585,11.0,56.8487,6.84549,2.0,13.691,5.09785,25.0,0.0,1.08696,75.0,529.815,151.909,0.0,0.0,0.0,0.0,0.0,25.0,23.0,0.0,0.0,0.0,0.0,0.0,1.0,1.0,0.0,0.0,0.0,0.0,0.0,0.0,0.0,0.0,1.0,0.258427,0.04,0.0,422.0,4.34662,422.0,4.00822,0.0,5.0,2.0,0.0,0.0,0.0,5.0,5.0,5.0,0.0,0.0,3.86957,97.087,38.0326,0.0,0.834939,2.17011,11.0,0.258019,2.56619,2.56619,36.0,44.0,138.995,4.0,422.0,422.0,0.0,4.0,1.0,56.0,22.0,23.0,3.3913,0.92,89.0,2233.0,874.75
nfc,2016,18_3_10,4.2973,27.4479,6.43673,0.0,0.0,0.0,0.520343,0.481959,0.0,0.0,0.581889,5.1554,1.14355,74.9248,174.224,18.0,105.719,6.91886,3.0,16.4227,5.47423,37.0,0.0,1.02778,111.0,1015.57,238.159,0.0,0.0,0.0,0.0,0.0,37.0,36.0,0.0,0.0,0.0,0.0,0.0,1.0,1.0,0.0,0.0,0.0,0.0,0.0,0.0,0.0,0.0,1.0,0.226415,0.027027,0.0,1025.0,8.69463,1025.0,5.75483,0.0,5.0,2.0,0.0,0.0,0.0,5.0,5.0,5.0,0.0,0.0,4.41667,117.889,47.8014,0.0,1.33707,3.4585,18.0,1.15477,3.02941,2.81685,55.0,75.7947,230.259,5.0,1025.0,1025.0,0.0,6.0,1.5,89.0,28.0,36.0,3.25,0.972973,159.0,4244.0,1720.85
nfc,2016,18_3_5,4.18919,26.0944,6.29548,0.0,0.0,0.0,0.477419,0.450186,0.0,0.0,0.81171,5.04729,1.2443,73.5972,171.66,17.0,94.6607,6.84549,3.0,17.9389,5.09785,37.0,0.0,1.05714,111.0,965.492,232.933,0.0,0.0,0.0,0.0,0.0,37.0,35.0,0.0,0.0,0.0,0.0,0.0,1.0,1.0,0.0,0.0,0.0,0.0,0.0,0.0,0.0,0.0,1.0,0.225806,0.027027,0.0,860.0,7.91064,860.0,5.59292,0.0,5.0,2.0,0.0,0.0,0.0,5.0,5.0,5.0,0.0,0.0,4.42857,108.714,42.65,0.0,1.23561,3.29131,17.0,1.15618,2.87046,2.81332,54.0,73.7947,217.88,5.0,860.0,860.0,0.0,4.0,1.0,86.0,29.0,35.0,3.28571,0.945946,155.0,3805.0,1492.75
nfc,2016,24_4_10,4.83673,31.1,6.46276,0.0,0.0,0.0,0.547012,0.524421,0.0,0.0,1.32728,5.57389,1.11841,107.159,238.97,24.0,139.686,6.91886,3.0,16.4227,5.47423,49.0,0.0,1.02083,147.0,1523.9,316.675,0.0,0.0,0.0,0.0,0.0,49.0,48.0,0.0,0.0,0.0,0.0,0.0,1.0,1.0,0.0,0.0,0.0,0.0,0.0,0.0,0.0,0.0,1.0,0.202532,0.0204082,-3.9375,1339.0,11.469,1339.0,6.71201,0.0,5.0,2.0,0.0,0.0,0.0,5.0,5.0,5.0,0.0,0.0,4.9375,116.75,45.0677,0.202532,1.55973,4.18993,24.0,1.12494,3.25081,3.06842,73.0,108.039,305.739,6.0,1339.0,1339.0,0.0,6.0,1.5,119.0,35.0,48.0,3.20833,0.979592,237.0,5604.0,2163.25
nfc,2022,12_2_11,3.72,23.4428,6.35439,0.0,0.0,0.0,0.465605,0.441247,0.0,0.0,1.39086,4.40386,0.721928,45.1895,111.853,12.0,71.7724,6.80735,2.0,13.6147,5.71802,25.0,0.0,1.04167,75.0,586.07,158.86,0.0,0.0,0.0,0.0,0.0,25.0,24.0,0.0,0.0,0.0,0.0,0.0,1.0,1.0,0.0,0.0,0.0,0.0,0.0,0.0,0.0,0.0,1.0,0.258065,0.04,0.0,612.0,5.69744,612.0,4.59663,0.0,5.0,2.0,0.0,0.0,0.0,5.0,5.0,5.0,0.0,0.0,3.875,107.417,45.9792,0.0,1.02193,2.57245,12.0,0.249882,2.70915,2.70915,37.0,46.0,153.461,4.0,612.0,612.0,0.0,17.0,4.25,59.0,21.0,24.0,3.33333,0.96,93.0,2578.0,1103.5
nfc,2022,18_3_12,4.2973,26.9389,6.3247,0.0,0.0,0.0,0.520343,0.481144,0.0,0.0,0.581889,5.04729,1.11728,74.9248,173.295,18.0,104.019,6.78136,3.0,20.0705,5.47564,37.0,0.0,1.02778,111.0,996.738,234.014,0.0,0.0,0.0,0.0,0.0,37.0,36.0,0.0,0.0,0.0,0.0,0.0,1.0,1.0,0.0,0.0,0.0,0.0,0.0,0.0,0.0,0.0,1.0,0.226415,0.027027,0.0,947.0,8.76401,947.0,5.75295,0.0,5.0,2.0,0.0,0.0,0.0,5.0,5.0,5.0,0.0,0.0,4.41667,108.056,43.9931,0.0,1.34957,3.47277,18.0,1.15477,2.97385,2.76525,55.0,75.7947,226.084,5.0,947.0,947.0,0.0,11.0,2.75,89.0,28.0,36.0,3.25,0.972973,159.0,3890.0,1583.75
nfc,2022,24_4_2,4.83673,31.0216,6.44533,0.0,0.0,0.0,0.547012,0.523767,0.0,0.0,1.32728,5.53308,1.09242,107.159,238.704,24.0,138.791,6.91886,3.0,16.6451,4.80751,49.0,0.0,1.02083,147.0,1520.06,315.821,0.0,0.0,0.0,0.0,0.0,49.0,48.0,0.0,0.0,0.0,0.0,0.0,1.0,1.0,0.0,0.0,0.0,0.0,0.0,0.0,0.0,0.0,1.0,0.202532,0.0204082,-3.9375,1422.0,11.8295,1422.0,6.72431,0.0,5.0,2.0,0.0,0.0,0.0,5.0,5.0,5.0,0.0,0.0,4.9375,120.208,47.2292,0.202532,1.6105,4.2481,24.0,1.12494,3.20915,3.02675,73.0,108.039,304.843,6.0,1422.0,1422.0,0.0,6.0,1.5,119.0,35.0,48.0,3.20833,0.979592,237.0,5770.0,2267.0
nfc,2022,30_5_12,5.36066,34.7295,6.48985,0.0,0.0,0.0,0.618698,0.567905,0.0,0.0,1.38176,5.7668,1.09718,141.363,305.812,30.0,175.154,6.90689,3.0,16.3987,5.46625,61.0,0.0,1.01667,183.0,2118.5,395.881,0.0,0.0,0.0,0.0,0.0,61.0,60.0,0.0,0.0,0.0,0.0,0.0,1.0,1.0,0.0,0.0,0.0,0.0,0.0,0.0,0.0,0.0,1.0,0.183486,0.0163934,-3.14663,1850.0,15.1474,1850.0,7.57756,0.0,5.0,2.0,0.0,0.0,0.0,5.0,5.0,5.0,0.0,0.0,5.45,122.133,47.2298,0.259489,1.86701,4.97112,30.0,1.10542,3.32011,3.02206,91.0,142.221,382.36,7.0,1850.0,1850.0,0.0,6.0,1.5,149.0,42.0,60.0,3.18333,0.983607,327.0,7328.0,2833.79
nfc,2022,30_5_6,5.36066,32.224,6.04075,0.0,0.0,0.0,0.618698,0.524812,0.0,0.0,1.38176,5.59049,1.30738,141.363,299.283,30.0,148.018,6.6865,3.0,17.7653,4.59325,61.0,0.0,1.01667,183.0,1965.66,368.486,0.0,0.0,0.0,0.0,0.0,61.0,60.0,0.0,0.0,0.0,0.0,0.0,1.0,1.0,0.0,0.0,0.0,0.0,0.0,0.0,0.0,0.0,1.0,0.183486,0.0163934,-3.14663,1169.0,12.8556,1169.0,7.42137,0.0,5.0,2.0,0.0,0.0,0.0,5.0,5.0,5.0,0.0,0.0,5.45,90.9333,31.828,0.259489,1.59749,4.65498,30.0,1.10542,3.08056,2.84281,91.0,142.221,348.613,7.0,1169.0,1169.0,0.0,4.0,1.0,149.0,42.0,60.0,3.18333,0.983607,327.0,5456.0,1909.68
nmseq,2013,143,2.49477,5.58544,2.53475,0.0,0.0,0.0,3.35365,1.62125,0.55793,0.0,0.0334672,1.02998,0.999991,41923.3,83413.7,144.0,150.16,4.07994,2.0,2.0,1.0,41041.0,0.0,1.0,102674.0,229232.0,104029.0,0.0,0.0,20449.0,0.0,0.0,20592.0,20592.0,0.0,0.0,0.498258,0.0,0.0,0.501742,0.501742,0.0,0.0,0.0,0.0,0.0,0.0,0.0,0.0,0.0,0.0,0.0,0.0,0.0,0.0,0.0,0.0,0.0,0.0,1.0,0.0,1.0,1.0,1.0,1.0,0.0,0.0,0.0,2.49477,2.49129,0.999976,3.35365,3.33427,0.0,40898.0,0.0334672,0.0334672,0.0,61490.0,41923.3,41921.9,144.0,143.0,1.0,0.0,2.0,0.993056,20735.0,432.0,41041.0,0.515753,1.0,102388.0,102245.0,41040.0
nmseq,2013,202,2.4963,5.83362,2.66052,0.0,0.0,0.0,3.98585,1.82222,0.531555,0.0,0.0249449,1.02248,0.999996,83156.4,169428.0,203.0,209.658,4.32911,2.0,2.0,1.0,81810.0,0.0,1.0,204626.0,477249.0,217657.0,0.0,0.0,40804.0,0.0,0.0,41006.0,41006.0,0.0,0.0,0.498765,0.0,0.0,0.501235,0.501235,0.0,0.0,0.0,0.0,0.0,0.0,0.0,0.0,0.0,0.0,0.0,0.0,0.0,0.0,0.0,0.0,0.0,0.0,1.0,0.0,1.0,1.0,1.0,1.0,0.0,0.0,0.0,2.4963,2.49383,0.999988,3.98585,3.9696,0.0,81608.0,0.0249449,0.0249449,0.0,122614.0,83156.4,83155.0,203.0,202.0,1.0,0.0,2.0,0.995074,41208.0,1015.0,81810.0,0.51611,1.0,204222.0,204020.0,81809.0
nmseq,2013,395,2.4981,6.31578,2.90404,0.0,0.0,0.0,5.60425,2.31622,0.596428,0.0,0.0139941,1.01273,0.999999,315459.0,669161.0,396.0,403.626,4.81285,2.0,2.0,1.0,312445.0,0.0,1.0,781310.0,1973330.0,907353.0,0.0,0.0,156025.0,0.0,0.0,156420.0,156420.0,0.0,0.0,0.499368,0.0,0.0,0.500632,0.500632,0.0,0.0,0.0,0.0,0.0,0.0,0.0,0.0,0.0,0.0,0.0,0.0,0.0,0.0,0.0,0.0,0.0,0.0,1.0,0.0,1.0,1.0,1.0,1.0,0.0,0.0,0.0,2.4981,2.49684,0.999997,5.60425,5.59277,0.0,312050.0,0.0139941,0.0139941,0.0,468470.0,315459.0,315457.0,396.0,395.0,1.0,0.0,2.0,0.997475,156815.0,2376.0,312445.0,0.509501,1.0,780520.0,780125.0,312444.0
nmseq,2013,478,2.49843,6.45299,2.97317,0.0,0.0,0.0,6.16178,2.48431,0.58256,0.0,0.011854,1.01081,0.999999,461224.0,988475.0,479.0,486.901,4.95043,2.0,2.0,1.0,457446.0,0.0,1.0,1143850.0,2951900.0,1360060.0,0.0,0.0,228484.0,0.0,0.0,228962.0,228962.0,0.0,0.0,0.499478,0.0,0.0,0.500522,0.500522,0.0,0.0,0.0,0.0,0.0,0.0,0.0,0.0,0.0,0.0,0.0,0.0,0.0,0.0,0.0,0.0,0.0,0.0,1.0,0.0,1.0,1.0,1.0,1.0,0.0,0.0,0.0,2.49843,2.49739,0.999998,6.16178,6.15134,0.0,456968.0,0.011854,0.011854,0.0,685930.0,461224.0,461223.0,479.0,478.0,1.0,0.0,2.0,0.997912,229440.0,3832.0,457446.0,0.509944,1.0,1142900.0,1142420.0,457445.0
nmseq,2013,99,2.49246,5.32128,2.40055,0.0,0.0,0.0,2.77966,1.43119,0.416571,0.0,0.0456065,1.04058,0.999982,20259.7,39198.8,100.0,105.629,3.81468,2.0,2.0,1.0,19701.0,0.0,1.0,49302.0,104835.0,47293.2,0.0,0.0,9801.0,0.0,0.0,9900.0,9900.0,0.0,0.0,0.497487,0.0,0.0,0.502513,0.502513,0.0,0.0,0.0,0.0,0.0,0.0,0.0,0.0,0.0,0.0,0.0,0.0,0.0,0.0,0.0,0.0,0.0,0.0,1.0,0.0,1.0,1.0,1.0,1.0,0.0,0.0,0.0,2.49246,2.48744,0.99995,2.77966,2.75611,0.0,19602.0,0.0456065,0.0456065,-1.77636e-15,29502.0,20259.7,20258.3,100.0,99.0,1.0,0.0,2.0,0.99,9999.0,200.0,19701.0,0.517689,1.0,49104.0,49005.0,19700.0
nmseq,2015,176,2.49575,5.73462,2.61039,0.0,0.0,0.0,3.71576,1.7438,0.541764,0.0,0.0280572,1.02522,0.999994,63266.3,127723.0,177.0,183.459,4.22972,2.0,2.0,1.0,62128.0,0.0,1.0,155408.0,356280.0,162178.0,0.0,0.0,30976.0,0.0,0.0,31152.0,31152.0,0.0,0.0,0.498584,0.0,0.0,0.501416,0.501416,0.0,0.0,0.0,0.0,0.0,0.0,0.0,0.0,0.0,0.0,0.0,0.0,0.0,0.0,0.0,0.0,0.0,0.0,1.0,0.0,1.0,1.0,1.0,1.0,0.0,0.0,0.0,2.49575,2.49292,0.999984,3.71576,3.69829,0.0,61952.0,0.0280572,0.0280572,1.77636e-15,93104.0,63266.3,63264.9,177.0,176.0,1.0,0.0,2.0,0.99435,31328.0,531.0,62128.0,0.512796,1.0,155056.0,154880.0,62127.0
nmseq,2015,207,2.49639,5.85119,2.66942,0.0,0.0,0.0,4.04565,1.84071,0.529784,0.0,0.0244287,1.02202,0.999996,87292.0,178139.0,208.0,214.693,4.34674,2.0,2.0,1.0,85905.0,0.0,1.0,214866.0,502647.0,229316.0,0.0,0.0,42849.0,0.0,0.0,43056.0,43056.0,0.0,0.0,0.498795,0.0,0.0,0.501205,0.501205,0.0,0.0,0.0,0.0,0.0,0.0,0.0,0.0,0.0,0.0,0.0,0.0,0.0,0.0,0.0,0.0,0.0,0.0,1.0,0.0,1.0,1.0,1.0,1.0,0.0,0.0,0.0,2.49639,2.49398,0.999988,4.04565,4.02966,0.0,85698.0,0.0244287,0.0244287,0.0,128754.0,87292.0,87290.6,208.0,207.0,1.0,0.0,2.0,0.995192,43263.0,832.0,85905.0,0.5133,1.0,214452.0,214245.0,85904.0
nmseq,2015,269,2.49722,6.03951,2.76463,0.0,0.0,0.0,4.61817,2.02112,0.626503,0.0,0.0195093,1.01765,0.999998,146895.0,304748.0,270.0,277.071,4.53573,2.0,2.0,1.0,144991.0,0.0,1.0,362612.0,875674.0,400847.0,0.0,0.0,72361.0,0.0,0.0,72630.0,72630.0,0.0,0.0,0.499072,0.0,0.0,0.500928,0.500928,0.0,0.0,0.0,0.0,0.0,0.0,0.0,0.0,0.0,0.0,0.0,0.0,0.0,0.0,0.0,0.0,0.0,0.0,1.0,0.0,1.0,1.0,1.0,1.0,0.0,0.0,0.0,2.49722,2.49536,0.999993,4.61817,4.60419,0.0,144722.0,0.0195093,0.0195093,0.0,217352.0,146895.0,146893.0,270.0,269.0,1.0,0.0,2.0,0.996296,72899.0,1350.0,144991.0,0.512094,1.0,362074.0,361805.0,144990.0
nmseq,2015,393,2.49809,6.31213,2.9022,0.0,0.0,0.0,5.58996,2.31214,0.596806,0.0,0.0140559,1.01279,0.999999,312286.0,662247.0,394.0,401.618,4.80919,2.0,2.0,1.0,309291.0,0.0,1.0,773424.0,1952280.0,897625.0,0.0,0.0,154449.0,0.0,0.0,154842.0,154842.0,0.0,0.0,0.499365,0.0,0.0,0.500635,0.500635,0.0,0.0,0.0,0.0,0.0,0.0,0.0,0.0,0.0,0.0,0.0,0.0,0.0,0.0,0.0,0.0,0.0,0.0,1.0,0.0,1.0,1.0,1.0,1.0,0.0,0.0,0.0,2.49809,2.49682,0.999997,5.58996,5.57844,0.0,308898.0,0.0140559,0.0140559,0.0,463740.0,312286.0,312285.0,394.0,393.0,1.0,0.0,2.0,0.997462,155235.0,2758.0,309291.0,0.510823,1.0,772638.0,772245.0,309290.0
nmseq,2015,83,2.49102,5.19463,2.3361,0.0,0.0,0.0,2.53894,1.34755,0.428064,0.0,0.0528268,1.04684,0.999974,14308.6,27285.6,84.0,89.375,3.68752,2.0,2.0,1.0,13861.0,0.0,1.0,34694.0,72002.8,32380.6,0.0,0.0,6889.0,0.0,0.0,6972.0,6972.0,0.0,0.0,0.497006,0.0,0.0,0.502994,0.502994,0.0,0.0,0.0,0.0,0.0,0.0,0.0,0.0,0.0,0.0,0.0,0.0,0.0,0.0,0.0,0.0,0.0,0.0,1.0,0.0,1.0,1.0,1.0,1.0,0.0,0.0,0.0,2.49102,2.48503,0.999929,2.53894,2.51305,0.0,13778.0,0.0528268,0.0528268,0.0,20750.0,14308.6,14307.1,84.0,83.0,1.0,0.0,2.0,0.988095,7055.0,168.0,13861.0,0.521102,1.0,34528.0,34445.0,13860.0
nonogram,2012,non_awful_3,50.0,50.0,1.0,0.0,0.0,0.0,0.0,0.0,0.0,0.0,0.0,0.0,0.0,564.386,564.386,50.0,50.0,1.0,50.0,50.0,1.0,100.0,0.0,0.04,600.0,5000.0,100.0,0.0,0.0,0.0,0.0,0.0,0.0,2500.0,0.0,0.0,0.0,0.0,0.0,0.0,1.0,0.0,0.0,0.0,0.0,1.0,100.0,0.01,1.0,0.0,0.0,0.0,0.0,0.0,0.0,0.0,0.0,0.0,0.0,1.0,1.0,0.0,1.0,1.0,1.0,0.0,0.0,0.0,2.0,2.0,1.0,0.0,0.0,0.0,0.0,0.0,0.0,0.0,7500.0,2500.0,2500.0,2.0,2.0,1.0,0.0,2.0,1.0,10000.0,926.0,2500.0,4.3704,25.0,5000.0,5000.0,2500.0
nonogram,2012,non_awful_5,52.0,52.0,1.0,0.0,0.0,0.0,0.0,0.0,0.0,0.0,0.0,0.0,0.0,592.846,592.846,52.0,52.0,1.0,52.0,52.0,1.0,104.0,0.0,0.0384615,624.0,5408.0,104.0,0.0,0.0,0.0,0.0,0.0,0.0,2704.0,0.0,0.0,0.0,0.0,0.0,0.0,1.0,0.0,0.0,0.0,0.0,1.0,104.0,0.00961538,1.0,0.0,0.0,0.0,0.0,0.0,0.0,0.0,0.0,0.0,0.0,1.0,1.0,0.0,1.0,1.0,1.0,0.0,0.0,0.0,2.0,2.0,1.0,0.0,0.0,0.0,0.0,0.0,0.0,0.0,8112.0,2704.0,2704.0,2.0,2.0,1.0,0.0,2.0,1.0,10816.0,738.0,2704.0,4.27293,26.0,5408.0,5408.0,2704.0
nonogram,2012,non_fast_11,55.0,55.0,1.0,0.0,0.0,0.0,0.0,0.0,0.0,0.0,0.0,0.0,0.0,635.95,635.95,55.0,55.0,1.0,55.0,55.0,1.0,110.0,0.0,0.0363636,660.0,6050.0,110.0,0.0,0.0,0.0,0.0,0.0,0.0,3025.0,0.0,0.0,0.0,0.0,0.0,0.0,1.0,0.0,0.0,0.0,0.0,1.0,110.0,0.00909091,1.0,0.0,0.0,0.0,0.0,0.0,0.0,0.0,0.0,0.0,0.0,1.0,1.0,0.0,1.0,1.0,1.0,0.0,0.0,0.0,2.0,2.0,1.0,0.0,0.0,0.0,0.0,1.77636e-15,1.77636e-15,1.77636e-15,9075.0,3025.0,3025.0,2.0,2.0,1.0,0.0,2.0,1.0,12100.0,1128.0,3025.0,4.37289,27.5,6050.0,6050.0,3025.0
nonogram,2012,non_fast_4,45.0,45.0,1.0,0.0,0.0,0.0,0.0,0.0,0.0,0.0,-8.88178e-16,-8.88178e-16,-8.88178e-16,494.267,494.267,45.0,45.0,1.0,45.0,45.0,1.0,90.0,0.0,0.0444444,540.0,4050.0,90.0,0.0,0.0,0.0,0.0,0.0,0.0,2025.0,0.0,0.0,0.0,0.0,0.0,0.0,1.0,0.0,0.0,0.0,0.0,1.0,90.0,0.0111111,1.0,0.0,0.0,0.0,0.0,0.0,0.0,0.0,0.0,0.0,0.0,1.0,1.0,0.0,1.0,1.0,1.0,0.0,0.0,0.0,2.0,2.0,1.0,0.0,0.0,0.0,0.0,0.0,0.0,0.0,6075.0,2025.0,2025.0,2.0,2.0,1.0,0.0,2.0,1.0,8100.0,2006.0,2025.0,4.99062,22.5,4050.0,4050.0,2025.0
nonogram,2012,non_fast_8,55.0,55.0,1.0,0.0,0.0,0.0,0.0,0.0,0.0,0.0,0.0,0.0,0.0,635.95,635.95,55.0,55.0,1.0,55.0,55.0,1.0,110.0,0.0,0.0363636,660.0,6050.0,110.0,0.0,0.0,0.0,0.0,0.0,0.0,3025.0,0.0,0.0,0.0,0.0,0.0,0.0,1.0,0.0,0.0,0.0,0.0,1.0,110.0,0.00909091,1.0,0.0,0.0,0.0,0.0,0.0,0.0,0.0,0.0,0.0,0.0,1.0,1.0,0.0,1.0,1.0,1.0,0.0,0.0,0.0,2.0,2.0,1.0,0.0,0.0,0.0,0.0,1.77636e-15,1.77636e-15,1.77636e-15,9075.0,3025.0,3025.0,2.0,2.0,1.0,0.0,2.0,1.0,12100.0,1196.0,3025.0,4.39537,27.5,6050.0,6050.0,3025.0
nonogram,2013,dom_06,13.0,13.0,1.0,0.0,0.0,0.0,0.0,0.0,0.0,0.0,0.0,0.0,0.0,96.2114,96.2114,13.0,13.0,1.0,13.0,13.0,1.0,26.0,0.0,0.153846,156.0,338.0,26.0,0.0,0.0,0.0,0.0,0.0,0.0,169.0,0.0,0.0,0.0,0.0,0.0,0.0,1.0,0.0,0.0,0.0,0.0,1.0,26.0,0.0384615,1.0,0.0,0.0,0.0,0.0,0.0,0.0,0.0,0.0,0.0,0.0,1.0,1.0,0.0,1.0,1.0,1.0,0.0,0.0,0.0,2.0,2.0,1.0,0.0,0.0,0.0,0.0,-8.88178e-16,-8.88178e-16,-8.88178e-16,507.0,169.0,169.0,2.0,2.0,1.0,0.0,2.0,1.0,676.0,60.0,169.0,4.35503,6.5,338.0,338.0,169.0
nonogram,2013,dom_08,17.0,17.0,1.0,0.0,0.0,0.0,0.0,0.0,0.0,0.0,0.0,0.0,0.0,138.974,138.974,17.0,17.0,1.0,17.0,17.0,1.0,34.0,0.0,0.117647,204.0,578.0,34.0,0.0,0.0,0.0,0.0,0.0,0.0,289.0,0.0,0.0,0.0,0.0,0.0,0.0,1.0,0.0,0.0,0.0,0.0,1.0,34.0,0.0294118,1.0,0.0,0.0,0.0,0.0,0.0,0.0,0.0,0.0,0.0,0.0,1.0,1.0,0.0,1.0,1.0,1.0,0.0,0.0,0.0,2.0,2.0,1.0,0.0,0.0,0.0,0.0,0.0,0.0,0.0,867.0,289.0,289.0,2.0,2.0,1.0,0.0,2.0,1.0,1156.0,60.0,289.0,4.20761,8.5,578.0,578.0,289.0
nonogram,2013,dom_10,21.0,21.0,1.0,0.0,0.0,0.0,0.0,0.0,0.0,0.0,0.0,0.0,0.0,184.477,184.477,21.0,21.0,1.0,21.0,21.0,1.0,42.0,0.0,0.0952381,252.0,882.0,42.0,0.0,0.0,0.0,0.0,0.0,0.0,441.0,0.0,0.0,0.0,0.0,0.0,0.0,1.0,0.0,0.0,0.0,0.0,1.0,42.0,0.0238095,1.0,0.0,0.0,0.0,0.0,0.0,0.0,0.0,0.0,0.0,0.0,1.0,1.0,0.0,1.0,1.0,1.0,0.0,0.0,0.0,2.0,2.0,1.0,0.0,0.0,0.0,0.0,0.0,0.0,0.0,1323.0,441.0,441.0,2.0,2.0,1.0,0.0,2.0,1.0,1764.0,48.0,441.0,4.10884,10.5,882.0,882.0,441.0
nonogram,2013,dom_12,25.0,25.0,1.0,0.0,0.0,0.0,0.0,0.0,0.0,0.0,0.0,0.0,0.0,232.193,232.193,25.0,25.0,1.0,25.0,25.0,1.0,50.0,0.0,0.08,300.0,1250.0,50.0,0.0,0.0,0.0,0.0,0.0,0.0,625.0,0.0,0.0,0.0,0.0,0.0,0.0,1.0,0.0,0.0,0.0,0.0,1.0,50.0,0.02,1.0,0.0,0.0,0.0,0.0,0.0,0.0,0.0,0.0,0.0,0.0,1.0,1.0,0.0,1.0,1.0,1.0,0.0,0.0,0.0,2.0,2.0,1.0,0.0,0.0,0.0,0.0,0.0,0.0,0.0,1875.0,625.0,625.0,2.0,2.0,1.0,0.0,2.0,1.0,2500.0,36.0,625.0,4.0576,12.5,1250.0,1250.0,625.0
nonogram,2013,dom_14,29.0,29.0,1.0,0.0,0.0,0.0,0.0,0.0,0.0,0.0,8.88178e-16,8.88178e-16,8.88178e-16,281.763,281.763,29.0,29.0,1.0,29.0,29.0,1.0,58.0,0.0,0.0689655,348.0,1682.0,58.0,0.0,0.0,0.0,0.0,0.0,0.0,841.0,0.0,0.0,0.0,0.0,0.0,0.0,1.0,0.0,0.0,0.0,0.0,1.0,58.0,0.0172414,1.0,0.0,0.0,0.0,0.0,0.0,0.0,0.0,0.0,0.0,0.0,1.0,1.0,0.0,1.0,1.0,1.0,0.0,0.0,0.0,2.0,2.0,1.0,0.0,0.0,0.0,0.0,0.0,0.0,0.0,2523.0,841.0,841.0,2.0,2.0,1.0,0.0,2.0,1.0,3364.0,36.0,841.0,4.04281,14.5,1682.0,1682.0,841.0
nside,2019,EASY_200_50,2.73461,9.38716,2.87006,0.0,0.0,0.0,4.91976,7.19837,0.348425,0.0,0.0401176,5.08288,1.54505,83246.4,197748.0,251.0,3137.74,12.9317,1.0,2.0,1.0,81604.0,0.0,1.00026,232762.0,766029.0,234208.0,1.0,0.0,12050.0,0.0,0.0,69552.0,69533.0,1.22543e-05,0.0,0.147702,0.0,0.0,0.852311,0.852298,0.0,0.0,0.0,0.0,1.0,1.0,1.0,1.22543e-05,1.0,0.365589,1.22543e-05,-0.277872,7813.0,165.19,7813.0,18.3381,0.0,0.0,3.0,1.0,0.0,1.0,1.0,1.0,0.0,0.0,0.0,2.73531,47.2971,23.4855,2.2831,8.95345,9.07523,81533.0,0.94656,4.51147,4.27373,129374.0,101586.0,308583.0,252.0,7813.0,7813.0,0.0,2.0,0.0200803,47592.0,550.0,81583.0,0.590098,0.999743,223155.0,3858640.0,1916020.0
nside,2019,HARD_2000_500,3.13705,11.2035,3.16873,0.0,0.0,0.0,9.57374,13.0862,0.315584,0.0,1.00609,5.77959,1.5668,780145.0,1668150.0,1500.0,7337.13,15.4675,1.0,2.0,1.0,594487.0,0.0,0.999751,1662150.0,6660340.0,1883770.0,1.0,461.0,121422.0,0.0,0.0,472951.0,473213.0,1.68212e-06,0.000775459,0.204196,0.0,0.0,0.795562,0.795804,0.0,0.0,0.0,0.0,2.0,113.0,0.0176991,0.00019008,1.0,0.31885,1.68212e-06,-0.188088,37350.0,951.631,37350.0,40.354,0.0,0.0,3.0,1.0,0.0,1.0,1.0,1.0,0.0,0.0,0.0,3.13627,39.2484,19.4364,3.62144,23.5573,23.9375,593674.0,1.1533,4.16419,3.85697,878514.0,717837.0,1967250.0,259.0,46507.0,37350.0,0.0,2.0,0.0204082,285621.0,3175.0,594635.0,0.485669,1.00025,1864940.0,23338500.0,11557500.0
nside,2019,HARD_200_50,3.41948,12.7215,3.29382,0.0,0.0,0.0,3.95609,5.32849,0.303599,0.0,0.951105,5.65128,1.5014,111528.0,236934.0,250.0,3133.64,12.8956,1.0,2.0,1.0,79065.0,0.0,0.999823,225061.0,1005830.0,260426.0,1.0,49.0,12148.0,0.0,0.0,66901.0,66931.0,1.26478e-05,0.000619743,0.153619,0.0,0.0,0.846152,0.846381,0.0,0.0,0.0,0.0,2.0,15.0,0.133333,0.000189717,1.0,0.292494,1.26478e-05,-0.205908,10566.0,222.244,10566.0,24.5827,0.0,0.0,3.0,1.0,0.0,1.0,1.0,1.0,0.0,0.0,0.0,3.41887,47.5423,23.291,3.43603,8.99998,9.29968,78980.0,1.33399,4.58987,4.23918,135393.0,99754.9,295021.0,264.0,10566.0,10566.0,0.0,2.0,0.0436508,56508.0,1711.0,79079.0,0.736213,1.00018,270361.0,3759600.0,1841830.0
nside,2019,MEDIUM_1000_100,3.37721,12.319,3.24249,0.0,0.0,0.0,5.64151,7.49191,0.308405,0.0,0.959172,5.49746,1.58404,226962.0,483605.0,501.0,3356.86,13.8143,1.0,2.0,1.0,163705.0,0.0,0.999805,466840.0,2016680.0,530812.0,1.0,92.0,24284.0,0.0,0.0,139410.0,139453.0,6.10855e-06,0.000561987,0.148311,0.0,0.0,0.851593,0.851689,0.0,0.0,0.0,0.0,1.0,10.0,0.1,6.10855e-05,1.0,0.29616,6.10855e-06,-0.172869,17375.0,390.578,17375.0,30.9379,0.0,0.0,3.0,1.0,0.0,1.0,1.0,1.0,0.0,0.0,0.0,3.37655,44.4854,22.0507,4.07153,12.5922,12.8278,163545.0,1.02361,4.63044,4.27634,280985.0,207523.0,606737.0,251.0,17375.0,17375.0,0.0,2.0,0.0160643,117586.0,559.0,163737.0,0.721553,1.0002,552866.0,7283900.0,3610510.0
nside,2019,MEDIUM_200_50,3.38573,12.5535,3.28698,0.0,0.0,0.0,3.96263,5.34549,0.304231,0.0,0.960263,5.28874,1.52784,115264.0,245724.0,251.0,3137.74,12.9125,1.0,2.0,1.0,82212.0,0.0,0.999732,234496.0,1032050.0,270229.0,1.0,47.0,12144.0,0.0,0.0,70062.0,70090.0,1.21637e-05,0.000571693,0.147676,0.0,0.0,0.852211,0.852324,0.0,0.0,0.0,0.0,1.0,5.0,0.2,6.08184e-05,1.0,0.295436,1.21637e-05,-0.17211,10640.0,225.333,10640.0,25.061,0.0,0.0,3.0,1.0,0.0,1.0,1.0,1.0,0.0,0.0,0.0,3.38483,47.2189,23.4381,4.09368,8.95151,9.13194,82137.0,0.987311,4.51236,4.26916,140977.0,103988.0,311088.0,252.0,10640.0,10640.0,0.0,2.0,0.0200803,58921.0,274.0,82234.0,0.719836,1.00027,278348.0,3883000.0,1927410.0
on-call-rostering,2013,10s-150d,3.68254,14.6013,4.50716,0.0,0.0,0.0,3.06023,2.29815,0.99223,0.0,1.14644,4.30863,2.37849,1173.1,2553.48,179.0,306.448,14.3357,1.0,2.0,1.0,945.0,0.0,1.13174,2719.0,13798.2,4259.26,0.0,230.0,336.0,0.0,0.0,695.0,499.0,0.0,0.243386,0.402395,0.0,0.0,0.73545,0.597605,0.0,0.0,0.0,0.0,1.0,20.0,0.05,0.021164,1.0,0.239943,0.0010582,-0.660504,480.0,0.133394,480.0,-0.426485,0.0,0.0,2.0,0.0,0.0,0.0,5.0,5.0,5.0,5.0,0.0,4.16766,3598.36,1797.27,1.15072,2.03197,2.03465,517.0,1.89902,2.5074,2.09625,518.0,1258.73,3577.03,46.0,28501.0,14250.5,0.0,2.0,0.428571,438.0,67.0,835.0,0.60479,0.883598,3480.0,3004630.0,1500720.0
on-call-rostering,2013,10s-50d,3.30943,16.8726,6.01045,0.0,0.0,0.0,1.76192,1.13075,0.705877,0.0,1.16007,2.86128,2.51748,698.702,1772.74,62.0,132.203,12.7879,2.0,2.0,1.0,530.0,0.0,1.21839,1490.0,8942.5,3185.54,0.0,86.0,124.0,0.0,0.0,424.0,311.0,0.0,0.162264,0.285057,0.0,0.0,0.8,0.714943,0.0,0.0,0.0,0.0,1.0,20.0,0.05,0.0377358,1.0,0.248005,0.00188679,-0.618942,160.0,0.0514678,160.0,-0.732524,0.0,0.0,2.0,0.0,0.0,0.0,5.0,5.0,5.0,5.0,0.0,4.03218,3108.74,1553.02,1.21497,1.29488,1.29667,305.0,1.67522,2.1282,1.81456,306.0,645.09,2776.37,46.0,10001.0,5000.5,0.0,2.0,0.214286,179.0,6.0,435.0,0.425287,0.820755,1754.0,1352300.0,675566.0
on-call-rostering,2013,20s-200d,4.24608,24.6777,7.22528,0.0,0.0,0.0,3.83384,2.73308,0.692014,0.0,1.0503,4.35276,2.68408,2796.47,7698.0,242.0,692.596,14.7878,2.0,2.0,1.0,2170.0,0.0,1.23647,6090.0,53550.6,15678.9,0.0,356.0,514.0,0.0,0.0,1774.0,1241.0,0.0,0.164055,0.292877,0.0,0.0,0.817512,0.707123,0.0,0.0,0.0,0.0,1.0,40.0,0.025,0.0184332,1.0,0.190471,0.000460829,-0.438369,640.0,0.0631178,640.0,-0.755614,0.0,0.0,2.0,0.0,0.0,0.0,5.0,5.0,5.0,5.0,0.0,5.25014,10139.8,5066.85,1.84669,1.23989,1.24112,1275.0,1.53312,3.15528,2.84097,1276.0,2692.28,12914.7,191.0,40001.0,20000.5,0.0,2.0,0.541667,679.0,6.0,1755.0,0.390313,0.808756,9214.0,17795300.0,8892310.0
on-call-rostering,2013,4s-10d,2.7381,10.1574,4.10259,0.0,0.0,0.0,0.632575,0.736734,0.808423,0.0,1.22814,3.06969,2.23306,110.016,234.371,14.0,22.9189,10.4669,2.0,2.0,1.0,84.0,0.0,1.12,238.0,853.223,344.617,0.0,14.0,20.0,0.0,0.0,62.0,55.0,0.0,0.166667,0.266667,0.0,0.0,0.738095,0.733333,0.0,0.0,0.0,0.0,1.0,8.0,0.125,0.0952381,1.0,0.326087,0.0119048,-1.03333,32.0,0.0661905,32.0,-0.599404,0.0,0.0,2.0,0.0,0.0,0.0,5.0,5.0,5.0,5.0,0.0,3.06667,483.453,241.396,0.652174,1.5579,1.56095,45.0,2.0287,2.21238,2.28064,46.0,104.197,337.384,9.0,2001.0,1000.5,0.0,2.0,0.222222,39.0,6.0,75.0,0.6,0.892857,230.0,36259.0,18104.7
on-call-rostering,2013,4s-23d,2.99346,8.352,3.09534,0.0,0.0,0.0,1.10796,1.08422,1.07149,0.0,1.24039,2.77558,1.86229,201.665,353.002,30.0,42.3794,11.6679,2.0,2.0,1.0,153.0,0.0,1.09286,442.0,1277.86,473.588,0.0,39.0,56.0,0.0,0.0,106.0,84.0,0.0,0.254902,0.4,0.0,0.0,0.69281,0.6,0.0,0.0,0.0,0.0,1.0,8.0,0.125,0.0522876,1.0,0.305677,0.00653595,-1.01581,74.0,0.124249,74.0,-0.377036,0.0,0.0,2.0,0.0,0.0,0.0,5.0,5.0,5.0,5.0,0.0,3.27143,595.579,297.364,0.683514,2.32272,2.32671,81.0,2.06746,1.76008,1.87858,82.0,202.973,453.673,10.0,4601.0,2300.5,0.0,2.0,0.222222,81.0,6.0,140.0,0.621429,0.915033,458.0,83381.0,41631.0
on-call-rostering,2018,10s-100d-C,3.06039,19.5835,7.6099,0.0,0.0,0.0,1.63378,0.686987,0.572793,0.0,1.23125,3.43106,2.83712,541.336,1569.74,87.0,105.638,13.7878,1.0,2.0,1.0,414.0,0.0,1.10106,1147.0,8107.58,3150.5,0.0,44.0,64.0,0.0,0.0,350.0,312.0,0.0,0.10628,0.170213,0.0,0.0,0.845411,0.829787,0.0,0.0,0.0,0.0,1.0,20.0,0.05,0.0483092,1.0,0.296764,0.00241546,-0.517107,320.0,0.0617891,320.0,-0.754647,0.0,0.0,2.0,0.0,0.0,0.0,5.0,5.0,5.0,5.0,0.0,3.36968,5178.9,2587.32,1.35994,1.24324,1.24493,245.0,1.74,2.50994,2.65366,246.0,455.834,2746.56,46.0,20001.0,10000.5,0.0,2.0,0.625,156.0,189.0,376.0,0.917553,0.908213,1267.0,1947270.0,972833.0
on-call-rostering,2018,20s-100d-B,3.4428,23.342,8.15949,0.0,0.0,0.0,2.37752,1.44522,0.505314,0.0,1.09429,5.1026,2.70282,2101.76,6405.04,111.0,306.226,13.7508,1.0,2.0,1.0,1626.0,0.0,1.32195,4480.0,37954.1,13267.3,0.0,160.0,231.0,0.0,0.0,1426.0,999.0,0.0,0.098401,0.187805,0.0,0.0,0.876999,0.812195,0.0,0.0,0.0,0.0,1.0,40.0,0.025,0.0246002,1.0,0.219721,0.000615006,-0.358727,320.0,0.0491907,320.0,-1.0519,0.0,0.0,2.0,0.0,0.0,0.0,5.0,5.0,5.0,5.0,0.0,4.55122,6505.3,3250.57,2.17513,0.903894,0.905177,992.0,1.20674,3.89246,3.67934,993.0,1725.55,11074.1,191.0,19001.0,9500.5,0.0,2.0,0.48,326.0,39.0,1230.0,0.296748,0.756458,5598.0,8001510.0,3998200.0
on-call-rostering,2018,2s-200d,2.91752,3.11897,1.06737,0.0,0.0,0.0,3.51222,3.58463,0.0,0.0,1.00338,1.06103,0.0634085,1173.68,1195.71,239.0,260.624,14.7118,1.0,1.0,1.0,982.0,0.0,1.04579,2905.0,3062.83,1048.16,0.0,347.0,501.0,0.0,0.0,631.0,438.0,0.0,0.35336,0.533546,0.0,0.0,0.642566,0.466454,0.0,0.0,0.0,0.0,1.0,4.0,0.25,0.00407332,1.0,0.327749,0.00101833,-1.18421,640.0,5.19385,640.0,0.272437,0.0,0.0,2.0,0.0,0.0,0.0,5.0,5.0,5.0,5.0,0.0,3.05112,123.223,61.7918,0.567677,15.3938,15.3515,506.0,2.01648,0.111705,1.08436,507.0,1323.65,1042.08,8.0,36001.0,18000.5,0.0,2.0,0.25,624.0,25.0,939.0,0.691161,0.956212,2865.0,115706.0,58022.5
on-call-rostering,2018,30s-400d-A,4.96981,31.1354,8.01476,0.0,0.0,0.0,5.4328,4.11383,0.66022,0.0,1.02108,4.97412,2.84799,5998.59,17417.5,482.0,1574.64,15.7877,2.0,2.0,1.0,4704.0,0.0,1.25106,13206.0,146461.0,37701.4,0.0,716.0,1078.0,0.0,0.0,3928.0,2682.0,0.0,0.152211,0.286702,0.0,0.0,0.835034,0.713298,0.0,0.0,0.0,0.0,1.0,60.0,0.0166667,0.0127551,1.0,0.160835,0.000212585,-0.361772,1280.0,0.0759082,1280.0,-0.747404,0.0,0.0,2.0,0.0,0.0,0.0,5.0,5.0,5.0,5.0,0.0,6.21755,16862.5,8426.81,2.31959,1.2364,1.23747,2819.0,1.42029,3.30816,3.02419,3302.0,5779.65,30179.0,436.0,80001.0,40000.5,0.0,2.0,0.666667,1823.0,490.0,3760.0,0.61516,0.79932,23378.0,63402900.0,31684800.0
on-call-rostering,2018,4s-100d,3.26217,6.23917,1.94541,0.0,0.0,0.0,2.61911,2.50874,1.25911,0.0,1.03187,2.43537,1.37458,671.891,957.416,122.0,155.188,13.7878,2.0,2.0,1.0,534.0,0.0,1.05325,1570.0,3331.72,1038.85,0.0,176.0,254.0,0.0,0.0,350.0,253.0,0.0,0.329588,0.500986,0.0,0.0,0.655431,0.499014,0.0,0.0,0.0,0.0,1.0,8.0,0.125,0.0149813,1.0,0.291045,0.00187266,-0.994451,320.0,0.525956,320.0,-0.100941,0.0,0.0,2.0,0.0,0.0,0.0,5.0,5.0,5.0,5.0,0.0,3.4359,608.416,303.687,0.712911,4.69624,4.70479,279.0,2.0872,1.33361,1.23369,402.0,756.229,959.091,10.0,20001.0,10000.5,0.0,2.0,0.222222,449.0,128.0,507.0,1.13807,0.949438,1742.0,308467.0,153969.0
oocsp_racks,2016,oocsp_racks_030_e6_cc,3.02873,3.77661,1.3106,0.0,0.0,0.0,1.09506,1.21341,0.0,0.0,1.58694,2.15291,0.72158,35763.3,41920.5,53.0,262.572,4.9542,1.0,2.0,1.0,25933.0,0.0,1.3672,60917.0,97938.9,33987.7,4020.0,16098.0,16997.0,0.0,0.0,3926.0,1971.0,0.155015,0.620753,0.896088,0.0,0.0,0.15139,0.103912,0.00458875,0.0,119.0,0.0,2.0,6.0,0.333333,0.000231365,0.0,0.0,0.0,0.0,0.0,0.0,0.0,0.0,0.0,0.0,1.0,0.0,1.0,1.0,1.0,1.0,0.0,0.0,0.0,4.14087,2.29829,0.828969,1.97672,1.23066,0.0,14312.0,1.92773,0.0882231,0.775097,21124.0,29220.5,19743.0,128.0,100.0,31.0,0.0,2.0,0.015625,2492.0,491.0,18968.0,0.157265,0.731423,78544.0,43594.0,15723.9
oocsp_racks,2016,oocsp_racks_030_ea4_cc,3.11156,3.89075,1.32234,0.0,0.0,0.0,1.15876,1.31055,0.0,0.0,1.6454,2.21319,0.740155,39234.8,46136.1,60.0,297.252,4.9542,2.0,2.0,1.0,27986.0,0.0,1.31848,65618.0,108886.0,37007.1,4980.0,15804.0,18289.0,0.0,0.0,4377.0,2937.0,0.177946,0.564711,0.861632,0.0,0.0,0.1564,0.138368,0.00532409,0.0,149.0,0.0,2.0,6.0,0.333333,0.000214393,0.0,0.0,0.0,0.0,0.0,0.0,0.0,0.0,0.0,0.0,1.0,0.0,1.0,1.0,1.0,1.0,0.0,0.0,0.0,4.10252,2.36785,0.855363,2.09684,1.33551,0.0,16624.0,1.84251,0.0983366,0.776061,24846.0,32266.2,22283.3,151.0,100.0,31.0,0.0,2.0,0.013245,4124.0,381.0,21226.0,0.21224,0.758451,87080.0,50260.0,18155.9
oocsp_racks,2016,oocsp_racks_030_f7_cc,3.1923,3.96463,1.32017,0.0,0.0,0.0,1.21323,1.33468,0.0,0.0,1.65358,2.21663,0.735393,40187.3,47168.6,60.0,297.252,4.9542,2.0,2.0,1.0,28461.0,0.0,1.32211,66751.0,112837.0,37573.4,5040.0,16104.0,18593.0,0.0,0.0,4492.0,2934.0,0.177084,0.565827,0.863706,0.0,0.0,0.15783,0.136294,0.00523523,0.0,149.0,0.0,2.0,6.0,0.333333,0.000210815,0.0,0.0,0.0,0.0,0.0,0.0,0.0,0.0,0.0,0.0,1.0,0.0,1.0,1.0,1.0,1.0,0.0,0.0,0.0,4.22056,2.35885,0.837142,2.0382,1.3406,0.0,16805.0,1.88253,0.0958921,0.768333,25900.0,33557.3,22572.6,155.0,100.0,31.0,0.0,2.0,0.013245,4869.0,377.0,21527.0,0.243694,0.756368,90856.0,50779.0,18021.2
oocsp_racks,2016,oocsp_racks_030_mii8,3.19234,3.95815,1.31813,0.0,0.0,0.0,1.21321,1.33686,0.0,0.0,1.65277,2.21046,0.730234,40163.3,47107.7,60.0,297.252,4.9542,2.0,2.0,1.0,28445.0,0.0,1.32112,66703.0,112590.0,37494.2,5040.0,16104.0,18593.0,0.0,0.0,4476.0,2938.0,0.177184,0.566145,0.863546,0.0,0.0,0.157356,0.136454,0.00523818,0.0,149.0,0.0,2.0,6.0,0.333333,0.000210933,0.0,0.0,0.0,0.0,0.0,0.0,0.0,0.0,0.0,0.0,1.0,0.0,1.0,1.0,1.0,1.0,0.0,0.0,0.0,4.21745,2.36417,0.854567,2.0397,1.33758,1.17018,16808.0,1.88376,0.0970529,0.769046,25900.0,33534.0,22592.4,151.0,100.0,31.0,0.0,2.0,0.013245,4875.0,345.0,21531.0,0.242441,0.756934,90806.0,50903.0,18399.7
oocsp_racks,2016,oocsp_racks_100_r1,3.27926,4.17913,1.37458,0.0,0.0,0.0,2.36211,2.21903,0.727493,0.0,1.6078,2.10107,0.637076,402905.0,474050.0,200.0,1331.64,6.65821,2.0,2.0,1.0,290805.0,0.0,1.32957,670313.0,1215310.0,399736.0,51800.0,172694.0,187993.0,0.0,0.0,35906.0,30728.0,0.178126,0.593848,0.859511,0.0,0.0,0.123471,0.140489,0.00171593,0.0,499.0,0.0,2.0,6.0,0.333333,2.06324e-05,0.0,0.0,0.0,0.0,0.0,0.0,0.0,0.0,0.0,0.0,1.0,0.0,1.0,1.0,1.0,1.0,0.0,0.0,0.0,4.36001,2.37477,0.84355,3.66972,2.52656,1.6765,168008.0,1.80094,0.0359585,0.726079,278310.0,336479.0,223406.0,501.0,101.0,101.0,0.0,2.0,0.00399202,61145.0,2017.0,218721.0,0.288779,0.752123,953626.0,519413.0,184502.0
oocsp_racks,2018,oocsp_racks_030_f7,3.19234,3.95815,1.31813,0.0,0.0,0.0,1.21321,1.33686,0.0,0.0,1.65277,2.21046,0.730234,40163.3,47107.7,60.0,297.252,4.9542,2.0,2.0,1.0,28445.0,0.0,1.32112,66703.0,112590.0,37494.2,5040.0,16104.0,18593.0,0.0,0.0,4476.0,2938.0,0.177184,0.566145,0.863546,0.0,0.0,0.157356,0.136454,0.00523818,0.0,149.0,0.0,2.0,6.0,0.333333,0.000210933,0.0,0.0,0.0,0.0,0.0,0.0,0.0,0.0,0.0,0.0,1.0,0.0,1.0,1.0,1.0,1.0,0.0,0.0,0.0,4.21745,2.36417,0.854567,2.0397,1.33758,1.17018,16808.0,1.88376,0.0970529,0.769046,25900.0,33534.0,22592.4,151.0,100.0,31.0,0.0,2.0,0.013245,4875.0,345.0,21531.0,0.242441,0.756934,90806.0,50903.0,18399.7
oocsp_racks,2018,oocsp_racks_030_mii8_cc,3.19198,3.96714,1.3214,0.0,0.0,0.0,1.21335,1.33383,0.0,0.0,1.65293,2.22043,0.738427,40199.4,47203.5,60.0,297.252,4.9542,2.0,2.0,1.0,28471.0,0.0,1.32233,66781.0,112948.0,37621.7,5040.0,16104.0,18593.0,0.0,0.0,4502.0,2938.0,0.177022,0.565628,0.863546,0.0,0.0,0.158126,0.136454,0.0052334,0.0,149.0,0.0,2.0,6.0,0.333333,0.000210741,0.0,0.0,0.0,0.0,0.0,0.0,0.0,0.0,0.0,0.0,1.0,0.0,1.0,1.0,1.0,1.0,0.0,0.0,0.0,4.22084,2.3638,0.837628,2.03806,1.33779,0.0,16808.0,1.88367,0.0974942,0.770166,25900.0,33570.8,22592.0,151.0,100.0,31.0,0.0,2.0,0.013245,4875.0,376.0,21531.0,0.243881,0.756243,90879.0,50895.0,18035.0
oocsp_racks,2018,oocsp_racks_050_e5,3.04792,3.8343,1.32758,0.0,0.0,0.0,1.31237,1.38004,0.0,0.0,1.56032,2.10613,0.697662,61668.5,72497.2,74.0,396.459,5.35755,1.0,2.0,1.0,44968.0,0.0,1.36494,105216.0,172421.0,59698.4,6960.0,28244.0,29523.0,0.0,0.0,6444.0,3422.0,0.154777,0.628091,0.89613,0.0,0.0,0.143302,0.10387,0.00353585,0.0,159.0,0.0,2.0,6.0,0.333333,0.000133428,0.0,0.0,0.0,0.0,0.0,0.0,0.0,0.0,0.0,0.0,1.0,0.0,1.0,1.0,1.0,1.0,0.0,0.0,0.0,4.16024,2.30678,0.845369,2.25488,1.5017,1.18292,24738.0,1.88531,0.0682624,0.769605,37900.0,50406.1,34075.2,167.0,100.0,41.0,0.0,2.0,0.011976,5394.0,666.0,32945.0,0.183943,0.732632,137059.0,75997.0,27850.7
oocsp_racks,2018,oocsp_racks_050_r1,3.24018,4.05495,1.33885,0.0,0.0,0.0,1.63309,1.6726,0.0,0.0,1.63037,2.15362,0.679658,105573.0,123815.0,100.0,567.243,5.67243,2.0,2.0,1.0,75405.0,0.0,1.3259,175163.0,305764.0,100956.0,13400.0,43844.0,48993.0,0.0,0.0,10456.0,7878.0,0.177707,0.581447,0.861476,0.0,0.0,0.138665,0.138524,0.00330217,0.0,249.0,0.0,2.0,6.0,0.333333,7.95703e-05,0.0,0.0,0.0,0.0,0.0,0.0,0.0,0.0,0.0,0.0,1.0,0.0,1.0,1.0,1.0,1.0,0.0,0.0,0.0,4.29614,2.36963,0.848474,2.6128,1.79043,1.17859,44008.0,1.84009,0.0640821,0.745432,69160.0,88130.6,58871.8,251.0,100.0,51.0,0.0,2.0,0.00796813,13095.0,765.0,56871.0,0.243709,0.754207,244326.0,134763.0,48253.5
oocsp_racks,2018,oocsp_racks_100_r1_cc,3.27924,4.18013,1.37489,0.0,0.0,0.0,2.36212,2.2185,0.727332,0.0,1.60793,2.10209,0.63794,402940.0,474135.0,200.0,1331.64,6.65821,2.0,2.0,1.0,290829.0,0.0,1.32968,670385.0,1215700.0,399857.0,51800.0,172694.0,187993.0,0.0,0.0,35930.0,30728.0,0.178112,0.593799,0.859511,0.0,0.0,0.123543,0.140489,0.00171578,0.0,499.0,0.0,2.0,6.0,0.333333,2.06307e-05,0.0,0.0,0.0,0.0,0.0,0.0,0.0,0.0,0.0,0.0,1.0,0.0,1.0,1.0,1.0,1.0,0.0,0.0,0.0,4.36034,2.37345,0.837922,3.66944,2.52797,1.68776,168008.0,1.80101,0.0359359,0.726069,278310.0,336515.0,223391.0,501.0,101.0,101.0,0.0,2.0,0.00399202,61145.0,2060.0,218721.0,0.288975,0.75206,953698.0,519123.0,183271.0
opd,2015,flener_et_al_10_350_100,4.93875,4.95925,1.00006,0.0,0.0,0.0,5.29555,5.32736,0.0,0.0,0.192115,0.192115,0.0,27021.6,27022.9,700.0,700.0,1.02097,3.0,3.0,1.0,16163.0,0.0,0.839593,48131.0,80156.3,16163.9,358.0,0.0,0.0,0.0,0.0,15805.0,19251.0,0.0221494,0.0,0.0,0.0,0.0,0.977851,1.0,0.0,0.0,0.0,0.0,0.0,0.0,0.0,0.0,45.0,10.8524,0.00278414,9.13511,329.0,163.115,7.31111,146.231,0.0,0.0,2.0,5.0,0.0,5.0,5.0,5.0,0.0,0.0,0.0,4.14654,2.01699,0.844903,1.07852,1.10862,0.0,15750.0,0.819569,0.000814259,0.684817,45546.0,29004.2,19258.4,45.0,329.0,7.31111,0.0,2.0,0.142857,33296.0,1052.0,19251.0,1.78422,1.19105,79825.0,38829.0,16265.2
opd,2015,medium_10_100_30,4.89492,4.94852,1.00053,0.0,0.0,0.0,2.81599,2.85785,0.0,0.0,0.268561,0.268561,0.0,7995.05,7998.53,200.0,200.0,1.055,3.0,3.0,1.0,4663.0,0.0,0.847664,13881.0,23075.0,4665.47,108.0,0.0,0.0,0.0,0.0,4555.0,5501.0,0.0231611,0.0,0.0,0.0,0.0,0.976839,1.0,0.0,0.0,0.0,0.0,0.0,0.0,0.0,0.0,45.0,10.8453,0.00965044,9.13451,94.0,46.6102,2.08889,91.9833,0.0,0.0,2.0,5.0,0.0,5.0,5.0,5.0,0.0,0.0,0.0,4.14925,2.01672,0.844823,1.07782,0.495854,0.0,4500.0,0.828506,0.002521,0.686435,12046.0,8289.29,5506.55,45.0,94.0,2.08889,0.0,2.0,0.142857,8546.0,201.0,5501.0,1.59007,1.17971,22825.0,11094.0,4647.37
opd,2015,small_bibd_10_30_09,4.75745,4.87776,1.00388,0.0,0.0,0.0,1.51575,1.57473,0.0,0.0,0.454615,0.454615,0.0,2590.21,2597.82,60.0,60.0,1.12445,3.0,3.0,1.0,1443.0,0.0,0.874016,4291.0,7038.61,1448.6,38.0,0.0,0.0,0.0,0.0,1405.0,1651.0,0.026334,0.0,0.0,0.0,0.0,0.973666,1.0,0.0,0.0,0.0,0.0,0.0,0.0,0.0,0.0,45.0,10.8223,0.031185,8.91244,29.0,14.3824,0.644444,0.0,0.0,0.0,2.0,5.0,0.0,5.0,5.0,5.0,0.0,0.0,0.0,4.15809,2.01635,0.844572,1.10209,0.0,0.0,1350.0,0.853033,0.0073479,0.683799,3646.0,2489.11,1654.86,45.0,29.0,1.0,0.0,2.0,0.142857,2596.0,61.0,1651.0,1.60933,1.14414,6865.0,3329.0,1394.39
opd,2015,small_bibd_11_22_10,4.6205,4.75718,1.00594,0.0,0.0,0.0,1.2804,1.34599,0.0,0.0,0.48016,0.48016,0.0,2363.9,2374.38,44.0,44.0,1.14121,3.0,3.0,1.0,1307.0,0.0,0.899518,3890.0,6217.64,1314.77,31.0,0.0,0.0,0.0,0.0,1276.0,1453.0,0.0237184,0.0,0.0,0.0,0.0,0.976282,1.0,0.0,0.0,0.0,0.0,0.0,0.0,0.0,0.0,55.0,13.2332,0.0420811,10.3784,19.0,9.44475,0.345455,0.0,0.0,0.0,2.0,5.0,0.0,5.0,5.0,5.0,0.0,0.0,0.0,4.15623,2.0117,0.855641,1.17871,0.0,0.0,1210.0,0.809255,0.00822231,0.651352,3202.0,2154.65,1456.25,55.0,19.0,1.0,0.0,2.0,0.133333,2234.0,45.0,1453.0,1.56848,1.11171,6039.0,2923.0,1243.25
opd,2015,small_bibd_13_26_06,4.54638,4.68026,1.00496,0.0,0.0,0.0,1.4084,1.4648,0.0,0.0,0.400677,0.400677,0.0,3832.21,3846.66,52.0,52.0,1.13705,3.0,3.0,1.0,2156.0,0.0,0.910858,6431.0,10090.6,2166.69,37.0,0.0,0.0,0.0,0.0,2119.0,2367.0,0.0171614,0.0,0.0,0.0,0.0,0.982839,1.0,0.0,0.0,0.0,0.0,0.0,0.0,0.0,0.0,78.0,18.8355,0.0361781,13.7153,26.0,12.9344,0.333333,0.0,0.0,0.0,2.0,5.0,0.0,5.0,5.0,5.0,0.0,0.0,0.0,4.14111,2.01014,0.873965,1.30042,0.0,0.0,2028.0,0.714523,0.00534484,0.592608,5149.0,3409.0,2370.7,78.0,26.0,1.0,0.0,2.0,0.117647,3459.0,53.0,2367.0,1.48373,1.09787,9802.0,4758.0,2068.68
opd,2017,flener_et_al_15_350_100,4.63634,4.65708,1.00006,0.0,0.0,0.0,5.17649,5.22011,0.0,0.0,0.114451,0.114451,0.0,61106.8,61109.9,700.0,700.0,1.02095,3.0,3.0,1.0,37233.0,0.0,0.886479,111336.0,173397.0,37235.2,363.0,0.0,0.0,0.0,0.0,36870.0,42001.0,0.00974942,0.0,0.0,0.0,0.0,0.990251,1.0,0.0,0.0,0.0,0.0,0.0,0.0,0.0,0.0,105.0,25.5473,0.00282008,18.1204,327.0,162.87,3.11429,229.804,0.0,0.0,2.0,5.0,0.0,5.0,5.0,5.0,0.0,0.0,0.0,4.11002,2.00774,0.888313,1.35468,0.704382,0.0,36750.0,0.617268,0.00040001,0.543952,94606.0,59001.4,42008.4,105.0,327.0,3.11429,0.0,2.0,0.105263,63106.0,1403.0,42001.0,1.53589,1.12806,172625.0,84327.0,37310.0
opd,2017,medium_13_250_80,4.72507,4.75194,1.00011,0.0,0.0,0.0,4.40897,4.44921,0.0,0.0,0.149374,0.149374,-1.77636e-15,32910.1,32913.1,500.0,500.0,1.02725,3.0,3.0,1.0,19852.0,0.0,0.872577,59295.0,94335.5,19854.1,261.0,0.0,0.0,0.0,0.0,19591.0,22751.0,0.0131473,0.0,0.0,0.0,0.0,0.986853,1.0,0.0,0.0,0.0,0.0,0.0,0.0,0.0,0.0,78.0,18.9183,0.00392908,14.2176,229.0,113.932,2.9359,160.506,0.0,0.0,2.0,5.0,0.0,5.0,5.0,5.0,0.0,0.0,0.0,4.12298,2.00998,0.87421,1.26029,0.703597,0.0,19500.0,0.684656,0.000699587,0.592346,52079.0,32744.5,22757.8,78.0,229.0,2.9359,0.0,2.0,0.117647,35829.0,752.0,22751.0,1.60789,1.14603,93802.0,45729.0,19889.2
opd,2017,small_bibd_06_50_25,5.33697,5.4162,1.00155,0.0,0.0,0.0,2.00059,2.03094,0.0,0.0,0.568367,0.568367,0.0,1516.55,1518.33,100.0,100.0,1.08544,3.0,3.0,1.0,825.0,0.0,0.784967,2421.0,4468.36,826.282,54.0,0.0,0.0,0.0,0.0,771.0,1051.0,0.0654545,0.0,0.0,0.0,0.0,0.934545,1.0,0.0,0.0,0.0,0.0,0.0,0.0,0.0,0.0,15.0,3.58051,0.0181818,3.12077,41.0,20.1266,2.73333,38.9629,0.0,0.0,2.0,5.0,0.0,5.0,5.0,5.0,0.0,0.0,0.0,4.18934,2.03711,0.775685,0.826884,0.490892,0.0,750.0,1.16579,0.0109225,0.873222,2416.0,1733.39,1055.36,15.0,41.0,2.73333,0.0,2.0,0.2,1966.0,101.0,1051.0,1.9667,1.27394,4403.0,2141.0,815.244
opd,2017,small_bibd_06_60_30,5.36345,5.43373,1.00115,0.0,0.0,0.0,2.19818,2.23132,0.0,0.0,0.537684,0.537684,0.0,1796.92,1798.49,120.0,120.0,1.07565,3.0,3.0,1.0,985.0,0.0,0.781126,2891.0,5352.22,986.135,64.0,0.0,0.0,0.0,0.0,921.0,1261.0,0.0649746,0.0,0.0,0.0,0.0,0.935025,1.0,0.0,0.0,0.0,0.0,0.0,0.0,0.0,0.0,15.0,3.58035,0.0152284,3.12071,49.0,24.0518,3.26667,46.9627,0.0,0.0,2.0,5.0,0.0,5.0,5.0,5.0,0.0,0.0,0.0,4.18953,2.03727,0.775751,0.826847,0.490852,0.0,900.0,1.16017,0.00931203,0.871748,2896.0,2079.66,1265.61,15.0,49.0,3.26667,0.0,2.0,0.2,2356.0,121.0,1261.0,1.96431,1.2802,5283.0,2569.0,978.222
opd,2017,small_bibd_08_28_14,4.93208,5.04761,1.00398,0.0,0.0,0.0,1.46208,1.50879,0.0,0.0,0.552411,0.552411,0.0,1565.74,1570.38,56.0,56.0,1.1215,3.0,3.0,1.0,854.0,0.0,0.846383,2528.0,4310.66,857.402,34.0,0.0,0.0,0.0,0.0,820.0,1009.0,0.0398126,0.0,0.0,0.0,0.0,0.960187,1.0,0.0,0.0,0.0,0.0,0.0,0.0,0.0,0.0,28.0,6.7075,0.0327869,5.95639,23.0,11.3816,0.821429,0.0,0.0,0.0,2.0,5.0,0.0,5.0,5.0,5.0,0.0,0.0,0.0,4.17443,2.02081,0.815915,0.958215,0.0,0.0,784.0,0.993125,0.0113188,0.763806,2269.0,1582.75,1012.52,28.0,23.0,1.0,0.0,2.0,0.166667,1709.0,57.0,1009.0,1.75025,1.1815,4212.0,2039.0,823.258
open_stacks,2015,problem_20_20_1,2.49822,4.42198,1.8158,0.0,0.0,0.0,0.693313,0.783382,0.0,0.0,0.973209,3.07429,1.49734,2738.96,4433.99,21.0,92.2387,4.39232,2.0,2.0,1.0,2252.0,0.0,0.991634,6428.0,9958.3,4089.18,326.0,0.0,1050.0,0.0,0.0,1125.0,1221.0,0.14476,0.0,0.462351,0.0,0.0,0.499556,0.537649,0.0,0.0,0.0,0.0,2.0,401.0,0.00498753,0.178064,1.0,0.403662,0.00044405,-0.852933,21.0,6.32423,21.0,5.59073,0.0,0.0,2.0,0.0,1.0,1.0,1.0,1.0,0.0,0.0,0.0,2.47732,3.32056,1.27729,0.699162,0.952332,0.782911,2251.0,0.827224,1.08229,0.721734,2290.0,2695.02,3138.84,21.0,21.0,21.0,0.0,2.0,0.5,840.0,826.0,2271.0,0.733598,1.00844,5626.0,7541.0,2900.71
open_stacks,2015,problem_30_15_1,2.49543,4.10538,1.6893,0.0,0.0,0.0,0.896066,0.807873,0.0,0.0,0.954276,2.91214,0.961617,3038.83,4715.82,31.0,79.2671,4.9542,2.0,2.0,1.0,2515.0,0.0,0.994464,7178.0,10325.0,4248.58,365.0,0.0,1178.0,0.0,0.0,1249.0,1351.0,0.145129,0.0,0.465797,0.0,0.0,0.49662,0.534203,0.0,0.0,0.0,0.0,2.0,451.0,0.00443459,0.179324,1.0,0.402964,0.000397614,-0.662598,31.0,10.4296,31.0,9.90928,0.0,0.0,2.0,0.0,1.0,1.0,1.0,1.0,0.0,0.0,0.0,2.48161,2.97232,1.20984,0.901054,0.951589,0.826558,2514.0,0.798506,0.991314,0.726802,2558.0,2984.07,3312.83,31.0,31.0,31.0,0.0,2.0,0.483871,930.0,903.0,2529.0,0.724792,1.00557,6276.0,7517.0,3059.67
open_stacks,2015,wbo_10_20_1,2.50088,4.46962,1.81523,0.0,0.0,0.0,0.565486,0.83713,0.0,0.0,1.0303,3.11079,1.49854,1392.64,2244.34,21.0,86.4386,4.32193,2.0,2.0,1.0,1132.0,0.0,0.983493,3233.0,5059.61,2054.84,161.0,0.0,520.0,0.0,0.0,570.0,631.0,0.142226,0.0,0.451781,0.0,0.0,0.503534,0.548219,0.0,0.0,0.0,0.0,2.0,201.0,0.00995025,0.177562,1.0,0.40657,0.000883392,-1.4596,11.0,3.18837,11.0,2.2764,0.0,0.0,2.0,0.0,1.0,1.0,1.0,1.0,0.0,0.0,0.0,2.4596,3.45004,1.28449,0.40657,0.961328,0.0,1131.0,0.881896,1.17758,0.815835,960.0,1376.74,1634.17,11.0,20.0,11.0,0.0,2.0,0.5,240.0,416.0,1151.0,0.569939,1.01678,2831.0,3971.0,1478.45
open_stacks,2015,wbop_15_30_1,2.50135,4.13073,1.69122,0.0,0.0,0.0,0.565381,1.02709,0.0,0.0,0.995734,2.48904,1.48784,3177.46,4869.56,31.0,147.207,4.90689,2.0,2.0,1.0,2597.0,0.0,0.988957,7398.0,10727.5,4392.1,391.0,0.0,1230.0,0.0,0.0,1305.0,1396.0,0.150558,0.0,0.468393,0.0,0.0,0.502503,0.531607,0.0,0.0,0.0,0.0,2.0,451.0,0.00443459,0.173662,1.0,0.404249,0.00038506,-1.04208,16.0,5.39635,16.0,3.93021,0.0,0.0,2.0,0.0,1.0,1.0,1.0,1.0,0.0,0.0,0.0,2.47372,2.96497,1.14137,0.571694,1.1186,0.0,2596.0,0.819001,0.895341,0.235447,2640.0,3131.32,3395.36,16.0,30.0,16.0,0.0,2.0,0.666667,960.0,921.0,2626.0,0.716299,1.01117,6496.0,7786.0,2997.25
open_stacks,2015,wbp_20_20_1,2.51149,3.4844,1.41353,0.0,0.0,0.0,0.68965,0.951848,0.0,0.0,0.987954,2.3638,0.62065,2769.43,3708.13,21.0,92.2387,4.39232,2.0,2.0,1.0,2262.0,0.0,0.99167,6363.0,7881.72,3197.4,361.0,0.0,1120.0,0.0,0.0,1160.0,1161.0,0.159593,0.0,0.491013,0.0,0.0,0.512821,0.508987,0.0,0.0,0.0,0.0,2.0,341.0,0.0058651,0.150752,1.0,0.401514,0.000442087,-1.054,21.0,8.40221,21.0,7.55286,0.0,0.0,2.0,0.0,1.0,1.0,1.0,1.0,0.0,0.0,0.0,2.49057,2.49934,1.04826,0.567826,0.980054,0.0,2261.0,0.842825,0.792959,0.160568,2300.0,2745.42,2640.96,18.0,21.0,21.0,0.0,2.0,0.285714,840.0,706.0,2281.0,0.677773,1.0084,5681.0,5701.0,2391.07
openshop,2014,gp10-4,2.69504,20.1192,6.74907,0.0,0.0,0.0,0.0,0.755431,0.592674,0.0,0.994448,1.16076,1.1331,3919.37,10127.0,10.0,132.879,13.2879,2.0,2.0,1.0,2820.0,0.0,1.48343,9340.0,56736.2,19032.4,0.0,900.0,1800.0,0.0,0.0,1900.0,101.0,0.0,0.319149,0.94687,0.0,0.0,0.673759,0.0531299,0.0,0.0,0.0,0.0,1.0,20.0,0.05,0.0070922,100.0,25.0132,0.035461,11.2362,9001.0,16.8963,90.01,3.77948,0.0,0.0,2.0,0.0,5.0,0.0,5.0,5.0,0.0,5.0,0.0,3.9979,532.72,14.4837,2.13713,4.20595,3.93847,900.0,0.303804,0.303804,0.303804,2101.0,2335.18,3141.92,100.0,10001.0,256.436,0.0,2.0,1.0,401.0,4.0,1901.0,0.213046,0.674113,7600.0,1012700.0,27533.6
openshop,2014,j7per10-1,2.6963,19.6565,6.62249,0.0,0.0,0.0,0.0,0.714048,0.584823,0.0,1.04663,1.26138,1.21044,1314.26,3388.76,7.0,88.8315,12.6902,2.0,2.0,1.0,945.0,0.0,1.48119,3115.0,18575.4,6258.25,0.0,294.0,588.0,0.0,0.0,637.0,50.0,0.0,0.311111,0.92163,0.0,0.0,0.674074,0.0783699,0.0,0.0,0.0,0.0,1.0,14.0,0.0714286,0.0148148,49.0,12.2692,0.0518519,6.56484,5609.0,10.8235,114.469,2.87499,0.0,0.0,2.0,0.0,5.0,0.0,5.0,5.0,0.0,5.0,0.0,3.99373,518.223,19.9006,1.7166,3.41689,3.26701,294.0,0.407494,0.407494,0.407494,736.0,826.604,1222.27,49.0,6609.0,244.778,0.0,2.0,1.0,197.0,4.0,638.0,0.315047,0.675132,2548.0,330626.0,12696.6
openshop,2014,j8per0-2,2.69663,19.8974,6.68735,0.0,0.0,0.0,0.0,0.731763,0.579151,0.0,1.02391,1.21935,1.1788,1980.13,5112.16,8.0,103.728,12.966,2.0,2.0,1.0,1424.0,0.0,1.48179,4704.0,28334.0,9522.78,0.0,448.0,896.0,0.0,0.0,960.0,65.0,0.0,0.314607,0.932362,0.0,0.0,0.674157,0.0676379,0.0,0.0,0.0,0.0,1.0,16.0,0.0625,0.011236,64.0,16.0167,0.0449438,8.01839,7001.0,12.9171,109.391,3.22124,0.0,0.0,2.0,0.0,5.0,0.0,5.0,5.0,0.0,5.0,0.0,3.99584,541.995,18.2347,1.87278,3.69953,3.51877,448.0,0.364803,0.364803,0.364803,1089.0,1219.07,1738.6,64.0,8001.0,258.097,0.0,2.0,1.0,257.0,4.0,961.0,0.271592,0.67486,3840.0,520857.0,17523.6
openshop,2014,tai20-4,2.68503,21.039,7.0642,0.0,0.0,0.0,0.0,0.808023,0.600583,0.0,0.946049,1.04464,1.03632,32264.3,84197.0,20.0,286.614,14.3307,2.0,2.0,1.0,23240.0,0.0,1.48965,77280.0,488947.0,164172.0,0.0,7600.0,15200.0,0.0,0.0,15600.0,401.0,0.0,0.327022,0.974297,0.0,0.0,0.671256,0.0257035,0.0,0.0,0.0,0.0,1.0,40.0,0.025,0.00172117,400.0,100.006,0.0172117,31.5041,19357.0,36.4203,48.3925,5.77482,0.0,0.0,2.0,0.0,5.0,0.0,5.0,5.0,0.0,5.0,0.0,3.99974,531.489,7.66473,3.14265,6.13358,5.35712,7600.0,0.173011,0.173011,0.173011,16401.0,17730.2,20946.5,400.0,20605.0,260.823,0.0,2.0,1.0,1601.0,808.0,15601.0,0.154413,0.671299,62400.0,8291760.0,119578.0
openshop,2014,tai20-6,2.68503,20.9309,7.02848,0.0,0.0,0.0,0.0,0.807969,0.603636,0.0,0.946049,1.04464,1.03632,32264.3,84077.1,20.0,285.044,14.2522,2.0,2.0,1.0,23240.0,0.0,1.48965,77280.0,486434.0,163342.0,0.0,7600.0,15200.0,0.0,0.0,15600.0,401.0,0.0,0.327022,0.974297,0.0,0.0,0.671256,0.0257035,0.0,0.0,0.0,0.0,1.0,40.0,0.025,0.00172117,400.0,100.006,0.0172117,31.5041,18310.0,36.3691,45.775,5.76768,0.0,0.0,2.0,0.0,5.0,0.0,5.0,5.0,0.0,5.0,0.0,3.99974,503.449,7.31048,3.14265,6.13229,5.319,7600.0,0.173011,0.173011,0.173011,16401.0,17730.2,20915.0,400.0,19514.0,247.013,0.0,2.0,1.0,1601.0,808.0,15601.0,0.154413,0.671299,62400.0,7854310.0,114051.0
opt-cryptanalysis,2017,r11,9.94915,10.9292,1.05573,0.0,0.0,0.0,1.2634,1.76,0.0,0.0,0.0503176,0.730491,0.0503176,565.374,579.045,177.0,266.235,1.50415,9.0,9.0,1.0,177.0,0.0,0.187302,355.0,1934.47,186.864,0.0,0.0,0.0,0.0,0.0,1.0,945.0,0.0,0.0,0.0,0.0,0.0,0.00564972,1.0,0.0,0.0,0.0,0.0,1.0,176.0,0.00568182,0.99435,1.0,0.536627,0.00564972,0.0,64.0,28.855,64.0,30.891,0.0,0.0,2.0,0.0,5.0,5.0,5.0,5.0,0.0,0.0,0.0,1.86349,2.21799,1.27831,0.0,0.901718,1.56457,1.0,0.57502,0.627499,0.877369,3345.0,816.0,1034.23,2.0,64.0,64.0,0.0,2.0,1.0,4993.0,1050.0,945.0,6.39471,5.33898,1761.0,2096.0,1208.0
opt-cryptanalysis,2017,r15,9.96266,10.9931,1.05828,0.0,0.0,0.0,1.49555,2.09419,0.0,0.0,0.0388074,0.602966,0.0388074,768.695,788.201,241.0,367.672,1.52561,9.0,9.0,1.0,241.0,0.0,0.190514,483.0,2649.34,255.045,0.0,0.0,0.0,0.0,0.0,1.0,1265.0,0.0,0.0,0.0,0.0,0.0,0.00414938,1.0,0.0,0.0,0.0,0.0,1.0,240.0,0.00416667,0.995851,1.0,0.526864,0.00414938,0.0,64.0,28.9143,64.0,35.6725,0.0,0.0,2.0,0.0,5.0,5.0,5.0,5.0,0.0,0.0,0.0,1.89802,2.21344,1.2332,0.0,0.782516,1.40452,1.0,0.475229,0.653877,0.844032,4561.0,1136.0,1391.67,2.0,64.0,64.0,0.0,2.0,1.0,6785.0,1114.0,1265.0,6.24427,5.24896,2401.0,2800.0,1560.0
opt-cryptanalysis,2017,r5,9.88889,10.6439,1.04356,0.0,0.0,0.0,0.802644,1.08349,0.0,0.0,0.0959704,1.05493,0.0,259.934,264.789,81.0,114.078,1.40837,9.0,9.0,1.0,81.0,0.0,0.174194,163.0,862.156,84.5282,0.0,0.0,0.0,0.0,0.0,1.0,465.0,0.0,0.0,0.0,0.0,0.0,0.0123457,1.0,0.0,0.0,0.0,0.0,1.0,80.0,0.0125,0.987654,1.0,0.580524,0.0123457,0.0,64.0,28.6154,64.0,21.8367,0.0,0.0,2.0,0.0,5.0,5.0,5.0,5.0,0.0,0.0,0.0,1.72258,2.23656,1.46237,0.0,1.26463,1.93415,1.0,0.851911,0.500955,0.97765,1521.0,336.0,498.078,2.0,64.0,64.0,0.0,2.0,1.0,2305.0,1827.0,465.0,8.88602,5.74074,801.0,1040.0,680.0
opt-cryptanalysis,2017,r7,9.92035,10.7929,1.05007,0.0,0.0,0.0,0.97732,1.34587,0.0,0.0,0.0730661,0.928548,-8.88178e-16,361.852,369.664,113.0,164.797,1.45838,9.0,9.0,1.0,113.0,0.0,0.1808,227.0,1219.59,118.658,0.0,0.0,0.0,0.0,0.0,1.0,625.0,0.0,0.0,0.0,0.0,0.0,0.00884956,1.0,0.0,0.0,0.0,0.0,1.0,112.0,0.00892857,0.99115,1.0,0.557538,0.00884956,0.0,64.0,28.7356,64.0,25.2186,0.0,0.0,2.0,0.0,5.0,5.0,5.0,5.0,0.0,0.0,0.0,1.7936,2.2272,1.3696,0.0,1.09981,1.78847,1.0,0.734545,0.568778,0.933993,2129.0,496.0,676.797,2.0,64.0,64.0,0.0,2.0,1.0,3201.0,1859.0,625.0,8.096,5.53097,1121.0,1392.0,856.0
opt-cryptanalysis,2017,r9,9.93793,10.8761,1.05356,0.0,0.0,0.0,1.12951,1.56577,0.0,0.0,0.0594318,0.818366,8.88178e-16,463.649,474.396,145.0,215.516,1.48632,9.0,9.0,1.0,145.0,0.0,0.184713,291.0,1577.03,152.766,0.0,0.0,0.0,0.0,0.0,1.0,785.0,0.0,0.0,0.0,0.0,0.0,0.00689655,1.0,0.0,0.0,0.0,0.0,1.0,144.0,0.00694444,0.993103,1.0,0.544761,0.00689655,0.0,64.0,28.8073,64.0,30.8892,0.0,0.0,2.0,0.0,5.0,5.0,5.0,5.0,0.0,0.0,0.0,1.83567,2.22166,1.31465,0.0,0.900229,1.70089,1.0,0.644571,0.605006,0.901602,2737.0,656.0,855.516,2.0,64.0,64.0,0.0,2.0,1.0,4097.0,1891.0,785.0,7.62803,5.41379,1441.0,1744.0,1032.0
opt-cryptanalysis,2018,r10,9.9441,10.9053,1.05476,0.0,0.0,0.0,1.19834,1.66579,0.0,0.0,0.0544666,0.771911,0.0,514.519,526.729,161.0,240.875,1.49612,9.0,9.0,1.0,161.0,0.0,0.186127,323.0,1755.75,169.816,0.0,0.0,0.0,0.0,0.0,1.0,865.0,0.0,0.0,0.0,0.0,0.0,0.00621118,1.0,0.0,0.0,0.0,0.0,1.0,160.0,0.00625,0.993789,1.0,0.540287,0.00621118,0.0,64.0,28.8333,64.0,30.8902,0.0,0.0,2.0,0.0,5.0,5.0,5.0,5.0,0.0,0.0,0.0,1.85087,2.21965,1.2948,0.0,0.901042,1.54464,1.0,0.607666,0.617433,0.888649,3041.0,736.0,944.875,2.0,64.0,64.0,0.0,2.0,1.0,4545.0,1034.0,865.0,6.44971,5.37267,1601.0,1920.0,1120.0
opt-cryptanalysis,2018,r12,9.95337,10.9492,1.05653,0.0,0.0,0.0,1.32527,1.84932,0.0,0.0,0.0467949,0.693449,0.0467949,616.218,631.349,193.0,291.594,1.51085,9.0,9.0,1.0,193.0,0.0,0.188293,387.0,2113.19,203.91,0.0,0.0,0.0,0.0,0.0,1.0,1025.0,0.0,0.0,0.0,0.0,0.0,0.00518135,1.0,0.0,0.0,0.0,0.0,1.0,192.0,0.00520833,0.994819,1.0,0.533576,0.00518135,0.0,64.0,28.8732,64.0,35.6707,0.0,0.0,2.0,0.0,5.0,5.0,5.0,5.0,0.0,0.0,0.0,1.87415,2.21659,1.26439,0.0,0.781405,1.36987,1.0,0.545956,0.635817,0.867476,3649.0,896.0,1123.59,2.0,64.0,64.0,0.0,2.0,1.0,5441.0,1066.0,1025.0,6.34829,5.31088,1921.0,2272.0,1296.0
opt-cryptanalysis,2018,r14,9.96,10.9806,1.05778,0.0,0.0,0.0,1.44103,2.01592,0.0,0.0,0.0411256,0.630169,0.0411256,717.877,735.925,225.0,342.313,1.52139,9.0,9.0,1.0,225.0,0.0,0.189873,451.0,2470.63,238.001,0.0,0.0,0.0,0.0,0.0,1.0,1185.0,0.0,0.0,0.0,0.0,0.0,0.00444444,1.0,0.0,0.0,0.0,0.0,1.0,224.0,0.00446429,0.995556,1.0,0.528782,0.00444444,0.0,64.0,28.9024,64.0,35.672,0.0,0.0,2.0,0.0,5.0,5.0,5.0,5.0,0.0,0.0,0.0,1.89114,2.21435,1.24219,0.0,0.782195,1.39435,1.0,0.49647,0.648751,0.850975,4257.0,1056.0,1302.31,2.0,64.0,64.0,0.0,2.0,1.0,6337.0,1098.0,1185.0,6.27426,5.26667,2241.0,2624.0,1472.0
opt-cryptanalysis,2018,r6,9.90722,10.7307,1.04739,0.0,0.0,0.0,0.897143,1.22219,0.0,0.0,0.0828366,0.991665,0.0,310.913,317.251,97.0,139.438,1.4375,9.0,9.0,1.0,97.0,0.0,0.177982,195.0,1040.88,101.597,0.0,0.0,0.0,0.0,0.0,1.0,545.0,0.0,0.0,0.0,0.0,0.0,0.0103093,1.0,0.0,0.0,0.0,0.0,1.0,96.0,0.0104167,0.989691,1.0,0.567118,0.0103093,0.0,64.0,28.6842,64.0,23.3464,0.0,0.0,2.0,0.0,5.0,5.0,5.0,5.0,0.0,0.0,0.0,1.7633,2.23119,1.40917,0.0,1.1858,1.87752,1.0,0.789505,0.540924,0.954273,1825.0,416.0,587.438,2.0,64.0,64.0,0.0,2.0,1.0,2753.0,1843.0,545.0,8.43303,5.61856,961.0,1216.0,768.0
opt-cryptanalysis,2018,r8,9.93023,10.8396,1.05204,0.0,0.0,0.0,1.05618,1.46158,0.0,0.0,0.0654908,0.87048,0.0,412.762,422.043,129.0,190.156,1.47408,9.0,9.0,1.0,129.0,0.0,0.182979,259.0,1398.31,135.714,0.0,0.0,0.0,0.0,0.0,1.0,705.0,0.0,0.0,0.0,0.0,0.0,0.00775194,1.0,0.0,0.0,0.0,0.0,1.0,128.0,0.0078125,0.992248,1.0,0.550351,0.00775194,0.0,64.0,28.7755,64.0,27.627,0.0,0.0,2.0,0.0,5.0,5.0,5.0,5.0,0.0,0.0,0.0,1.81702,2.22411,1.33901,0.0,1.00537,1.66994,1.0,0.68655,0.589286,0.916579,2433.0,576.0,766.156,2.0,64.0,64.0,0.0,2.0,1.0,3649.0,1875.0,705.0,7.83546,5.46512,1281.0,1568.0,944.0
opt-cryptoanalysis,2021,r1,9.47059,9.74029,1.01586,0.0,0.0,0.0,0.182887,0.290384,0.0,0.0,0.322757,0.322757,0.0,54.8063,55.1508,17.0,21.585,1.2697,9.0,9.0,1.0,17.0,0.0,0.117241,35.0,165.585,17.2697,0.0,0.0,0.0,0.0,0.0,1.0,145.0,0.0,0.0,0.0,0.0,0.0,0.0588235,1.0,0.0,0.0,0.0,0.0,1.0,16.0,0.0625,0.941176,1.0,0.900621,0.0588235,0.0,48.0,20.7143,48.0,12.2092,0.0,0.0,2.0,0.0,5.0,5.0,5.0,5.0,0.0,0.0,0.0,1.11034,2.31724,2.2069,0.0,1.6147,1.69544,1.0,0.500955,0.0594318,0.559219,305.0,16.0,149.585,2.0,48.0,48.0,0.0,2.0,1.0,513.0,890.0,145.0,9.67586,8.52941,161.0,336.0,320.0
opt-cryptoanalysis,2021,r13,9.95694,10.9661,1.0572,0.0,0.0,0.0,1.38437,1.93444,0.0,0.0,0.0437636,0.660182,0.0437636,667.052,683.642,209.0,316.953,1.51652,9.0,9.0,1.0,209.0,0.0,0.18914,419.0,2291.91,220.956,0.0,0.0,0.0,0.0,0.0,1.0,1105.0,0.0,0.0,0.0,0.0,0.0,0.00478469,1.0,0.0,0.0,0.0,0.0,1.0,208.0,0.00480769,0.995215,1.0,0.530995,0.00478469,0.0,64.0,28.8889,64.0,35.6714,0.0,0.0,2.0,0.0,5.0,5.0,5.0,5.0,0.0,0.0,0.0,1.88326,2.21538,1.25249,0.0,0.781828,1.38289,1.0,0.519923,0.642802,0.85874,3953.0,976.0,1212.95,2.0,64.0,64.0,0.0,2.0,1.0,5889.0,1082.0,1105.0,6.3086,5.28708,2081.0,2448.0,1384.0
opt-cryptoanalysis,2021,r2,9.72727,9.87879,1.00459,0.0,0.0,0.0,0.411215,0.495909,0.0,0.0,0.195909,0.195909,0.0,106.482,106.686,33.0,38.0,1.15152,9.0,9.0,1.0,33.0,0.0,0.146667,67.0,326.0,33.1515,0.0,0.0,0.0,0.0,0.0,1.0,225.0,0.0,0.0,0.0,0.0,0.0,0.030303,1.0,0.0,0.0,0.0,0.0,1.0,32.0,0.03125,0.969697,1.0,0.700935,0.030303,0.0,64.0,28.125,64.0,14.9704,0.0,0.0,2.0,0.0,5.0,5.0,5.0,5.0,0.0,0.0,0.0,1.42667,2.27556,1.84889,0.0,1.81191,2.23005,1.0,0.984427,0.0411256,1.02197,609.0,96.0,230.0,2.0,64.0,64.0,0.0,2.0,1.0,961.0,1779.0,225.0,12.1778,6.81818,321.0,512.0,416.0
opt-cryptoanalysis,2021,r3,9.81633,10.3004,1.0272,0.0,0.0,0.0,0.567194,0.739368,0.0,0.0,0.143726,1.04328,8.88178e-16,157.771,159.595,49.0,63.3594,1.29305,9.0,9.0,1.0,49.0,0.0,0.160656,99.0,504.719,50.333,0.0,0.0,0.0,0.0,0.0,1.0,305.0,0.0,0.0,0.0,0.0,0.0,0.0204082,1.0,0.0,0.0,0.0,0.0,1.0,48.0,0.0208333,0.979592,1.0,0.634096,0.0204082,0.0,64.0,28.3721,64.0,17.824,0.0,0.0,2.0,0.0,5.0,5.0,5.0,5.0,0.0,0.0,0.0,1.57705,2.25574,1.65246,0.0,1.53568,2.18193,1.0,0.982802,0.328277,1.02651,913.0,176.0,319.359,2.0,64.0,64.0,0.0,2.0,1.0,1409.0,1795.0,305.0,10.5049,6.22449,481.0,688.0,504.0
opt-cryptoanalysis,2021,r4,9.86154,10.5144,1.03761,0.0,0.0,0.0,0.695191,0.926993,0.0,0.0,0.114676,1.09929,0.0,208.898,212.253,65.0,88.7188,1.3649,9.0,9.0,1.0,65.0,0.0,0.168831,131.0,683.438,67.4448,0.0,0.0,0.0,0.0,0.0,1.0,385.0,0.0,0.0,0.0,0.0,0.0,0.0153846,1.0,0.0,0.0,0.0,0.0,1.0,64.0,0.015625,0.984615,1.0,0.600624,0.0153846,0.0,64.0,28.5185,64.0,19.5289,0.0,0.0,2.0,0.0,5.0,5.0,5.0,5.0,0.0,0.0,0.0,1.66494,2.24416,1.53766,0.0,1.40912,2.05655,1.0,0.920018,0.438793,1.00337,1217.0,256.0,408.719,2.0,64.0,64.0,0.0,2.0,1.0,1857.0,1811.0,385.0,9.52727,5.92308,641.0,864.0,592.0
p1f,2015,12,5.0227,15.4012,2.93396,0.0,0.0,0.0,0.629598,0.800509,0.0,738.0,1.02569,1.43797,0.383464,1624.84,2784.95,24.0,83.0264,3.94305,3.0,7.91886,2.63962,749.0,0.0,0.535765,2829.0,11535.5,2197.53,10.0,0.0,0.0,0.0,0.0,1.0,1398.0,0.0133511,0.0,0.0,0.0,0.0,0.00133511,1.0,0.0,0.0,0.0,0.0,3.0,727.0,0.00412655,0.970628,1.0,0.371611,0.00133511,-0.451935,859.0,110.823,859.0,36.5643,0.0,0.0,2.0,0.0,1.0,1.0,1.0,1.0,0.0,0.0,0.0,2.69099,7.75107,4.20876,1.39044,3.00357,5.45445,606.0,1.45614,1.43638,1.37378,3773.0,1110.91,3288.39,24.0,859.0,859.0,0.0,2.0,0.458333,2640.0,0.0,1398.0,1.88841,1.86649,3762.0,10836.0,5883.85
p1f,2015,13,5.03226,15.9138,3.0222,0.0,0.0,0.0,0.688379,0.840722,0.0,949.0,0.957507,1.34882,0.491351,2079.36,3609.16,26.0,93.209,4.0499,3.0,8.16993,2.72331,961.0,0.0,0.531821,3650.0,15293.2,2904.33,11.0,0.0,0.0,0.0,0.0,1.0,1807.0,0.0114464,0.0,0.0,0.0,0.0,0.00104058,1.0,0.0,0.0,0.0,0.0,3.0,937.0,0.00320171,0.975026,1.0,0.373656,0.00104058,-0.432808,1093.0,132.456,1093.0,41.5982,0.0,0.0,2.0,0.0,1.0,1.0,1.0,1.0,0.0,0.0,0.0,2.67626,8.2518,4.45334,1.44716,3.16014,5.77318,793.0,1.42443,1.41639,1.5328,4848.0,1405.34,4350.47,26.0,1093.0,1093.0,0.0,2.0,0.461538,3354.0,0.0,1807.0,1.85612,1.88033,4836.0,14911.0,8047.18
p1f,2015,14,5.03884,16.3798,3.10361,0.0,0.0,0.0,0.715551,0.878368,0.0,1197.0,0.898281,1.27065,0.461087,2611.5,4584.37,28.0,103.612,4.14813,3.0,8.40088,2.80029,1210.0,0.0,0.528615,4617.0,19819.6,3755.37,12.0,0.0,0.0,0.0,0.0,1.0,2289.0,0.00991736,0.0,0.0,0.0,0.0,0.000826446,1.0,0.0,0.0,0.0,0.0,3.0,1184.0,0.00253378,0.978512,1.0,0.375431,0.000826446,-0.415902,1366.0,156.073,1366.0,46.8574,0.0,0.0,2.0,0.0,1.0,1.0,1.0,1.0,0.0,0.0,0.0,2.66361,8.75229,4.69855,1.50172,3.30947,6.07968,1015.0,1.39716,1.39826,1.33199,6110.0,1746.39,5628.21,28.0,1366.0,1366.0,0.0,2.0,0.464286,4186.0,0.0,2289.0,1.82875,1.89174,6097.0,20034.0,10755.0
p1f,2015,15,5.04336,16.8072,3.17922,0.0,0.0,0.0,0.741897,0.915966,0.0,1485.0,0.846373,1.20157,0.43444,3227.36,5723.79,30.0,114.221,4.23909,3.0,8.61471,2.87157,1499.0,0.0,0.525965,5742.0,25194.0,4765.65,13.0,0.0,0.0,0.0,0.0,1.0,2850.0,0.00867245,0.0,0.0,0.0,0.0,0.000667111,1.0,0.0,0.0,0.0,0.0,3.0,1471.0,0.00203943,0.981321,1.0,0.376984,0.000667111,-0.400822,1681.0,181.678,1681.0,52.3188,0.0,0.0,2.0,0.0,1.0,1.0,1.0,1.0,0.0,0.0,0.0,2.65263,9.25263,4.94431,1.55435,3.45341,6.37337,1275.0,1.37344,1.38176,1.48086,7574.0,2137.29,7143.58,30.0,1681.0,1681.0,0.0,2.0,0.466667,5145.0,0.0,2850.0,1.80526,1.90127,7560.0,26370.0,14091.3
p1f,2015,17,5.04844,17.5691,3.31599,0.0,0.0,0.0,0.792324,0.982559,0.0,2193.0,0.759679,1.08501,0.389744,4734.57,8548.47,34.0,136.0,4.40322,3.0,9.0,3.0,2209.0,0.0,0.521852,8514.0,38810.1,7325.02,15.0,0.0,0.0,0.0,0.0,1.0,4233.0,0.0067904,0.0,0.0,0.0,0.0,0.000452694,1.0,0.0,0.0,0.0,0.0,3.0,2177.0,0.00137804,0.985514,1.0,0.379573,0.000452694,-0.374989,2449.0,238.857,2449.0,63.8249,0.0,0.0,2.0,0.0,1.0,1.0,1.0,1.0,0.0,0.0,0.0,2.63454,10.253,5.43712,1.65452,3.7267,6.93311,1921.0,1.33419,1.35286,1.43918,11168.0,3081.43,10976.7,34.0,2449.0,2449.0,0.0,2.0,0.470588,7480.0,0.0,4233.0,1.76707,1.91625,11152.0,43401.0,23015.3
p1f-pjs,2020,10,4.98821,14.1899,2.73134,0.0,0.0,0.0,0.567023,0.711738,0.0,415.0,1.19825,1.65943,0.442914,924.28,1536.96,20.0,63.3985,3.69283,3.0,7.33985,2.44662,424.0,0.0,0.547097,1577.0,6016.52,1158.09,8.0,0.0,0.0,0.0,0.0,1.0,775.0,0.0188679,0.0,0.0,0.0,0.0,0.00235849,1.0,0.0,0.0,0.0,0.0,3.0,406.0,0.00738916,0.957547,1.0,0.36643,0.00235849,-0.499129,485.0,72.0205,485.0,27.1637,0.0,0.0,2.0,0.0,1.0,1.0,1.0,1.0,0.0,0.0,0.0,2.72903,6.73419,3.70791,1.26935,2.61454,4.67901,325.0,1.53796,1.48303,1.43082,2315.0,648.954,1725.05,20.0,485.0,485.0,0.0,2.0,0.45,1631.0,11.0,775.0,2.11871,1.82783,2115.0,5219.0,2873.63
p1f-pjs,2020,16,5.04642,17.202,3.2498,0.0,0.0,0.0,0.767471,0.949896,0.0,1816.0,0.800505,1.14008,0.410818,3933.02,7040.72,32.0,125.02,4.32313,3.0,8.81378,2.93793,1831.0,0.0,0.523741,7037.0,31496.9,5950.38,14.0,0.0,0.0,0.0,0.0,1.0,3496.0,0.0076461,0.0,0.0,0.0,0.0,0.00054615,1.0,0.0,0.0,0.0,0.0,3.0,1801.0,0.00166574,0.983616,1.0,0.378355,0.00054615,-0.387264,2024.0,207.632,2024.0,57.9536,0.0,0.0,2.0,0.0,1.0,1.0,1.0,1.0,0.0,0.0,0.0,2.64302,9.748,5.18566,1.60522,3.56548,6.6102,1576.0,1.35262,1.36669,1.29975,9752.0,2581.24,8918.86,32.0,2024.0,2024.0,0.0,2.0,0.46875,6497.0,17.0,3496.0,1.86327,1.90934,9240.0,34079.0,18129.1
p1f-pjs,2020,17,5.04844,17.5691,3.31599,0.0,0.0,0.0,0.792324,0.98256,0.0,2193.0,0.759679,1.08501,0.389744,4734.57,8548.47,34.0,136.0,4.40263,3.0,9.0,3.0,2209.0,0.0,0.521852,8514.0,38810.1,7325.02,15.0,0.0,0.0,0.0,0.0,1.0,4233.0,0.0067904,0.0,0.0,0.0,0.0,0.000452694,1.0,0.0,0.0,0.0,0.0,3.0,2177.0,0.00137804,0.985514,1.0,0.379573,0.000452694,-0.374989,2431.0,237.199,2431.0,63.8146,0.0,0.0,2.0,0.0,1.0,1.0,1.0,1.0,0.0,0.0,0.0,2.63454,10.2488,5.43287,1.65452,3.70134,6.88953,1921.0,1.33419,1.35286,1.43918,11730.0,3081.43,10976.7,34.0,2431.0,2431.0,0.0,2.0,0.470588,7770.0,18.0,4233.0,1.83983,1.91625,11152.0,43383.0,22997.3
p1f-pjs,2020,20,5.0507,18.5379,3.49305,0.0,0.0,0.0,0.863029,1.07482,0.0,3630.0,0.660268,0.949551,0.340836,7775.34,14350.8,40.0,169.917,4.61493,3.0,9.49586,3.16529,3649.0,0.0,0.517589,14157.0,67644.6,12746.1,18.0,0.0,0.0,0.0,0.0,1.0,7050.0,0.00493286,0.0,0.0,0.0,0.0,0.000274048,1.0,0.0,0.0,0.0,0.0,3.0,3611.0,0.000830795,0.989586,1.0,0.382528,0.000274048,-0.344145,3970.0,337.866,3970.0,82.4994,0.0,0.0,2.0,0.0,1.0,1.0,1.0,1.0,0.0,0.0,0.0,2.61418,11.7502,6.17576,1.79422,4.08326,7.67216,3250.0,1.28969,1.31751,1.25281,19230.0,4951.2,19075.5,40.0,3970.0,3970.0,0.0,2.0,0.475,12561.0,21.0,7050.0,1.78468,1.93204,18430.0,82839.0,43539.1
p1f-pjs,2020,21,5.0507,18.8251,3.54611,0.0,0.0,0.0,0.907316,1.10409,0.0,4221.0,0.633072,0.912155,0.438288,9021.2,16756.2,42.0,181.521,4.67853,3.0,9.64386,3.21462,4241.0,0.0,0.516502,16482.0,79837.3,15039.1,19.0,0.0,0.0,0.0,0.0,1.0,8211.0,0.00448008,0.0,0.0,0.0,0.0,0.000235793,1.0,0.0,0.0,0.0,0.0,3.0,4201.0,0.000714116,0.990568,1.0,0.383333,0.000235793,-0.335436,4599.0,375.413,4599.0,89.0841,0.0,0.0,2.0,0.0,1.0,1.0,1.0,1.0,0.0,0.0,0.0,2.6087,12.2505,6.42375,1.8384,4.20291,7.9179,3801.0,1.2776,1.3074,1.37611,22302.0,5708.06,22494.8,42.0,4599.0,4599.0,0.0,2.0,0.47619,14512.0,22.0,8211.0,1.77006,1.9361,21420.0,100589.0,52745.4
p1f-pjs,2021,12,5.0227,15.4012,2.93395,0.0,0.0,0.0,0.629598,0.80051,0.0,738.0,1.02569,1.43797,0.383464,1624.84,2784.95,24.0,83.0264,3.94136,3.0,7.91886,2.63962,749.0,0.0,0.535765,2829.0,11535.5,2197.53,10.0,0.0,0.0,0.0,0.0,1.0,1398.0,0.0133511,0.0,0.0,0.0,0.0,0.00133511,1.0,0.0,0.0,0.0,0.0,3.0,727.0,0.00412655,0.970628,1.0,0.371611,0.00133511,-0.451935,846.0,109.277,846.0,36.5498,0.0,0.0,2.0,0.0,1.0,1.0,1.0,1.0,0.0,0.0,0.0,2.69099,7.74177,4.19946,1.39044,2.96246,5.3829,606.0,1.45614,1.43638,1.37378,4050.0,1110.91,3288.37,24.0,846.0,846.0,0.0,2.0,0.458333,2785.0,13.0,1398.0,2.00143,1.86649,3762.0,10823.0,5870.85
p1f-pjs,2021,14,5.03884,16.3798,3.10361,0.0,0.0,0.0,0.715551,0.878369,0.0,1197.0,0.898281,1.27065,0.461087,2611.5,4584.37,28.0,103.612,4.14706,3.0,8.40088,2.80029,1210.0,0.0,0.528615,4617.0,19819.5,3755.37,12.0,0.0,0.0,0.0,0.0,1.0,2289.0,0.00991736,0.0,0.0,0.0,0.0,0.000826446,1.0,0.0,0.0,0.0,0.0,3.0,1184.0,0.00253378,0.978512,1.0,0.375431,0.000826446,-0.415902,1351.0,154.475,1351.0,46.8165,0.0,0.0,2.0,0.0,1.0,1.0,1.0,1.0,0.0,0.0,0.0,2.66361,8.74574,4.692,1.50172,3.27823,6.02065,1015.0,1.39716,1.39826,1.33199,6489.0,1746.39,5628.2,28.0,1351.0,1351.0,0.0,2.0,0.464286,4383.0,15.0,2289.0,1.92136,1.89174,6097.0,20019.0,10740.0
p1f-pjs,2021,17,5.04844,17.5691,3.31599,0.0,0.0,0.0,0.792324,0.98256,0.0,2193.0,0.759679,1.08501,0.389744,4734.57,8548.47,34.0,136.0,4.40263,3.0,9.0,3.0,2209.0,0.0,0.521852,8514.0,38810.1,7325.02,15.0,0.0,0.0,0.0,0.0,1.0,4233.0,0.0067904,0.0,0.0,0.0,0.0,0.000452694,1.0,0.0,0.0,0.0,0.0,3.0,2177.0,0.00137804,0.985514,1.0,0.379573,0.000452694,-0.374989,2431.0,237.199,2431.0,63.8146,0.0,0.0,2.0,0.0,1.0,1.0,1.0,1.0,0.0,0.0,0.0,2.63454,10.2488,5.43287,1.65452,3.70134,6.88953,1921.0,1.33419,1.35286,1.43918,11730.0,3081.43,10976.7,34.0,2431.0,2431.0,0.0,2.0,0.470588,7770.0,18.0,4233.0,1.83983,1.91625,11152.0,43383.0,22997.3
p1f-pjs,2021,18,5.0497,17.9121,3.37832,0.0,0.0,0.0,0.816506,1.0157,0.0,2619.0,0.723102,1.0354,0.370831,5638.09,10260.4,36.0,147.149,4.4774,3.0,9.17493,3.05831,2636.0,0.0,0.520229,10185.0,47216.4,8905.25,16.0,0.0,0.0,0.0,0.0,1.0,5067.0,0.0060698,0.0,0.0,0.0,0.0,0.000379363,1.0,0.0,0.0,0.0,0.0,3.0,2602.0,0.00115296,0.987102,1.0,0.380663,0.000379363,-0.363808,2889.0,268.76,2889.0,69.8695,0.0,0.0,2.0,0.0,1.0,1.0,1.0,1.0,0.0,0.0,0.0,2.627,10.7494,5.68031,1.70237,3.83229,7.15755,2313.0,1.31776,1.34014,1.27398,13923.0,3641.04,13339.9,36.0,2889.0,2889.0,0.0,2.0,0.472222,9163.0,19.0,5067.0,1.81212,1.92223,13311.0,54467.0,28782.1
p1f-pjs,2021,22,5.05047,19.0977,3.59668,0.0,0.0,0.0,0.928709,1.13156,0.0,4873.0,0.608201,0.877826,0.258264,10393.3,19419.7,44.0,193.262,4.73914,3.0,9.78463,3.26154,4894.0,0.0,0.515538,19049.0,93464.1,17602.1,20.0,0.0,0.0,0.0,0.0,1.0,9493.0,0.00408664,0.0,0.0,0.0,0.0,0.000204332,1.0,0.0,0.0,0.0,0.0,3.0,4852.0,0.000618302,0.991418,1.0,0.384068,0.000204332,-0.327356,5291.0,414.956,5291.0,95.8415,0.0,0.0,2.0,0.0,1.0,1.0,1.0,1.0,0.0,0.0,0.0,2.60371,12.7508,6.67188,1.88154,4.31917,8.15726,4411.0,1.26658,1.29798,1.23506,25685.0,6536.96,26313.6,44.0,5291.0,5291.0,0.0,2.0,0.477273,16655.0,23.0,9493.0,1.75687,1.93972,24717.0,121043.0,63336.1
parity-learning,2012,44_22_5.2,5.27273,5.28302,1.00023,0.0,0.0,0.0,1.10587,1.11983,0.0,0.0,1.69777,1.69777,0.0,273.436,273.486,45.0,46.585,1.03522,2.0,2.0,1.0,154.0,0.0,0.875,286.0,813.585,154.035,44.0,65.0,131.0,0.0,0.0,1.0,45.0,0.285714,0.422078,0.744318,0.0,0.0,0.00649351,0.255682,0.0,0.0,0.0,0.0,0.0,0.0,0.0,0.0,1.0,0.216749,0.00649351,-0.516234,6.0,2.96629,6.0,0.0,1.0,0.0,2.0,1.0,0.0,1.0,0.0,1.0,0.0,0.0,0.0,4.61364,2.02273,0.914622,1.51724,0.0,0.0,154.0,1.02338,0.0505569,0.593023,1165.0,252.014,177.585,31.0,6.0,6.0,0.0,2.0,0.0645161,659.0,463.0,176.0,6.375,1.14286,812.0,356.0,160.974
parity-learning,2012,44_22_5.3,5.04027,5.05091,1.00024,0.0,0.0,0.0,1.08669,1.10233,0.0,0.0,1.81726,1.81726,-8.88178e-16,261.743,261.793,45.0,46.585,1.03522,2.0,2.0,1.0,149.0,0.0,0.871345,271.0,752.585,149.035,44.0,60.0,126.0,0.0,0.0,1.0,45.0,0.295302,0.402685,0.736842,0.0,0.0,0.00671141,0.263158,0.0,0.0,0.0,0.0,0.0,0.0,0.0,0.0,1.0,0.227696,0.00671141,-0.536293,6.0,2.96532,6.0,0.0,1.0,0.0,2.0,1.0,0.0,1.0,0.0,1.0,0.0,0.0,0.0,4.39181,2.02339,0.913365,1.44008,0.0,0.0,149.0,1.00993,0.0517914,0.604364,1160.0,243.693,172.585,25.0,6.0,6.0,0.0,2.0,0.08,608.0,514.0,171.0,6.5614,1.14765,751.0,346.0,156.185
parity-learning,2012,48_24_6.1,5.33529,5.34593,1.00022,0.0,0.0,0.0,1.12459,1.13783,0.0,0.0,1.72159,1.72159,0.0,302.215,302.267,49.0,50.8074,1.03688,2.0,2.0,1.0,170.0,0.0,0.876289,318.0,908.807,170.037,48.0,73.0,145.0,0.0,0.0,1.0,49.0,0.282353,0.429412,0.747423,0.0,0.0,0.00588235,0.252577,0.0,0.0,0.0,0.0,0.0,0.0,0.0,0.0,1.0,0.213892,0.00588235,-0.509667,7.0,3.45547,7.0,0.0,1.0,0.0,2.0,1.0,0.0,1.0,0.0,1.0,0.0,0.0,0.0,4.67526,2.02577,0.917961,1.5424,0.0,0.0,170.0,0.978145,0.0465922,0.585543,1369.0,278.082,195.807,30.0,7.0,7.0,0.0,2.0,0.0666667,736.0,584.0,194.0,6.80412,1.14118,907.0,393.0,178.085
parity-learning,2012,48_24_6.2,5.4,5.41063,1.00022,0.0,0.0,0.0,1.12644,1.13932,0.0,0.0,1.78663,1.78663,0.0,303.403,303.455,49.0,50.8074,1.03688,2.0,2.0,1.0,170.0,0.0,0.876289,318.0,919.807,170.037,48.0,73.0,145.0,0.0,0.0,1.0,49.0,0.282353,0.429412,0.747423,0.0,0.0,0.00588235,0.252577,0.0,0.0,0.0,0.0,0.0,0.0,0.0,0.0,1.0,0.211329,0.00588235,-0.507855,7.0,3.45547,7.0,0.0,1.0,0.0,2.0,1.0,0.0,1.0,0.0,1.0,0.0,0.0,0.0,4.73196,2.02577,0.917744,1.55294,0.0,0.0,170.0,0.99286,0.0465922,0.585543,1369.0,278.782,195.807,32.0,7.0,7.0,0.0,2.0,0.0625,747.0,573.0,194.0,6.80412,1.14118,918.0,393.0,178.042
parity-learning,2012,52_26_6.1,5.6044,5.61433,1.00019,0.0,0.0,0.0,1.14252,1.15432,0.0,0.0,1.83798,1.83798,0.0,329.433,329.481,53.0,54.8074,1.0341,2.0,2.0,1.0,182.0,0.0,0.875,338.0,1021.81,182.034,52.0,77.0,155.0,0.0,0.0,1.0,53.0,0.285714,0.423077,0.745192,0.0,0.0,0.00549451,0.254808,0.0,0.0,0.0,0.0,0.0,0.0,0.0,0.0,1.0,0.203922,0.00549451,-0.499836,7.0,3.45843,7.0,0.0,1.0,0.0,2.0,1.0,0.0,1.0,0.0,1.0,0.0,0.0,0.0,4.90385,2.02404,0.914078,1.59268,0.0,0.0,182.0,1.02627,0.0439407,0.586577,1585.0,301.559,209.807,32.0,7.0,7.0,0.0,2.0,0.0625,839.0,695.0,208.0,7.375,1.14286,1020.0,421.0,190.128
parity-learning,2012,52_26_6.2,5.57297,5.58274,1.00018,0.0,0.0,0.0,1.14896,1.16085,0.0,0.0,1.75622,1.75622,0.0,333.268,333.316,53.0,54.8074,1.0341,2.0,2.0,1.0,185.0,0.0,0.876777,347.0,1032.81,185.034,52.0,80.0,158.0,0.0,0.0,1.0,53.0,0.281081,0.432432,0.748815,0.0,0.0,0.00540541,0.251185,0.0,0.0,0.0,0.0,0.0,0.0,0.0,0.0,1.0,0.204656,0.00540541,-0.501713,7.0,3.45902,7.0,0.0,1.0,0.0,2.0,1.0,0.0,1.0,0.0,1.0,0.0,0.0,0.0,4.88626,2.0237,0.915074,1.58526,0.0,0.0,185.0,1.01278,0.0434141,0.581067,1588.0,305.082,212.807,32.0,7.0,7.0,0.0,2.0,0.0625,844.0,690.0,211.0,7.27014,1.14054,1031.0,427.0,193.081
parity-learning,2012,52_26_6.3,5.84181,5.85202,1.00019,0.0,0.0,0.0,1.13548,1.14631,0.0,0.0,1.8725,1.8725,0.0,326.955,327.004,53.0,54.8074,1.0341,2.0,2.0,1.0,177.0,0.0,0.871921,323.0,1035.81,177.034,52.0,72.0,150.0,0.0,0.0,1.0,53.0,0.293785,0.40678,0.738916,0.0,0.0,0.00564972,0.261084,0.0,0.0,0.0,0.0,0.0,0.0,0.0,0.0,1.0,0.196325,0.00564972,-0.503887,7.0,3.45742,7.0,0.0,1.0,0.0,2.0,1.0,0.0,1.0,0.0,1.0,0.0,0.0,0.0,5.0936,2.02463,0.911394,1.59495,0.0,0.0,177.0,1.01699,0.0448496,0.596019,1580.0,298.235,204.807,33.0,7.0,7.0,0.0,2.0,0.0606061,863.0,671.0,203.0,7.55665,1.14689,1034.0,411.0,185.013
pattern-set-mining,2013,anneal-k1,30.1523,30.156,1.0,0.0,0.0,0.0,2.53489,2.53567,0.0,0.0,1.43772,1.43772,0.0,6550.06,6550.08,812.0,820.665,1.01067,2.0,2.0,1.0,2363.0,0.0,1.0,6443.0,71258.7,2363.01,0.0,0.0,858.0,0.0,0.0,859.0,1505.0,0.0,0.0,0.363098,0.0,0.0,0.363521,0.636902,0.0,0.0,0.0,0.0,0.0,0.0,0.0,0.0,1.0,0.0331649,0.000423191,-0.294844,812.0,346.596,812.0,48.6476,1.0,0.0,3.0,1.0,0.0,1.0,0.0,1.0,0.0,0.0,0.0,30.1523,2.34278,0.971961,3.27914,7.10407,17.1543,2194.0,2.09339,0.00535285,0.87805,65942.0,6124.33,2371.67,776.0,812.0,812.0,0.0,2.0,0.00257732,64522.0,29276.0,2363.0,39.6945,1.0,71250.0,5536.0,2296.74
pattern-set-mining,2013,hypothyroid-k1,30.9719,30.973,1.0,0.0,0.0,0.0,5.86547,5.86588,0.0,0.0,1.04417,1.04417,0.0,24903.1,24903.1,3247.0,3257.66,1.00328,2.0,2.0,1.0,9597.0,0.0,1.0,25798.0,297248.0,9597.0,0.0,0.0,3302.0,0.0,0.0,3303.0,6295.0,0.0,0.0,0.344066,0.0,0.0,0.34417,0.655934,0.0,0.0,0.0,0.0,0.0,0.0,0.0,0.0,1.0,0.0322874,0.000104199,-0.155139,3247.0,1388.72,3247.0,97.9639,1.0,0.0,3.0,1.0,0.0,1.0,0.0,1.0,0.0,0.0,0.0,30.9719,2.33813,0.930511,6.23773,14.1656,35.6106,9429.0,1.70435,0.00152871,0.903223,284481.0,25502.4,9607.66,3218.0,3247.0,3247.0,0.0,2.0,0.000621504,278269.0,137075.0,9597.0,43.2785,1.0,297237.0,22439.0,8930.12
pattern-set-mining,2013,kr-vs-kp-k2,24.1167,24.1173,1.0,0.0,0.0,0.0,4.35739,4.35806,0.0,0.0,1.68204,1.68204,0.0,46547.5,46547.5,3336.0,3336.0,1.00333,2.0,2.0,1.0,16397.0,0.0,1.00012,49046.0,395452.0,16397.0,2.0,3195.0,9723.0,0.0,0.0,6529.0,6672.0,0.000121974,0.194853,0.593047,0.0,0.0,0.398183,0.406953,0.0,0.0,0.0,0.0,0.0,0.0,0.0,0.0,1.0,0.04146,6.09868e-05,-0.125398,3196.0,1456.16,3196.0,128.06,1.0,0.0,3.0,1.0,0.0,1.0,0.0,1.0,0.0,0.0,0.0,24.1196,2.19482,0.830042,7.64395,11.3631,30.0466,16119.0,2.02693,0.000941971,0.746239,365215.0,36835.6,16405.6,3195.0,3196.0,3196.0,0.0,2.0,0.000625978,358678.0,123290.0,16395.0,29.3973,0.999878,395441.0,35984.0,13608.5
pattern-set-mining,2013,splice-1-k1,128.454,128.455,1.0,0.0,0.0,0.0,1.9363,1.93639,0.0,0.0,1.33375,1.33375,0.0,32358.6,32358.6,3190.0,3200.64,1.00334,2.0,2.0,1.0,8514.0,0.0,1.0,23795.0,1093670.0,8514.0,0.0,0.0,3383.0,0.0,0.0,3384.0,5131.0,0.0,0.0,0.397346,0.0,0.0,0.397463,0.602654,0.0,0.0,0.0,0.0,0.0,0.0,0.0,0.0,1.0,0.0077849,0.000117454,-0.285483,3190.0,1343.47,3190.0,92.2884,1.0,0.0,3.0,1.0,0.0,1.0,0.0,1.0,0.0,0.0,0.0,128.454,2.37444,1.08018,3.47556,14.5465,31.9894,7942.0,1.80404,0.00170287,0.776128,1082240.0,23764.8,8524.64,3097.0,3190.0,3190.0,0.0,2.0,0.000645786,1077400.0,440542.0,8514.0,178.287,1.0,1093660.0,20216.0,9196.64
pattern-set-mining,2013,yeast-k2,26.3672,26.3685,1.0,0.0,0.0,0.0,2.03001,2.03132,0.0,0.0,2.05408,2.05408,-1.77636e-15,22113.0,22113.0,2019.0,2019.0,1.00643,2.0,2.0,1.0,7051.0,0.0,1.00028,21685.0,185925.0,7051.01,2.0,1448.0,4516.0,0.0,0.0,3069.0,2533.0,0.000283648,0.205361,0.640658,0.0,0.0,0.435257,0.359342,0.0,0.0,0.0,0.0,0.0,0.0,0.0,0.0,1.0,0.0379152,0.000141824,-0.193875,1484.0,671.42,1484.0,84.0246,1.0,0.0,3.0,1.0,0.0,1.0,0.0,1.0,0.0,0.0,0.0,26.3747,2.21024,0.908041,4.9624,7.97885,19.4523,6701.0,2.09906,0.00201813,0.609923,158801.0,14509.6,7058.54,1443.0,1484.0,1484.0,0.0,2.0,0.001386,156443.0,43112.0,7049.0,28.3097,0.999716,185915.0,15580.0,6400.78
pattern-set-mining-k1,2012,ionosphere,72.1561,72.1603,1.00001,0.0,0.0,0.0,1.28424,1.28432,0.0,0.0,3.39039,3.39039,0.0,6606.96,6606.99,351.0,358.455,1.02124,2.0,2.0,1.0,1806.0,0.0,1.0,5193.0,130321.0,1806.02,0.0,0.0,790.0,0.0,0.0,791.0,1016.0,0.0,0.0,0.437431,0.0,0.0,0.437984,0.562569,0.0,0.0,0.0,0.0,0.0,0.0,0.0,0.0,1.0,0.0138588,0.00055371,-0.699461,351.0,160.037,351.0,42.6135,1.0,0.0,3.0,1.0,0.0,1.0,0.0,1.0,0.0,0.0,0.0,72.1561,2.19324,0.789113,1.40986,3.73207,10.45,1357.0,3.45111,0.00678897,0.955715,111142.0,6212.98,1813.46,324.0,351.0,351.0,0.0,2.0,0.00617284,110564.0,97516.0,1806.0,115.216,1.0,130314.0,3961.0,1425.14
pattern-set-mining-k1,2012,mushroom,57.7901,57.7907,1.0,0.0,0.0,0.0,4.53236,4.53261,0.0,0.0,1.0368,1.0368,0.0,67526.8,67526.8,8124.0,8135.99,1.00148,2.0,2.0,1.0,20678.0,0.0,1.0,57813.0,1195000.0,20678.0,0.0,0.0,8228.0,0.0,0.0,8229.0,12450.0,0.0,0.0,0.397911,0.0,0.0,0.397959,0.602089,0.0,0.0,0.0,0.0,0.0,0.0,0.0,0.0,1.0,0.017304,4.83606e-05,-0.107954,8124.0,3395.21,8124.0,143.796,1.0,0.0,3.0,1.0,0.0,1.0,0.0,1.0,0.0,0.0,0.0,57.7901,2.39278,1.12035,9.10292,23.6043,50.4208,20460.0,1.46676,0.000763056,0.740713,1166300.0,47346.9,20690.0,8124.0,8124.0,8124.0,0.0,2.0,0.000246184,1153970.0,342026.0,20678.0,72.3472,1.0,1194980.0,49478.0,23166.6
pattern-set-mining-k2,2012,audiology,31.0837,31.089,1.00002,0.0,0.0,0.0,1.20631,1.20696,0.0,0.0,2.8626,2.8626,0.0,4005.3,4005.34,311.0,311.0,1.03127,2.0,2.0,1.0,1267.0,0.0,1.00158,3792.0,39389.8,1267.03,2.0,207.0,740.0,0.0,0.0,534.0,525.0,0.00157853,0.163378,0.58498,0.0,0.0,0.421468,0.41502,0.0,0.0,0.0,0.0,0.0,0.0,0.0,0.0,1.0,0.0321205,0.000789266,-0.470251,216.0,99.5773,216.0,35.6385,1.0,0.0,3.0,1.0,0.0,1.0,0.0,1.0,0.0,0.0,0.0,31.1328,2.16917,0.810307,2.05822,2.76603,7.4046,1058.0,2.9647,0.0092862,0.814873,14735.0,3213.23,1271.75,207.0,216.0,216.0,0.0,2.0,0.00966184,14331.0,5718.0,1265.0,15.849,0.998421,39383.0,2744.0,1025.04
pattern-set-mining-k2,2012,german-credit,45.2973,45.2989,1.0,0.0,0.0,0.0,2.21974,2.22,0.0,0.0,1.923,1.923,0.0,18611.5,18611.6,1398.0,1398.0,1.00897,2.0,2.0,1.0,5845.0,0.0,1.00034,17134.0,264772.0,5845.01,2.0,999.0,3221.0,0.0,0.0,2223.0,2622.0,0.000342173,0.170915,0.551258,0.0,0.0,0.380325,0.448742,0.0,0.0,0.0,0.0,0.0,0.0,0.0,0.0,1.0,0.0220688,0.000171086,-0.321971,1000.0,460.659,1000.0,76.53,1.0,0.0,3.0,1.0,0.0,1.0,0.0,1.0,0.0,0.0,0.0,45.3129,2.1708,0.746081,3.03733,6.00626,17.5272,5397.0,2.29163,0.00238834,0.854464,256147.0,16726.7,5851.97,1000.0,1000.0,1000.0,0.0,2.0,0.002,253750.0,107122.0,5843.0,61.7614,0.999658,264763.0,12684.0,4359.35
pattern-set-mining-k2,2012,segment,50.2992,50.3002,1.0,0.0,0.0,0.0,1.44216,1.44268,0.0,0.0,4.02766,4.02766,0.0,39459.2,39459.2,3955.0,3955.0,1.0044,2.0,2.0,1.0,10540.0,0.0,1.00019,33188.0,530164.0,10540.0,2.0,2307.0,7210.0,0.0,0.0,4904.0,3328.0,0.000189753,0.21888,0.684191,0.0,0.0,0.465275,0.315809,0.0,0.0,0.0,0.0,0.0,0.0,0.0,0.0,1.0,0.0198772,9.48767e-05,-0.194977,2310.0,1041.0,2310.0,102.695,1.0,0.0,3.0,1.0,0.0,1.0,0.0,1.0,0.0,0.0,0.0,50.3088,2.21902,0.96623,5.02686,10.1271,23.2806,9950.0,1.9469,0.001405,0.462882,155355.0,20336.9,10548.2,2307.0,2310.0,2310.0,0.0,2.0,0.000866927,152278.0,83420.0,10538.0,22.3665,0.99981,530154.0,23384.0,10182.1
peacable_queens,2021,11,6.97436,10.1809,1.24309,0.0,0.0,0.0,3.00419,3.19489,0.0,0.0,1.38188,2.25847,0.762269,481.403,572.145,122.0,198.711,1.62878,2.0,2.0,1.0,312.0,0.0,0.857143,988.0,3176.45,387.845,7.0,0.0,121.0,0.0,0.0,122.0,243.0,0.0224359,0.0,0.332418,0.0,0.0,0.391026,0.667582,0.0,0.0,0.0,0.0,3.0,62.0,0.0483871,0.198718,2.0,0.334559,0.00641026,-0.714474,122.0,45.8287,61.0,19.1094,0.0,0.0,3.0,0.0,1.0,1.0,1.0,1.0,0.0,0.0,0.0,5.97802,2.66209,0.903831,0.931372,2.3459,3.49875,243.0,0.98702,0.943104,0.943104,1811.0,703.262,440.711,14.0,122.0,61.0,0.0,2.0,0.214286,1690.0,9.0,364.0,4.66758,1.16667,2176.0,969.0,328.995
peacable_queens,2021,25,8.0114,11.6671,1.19396,0.0,0.0,0.0,6.55762,6.93728,0.0,0.0,0.907611,1.82708,0.496815,1900.51,2233.54,626.0,999.892,1.59727,2.0,2.0,1.0,1404.0,0.0,0.748401,4012.0,16380.7,1676.33,7.0,0.0,625.0,0.0,0.0,626.0,1251.0,0.00498575,0.0,0.333156,0.0,0.0,0.445869,0.666844,0.0,0.0,0.0,0.0,3.0,146.0,0.0205479,0.103989,2.0,0.33357,0.0014245,-0.717655,626.0,234.828,313.0,43.3247,0.0,0.0,3.0,0.0,1.0,1.0,1.0,1.0,0.0,0.0,0.0,5.99574,2.66578,0.904581,0.928621,5.39711,7.97176,1251.0,0.936723,0.924371,0.924371,9371.0,3630.17,2249.89,14.0,626.0,313.0,0.0,2.0,0.214286,8746.0,9.0,1876.0,4.66684,1.33618,11248.0,5001.0,1696.99
peacable_queens,2021,40,13.8883,20.9344,1.17857,0.0,0.0,0.0,9.156,9.50155,0.0,0.0,0.696309,1.63565,0.379891,4485.91,5247.59,1601.0,2546.58,1.59062,2.0,2.0,1.0,3456.0,0.0,0.71985,9451.0,72349.4,4073.15,19.0,0.0,1600.0,0.0,0.0,1601.0,3201.0,0.00549769,0.0,0.333264,0.0,0.0,0.463252,0.666736,0.0,0.0,0.0,0.0,3.0,236.0,0.0127119,0.068287,2.0,0.20005,0.000578704,-0.709663,1601.0,600.453,800.5,69.2966,0.0,0.0,3.0,0.0,1.0,1.0,1.0,1.0,0.0,0.0,0.0,9.9975,2.66632,0.871721,1.12722,8.65055,13.2296,3201.0,0.926629,0.920952,0.920952,43196.0,10721.5,5746.58,26.0,1601.0,800.5,0.0,2.0,0.115385,41596.0,9.0,4801.0,8.6659,1.38918,47998.0,12801.0,4185.13
peacable_queens,2021,50,11.7677,17.5535,1.17182,0.0,0.0,0.0,12.0031,12.5328,0.0,0.0,0.5859,1.53655,0.320938,6601.82,7733.17,2501.0,3973.69,1.58884,2.0,2.0,1.0,5311.0,0.0,0.708039,14301.0,93226.8,6223.55,14.0,0.0,2500.0,0.0,0.0,2501.0,5001.0,0.00263604,0.0,0.333289,0.0,0.0,0.470909,0.666711,0.0,0.0,0.0,0.0,3.0,296.0,0.0101351,0.0557334,2.0,0.24004,0.000376577,-0.707934,2501.0,937.953,1250.5,86.6141,0.0,0.0,3.0,0.0,1.0,1.0,1.0,1.0,0.0,0.0,0.0,8.33196,2.66644,0.880905,1.07349,10.8176,16.372,5001.0,0.923973,0.920082,0.920082,54996.0,15981.5,8973.69,21.0,2501.0,1250.5,0.0,2.0,0.142857,52496.0,9.0,7501.0,6.99973,1.41235,62498.0,20001.0,6607.67
peacable_queens,2021,8,6.38889,9.34351,1.27054,0.0,0.0,0.0,2.21355,2.36671,0.0,0.0,1.5423,2.40819,0.859953,291.242,348.986,65.0,107.46,1.65323,2.0,2.0,1.0,180.0,0.0,0.932642,595.0,1681.83,228.697,7.0,0.0,64.0,0.0,0.0,65.0,129.0,0.0388889,0.0,0.331606,0.0,0.0,0.361111,0.668394,0.0,0.0,0.0,0.0,3.0,44.0,0.0681818,0.244444,2.0,0.335652,0.0111111,-0.710976,65.0,24.4542,32.5,13.9401,0.0,0.0,3.0,0.0,1.0,1.0,1.0,1.0,0.0,0.0,0.0,5.95855,2.65803,0.903006,0.934416,1.6825,2.47625,129.0,1.02841,0.960333,0.960333,956.0,372.243,235.46,14.0,65.0,32.5,0.0,2.0,0.214286,892.0,9.0,193.0,4.66839,1.07222,1150.0,513.0,174.28
peacable_queens,2024,pq_n12,7.11538,10.3827,1.23646,0.0,0.0,0.0,3.26284,3.4673,0.0,0.0,1.33296,2.21343,0.733853,553.93,657.159,145.0,235.415,1.62355,2.0,2.0,1.0,364.0,0.0,0.840647,1139.0,3779.3,450.071,7.0,0.0,144.0,0.0,0.0,145.0,289.0,0.0192308,0.0,0.332564,0.0,0.0,0.398352,0.667436,0.0,0.0,0.0,0.0,3.0,68.0,0.0441176,0.186813,2.0,0.334363,0.00549451,-0.715103,145.0,54.4536,72.5,20.762,0.0,0.0,3.0,0.0,1.0,1.0,1.0,1.0,0.0,0.0,0.0,5.98152,2.66282,0.903979,0.930827,2.57459,3.83206,289.0,0.978424,0.93973,0.93973,2156.0,836.831,523.415,14.0,145.0,72.5,0.0,2.0,0.214286,2012.0,9.0,433.0,4.66744,1.18956,2590.0,1153.0,391.423
peacable_queens,2024,pq_n19,7.73333,11.2679,1.20722,0.0,0.0,0.0,5.04807,5.34478,0.0,0.0,1.06347,1.96795,0.582365,1186.91,1398.32,362.0,580.671,1.60406,2.0,2.0,1.0,840.0,0.0,0.774908,2476.0,9465.06,1014.07,7.0,0.0,361.0,0.0,0.0,362.0,723.0,0.00833333,0.0,0.333026,0.0,0.0,0.430952,0.666974,0.0,0.0,0.0,0.0,3.0,110.0,0.0272727,0.130952,2.0,0.333744,0.00238095,-0.717096,362.0,135.828,181.0,32.9402,0.0,0.0,3.0,0.0,1.0,1.0,1.0,1.0,0.0,0.0,0.0,5.99262,2.66513,0.904449,0.929104,4.09313,6.05587,723.0,0.947252,0.92808,0.92808,5411.0,2097.03,1302.67,14.0,362.0,181.0,0.0,2.0,0.214286,5050.0,9.0,1084.0,4.66697,1.29048,6496.0,2889.0,980.423
peacable_queens,2024,pq_n35,14.1849,21.4183,1.18323,0.0,0.0,0.0,7.96028,8.25287,0.0,0.0,0.766764,1.69871,0.417575,3566.44,4170.05,1226.0,1951.84,1.59204,2.0,2.0,1.0,2677.0,0.0,0.728237,7398.0,57336.8,3167.51,20.0,0.0,1225.0,0.0,0.0,1226.0,2451.0,0.00747105,0.0,0.333243,0.0,0.0,0.457975,0.666757,0.0,0.0,0.0,0.0,3.0,206.0,0.0145631,0.0769518,2.0,0.193611,0.000747105,-0.709095,1226.0,459.828,613.0,60.6384,0.0,0.0,3.0,0.0,1.0,1.0,1.0,1.0,0.0,0.0,0.0,10.33,2.66621,0.870274,1.13721,7.56663,11.605,2451.0,0.928759,0.92166,0.92166,34296.0,8275.52,4401.84,27.0,1226.0,613.0,0.0,2.0,0.111111,33071.0,9.0,3676.0,8.99891,1.37318,37973.0,9801.0,3199.13
peacable_queens,2024,pq_n7,6.11111,8.94606,1.28353,0.0,0.0,0.0,1.94307,2.08225,0.0,0.0,1.5964,2.45991,0.896038,237.09,285.328,50.0,83.307,1.66614,2.0,2.0,1.0,144.0,0.0,0.972973,484.0,1288.23,184.829,7.0,0.0,49.0,0.0,0.0,50.0,99.0,0.0486111,0.0,0.331081,0.0,0.0,0.347222,0.668919,0.0,0.0,0.0,0.0,3.0,38.0,0.0789474,0.263889,2.0,0.336364,0.0138889,-0.708713,50.0,18.8295,25.0,12.2243,0.0,0.0,3.0,0.0,1.0,1.0,1.0,1.0,0.0,0.0,0.0,5.94595,2.65541,0.902473,0.936397,1.45853,2.21613,99.0,1.05108,0.970519,0.970519,731.0,285.133,181.307,14.0,50.0,25.0,0.0,2.0,0.214286,682.0,9.0,148.0,4.66892,1.02778,880.0,393.0,133.566
peacable_queens,2024,pq_n9,6.61818,9.67147,1.25981,0.0,0.0,0.0,2.47821,2.64421,0.0,0.0,1.48729,2.35639,0.825371,350.029,418.028,82.0,134.74,1.64316,2.0,2.0,1.0,220.0,0.0,0.901639,716.0,2127.72,277.157,7.0,0.0,81.0,0.0,0.0,82.0,163.0,0.0318182,0.0,0.331967,0.0,0.0,0.372727,0.668033,0.0,0.0,0.0,0.0,3.0,50.0,0.06,0.227273,2.0,0.335165,0.00909091,-0.712533,82.0,30.829,41.0,15.5599,0.0,0.0,3.0,0.0,1.0,1.0,1.0,1.0,0.0,0.0,0.0,5.96721,2.65984,0.903373,0.933059,1.91704,2.71149,163.0,1.01113,0.952936,0.952936,1211.0,470.968,296.74,14.0,82.0,41.0,0.0,2.0,0.214286,1130.0,9.0,244.0,4.66803,1.10909,1456.0,649.0,220.423
pennies-opt,2023,n12,2.71095,7.70987,2.76997,0.0,0.0,0.0,0.63891,1.95419,0.625296,0.0,1.5379,3.4769,2.06445,2005.88,3590.37,66.0,539.874,8.17991,2.0,2.0,1.0,1498.0,0.0,1.23802,3944.0,11549.4,4149.41,102.0,626.0,681.0,0.0,0.0,611.0,529.0,0.0680908,0.417891,0.56281,0.0,0.0,0.407877,0.43719,0.0,0.0,0.0,0.0,4.0,135.0,0.0296296,0.0901202,12.0,3.57547,0.00801068,1.98302,12.0,0.213366,1.0,-0.467828,0.0,0.0,3.0,0.0,1.0,1.0,1.0,1.0,0.0,0.0,0.0,3.3562,56.2413,21.7459,1.29876,1.68146,1.58367,724.0,1.62526,2.05836,2.53557,1348.0,1674.16,3869.26,33.0,290.0,96.6667,0.0,2.0,0.0606061,139.0,1325.0,1210.0,1.20992,0.807744,4061.0,68052.0,26312.6
pennies-opt,2023,n5,2.5582,4.95806,1.86945,0.0,0.0,0.0,0.0,0.879154,0.534916,0.0,1.42019,3.44053,1.72406,485.391,737.322,10.0,57.0044,5.70044,2.0,2.0,1.0,378.0,0.0,1.2901,976.0,1874.15,706.653,25.0,171.0,177.0,0.0,0.0,149.0,116.0,0.0661376,0.452381,0.604096,0.0,0.0,0.39418,0.395904,0.0,0.0,0.0,0.0,4.0,23.0,0.173913,0.0608466,5.0,1.51499,0.0132275,0.60092,5.0,0.546846,1.0,-0.302991,0.0,0.0,3.0,0.0,1.0,1.0,1.0,1.0,0.0,0.0,0.0,3.30034,9.14334,3.52658,0.85701,1.4956,1.38916,178.0,1.8918,1.956,2.38832,327.0,422.831,609.85,19.0,52.0,17.3333,0.0,2.0,0.105263,35.0,247.0,293.0,0.962457,0.775132,967.0,2679.0,1033.29
pennies-opt,2023,n7,2.62102,5.93972,2.18708,0.0,0.0,0.0,0.381531,1.17851,0.646622,0.0,1.4801,3.43676,1.95359,820.537,1335.94,21.0,139.521,6.64386,2.0,2.0,1.0,628.0,0.0,1.26869,1634.0,3730.14,1373.48,42.0,276.0,291.0,0.0,0.0,251.0,204.0,0.066879,0.43949,0.587879,0.0,0.0,0.399682,0.412121,0.0,0.0,0.0,0.0,4.0,45.0,0.0888889,0.0716561,7.0,2.1051,0.0111465,1.10798,7.0,0.39188,1.0,-0.371494,0.0,0.0,3.0,0.0,1.0,1.0,1.0,1.0,0.0,0.0,0.0,3.32525,17.8626,6.88879,0.997405,1.63696,1.54311,299.0,1.81217,2.01058,2.42065,550.0,704.564,1227.77,23.0,100.0,33.3333,0.0,2.0,0.0869565,56.0,465.0,495.0,1.05253,0.788217,1646.0,8842.0,3409.95
pennies-opt,2023,n8,2.6447,6.35864,2.32395,0.0,0.0,0.0,0.378114,1.32515,0.608539,0.0,1.49458,3.45647,1.96123,1017.83,1699.67,28.0,196.626,7.02237,2.0,2.0,1.0,774.0,0.0,1.26059,2020.0,4921.59,1798.74,52.0,336.0,357.0,0.0,0.0,311.0,257.0,0.0671835,0.434109,0.581433,0.0,0.0,0.401809,0.418567,0.0,0.0,0.0,0.0,4.0,59.0,0.0677966,0.0762274,8.0,2.39961,0.0103359,1.29415,8.0,0.338712,1.0,-0.397748,0.0,0.0,3.0,0.0,1.0,1.0,1.0,1.0,0.0,0.0,0.0,3.33388,23.6189,9.11349,1.08149,1.66258,1.56722,370.0,1.77018,2.02682,2.45523,681.0,868.313,1627.37,25.0,130.0,43.3333,0.0,2.0,0.08,68.0,601.0,614.0,1.08958,0.793282,2047.0,14502.0,5595.68
pennies-opt,2023,n9,2.66488,6.74002,2.44917,0.0,0.0,0.0,0.530685,1.47624,0.577426,0.0,1.5074,3.4895,1.85906,1234.99,2106.74,36.0,264.872,7.35755,2.0,2.0,1.0,934.0,0.0,1.25369,2444.0,6295.18,2287.52,63.0,401.0,429.0,0.0,0.0,377.0,316.0,0.0674518,0.429336,0.575839,0.0,0.0,0.40364,0.424161,0.0,0.0,0.0,0.0,4.0,75.0,0.0533333,0.0802998,9.0,2.69385,0.00963597,1.51245,9.0,0.296773,1.0,-0.419696,0.0,0.0,3.0,0.0,1.0,1.0,1.0,1.0,0.0,0.0,0.0,3.34094,30.3262,11.7082,1.11994,1.67556,1.57951,448.0,1.72689,2.03864,2.5457,825.0,1047.21,2089.82,27.0,164.0,54.6667,0.0,2.0,0.0740741,81.0,755.0,745.0,1.12215,0.797645,2489.0,22593.0,8722.61
pentominoes,2020,02,64.0,212.603,3.32193,0.0,0.0,0.0,0.0,0.0,0.0,0.0,-4.44089e-16,-4.44089e-16,-4.44089e-16,60.0,77.3202,64.0,212.603,3.32193,64.0,212.603,3.32193,10.0,0.0,0.15625,60.0,2126.03,33.2193,0.0,0.0,0.0,0.0,0.0,0.0,64.0,0.0,0.0,0.0,0.0,0.0,0.0,1.0,0.0,0.0,0.0,0.0,1.0,10.0,0.1,1.0,0.0,0.0,0.0,0.0,0.0,0.0,0.0,0.0,0.0,0.0,1.0,0.0,1.0,1.0,1.0,1.0,0.0,0.0,0.0,10.0,10.0,1.0,0.0,0.0,0.0,0.0,0.0,0.0,0.0,0.0,212.603,212.603,10.0,10.0,1.0,0.0,10.0,1.0,64.0,13109.0,64.0,205.828,6.4,640.0,640.0,64.0
pentominoes,2020,04,400.0,1634.99,4.08746,0.0,0.0,0.0,0.0,0.0,0.0,0.0,0.0,0.0,0.0,146.946,181.476,400.0,1634.99,4.08746,400.0,1634.99,4.08746,17.0,0.0,0.0425,102.0,27794.7,69.4869,0.0,0.0,0.0,0.0,0.0,0.0,400.0,0.0,0.0,0.0,0.0,0.0,0.0,1.0,0.0,0.0,0.0,0.0,1.0,17.0,0.0588235,1.0,0.0,0.0,0.0,0.0,0.0,0.0,0.0,0.0,0.0,0.0,1.0,0.0,1.0,1.0,1.0,1.0,0.0,0.0,0.0,17.0,17.0,1.0,0.0,0.0,0.0,0.0,0.0,0.0,0.0,0.0,1634.99,1634.99,17.0,17.0,1.0,0.0,17.0,1.0,400.0,23024.0,400.0,58.56,23.5294,6800.0,6800.0,400.0
pentominoes,2020,05,60.0,215.098,3.58496,0.0,0.0,0.0,0.0,0.0,0.0,0.0,0.0,0.0,0.0,70.8827,92.9862,60.0,215.098,3.58496,60.0,215.098,3.58496,12.0,0.0,0.2,72.0,2581.17,43.0196,0.0,0.0,0.0,0.0,0.0,0.0,60.0,0.0,0.0,0.0,0.0,0.0,0.0,1.0,0.0,0.0,0.0,0.0,1.0,12.0,0.0833333,1.0,0.0,0.0,0.0,0.0,0.0,0.0,0.0,0.0,0.0,0.0,1.0,0.0,1.0,1.0,1.0,1.0,0.0,0.0,0.0,12.0,12.0,1.0,0.0,0.0,0.0,0.0,0.0,0.0,0.0,0.0,215.098,215.098,12.0,12.0,1.0,0.0,12.0,1.0,60.0,17257.0,60.0,288.617,5.0,720.0,720.0,60.0
pentominoes,2020,06,60.0,215.098,3.58496,0.0,0.0,0.0,0.0,0.0,0.0,0.0,0.0,0.0,0.0,70.8827,92.9862,60.0,215.098,3.58496,60.0,215.098,3.58496,12.0,0.0,0.2,72.0,2581.17,43.0196,0.0,0.0,0.0,0.0,0.0,0.0,60.0,0.0,0.0,0.0,0.0,0.0,0.0,1.0,0.0,0.0,0.0,0.0,1.0,12.0,0.0833333,1.0,0.0,0.0,0.0,0.0,0.0,0.0,0.0,0.0,0.0,0.0,1.0,0.0,1.0,1.0,1.0,1.0,0.0,0.0,0.0,12.0,12.0,1.0,0.0,0.0,0.0,0.0,0.0,0.0,0.0,0.0,215.098,215.098,12.0,12.0,1.0,0.0,12.0,1.0,60.0,20350.0,60.0,340.167,5.0,720.0,720.0,60.0
pentominoes,2020,07,60.0,215.098,3.58496,0.0,0.0,0.0,0.0,0.0,0.0,0.0,0.0,0.0,0.0,70.8827,92.9862,60.0,215.098,3.58496,60.0,215.098,3.58496,12.0,0.0,0.2,72.0,2581.17,43.0196,0.0,0.0,0.0,0.0,0.0,0.0,60.0,0.0,0.0,0.0,0.0,0.0,0.0,1.0,0.0,0.0,0.0,0.0,1.0,12.0,0.0833333,1.0,0.0,0.0,0.0,0.0,0.0,0.0,0.0,0.0,0.0,0.0,1.0,0.0,1.0,1.0,1.0,1.0,0.0,0.0,0.0,12.0,12.0,1.0,0.0,0.0,0.0,0.0,0.0,0.0,0.0,0.0,215.098,215.098,12.0,12.0,1.0,0.0,12.0,1.0,60.0,24990.0,60.0,417.5,5.0,720.0,720.0,60.0
pentominoes-int,2013,02,64.0,212.603,3.32193,0.0,0.0,0.0,0.0,0.0,0.0,0.0,-4.44089e-16,-4.44089e-16,-4.44089e-16,60.0,77.3202,64.0,212.603,3.32193,64.0,212.603,3.32193,10.0,0.0,0.15625,60.0,2126.03,33.2193,0.0,0.0,0.0,0.0,0.0,0.0,64.0,0.0,0.0,0.0,0.0,0.0,0.0,1.0,0.0,0.0,0.0,0.0,1.0,10.0,0.1,1.0,0.0,0.0,0.0,0.0,0.0,0.0,0.0,0.0,0.0,0.0,1.0,0.0,1.0,1.0,1.0,1.0,0.0,0.0,0.0,10.0,10.0,1.0,0.0,0.0,0.0,0.0,0.0,0.0,0.0,0.0,212.603,212.603,10.0,10.0,1.0,0.0,10.0,1.0,64.0,13109.0,64.0,205.828,6.4,640.0,640.0,64.0
pentominoes-int,2013,04,400.0,1634.99,4.08746,0.0,0.0,0.0,0.0,0.0,0.0,0.0,0.0,0.0,0.0,146.946,181.476,400.0,1634.99,4.08746,400.0,1634.99,4.08746,17.0,0.0,0.0425,102.0,27794.7,69.4869,0.0,0.0,0.0,0.0,0.0,0.0,400.0,0.0,0.0,0.0,0.0,0.0,0.0,1.0,0.0,0.0,0.0,0.0,1.0,17.0,0.0588235,1.0,0.0,0.0,0.0,0.0,0.0,0.0,0.0,0.0,0.0,0.0,1.0,0.0,1.0,1.0,1.0,1.0,0.0,0.0,0.0,17.0,17.0,1.0,0.0,0.0,0.0,0.0,0.0,0.0,0.0,0.0,1634.99,1634.99,17.0,17.0,1.0,0.0,17.0,1.0,400.0,23024.0,400.0,58.56,23.5294,6800.0,6800.0,400.0
pentominoes-int,2013,05,60.0,215.098,3.58496,0.0,0.0,0.0,0.0,0.0,0.0,0.0,0.0,0.0,0.0,70.8827,92.9862,60.0,215.098,3.58496,60.0,215.098,3.58496,12.0,0.0,0.2,72.0,2581.17,43.0196,0.0,0.0,0.0,0.0,0.0,0.0,60.0,0.0,0.0,0.0,0.0,0.0,0.0,1.0,0.0,0.0,0.0,0.0,1.0,12.0,0.0833333,1.0,0.0,0.0,0.0,0.0,0.0,0.0,0.0,0.0,0.0,0.0,1.0,0.0,1.0,1.0,1.0,1.0,0.0,0.0,0.0,12.0,12.0,1.0,0.0,0.0,0.0,0.0,0.0,0.0,0.0,0.0,215.098,215.098,12.0,12.0,1.0,0.0,12.0,1.0,60.0,17257.0,60.0,288.617,5.0,720.0,720.0,60.0
pentominoes-int,2013,06,60.0,215.098,3.58496,0.0,0.0,0.0,0.0,0.0,0.0,0.0,0.0,0.0,0.0,70.8827,92.9862,60.0,215.098,3.58496,60.0,215.098,3.58496,12.0,0.0,0.2,72.0,2581.17,43.0196,0.0,0.0,0.0,0.0,0.0,0.0,60.0,0.0,0.0,0.0,0.0,0.0,0.0,1.0,0.0,0.0,0.0,0.0,1.0,12.0,0.0833333,1.0,0.0,0.0,0.0,0.0,0.0,0.0,0.0,0.0,0.0,0.0,1.0,0.0,1.0,1.0,1.0,1.0,0.0,0.0,0.0,12.0,12.0,1.0,0.0,0.0,0.0,0.0,0.0,0.0,0.0,0.0,215.098,215.098,12.0,12.0,1.0,0.0,12.0,1.0,60.0,20350.0,60.0,340.167,5.0,720.0,720.0,60.0
pentominoes-int,2013,07,60.0,215.098,3.58496,0.0,0.0,0.0,0.0,0.0,0.0,0.0,0.0,0.0,0.0,70.8827,92.9862,60.0,215.098,3.58496,60.0,215.098,3.58496,12.0,0.0,0.2,72.0,2581.17,43.0196,0.0,0.0,0.0,0.0,0.0,0.0,60.0,0.0,0.0,0.0,0.0,0.0,0.0,1.0,0.0,0.0,0.0,0.0,1.0,12.0,0.0833333,1.0,0.0,0.0,0.0,0.0,0.0,0.0,0.0,0.0,0.0,0.0,1.0,0.0,1.0,1.0,1.0,1.0,0.0,0.0,0.0,12.0,12.0,1.0,0.0,0.0,0.0,0.0,0.0,0.0,0.0,0.0,215.098,215.098,12.0,12.0,1.0,0.0,12.0,1.0,60.0,24990.0,60.0,417.5,5.0,720.0,720.0,60.0
pentominoes-zayenz,2021,size_10_tiles_10_seed_17_strategy_target,100.0,332.193,3.32193,0.0,0.0,0.0,0.0,0.0,0.0,0.0,-4.44089e-16,-4.44089e-16,-4.44089e-16,66.4386,83.7588,100.0,332.193,3.32193,100.0,332.193,3.32193,10.0,0.0,0.1,60.0,3321.93,33.2193,0.0,0.0,0.0,0.0,0.0,0.0,100.0,0.0,0.0,0.0,0.0,0.0,0.0,1.0,0.0,0.0,0.0,0.0,1.0,10.0,0.1,1.0,0.0,0.0,0.0,0.0,0.0,0.0,0.0,0.0,0.0,0.0,1.0,0.0,1.0,1.0,1.0,1.0,0.0,0.0,0.0,10.0,10.0,1.0,0.0,0.0,0.0,0.0,0.0,0.0,0.0,320.0,332.193,332.193,10.0,10.0,1.0,0.0,10.0,1.0,400.0,12582.0,100.0,129.82,10.0,1000.0,1000.0,100.0
pentominoes-zayenz,2021,size_15_tiles_15_seed_17_strategy_source,225.0,879.05,3.90689,0.0,0.0,0.0,0.0,0.0,0.0,0.0,0.0,0.0,0.0,117.207,146.697,225.0,879.05,3.90689,225.0,879.05,3.90689,15.0,0.0,0.0666667,90.0,13185.8,58.6034,0.0,0.0,0.0,0.0,0.0,0.0,225.0,0.0,0.0,0.0,0.0,0.0,0.0,1.0,0.0,0.0,0.0,0.0,1.0,15.0,0.0666667,1.0,0.0,0.0,0.0,0.0,0.0,0.0,0.0,0.0,0.0,0.0,1.0,0.0,1.0,1.0,1.0,1.0,0.0,0.0,0.0,15.0,15.0,1.0,0.0,0.0,0.0,0.0,0.0,0.0,0.0,945.0,879.05,879.05,15.0,15.0,1.0,0.0,15.0,1.0,1125.0,71117.0,225.0,321.076,15.0,3375.0,3375.0,225.0
pentominoes-zayenz,2021,size_20_tiles_10_seed_42_strategy_far,400.0,1328.77,3.32193,0.0,0.0,0.0,0.0,0.0,0.0,0.0,-4.44089e-16,-4.44089e-16,-4.44089e-16,86.4386,103.759,400.0,1328.77,3.32193,400.0,1328.77,3.32193,10.0,0.0,0.025,60.0,13287.7,33.2193,0.0,0.0,0.0,0.0,0.0,0.0,400.0,0.0,0.0,0.0,0.0,0.0,0.0,1.0,0.0,0.0,0.0,0.0,1.0,10.0,0.1,1.0,0.0,0.0,0.0,0.0,0.0,0.0,0.0,0.0,0.0,0.0,1.0,0.0,1.0,1.0,1.0,1.0,0.0,0.0,0.0,10.0,10.0,1.0,0.0,0.0,0.0,0.0,0.0,0.0,0.0,1660.0,1328.77,1328.77,10.0,10.0,1.0,0.0,10.0,1.0,2000.0,96354.0,400.0,245.885,40.0,4000.0,4000.0,400.0
pentominoes-zayenz,2021,size_20_tiles_15_seed_4711_strategy_source,400.0,1562.76,3.90689,0.0,0.0,0.0,0.0,0.0,0.0,0.0,0.0,0.0,0.0,129.658,159.148,400.0,1562.76,3.90689,400.0,1562.76,3.90689,15.0,0.0,0.0375,90.0,23441.3,58.6034,0.0,0.0,0.0,0.0,0.0,0.0,400.0,0.0,0.0,0.0,0.0,0.0,0.0,1.0,0.0,0.0,0.0,0.0,1.0,15.0,0.0666667,1.0,0.0,0.0,0.0,0.0,0.0,0.0,0.0,0.0,0.0,0.0,1.0,0.0,1.0,1.0,1.0,1.0,0.0,0.0,0.0,15.0,15.0,1.0,0.0,0.0,0.0,0.0,0.0,0.0,0.0,1660.0,1562.76,1562.76,15.0,15.0,1.0,0.0,15.0,1.0,2000.0,162700.0,400.0,411.75,26.6667,6000.0,6000.0,400.0
pentominoes-zayenz,2021,size_5_tiles_20_seed_17_strategy_close,25.0,108.048,4.32193,0.0,0.0,0.0,0.0,0.0,0.0,0.0,0.0,0.0,0.0,92.8771,135.111,25.0,108.048,4.32193,25.0,108.048,4.32193,20.0,0.0,0.8,120.0,2160.96,86.4386,0.0,0.0,0.0,0.0,0.0,0.0,25.0,0.0,0.0,0.0,0.0,0.0,0.0,1.0,0.0,0.0,0.0,0.0,1.0,20.0,0.05,1.0,0.0,0.0,0.0,0.0,0.0,0.0,0.0,0.0,0.0,0.0,1.0,0.0,1.0,1.0,1.0,1.0,0.0,0.0,0.0,20.0,20.0,1.0,0.0,0.0,0.0,0.0,0.0,0.0,0.0,55.0,108.048,108.048,20.0,20.0,1.0,0.0,20.0,1.0,75.0,1475.0,25.0,62.0,1.25,500.0,500.0,25.0
perfect_square,2021,102,50.0,411.841,8.23683,0.0,0.0,0.0,0.0,0.0,0.0,0.0,0.0,0.0,0.0,5.64386,8.68594,50.0,411.841,8.23683,50.0,411.841,8.23683,1.0,0.0,0.02,4.0,411.841,8.23683,0.0,0.0,0.0,0.0,0.0,0.0,50.0,0.0,0.0,0.0,0.0,0.0,0.0,1.0,0.0,0.0,0.0,0.0,1.0,1.0,1.0,1.0,0.0,0.0,0.0,0.0,0.0,0.0,0.0,0.0,0.0,0.0,1.0,0.0,5.0,0.0,5.0,5.0,0.0,5.0,0.0,1.0,306.12,306.12,0.0,0.155022,0.155022,0.0,0.0,4.64386,4.64386,50.0,0.0,411.841,1.0,353.0,353.0,0.0,173.0,173.0,100.0,25.0,50.0,2.5,50.0,50.0,15306.0,15306.0
perfect_square,2021,195,50.0,447.473,8.94946,0.0,0.0,0.0,0.0,0.0,0.0,0.0,0.0,0.0,0.0,5.64386,8.80566,50.0,447.473,8.94946,50.0,447.473,8.94946,1.0,0.0,0.02,4.0,447.473,8.94946,0.0,0.0,0.0,0.0,0.0,0.0,50.0,0.0,0.0,0.0,0.0,0.0,0.0,1.0,0.0,0.0,0.0,0.0,1.0,1.0,1.0,1.0,0.0,0.0,0.0,0.0,0.0,0.0,0.0,0.0,0.0,0.0,1.0,0.0,5.0,0.0,5.0,5.0,0.0,5.0,0.0,1.0,499.56,499.56,0.0,0.13955,0.13955,0.0,0.0,4.64386,4.64386,50.0,0.0,447.473,1.0,592.0,592.0,0.0,356.0,356.0,100.0,25.0,50.0,2.5,50.0,50.0,24978.0,24978.0
perfect_square,2021,205,50.0,453.478,9.06957,0.0,0.0,0.0,0.0,0.0,0.0,0.0,0.0,0.0,0.0,5.64386,8.82489,50.0,453.478,9.06957,50.0,453.478,9.06957,1.0,0.0,0.02,4.0,453.478,9.06957,0.0,0.0,0.0,0.0,0.0,0.0,50.0,0.0,0.0,0.0,0.0,0.0,0.0,1.0,0.0,0.0,0.0,0.0,1.0,1.0,1.0,1.0,0.0,0.0,0.0,0.0,0.0,0.0,0.0,0.0,0.0,0.0,1.0,0.0,5.0,0.0,5.0,5.0,0.0,5.0,0.0,1.0,543.48,543.48,0.0,0.145848,0.145848,0.0,0.0,4.64386,4.64386,50.0,0.0,453.478,1.0,638.0,638.0,0.0,392.0,392.0,100.0,25.0,50.0,2.5,50.0,50.0,27174.0,27174.0
perfect_square,2021,57,50.0,386.531,7.73062,0.0,0.0,0.0,0.0,0.0,0.0,0.0,0.0,0.0,0.0,5.64386,8.59444,50.0,386.531,7.73062,50.0,386.531,7.73062,1.0,0.0,0.02,4.0,386.531,7.73062,0.0,0.0,0.0,0.0,0.0,0.0,50.0,0.0,0.0,0.0,0.0,0.0,0.0,1.0,0.0,0.0,0.0,0.0,1.0,1.0,1.0,1.0,0.0,0.0,0.0,0.0,0.0,0.0,0.0,0.0,0.0,0.0,1.0,0.0,5.0,0.0,5.0,5.0,0.0,5.0,0.0,1.0,215.4,215.4,0.0,0.151861,0.151861,0.0,0.0,4.64386,4.64386,50.0,0.0,386.531,1.0,252.0,252.0,0.0,121.0,121.0,100.0,25.0,50.0,2.5,50.0,50.0,10770.0,10770.0
perfect_square,2021,92,50.0,404.29,8.08581,0.0,0.0,0.0,0.0,0.0,0.0,0.0,0.0,0.0,0.0,5.64386,8.65925,50.0,404.29,8.08581,50.0,404.29,8.08581,1.0,0.0,0.02,4.0,404.29,8.08581,0.0,0.0,0.0,0.0,0.0,0.0,50.0,0.0,0.0,0.0,0.0,0.0,0.0,1.0,0.0,0.0,0.0,0.0,1.0,1.0,1.0,1.0,0.0,0.0,0.0,0.0,0.0,0.0,0.0,0.0,0.0,0.0,1.0,0.0,5.0,0.0,5.0,5.0,0.0,5.0,0.0,1.0,274.84,274.84,0.0,0.145857,0.145857,0.0,0.0,4.64386,4.64386,50.0,0.0,404.29,1.0,323.0,323.0,0.0,192.0,192.0,100.0,25.0,50.0,2.5,50.0,50.0,13742.0,13742.0
physician-scheduling,2021,instance03_0.34,3.10843,3.61088,1.20938,0.0,0.0,0.0,1.01732,1.10776,0.0,78.0,1.55197,2.63831,0.768096,22073.0,25258.2,124.0,249.771,3.16993,1.0,1.58496,1.0,15457.0,0.0,1.01198,35829.0,55813.4,18693.4,5472.0,341.0,8506.0,0.0,0.0,2945.0,6690.0,0.354014,0.0220612,0.556894,0.0,0.0,0.190529,0.437999,0.0320243,0.00510672,495.0,78.0,5.0,457.0,0.0109409,0.0295659,1.0,0.317897,6.46956e-05,-0.678521,54921.0,9377.7,54921.0,123.582,0.0,0.0,2.0,0.0,5.0,0.0,5.0,5.0,0.0,5.0,0.0,3.14567,5.85655,4.57234,1.00528,75.8746,97.186,14831.0,1.40555,0.449676,0.844186,21565.0,20293.9,16531.8,25.0,54921.0,54921.0,0.0,2.0,0.08,6996.0,2075.0,15274.0,0.593885,0.988161,48047.0,89453.0,69837.9
physician-scheduling,2021,instance10-duplicated_0.23,3.1382,3.63716,1.20788,0.0,0.0,0.0,1.42506,1.5308,0.0,102.0,1.49003,2.5917,0.762773,31729.6,36347.1,190.0,364.1,3.16993,1.0,1.58496,1.0,22511.0,0.0,1.00223,51990.0,81876.2,27190.7,8031.0,516.0,12503.0,0.0,0.0,4102.0,9856.0,0.356759,0.0229221,0.556654,0.0,0.0,0.182222,0.438805,0.0318067,0.0045412,716.0,102.0,5.0,678.0,0.00737463,0.0301186,1.0,0.317946,4.44227e-05,-0.678367,81466.0,13855.4,81466.0,149.864,0.0,0.0,2.0,0.0,5.0,0.0,5.0,5.0,0.0,5.0,0.0,3.14518,5.87975,4.60057,1.00543,92.4462,118.151,21796.0,1.41117,0.441947,0.840999,31833.0,29837.8,24257.7,25.0,81466.0,81466.0,0.0,2.0,0.08,10395.0,2351.0,22461.0,0.567473,0.997779,70644.0,132065.0,103333.0
physician-scheduling,2021,instance13-duplicated_0.56,3.13766,3.64795,1.21229,0.0,0.0,0.0,1.42531,1.57474,0.0,192.0,1.51645,2.61648,0.775696,49959.8,57346.1,275.0,566.757,3.16993,1.0,1.58496,1.0,35391.0,0.0,1.00323,81830.0,129105.0,42904.2,12659.0,774.0,19652.0,0.0,0.0,6513.0,15433.0,0.35769,0.02187,0.557077,0.0,0.0,0.18403,0.437481,0.0326072,0.00544264,1154.0,192.0,5.0,1029.0,0.00485909,0.0290752,1.0,0.317682,2.82558e-05,-0.679195,126121.0,21592.6,126121.0,187.816,0.0,0.0,2.0,0.0,5.0,0.0,5.0,5.0,0.0,5.0,0.0,3.1478,5.84094,4.55339,1.0046,114.961,147.468,34267.0,1.40213,0.452041,0.844988,49904.0,46902.5,38194.0,25.0,126121.0,126121.0,0.0,2.0,0.08,16262.0,2370.0,35277.0,0.528163,0.996779,111045.0,206051.0,160630.0
physician-scheduling,2021,instance17_oneweek_real,3.11025,3.66959,1.2286,0.0,0.0,0.0,1.06635,1.2187,0.0,156.0,1.57216,2.71694,0.82187,39004.1,45018.4,202.0,431.686,4.64386,1.0,1.58496,1.0,27320.0,0.0,1.01411,63687.0,100253.0,33565.4,9615.0,601.0,14911.0,0.0,0.0,5213.0,11873.0,0.35194,0.0219985,0.553489,0.0,0.0,0.190813,0.44072,0.0323939,0.00579065,885.0,156.0,5.0,960.0,0.00520833,0.0351391,1.0,0.317046,3.66032e-05,-0.681193,95091.0,15969.3,95091.0,164.127,0.0,0.0,2.0,0.0,5.0,0.0,5.0,5.0,0.0,5.0,0.0,3.15412,5.9546,4.5852,1.00259,97.2924,126.349,26185.0,1.42389,0.512303,0.899272,37932.0,35905.5,29856.2,25.0,95091.0,95091.0,0.0,2.0,0.08,12243.0,2108.0,26940.0,0.532702,0.986091,84972.0,160417.0,123525.0
physician-scheduling,2021,instance18_real,3.1226,3.68605,1.2302,0.0,0.0,0.0,1.15466,1.43555,0.0,338.0,1.58368,2.73394,0.825513,78472.0,90611.3,384.0,855.276,4.64386,1.0,1.58496,1.0,54845.0,0.0,1.01719,127859.0,202162.0,67470.4,19282.0,1329.0,29856.0,0.0,0.0,10471.0,23724.0,0.351573,0.0242319,0.55373,0.0,0.0,0.19092,0.440001,0.0327286,0.00626878,1795.0,338.0,5.0,1891.0,0.0026441,0.034479,1.0,0.314833,1.82332e-05,-0.688202,188821.0,31821.8,188821.0,232.196,0.0,0.0,2.0,0.0,5.0,0.0,5.0,5.0,0.0,5.0,0.0,3.17629,5.9337,4.55783,0.99559,137.043,178.411,52435.0,1.42528,0.516955,0.913888,75891.0,72238.3,59817.8,25.0,188821.0,188821.0,0.0,2.0,0.08,24498.0,2143.0,53918.0,0.494102,0.983098,171259.0,319933.0,245749.0
pillars-and-planks,2020,p-d10,4.86268,17.7804,3.40296,0.0,0.0,0.0,1.08819,1.21539,0.0,0.0,1.75067,4.9803,1.97835,498.624,981.053,44.0,171.546,4.64386,2.0,2.0,1.0,284.0,0.0,1.20851,974.0,5049.63,966.442,1.0,16.0,32.0,0.0,0.0,160.0,203.0,0.00352113,0.056338,0.13617,0.0,0.0,0.56338,0.86383,0.0,0.0,0.0,0.0,2.0,107.0,0.0186916,0.376761,1.0,0.170167,0.00352113,-0.663621,12.0,0.952703,12.0,-0.0733311,0.0,0.0,2.0,0.0,5.0,5.0,5.0,5.0,0.0,0.0,0.0,5.8766,12.5957,4.09219,1.25046,0.644983,0.810477,168.0,2.15263,3.18312,2.80665,287.0,424.522,751.968,27.0,25.0,12.0,0.0,2.0,0.333333,184.0,82.0,235.0,1.13191,0.827465,1381.0,2960.0,961.665
pillars-and-planks,2020,p-d12,4.71923,16.7852,3.34823,0.0,0.0,0.0,1.14111,1.26521,0.0,0.0,1.7499,4.90517,1.38193,447.839,886.335,44.0,166.475,4.32193,2.0,2.0,1.0,260.0,0.0,1.18721,890.0,4364.16,870.54,1.0,14.0,28.0,0.0,0.0,148.0,191.0,0.00384615,0.0538462,0.127854,0.0,0.0,0.569231,0.872146,0.0,0.0,0.0,0.0,2.0,97.0,0.0206186,0.373077,1.0,0.178484,0.00384615,-0.710218,12.0,1.02656,12.0,0.0484923,0.0,0.0,2.0,0.0,5.0,5.0,5.0,5.0,0.0,0.0,0.0,5.60274,11.6895,3.85247,1.15671,0.547767,0.734185,158.0,2.25471,3.23072,2.47531,269.0,396.124,697.054,22.0,20.0,12.0,0.0,2.0,0.428571,182.0,86.0,219.0,1.22374,0.842308,1227.0,2560.0,843.692
pillars-and-planks,2020,p-d17,5.48571,22.1653,3.69043,0.0,0.0,0.0,1.4469,1.59571,0.0,0.0,1.6761,4.98843,1.72277,855.896,1736.42,72.0,311.73,4.61441,2.0,2.0,1.0,490.0,0.0,1.25964,1664.0,10861.0,1808.31,1.0,41.0,82.0,0.0,0.0,294.0,307.0,0.00204082,0.0836735,0.210797,0.0,0.0,0.6,0.789203,0.0,0.0,0.0,0.0,2.0,154.0,0.012987,0.314286,1.0,0.144717,0.00204082,-0.609573,24.0,1.58157,24.0,0.951645,0.0,0.0,2.0,0.0,5.0,5.0,5.0,5.0,0.0,0.0,0.0,6.91003,15.1748,5.06125,1.40309,0.611119,0.905423,291.0,2.15866,3.15592,2.4666,470.0,717.736,1309.75,33.0,27.0,24.0,0.0,2.0,0.30303,297.0,136.0,389.0,1.11311,0.793878,2688.0,5903.0,1968.83
pillars-and-planks,2020,p-d2,4.7406,16.0844,3.17702,0.0,0.0,0.0,0.989414,1.09817,0.0,0.0,1.55713,4.9131,1.5468,470.929,899.542,40.0,143.371,4.32193,2.0,2.0,1.0,266.0,0.0,1.19283,919.0,4278.46,845.087,1.0,11.0,22.0,0.0,0.0,143.0,201.0,0.0037594,0.0413534,0.0986547,0.0,0.0,0.537594,0.901345,0.0,0.0,0.0,0.0,2.0,111.0,0.018018,0.417293,1.0,0.176844,0.0037594,-0.645492,10.0,0.970832,10.0,-0.0493934,0.0,0.0,2.0,0.0,5.0,5.0,5.0,5.0,0.0,0.0,0.0,5.65471,10.3004,3.38595,1.27524,0.590534,0.723428,154.0,2.22294,2.89568,2.80132,295.0,397.499,669.334,29.0,20.0,10.0,0.0,2.0,0.275862,190.0,63.0,223.0,1.13453,0.838346,1261.0,2297.0,755.067
pillars-and-planks,2020,p-d7,4.86268,16.3562,3.15264,0.0,0.0,0.0,1.08819,1.23343,0.0,0.0,1.75067,4.87841,1.98344,498.624,945.547,44.0,155.802,4.64386,2.0,2.0,1.0,284.0,0.0,1.20851,974.0,4645.15,895.351,1.0,16.0,32.0,0.0,0.0,160.0,203.0,0.00352113,0.056338,0.13617,0.0,0.0,0.56338,0.86383,0.0,0.0,0.0,0.0,2.0,107.0,0.0186916,0.376761,1.0,0.170167,0.00352113,-0.663621,8.0,0.706767,8.0,-0.391165,0.0,0.0,2.0,0.0,5.0,5.0,5.0,5.0,0.0,0.0,0.0,5.8766,11.3191,3.61483,1.25046,0.74964,0.874806,168.0,2.15263,3.18741,2.70456,287.0,424.522,705.983,27.0,25.0,12.0,0.0,2.0,0.185185,184.0,82.0,235.0,1.13191,0.827465,1381.0,2660.0,849.486
portal,2024,random_10_0_100,2.93849,4.84601,1.68811,0.0,0.0,0.0,0.481273,1.33734,0.0,98.0,1.79511,3.53706,1.65489,20099.2,27739.5,100.0,659.163,6.65821,1.0,1.0,1.0,13574.0,0.0,1.11262,36792.0,65779.7,22914.4,3050.0,4520.0,9932.0,0.0,0.0,5020.0,2268.0,0.224694,0.33299,0.814098,0.0,0.0,0.369825,0.185902,0.0144394,0.0,196.0,0.0,3.0,789.0,0.00380228,0.0581258,199.0,60.8669,0.0146604,69.2012,101.0,14.2593,0.507538,2.57041,0.0,0.0,2.0,0.0,1.0,1.0,1.0,1.0,0.0,0.0,0.0,3.26943,7.08311,2.19695,0.865114,5.15842,4.22112,10622.0,1.97715,1.11684,1.33868,12004.0,17808.5,17348.6,199.0,400.0,100.0,0.0,2.0,0.181818,296.0,4067.0,12200.0,0.357623,0.898777,39887.0,86414.0,26802.8
portal,2024,random_10_9_10,2.90191,4.6544,1.64425,0.0,0.0,0.0,0.0,0.568441,0.0,8.0,1.83408,3.50164,1.56319,1685.16,2308.92,10.0,31.1349,6.05164,1.0,1.0,1.0,1152.0,0.0,1.10983,3124.0,5361.86,1894.17,260.0,380.0,840.0,0.0,0.0,430.0,198.0,0.225694,0.329861,0.809249,0.0,0.0,0.373264,0.190751,0.0138889,0.0,16.0,0.0,3.0,67.0,0.0447761,0.0581597,19.0,5.89949,0.0164931,7.05675,11.0,1.75932,0.578947,0.136371,0.0,0.0,2.0,0.0,1.0,1.0,1.0,1.0,0.0,0.0,0.0,3.22062,6.25241,1.96286,0.694298,5.56806,4.44138,900.0,2.02377,1.09821,1.36281,1022.0,1503.43,1457.23,19.0,400.0,100.0,0.0,2.0,0.181818,26.0,1327.0,1038.0,1.30347,0.901042,3343.0,6490.0,2037.45
portal,2024,random_20_1_100,2.93862,5.42928,1.89391,0.0,0.0,0.0,0.48125,1.26272,0.528008,98.0,1.79516,3.53654,1.58309,20097.2,29065.9,100.0,659.163,7.51809,1.0,1.0,1.0,13572.0,0.0,1.11264,36784.0,73686.2,25704.2,3050.0,4520.0,9930.0,0.0,0.0,5020.0,2268.0,0.224727,0.333039,0.814068,0.0,0.0,0.369879,0.185932,0.0144415,0.0,196.0,0.0,3.0,787.0,0.00381194,0.057987,199.0,60.8631,0.0146625,69.2011,101.0,5.6563,0.507538,0.582337,0.0,0.0,2.0,0.0,1.0,1.0,1.0,1.0,0.0,0.0,0.0,3.26963,17.8562,4.93817,0.865059,7.99588,7.23367,10620.0,1.97659,1.11697,1.49422,12002.0,17805.5,18844.8,199.0,1600.0,400.0,0.0,2.0,0.181818,296.0,27719.0,12198.0,2.29669,0.898762,39883.0,217810.0,60235.9
portal,2024,random_20_9_100,2.93855,5.42974,1.8942,0.0,0.0,0.0,0.481262,1.26261,0.527927,98.0,1.79513,3.5368,1.5835,20098.2,29069.4,100.0,659.163,7.51809,1.0,1.0,1.0,13573.0,0.0,1.11263,36788.0,73697.8,25710.0,3050.0,4520.0,9931.0,0.0,0.0,5020.0,2268.0,0.224711,0.333014,0.814083,0.0,0.0,0.369852,0.185917,0.0144404,0.0,196.0,0.0,3.0,788.0,0.00380711,0.0580564,199.0,60.865,0.0146615,69.2012,101.0,5.65671,0.507538,0.582375,0.0,0.0,2.0,0.0,1.0,1.0,1.0,1.0,0.0,0.0,0.0,3.26953,17.8549,4.93127,0.865087,7.99607,7.23244,10621.0,1.97687,1.1169,1.4946,12003.0,17807.0,18845.8,199.0,1600.0,400.0,0.0,2.0,0.181818,296.0,26521.0,12199.0,2.19829,0.89877,39885.0,217812.0,60156.6
portal,2024,small_3,2.92524,4.74386,1.66054,0.0,0.0,0.0,0.341852,0.666604,0.0,20.0,1.8114,3.55136,1.58152,4142.56,5688.66,22.0,94.9948,6.05164,1.0,1.0,1.0,2809.0,0.0,1.11159,7616.0,13325.5,4664.45,632.0,932.0,2053.0,0.0,0.0,1042.0,474.0,0.224991,0.331791,0.812426,0.0,0.0,0.370951,0.187574,0.0142399,0.0,40.0,0.0,3.0,164.0,0.0182927,0.0583838,43.0,13.2239,0.0153079,17.776,23.0,3.58506,0.534884,0.469644,0.0,0.0,2.0,0.0,1.0,1.0,1.0,1.0,0.0,0.0,0.0,3.25168,6.41551,1.9839,0.687665,5.5043,4.39427,2197.0,1.99707,1.12436,1.35586,2487.0,3679.29,3557.7,43.0,400.0,100.0,0.0,2.0,0.181818,62.0,3965.0,2527.0,1.59359,0.899608,8217.0,16212.0,5013.32
prize-collecting,2016,28-4-7-1,2.82658,6.83154,2.1475,0.0,0.0,0.0,1.58217,2.61852,0.465657,0.0,0.471724,1.75993,1.35064,2191.87,3866.16,29.0,286.364,9.87461,2.0,2.0,1.0,1926.0,0.0,1.0294,4996.0,13157.5,4136.09,27.0,55.0,948.0,0.0,0.0,977.0,923.0,0.0140187,0.0285566,0.506681,0.0,0.0,0.507269,0.493319,0.0140187,0.0,27.0,0.0,1.0,56.0,0.0178571,0.0290758,1.0,0.343681,0.000519211,-0.389811,136.0,7.28578,136.0,0.962753,0.0,0.0,3.0,5.0,0.0,0.0,5.0,5.0,0.0,5.0,0.0,2.90967,18.6665,8.89617,1.68369,6.52897,6.85688,1789.0,0.446854,0.529089,0.36795,2629.0,2131.43,2551.32,33.0,1009.0,504.5,0.0,2.0,0.5,897.0,872.0,1871.0,0.945484,0.971443,5444.0,34925.0,16644.7
prize-collecting,2016,30-5-6-2,2.83608,6.92677,2.16412,0.0,0.0,0.0,1.65384,2.72392,0.462082,0.0,0.451703,1.7302,1.33584,2474.68,4389.26,31.0,306.708,9.89381,2.0,2.0,1.0,2184.0,0.0,1.02776,5654.0,15128.1,4726.44,29.0,59.0,1076.0,0.0,0.0,1107.0,1049.0,0.0132784,0.0270147,0.506353,0.0,0.0,0.506868,0.493647,0.0132784,0.0,29.0,0.0,1.0,60.0,0.0166667,0.0274725,1.0,0.343074,0.000457875,-0.375528,174.0,9.74129,174.0,1.31679,0.0,0.0,3.0,5.0,0.0,0.0,5.0,5.0,0.0,5.0,0.0,2.91482,17.8621,8.49256,1.74934,6.63834,6.99103,2037.0,0.426437,0.507791,0.351332,2997.0,2409.76,2865.88,35.0,1010.0,505.0,0.0,2.0,0.5,1021.0,994.0,2125.0,0.948235,0.972985,6194.0,37957.0,18046.7
prize-collecting,2016,30-5-6-8,2.83608,6.92655,2.1641,0.0,0.0,0.0,1.65384,2.724,0.462086,0.0,0.451703,1.72852,1.33584,2474.68,4389.25,31.0,306.298,9.88059,2.0,2.0,1.0,2184.0,0.0,1.02776,5654.0,15127.6,4726.4,29.0,59.0,1076.0,0.0,0.0,1107.0,1049.0,0.0132784,0.0270147,0.506353,0.0,0.0,0.506868,0.493647,0.0132784,0.0,29.0,0.0,1.0,60.0,0.0166667,0.0274725,1.0,0.343074,0.000457875,-0.375528,136.0,7.62915,136.0,0.998037,0.0,0.0,3.0,5.0,0.0,0.0,5.0,5.0,0.0,5.0,0.0,2.91482,17.8264,8.46574,1.74934,6.64219,6.99924,2037.0,0.426437,0.504362,0.348239,2997.0,2409.76,2865.47,35.0,1009.0,504.5,0.0,2.0,0.5,1021.0,994.0,2125.0,0.948235,0.972985,6194.0,37881.0,17989.7
prize-collecting,2016,32-4-8-2,2.84459,7.01611,2.17986,0.0,0.0,0.0,1.68595,2.82553,0.458746,0.0,0.433461,1.70199,1.32498,2773.87,4945.43,33.0,326.811,9.90335,2.0,2.0,1.0,2458.0,0.0,1.0263,6352.0,17245.6,5358.09,31.0,63.0,1212.0,0.0,0.0,1245.0,1183.0,0.0126119,0.0256306,0.506054,0.0,0.0,0.506509,0.493946,0.0126119,0.0,31.0,0.0,1.0,64.0,0.015625,0.0260374,1.0,0.342534,0.000406835,-0.362735,192.0,11.2121,192.0,1.51466,0.0,0.0,3.0,5.0,0.0,0.0,5.0,5.0,0.0,5.0,0.0,2.91942,17.1244,8.11746,1.81252,6.74216,7.12169,2301.0,0.407951,0.486203,0.336117,3389.0,2704.47,3196.98,37.0,1010.0,505.0,0.0,2.0,0.5,1153.0,1124.0,2395.0,0.950731,0.974369,6992.0,41013.0,19441.3
prize-collecting,2016,32-4-8-5,2.84459,7.01606,2.17985,0.0,0.0,0.0,1.68595,2.82555,0.458747,0.0,0.433461,1.69986,1.32498,2773.87,4945.43,33.0,326.71,9.90029,2.0,2.0,1.0,2458.0,0.0,1.0263,6352.0,17245.5,5358.07,31.0,63.0,1212.0,0.0,0.0,1245.0,1183.0,0.0126119,0.0256306,0.506054,0.0,0.0,0.506509,0.493946,0.0126119,0.0,31.0,0.0,1.0,64.0,0.015625,0.0260374,1.0,0.342534,0.000406835,-0.362735,181.0,10.5754,181.0,1.42005,0.0,0.0,3.0,5.0,0.0,0.0,5.0,5.0,0.0,5.0,0.0,2.91942,17.1152,8.11057,1.81252,6.74299,7.12347,2301.0,0.407951,0.483348,0.337809,3389.0,2704.47,3196.88,37.0,1010.0,505.0,0.0,2.0,0.5,1153.0,1124.0,2395.0,0.950731,0.974369,6992.0,40991.0,19424.8
products-and-shelves,2025,ps-25-01,4.67912,10.0584,2.40628,0.0,0.0,0.0,0.565438,0.2812,0.0,0.0,1.18142,1.48459,1.01459,47468.8,74845.7,25.0,83.0482,3.45943,1.0,2.0,1.0,23180.0,0.0,1.16086,81923.0,233154.0,55777.6,451.0,3720.0,18480.0,0.0,0.0,19006.0,1488.0,0.0194564,0.160483,0.925481,0.0,0.0,0.819931,0.0745192,0.0,0.0,0.0,0.0,1.0,3.0,0.333333,0.000129422,1.0,0.184101,4.31406e-05,-0.428437,10.0,3.90671,10.0,3.72015,0.0,5.0,2.0,0.0,5.0,0.0,5.0,5.0,0.0,0.0,0.0,5.43179,2.5597,0.908666,1.90436,0.781343,0.0,18504.0,0.813437,0.469572,0.543196,20688.0,28975.8,23287.9,49.0,11.0,10.0,0.0,2.0,0.08,3648.0,13.0,19968.0,0.183343,0.861432,108462.0,51112.0,18144.2
products-and-shelves,2025,ps-25-03,4.69543,9.94964,2.36384,0.0,0.0,0.0,0.563474,0.284274,0.0,0.0,1.1694,1.50397,1.07297,51397.8,80335.8,26.0,86.3701,3.58496,1.0,2.0,1.0,25022.0,0.0,1.16111,88589.0,248960.0,59148.0,471.0,4000.0,20000.0,0.0,0.0,20548.0,1550.0,0.0188234,0.159859,0.928074,0.0,0.0,0.821197,0.0719258,0.0,0.0,0.0,0.0,1.0,3.0,0.333333,0.000119894,1.0,0.183421,3.99648e-05,-0.420667,10.0,3.99133,10.0,4.32699,0.0,5.0,2.0,0.0,5.0,0.0,5.0,5.0,0.0,0.0,0.0,5.45193,2.50543,0.909122,1.94115,0.691319,0.0,20025.0,0.791004,0.457061,0.530667,22300.0,31060.2,24791.2,51.0,12.0,10.0,0.0,2.0,0.0769231,3800.0,16.0,21550.0,0.177077,0.861242,117489.0,53992.0,19591.6
products-and-shelves,2025,ps-50-06,4.9052,12.2632,2.88504,0.0,0.0,0.0,0.539377,0.199743,0.0,0.0,0.973773,1.15593,0.771441,400305.0,667631.0,51.0,220.418,4.32193,1.0,2.0,1.0,187504.0,0.0,1.1639,679101.0,2299400.0,540956.0,1901.0,28500.0,155000.0,0.0,0.0,157098.0,6100.0,0.0101385,0.151997,0.962135,0.0,0.0,0.837838,0.0378647,0.0,0.0,0.0,0.0,1.0,5.0,0.2,2.66661e-05,1.0,0.175157,5.33322e-06,-0.292612,20.0,7.89741,20.0,6.6021,0.0,5.0,2.0,0.0,5.0,0.0,5.0,5.0,0.0,0.0,0.0,5.70915,2.53248,0.951124,2.81889,1.04473,0.0,155050.0,0.474809,0.236918,0.339672,164100.0,207729.0,179429.0,101.0,20.0,20.0,0.0,2.0,0.0392157,15100.0,22.0,161100.0,0.0938672,0.859182,919744.0,407982.0,153226.0
products-and-shelves,2025,ps-50-09,4.90534,8.16139,1.83664,0.0,0.0,0.0,0.539361,0.245056,0.0,0.0,0.97443,1.15656,0.681011,400355.0,557229.0,51.0,220.418,4.32193,1.0,2.0,1.0,187523.0,0.0,1.16402,679140.0,1530450.0,344412.0,1921.0,28500.0,155000.0,0.0,0.0,157098.0,6100.0,0.0102441,0.151981,0.962135,0.0,0.0,0.837753,0.0378647,0.0,0.0,0.0,0.0,1.0,4.0,0.25,2.13307e-05,1.0,0.175135,5.33268e-06,-0.292659,20.0,9.42155,20.0,0.0,0.0,5.0,2.0,0.0,5.0,0.0,5.0,5.0,0.0,0.0,0.0,5.70989,2.12279,0.945152,2.81852,0.0,0.0,155050.0,0.473177,0.236918,0.339672,164100.0,207731.0,169360.0,101.0,20.0,20.0,0.0,2.0,0.0392157,15100.0,22.0,161100.0,0.0938672,0.859095,919864.0,341982.0,152264.0
products-and-shelves,2025,toy,4.26591,8.90693,2.28835,0.0,0.0,0.0,0.620208,0.372364,0.0,0.0,1.3848,2.01093,1.21575,21159.9,33512.8,12.0,51.8631,4.32193,1.0,2.0,1.0,11203.0,0.0,1.15471,37824.0,99784.4,25636.4,401.0,1980.0,8360.0,0.0,0.0,8820.0,1342.0,0.035794,0.176738,0.861678,0.0,0.0,0.787289,0.138322,0.0,0.0,0.0,0.0,1.0,2.0,0.5,0.000178524,1.0,0.203009,8.92618e-05,-0.654315,20.0,6.68596,20.0,6.94376,0.0,5.0,2.0,0.0,5.0,0.0,5.0,5.0,0.0,0.0,0.0,4.92589,2.99134,0.873818,1.21805,0.81886,0.0,8371.0,1.29343,0.595633,0.643669,10302.0,15837.5,12636.1,23.0,20.0,20.0,0.0,2.0,0.166667,3262.0,12.0,9702.0,0.337456,0.866018,47791.0,29022.0,8477.79
project-planning,2012,ProjectPlannertest_12_8,3.07314,5.41236,1.73384,0.0,0.0,0.0,0.56361,1.01199,0.0,0.0,1.9179,3.93111,1.65207,3288.48,4686.53,14.0,63.9551,5.89457,2.0,2.0,1.0,2256.0,0.0,0.99823,6652.0,12210.3,3911.54,311.0,187.0,1081.0,0.0,0.0,1002.0,1179.0,0.137855,0.0828901,0.478319,0.0,0.0,0.444149,0.521681,0.0,0.0,0.0,0.0,1.0,368.0,0.00271739,0.163121,1.0,0.325977,0.000443262,-0.533878,157.0,36.0041,157.0,16.4595,5.0,0.0,2.0,5.0,0.0,5.0,0.0,5.0,0.0,0.0,0.0,3.0677,4.36062,1.81911,1.2625,2.12667,2.96032,2224.0,1.41281,1.57957,1.50111,2269.0,2939.63,3352.31,47.0,157.0,157.0,0.0,2.0,0.0425532,577.0,245.0,2260.0,0.363717,1.00177,6933.0,9855.0,4111.2
project-planning,2012,ProjectPlannertest_13_6,3.0518,5.505,1.76225,0.0,0.0,0.0,0.655351,1.07467,0.0,0.0,1.86284,3.9793,1.66517,3644.26,5254.47,15.0,71.7122,5.97306,2.0,2.0,1.0,2529.0,0.0,0.99724,7439.0,13922.1,4456.74,337.0,182.0,1170.0,0.0,0.0,1135.0,1366.0,0.133254,0.0719652,0.461356,0.0,0.0,0.448794,0.538644,0.0,0.0,0.0,0.0,1.0,422.0,0.00236967,0.166864,1.0,0.328583,0.000395413,-0.56673,170.0,37.0665,170.0,16.6247,5.0,0.0,2.0,5.0,0.0,5.0,0.0,5.0,0.0,0.0,0.0,3.04338,4.58636,1.90035,1.18472,2.16945,2.97675,2497.0,1.35361,1.62114,1.56171,2561.0,3281.26,3831.63,38.0,170.0,170.0,0.0,2.0,0.0526316,677.0,246.0,2536.0,0.363959,1.00277,7718.0,11631.0,4819.28
project-planning,2012,ProjectPlannertest_13_8,3.05014,5.50799,1.76531,0.0,0.0,0.0,0.655708,1.07409,0.0,0.0,1.86146,3.9823,1.66979,3648.26,5266.02,15.0,71.7122,5.97306,2.0,2.0,1.0,2533.0,0.0,0.99803,7453.0,13951.7,4471.54,337.0,182.0,1170.0,0.0,0.0,1137.0,1368.0,0.133044,0.0718516,0.460993,0.0,0.0,0.448875,0.539007,0.0,0.0,0.0,0.0,1.0,424.0,0.00235849,0.16739,1.0,0.328501,0.000394789,-0.566939,170.0,37.013,170.0,16.624,5.0,0.0,2.0,5.0,0.0,5.0,0.0,5.0,0.0,0.0,0.0,3.04413,4.59299,1.90223,1.18443,2.16632,2.9738,2499.0,1.35554,1.62364,1.56444,2561.0,3284.59,3839.03,38.0,170.0,170.0,0.0,2.0,0.0526316,677.0,246.0,2538.0,0.363672,1.00197,7726.0,11657.0,4827.87
project-planning,2012,ProjectPlannertest_14_8,3.21778,5.73957,1.78421,0.0,0.0,0.0,0.694909,1.05979,0.0,0.0,2.01383,4.05641,1.66416,4637.22,6644.29,16.0,77.4107,6.04561,2.0,2.0,1.0,3104.0,0.0,0.998071,9159.0,17815.6,5538.18,438.0,278.0,1539.0,0.0,0.0,1381.0,1571.0,0.141108,0.0895619,0.494855,0.0,0.0,0.44491,0.505145,0.0,0.0,0.0,0.0,1.0,484.0,0.00206612,0.155928,1.0,0.311374,0.000322165,-0.482605,183.0,40.0514,183.0,17.5813,5.0,0.0,2.0,5.0,0.0,5.0,0.0,5.0,0.0,0.0,0.0,3.21158,4.56913,1.86408,1.42689,2.22119,3.03466,3068.0,1.50098,1.57255,1.55518,3149.0,4127.69,4640.18,60.0,183.0,183.0,0.0,2.0,0.0333333,785.0,311.0,3110.0,0.352412,1.00193,9988.0,14210.0,5797.3
project-planning,2012,ProjectPlannertest_16_7,3.3335,6.01635,1.82782,0.0,0.0,0.0,0.734811,1.12732,0.0,0.0,2.07443,3.99114,1.54129,6138.39,8843.24,18.0,92.5607,6.17611,2.0,2.0,1.0,4045.0,0.0,0.99778,11920.0,24336.1,7393.51,587.0,364.0,2035.0,0.0,0.0,1800.0,2019.0,0.145117,0.0899876,0.501973,0.0,0.0,0.444994,0.498027,0.0,0.0,0.0,0.0,1.0,616.0,0.00162338,0.152287,1.0,0.300653,0.000247219,-0.456185,209.0,43.3151,209.0,18.4851,5.0,0.0,2.0,5.0,0.0,5.0,0.0,5.0,0.0,0.0,0.0,3.3261,4.82511,1.93554,1.53303,2.28914,3.05655,4006.0,1.55522,1.57462,1.61556,4131.0,5451.91,6110.44,71.0,209.0,209.0,0.0,2.0,0.028169,1025.0,385.0,4054.0,0.347805,1.00222,13484.0,19561.0,7846.68
project-planning,2012,ProjectPlannertest_17_9,3.40044,6.15761,1.84854,0.0,0.0,0.0,0.778062,1.14835,0.540966,0.0,2.10683,4.18676,1.5325,6994.18,10096.1,19.0,100.523,6.23527,2.0,2.0,1.0,4570.0,0.0,0.998253,13459.0,28140.3,8447.85,671.0,415.0,2314.0,0.0,0.0,2033.0,2264.0,0.146827,0.0908096,0.505461,0.0,0.0,0.444858,0.494539,0.0,0.0,0.0,0.0,1.0,688.0,0.00145349,0.150547,1.0,0.294595,0.000218818,-0.452517,222.0,44.7736,222.0,18.8199,5.0,0.0,2.0,5.0,0.0,5.0,0.0,5.0,0.0,0.0,0.0,3.3945,4.95828,1.97035,1.55885,2.32592,3.08715,4527.0,1.58707,1.58892,1.63803,4677.0,6211.45,6932.61,76.0,222.0,222.0,0.0,2.0,0.0263158,1157.0,425.0,4578.0,0.345566,1.00175,15540.0,22699.0,9020.26
project-planning,2015,ProjectPlannertest_12_7,3.07368,5.41142,1.73252,0.0,0.0,0.0,0.563511,1.01216,0.0,0.0,1.91704,3.92937,1.64972,3284.38,4678.74,14.0,63.9551,5.89457,2.0,2.0,1.0,2253.0,0.0,0.997786,6643.0,12191.9,3903.37,310.0,187.0,1080.0,0.0,0.0,1001.0,1178.0,0.137594,0.0830004,0.478299,0.0,0.0,0.444296,0.521701,0.0,0.0,0.0,0.0,1.0,367.0,0.0027248,0.162894,1.0,0.326065,0.000443853,-0.533664,157.0,36.0234,157.0,16.4598,5.0,0.0,2.0,5.0,0.0,5.0,0.0,5.0,0.0,0.0,0.0,3.06687,4.35828,1.81867,1.26284,2.12782,2.96105,2222.0,1.41438,1.5786,1.50318,2268.0,2936.47,3347.73,47.0,157.0,157.0,0.0,2.0,0.0425532,577.0,245.0,2258.0,0.364039,1.00222,6925.0,9841.0,4106.55
project-planning,2015,ProjectPlannertest_14_7,3.21548,5.7369,1.78341,0.0,0.0,0.0,0.695406,1.06029,0.0,0.0,2.01162,4.05361,1.66276,4629.18,6632.4,16.0,77.4107,6.04561,2.0,2.0,1.0,3100.0,0.0,0.997747,9147.0,17784.4,5528.57,437.0,277.0,1537.0,0.0,0.0,1380.0,1570.0,0.140968,0.0893548,0.494689,0.0,0.0,0.445161,0.505311,0.0,0.0,0.0,0.0,1.0,483.0,0.00207039,0.155806,1.0,0.311697,0.000322581,-0.481877,183.0,40.0635,183.0,17.5815,5.0,0.0,2.0,5.0,0.0,5.0,0.0,5.0,0.0,0.0,0.0,3.20824,4.56775,1.86393,1.42838,2.22186,3.03491,3065.0,1.49829,1.57216,1.55353,3147.0,4121.93,4634.37,60.0,183.0,183.0,0.0,2.0,0.0333333,785.0,311.0,3107.0,0.352752,1.00226,9968.0,14192.0,5791.23
project-planning,2015,ProjectPlannertest_15_6,3.26886,5.87538,1.80679,0.0,0.0,0.0,0.684051,1.10303,0.0,0.0,2.03926,4.10938,1.66673,5342.65,7681.36,17.0,85.3063,6.11307,2.0,2.0,1.0,3552.0,0.0,0.997473,10478.0,20869.3,6417.7,505.0,319.0,1773.0,0.0,0.0,1582.0,1788.0,0.142173,0.0898086,0.497894,0.0,0.0,0.445383,0.502106,0.0,0.0,0.0,0.0,1.0,548.0,0.00182482,0.154279,1.0,0.306692,0.000281532,-0.471368,196.0,41.7089,196.0,18.0762,5.0,0.0,2.0,5.0,0.0,5.0,0.0,5.0,0.0,0.0,0.0,3.2606,4.69924,1.90329,1.47084,2.25207,3.06361,3516.0,1.52105,1.58333,1.5911,3618.0,4750.48,5342.95,65.0,196.0,196.0,0.0,2.0,0.0307692,901.0,347.0,3561.0,0.350463,1.00253,11611.0,16734.0,6777.63
project-planning,2015,ProjectPlannertest_16_6,3.33424,6.0156,1.82707,0.0,0.0,0.0,0.734647,1.12746,0.0,0.0,2.07565,3.99051,1.54038,6139.71,8842.56,18.0,92.5607,6.17611,2.0,2.0,1.0,4045.0,0.0,0.997534,11919.0,24333.1,7390.51,588.0,364.0,2036.0,0.0,0.0,1799.0,2019.0,0.145365,0.0899876,0.502096,0.0,0.0,0.444747,0.497904,0.0,0.0,0.0,0.0,1.0,616.0,0.00162338,0.152287,1.0,0.30066,0.000247219,-0.45617,209.0,43.3213,209.0,18.4852,5.0,0.0,2.0,5.0,0.0,5.0,0.0,5.0,0.0,0.0,0.0,3.32602,4.82441,1.93658,1.53307,2.28947,3.05491,4007.0,1.55355,1.57431,1.61549,4132.0,5452.27,6111.44,71.0,209.0,209.0,0.0,2.0,0.028169,1025.0,385.0,4055.0,0.347719,1.00247,13487.0,19563.0,7852.84
project-planning,2015,ProjectPlannertest_16_8,3.33185,6.01782,1.82963,0.0,0.0,0.0,0.735174,1.12704,0.0,0.0,2.07271,3.99178,1.54368,6138.8,8849.66,18.0,92.5607,6.17611,2.0,2.0,1.0,4047.0,0.0,0.998027,11928.0,24354.1,7404.51,587.0,363.0,2034.0,0.0,0.0,1801.0,2021.0,0.145046,0.0896961,0.501603,0.0,0.0,0.445021,0.498397,0.0,0.0,0.0,0.0,1.0,618.0,0.00161812,0.152706,1.0,0.300727,0.000247097,-0.456024,209.0,43.2594,209.0,18.4846,5.0,0.0,2.0,5.0,0.0,5.0,0.0,5.0,0.0,0.0,0.0,3.32528,4.83132,1.93883,1.53341,2.2862,3.05136,4007.0,1.55119,1.57671,1.61635,4130.0,5452.29,6117.44,71.0,209.0,209.0,0.0,2.0,0.028169,1025.0,385.0,4055.0,0.347719,1.00198,13484.0,19591.0,7861.97
proteindesign12,2013,1HZ5.12p.19aa.usingEref_self,3.81013,46.9157,10.9259,0.0,0.0,0.0,2.22703,3.05412,0.0,0.0,0.709482,0.709482,0.709482,122.911,395.156,79.0,1312.16,16.6097,2.0,24.239,10.6228,79.0,0.0,0.868132,159.0,3706.34,863.148,0.0,0.0,0.0,0.0,0.0,1.0,91.0,0.0,0.0,0.0,0.0,0.0,0.0126582,1.0,0.0,0.0,0.0,0.0,1.0,78.0,0.0128205,0.987342,1.0,0.302326,0.0126582,-0.695795,100000.0,1.15154,100000.0,0.389713,0.0,5.0,2.0,0.0,5.0,0.0,5.0,5.0,0.0,0.0,0.0,3.30769,86840.2,43958.6,1.0027,0.388853,0.407212,1.0,0.647565,0.647565,0.647565,302.0,121.02,1403.72,12.0,100001.0,100000.0,0.0,198.0,16.5,392.0,7767220.0,91.0,85358.4,1.1519,301.0,7902450.0,4000240.0
proteindesign12,2013,1HZ5.12p.9aa.usingEref_self,3.81013,40.5748,9.15789,0.0,0.0,0.0,2.22703,3.25278,0.0,0.0,0.709482,0.709482,0.709482,122.911,374.875,79.0,1206.08,15.2668,2.0,20.8815,8.83208,79.0,0.0,0.868132,159.0,3205.41,723.473,0.0,0.0,0.0,0.0,0.0,1.0,91.0,0.0,0.0,0.0,0.0,0.0,0.0126582,1.0,0.0,0.0,0.0,0.0,1.0,78.0,0.0128205,0.987342,1.0,0.302326,0.0126582,-0.695795,39424.0,1.15165,39424.0,0.389668,0.0,5.0,2.0,0.0,5.0,0.0,5.0,5.0,0.0,0.0,0.0,3.30769,34232.5,17330.2,1.0027,0.389184,0.407264,1.0,0.647565,0.647565,0.647565,302.0,121.02,1273.46,12.0,39425.0,39424.0,0.0,49.0,4.08333,392.0,476653.0,91.0,5242.25,1.1519,301.0,3115160.0,1577050.0
proteindesign12,2013,1PGB.11p.9aa.usingEref_self,3.79104,40.4194,9.18732,0.0,0.0,0.0,2.04323,2.98962,0.0,0.0,0.752231,0.752231,0.752231,104.239,318.197,67.0,1021.99,15.2536,2.0,20.8683,8.82766,67.0,0.0,0.858974,135.0,2708.1,615.55,0.0,0.0,0.0,0.0,0.0,1.0,78.0,0.0,0.0,0.0,0.0,0.0,0.0149254,1.0,0.0,0.0,0.0,0.0,1.0,66.0,0.0151515,0.985075,1.0,0.307087,0.0149254,-0.752137,39063.0,1.16391,39063.0,0.405118,0.0,5.0,2.0,0.0,5.0,0.0,5.0,5.0,0.0,0.0,0.0,3.25641,33561.9,17028.5,0.92126,0.404599,0.425097,1.0,0.683046,0.683046,0.683046,255.0,104.054,1083.75,11.0,39064.0,39063.0,0.0,49.0,4.45455,332.0,397310.0,78.0,5097.97,1.16418,254.0,2617830.0,1328220.0
proteindesign12,2013,1UBI.13p.9aa.usingEref_self,3.82609,41.3709,9.25551,0.0,0.0,0.0,2.40965,3.53517,0.0,0.0,0.671746,0.671746,0.671746,143.151,438.015,92.0,1436.43,15.6133,2.0,21.228,8.94758,92.0,0.0,0.87619,185.0,3806.13,851.507,0.0,0.0,0.0,0.0,0.0,1.0,105.0,0.0,0.0,0.0,0.0,0.0,0.0108696,1.0,0.0,0.0,0.0,0.0,1.0,91.0,0.010989,0.98913,1.0,0.298295,0.0108696,-0.652433,50127.0,1.14112,50127.0,0.375845,0.0,5.0,2.0,0.0,5.0,0.0,5.0,5.0,0.0,0.0,0.0,3.35238,43927.7,22200.0,1.07552,0.375485,0.391488,1.0,0.616007,0.616007,0.616007,353.0,139.106,1509.42,13.0,50128.0,50127.0,0.0,49.0,3.76923,457.0,563200.0,105.0,5368.16,1.1413,352.0,4612410.0,2331000.0
proteindesign12,2013,2TRX.11p.8aa.usingEref_self,3.79104,39.0758,8.92774,0.0,0.0,0.0,2.04323,2.95953,0.0,0.0,0.752231,0.752231,0.752231,104.239,315.455,67.0,978.451,14.6037,2.0,20.1887,8.59122,67.0,0.0,0.858974,135.0,2618.08,598.159,0.0,0.0,0.0,0.0,0.0,1.0,78.0,0.0,0.0,0.0,0.0,0.0,0.0149254,1.0,0.0,0.0,0.0,0.0,1.0,66.0,0.0151515,0.985075,1.0,0.307087,0.0149254,-0.752137,24897.0,1.16376,24897.0,0.405076,0.0,5.0,2.0,0.0,5.0,0.0,5.0,5.0,0.0,0.0,0.0,3.25641,21393.5,10853.6,0.92126,0.404281,0.42504,1.0,0.683046,0.683046,0.683046,255.0,104.054,1039.89,11.0,24898.0,24897.0,0.0,48.0,4.36364,332.0,381283.0,78.0,4892.5,1.16418,254.0,1668690.0,846579.0
proteindesign12,2018,1CM1.17p.19aa.usingEref_self,3.87013,47.4289,10.8269,0.0,0.0,0.0,3.1328,4.27947,0.0,0.0,0.556515,0.556515,0.556515,239.822,768.699,154.0,2557.89,16.6097,2.0,24.239,10.6228,154.0,0.0,0.900585,309.0,7304.05,1667.34,0.0,0.0,0.0,0.0,0.0,1.0,171.0,0.0,0.0,0.0,0.0,0.0,0.00649351,1.0,0.0,0.0,0.0,0.0,1.0,153.0,0.00653595,0.993506,1.0,0.286913,0.00649351,-0.555748,100000.0,1.11014,100000.0,0.332216,0.0,5.0,2.0,0.0,5.0,0.0,5.0,5.0,0.0,0.0,0.0,3.48538,90079.1,45323.2,1.28311,0.331519,0.342642,1.0,0.518044,0.518044,0.518044,597.0,222.487,2687.59,17.0,100001.0,100000.0,0.0,198.0,11.6471,767.0,16002100.0,171.0,93584.1,1.11039,596.0,15403500.0,7750270.0
proteindesign12,2018,1HZ5.12p.9aa.usingEref_self_x,3.81013,35.4793,8.21668,0.0,0.0,0.0,2.22703,3.08988,0.0,0.0,0.709482,0.709482,0.709482,122.911,362.651,79.0,1003.52,12.7028,2.0,18.3175,7.97741,79.0,0.0,0.868132,159.0,2802.86,649.117,0.0,0.0,0.0,0.0,0.0,1.0,91.0,0.0,0.0,0.0,0.0,0.0,0.0126582,1.0,0.0,0.0,0.0,0.0,1.0,78.0,0.0128205,0.987342,1.0,0.302326,0.0126582,-0.695795,6666.0,1.15044,6666.0,0.389301,0.0,5.0,2.0,0.0,5.0,0.0,5.0,5.0,0.0,0.0,0.0,3.30769,5794.29,2931.08,1.0027,0.386446,0.406818,1.0,0.647565,0.647565,0.647565,302.0,121.02,1070.9,12.0,6667.0,6666.0,0.0,49.0,4.08333,392.0,476653.0,91.0,5242.25,1.1519,301.0,527280.0,266728.0
proteindesign12,2018,1PGB.11p.9aa.usingEref_self_x,3.79104,35.356,8.2419,0.0,0.0,0.0,2.04323,2.84051,0.0,0.0,0.752231,0.752231,0.752231,104.239,307.828,67.0,851.089,12.7028,2.0,18.3175,7.97741,67.0,0.0,0.858974,135.0,2368.86,552.207,0.0,0.0,0.0,0.0,0.0,1.0,78.0,0.0,0.0,0.0,0.0,0.0,0.0149254,1.0,0.0,0.0,0.0,0.0,1.0,66.0,0.0151515,0.985075,1.0,0.307087,0.0149254,-0.752137,6666.0,1.1626,6666.0,0.404763,0.0,5.0,2.0,0.0,5.0,0.0,5.0,5.0,0.0,0.0,0.0,3.25641,5733.68,2906.74,0.92126,0.401727,0.424589,1.0,0.683046,0.683046,0.683046,255.0,104.054,912.851,11.0,6667.0,6666.0,0.0,49.0,4.45455,332.0,397310.0,78.0,5097.97,1.16418,254.0,447227.0,226726.0
proteindesign12,2018,2DHC.14p.19aa.usingEref_self,3.83962,47.1697,10.8769,0.0,0.0,0.0,2.59137,3.54535,0.0,0.0,0.638182,0.638182,0.638182,164.96,529.63,106.0,1760.62,16.6097,2.0,24.239,10.6228,106.0,0.0,0.883333,213.0,4999.99,1152.96,0.0,0.0,0.0,0.0,0.0,1.0,120.0,0.0,0.0,0.0,0.0,0.0,0.00943396,1.0,0.0,0.0,0.0,0.0,1.0,105.0,0.00952381,0.990566,1.0,0.29484,0.00943396,-0.6392,100000.0,1.13177,100000.0,0.363391,0.0,5.0,2.0,0.0,5.0,0.0,5.0,5.0,0.0,0.0,0.0,3.39167,88357.3,44585.4,1.10319,0.362607,0.377323,1.0,0.587734,0.587734,0.587734,408.0,158.303,1867.43,14.0,100001.0,100000.0,0.0,198.0,14.1429,527.0,10708300.0,120.0,89240.6,1.13208,407.0,10602900.0,5350250.0
proteindesign12,2018,2PCY.18p.8aa.usingEref_self,3.87791,42.3522,9.26528,0.0,0.0,0.0,3.31241,4.88102,0.0,0.0,0.534178,0.534178,0.534178,267.926,819.728,172.0,2745.51,15.9623,2.0,21.5472,9.04406,172.0,0.0,0.905263,345.0,7284.58,1593.63,0.0,0.0,0.0,0.0,0.0,1.0,190.0,0.0,0.0,0.0,0.0,0.0,0.00581395,1.0,0.0,0.0,0.0,0.0,1.0,171.0,0.00584795,0.994186,1.0,0.284858,0.00581395,-0.547842,63843.0,1.10455,63843.0,0.323445,0.0,5.0,2.0,0.0,5.0,0.0,5.0,5.0,0.0,0.0,0.0,3.51053,57800.2,29066.1,1.30538,0.32323,0.333081,1.0,0.498743,0.498743,0.498743,668.0,246.059,2846.04,18.0,63844.0,63843.0,0.0,48.0,2.66667,857.0,1059440.0,190.0,5580.49,1.10465,667.0,10982000.0,5522550.0
proteindesign12,2025,1HZ5.12p.19aa.usingEref_self,3.81013,46.9157,10.9259,0.0,0.0,0.0,2.22703,3.05412,0.0,0.0,0.709482,0.709482,0.709482,122.911,395.156,79.0,1312.16,16.6097,2.0,24.239,10.6228,79.0,0.0,0.868132,159.0,3706.34,863.148,0.0,0.0,0.0,0.0,0.0,1.0,91.0,0.0,0.0,0.0,0.0,0.0,0.0126582,1.0,0.0,0.0,0.0,0.0,1.0,78.0,0.0128205,0.987342,1.0,0.302326,0.0126582,-0.695795,100000.0,1.15154,100000.0,0.389713,0.0,5.0,2.0,0.0,5.0,0.0,5.0,5.0,0.0,0.0,0.0,3.30769,86840.2,43958.6,1.0027,0.388853,0.407212,1.0,0.647565,0.647565,0.647565,302.0,121.02,1403.72,12.0,100001.0,100000.0,0.0,198.0,16.5,392.0,7767220.0,91.0,85358.4,1.1519,301.0,7902450.0,4000240.0
proteindesign12,2025,1HZ5.12p.9aa.usingEref_self,3.81013,40.5748,9.15789,0.0,0.0,0.0,2.22703,3.25278,0.0,0.0,0.709482,0.709482,0.709482,122.911,374.875,79.0,1206.08,15.2668,2.0,20.8815,8.83208,79.0,0.0,0.868132,159.0,3205.41,723.473,0.0,0.0,0.0,0.0,0.0,1.0,91.0,0.0,0.0,0.0,0.0,0.0,0.0126582,1.0,0.0,0.0,0.0,0.0,1.0,78.0,0.0128205,0.987342,1.0,0.302326,0.0126582,-0.695795,39424.0,1.15165,39424.0,0.389668,0.0,5.0,2.0,0.0,5.0,0.0,5.0,5.0,0.0,0.0,0.0,3.30769,34232.5,17330.2,1.0027,0.389184,0.407264,1.0,0.647565,0.647565,0.647565,302.0,121.02,1273.46,12.0,39425.0,39424.0,0.0,49.0,4.08333,392.0,476653.0,91.0,5242.25,1.1519,301.0,3115160.0,1577050.0
proteindesign12,2025,1UBI.13p.19aa.usingEref_self,3.82609,47.0536,10.8994,0.0,0.0,0.0,2.40965,3.30001,0.0,0.0,0.671746,0.671746,0.671746,143.151,459.904,92.0,1528.09,16.6097,2.0,24.239,10.6228,92.0,0.0,0.87619,185.0,4328.93,1002.74,0.0,0.0,0.0,0.0,0.0,1.0,105.0,0.0,0.0,0.0,0.0,0.0,0.0108696,1.0,0.0,0.0,0.0,0.0,1.0,91.0,0.010989,0.98913,1.0,0.298295,0.0108696,-0.652433,100000.0,1.14097,100000.0,0.375875,0.0,5.0,2.0,0.0,5.0,0.0,5.0,5.0,0.0,0.0,0.0,3.35238,87644.4,44288.0,1.07552,0.375055,0.391425,1.0,0.616007,0.616007,0.616007,353.0,139.106,1627.27,13.0,100001.0,100000.0,0.0,198.0,15.2308,457.0,9178980.0,105.0,87423.2,1.1413,352.0,9202660.0,4650240.0
proteindesign12,2025,1UBI.13p.9aa.usingEref_self_x,3.82609,35.5815,8.19571,0.0,0.0,0.0,2.40965,3.33864,0.0,0.0,0.671746,0.671746,0.671746,143.151,422.037,92.0,1168.66,12.7028,2.0,18.3175,7.97741,92.0,0.0,0.87619,185.0,3273.5,754.005,0.0,0.0,0.0,0.0,0.0,1.0,105.0,0.0,0.0,0.0,0.0,0.0,0.0108696,1.0,0.0,0.0,0.0,0.0,1.0,91.0,0.010989,0.98913,1.0,0.298295,0.0108696,-0.652433,6666.0,1.13995,6666.0,0.375451,0.0,5.0,2.0,0.0,5.0,0.0,5.0,5.0,0.0,0.0,0.0,3.35238,5847.62,2952.99,1.07552,0.372755,0.391077,1.0,0.616007,0.616007,0.616007,353.0,139.106,1241.65,13.0,6667.0,6666.0,0.0,49.0,3.76923,457.0,563200.0,105.0,5368.16,1.1413,352.0,614000.0,310064.0
proteindesign12,2025,2TRX.11p.8aa.usingEref_self_x,3.79104,35.3023,8.22317,0.0,0.0,0.0,2.04323,2.84497,0.0,0.0,0.752231,0.752231,0.752231,104.239,307.605,67.0,851.089,12.7028,2.0,18.2878,7.95758,67.0,0.0,0.858974,135.0,2365.26,550.953,0.0,0.0,0.0,0.0,0.0,1.0,78.0,0.0,0.0,0.0,0.0,0.0,0.0149254,1.0,0.0,0.0,0.0,0.0,1.0,66.0,0.0151515,0.985075,1.0,0.307087,0.0149254,-0.752137,6666.0,1.16263,6666.0,0.404763,0.0,5.0,2.0,0.0,5.0,0.0,5.0,5.0,0.0,0.0,0.0,3.25641,5733.54,2906.73,0.92126,0.401798,0.424601,1.0,0.683046,0.683046,0.683046,255.0,104.054,912.523,11.0,6667.0,6666.0,0.0,48.0,4.36364,332.0,381283.0,78.0,4892.5,1.16418,254.0,447216.0,226725.0
ptv,2019,pax_period_20_1c,51.2561,69.7749,5.48801,0.0,0.0,0.0,3.84711,3.23654,0.656986,0.0,2.29323,2.80851,1.89837,2713.23,5323.34,1044.0,1688.71,17.2318,1.0,3.0,1.0,1359.0,0.0,0.662927,4077.0,94824.1,7458.21,0.0,388.0,776.0,0.0,0.0,874.0,1274.0,0.0,0.285504,0.378537,0.0,0.0,0.64312,0.621463,0.0,0.0,0.0,0.0,1.0,97.0,0.0103093,0.071376,1.0,0.0294299,0.000735835,-1.01873,1870000.0,231.357,1870000.0,0.0,0.0,0.0,2.0,0.0,1.0,1.0,1.0,1.0,0.0,0.0,0.0,33.979,8082.77,2103.33,0.95273,0.0,19.7805,777.0,3.8508,1.11115,1.36447,23795.0,8015.82,4721.79,86.0,1870000.0,1870000.0,0.0,2.0,0.0232558,12761.0,12412.0,2050.0,12.2795,1.50846,69657.0,16569700.0,4311820.0
ptv,2019,pax_period_20_2b,18.3083,32.0889,5.49227,0.0,0.0,0.0,3.74854,2.65035,0.630724,0.0,2.2346,2.74988,1.94983,2538.29,5153.65,398.0,1688.71,17.2318,1.0,3.0,1.0,1359.0,0.0,0.989083,4077.0,43608.9,7463.99,0.0,388.0,776.0,0.0,0.0,874.0,598.0,0.0,0.285504,0.564774,0.0,0.0,0.64312,0.435226,0.0,0.0,0.0,0.0,1.0,97.0,0.0103093,0.071376,1.0,0.0552229,0.000735835,-0.720395,1870000.0,155.08,1870000.0,0.0,0.0,0.0,2.0,0.0,1.0,1.0,1.0,1.0,0.0,0.0,0.0,18.1084,12058.3,3138.13,1.31147,0.0,0.0,777.0,3.18155,0.909739,1.595,23484.0,4027.09,3912.87,86.0,1870000.0,1870000.0,0.0,2.0,0.0232558,3899.0,20937.0,1374.0,18.0757,1.01104,24881.0,16568100.0,4311790.0
ptv,2019,pax_period_20_3b,18.7322,32.604,5.49176,0.0,0.0,0.0,3.74793,2.66008,0.630782,0.0,2.2346,2.74988,1.94983,2544.03,5158.89,407.0,1688.71,17.2318,1.0,3.0,1.0,1359.0,0.0,0.982646,4077.0,44308.9,7463.3,0.0,388.0,776.0,0.0,0.0,874.0,607.0,0.0,0.285504,0.561099,0.0,0.0,0.64312,0.438901,0.0,0.0,0.0,0.0,1.0,97.0,0.0103093,0.071376,1.0,0.0543269,0.000735835,-0.724039,1870000.0,156.096,1870000.0,0.0,0.0,0.0,2.0,0.0,1.0,1.0,1.0,1.0,0.0,0.0,0.0,18.4071,11979.8,3117.71,1.30611,0.0,0.0,777.0,3.19389,0.919667,1.59241,24529.0,4079.19,3924.21,86.0,1870000.0,1870000.0,0.0,2.0,0.0232558,4010.0,21948.0,1383.0,18.7693,1.01766,25457.0,16568100.0,4311790.0
ptv,2019,pax_period_20_5a,81.2605,102.249,4.6519,0.0,0.0,0.0,3.89692,3.6398,0.568746,0.0,1.91422,2.55087,1.64072,2551.14,4966.57,1627.0,1951.72,13.3552,1.0,3.0,1.0,1359.0,0.0,0.507468,3689.0,138956.0,6321.93,0.0,388.0,776.0,0.0,0.0,874.0,1902.0,0.0,0.285504,0.289768,0.0,0.0,0.64312,0.710232,0.0,0.0,0.0,0.0,1.0,97.0,0.0103093,0.071376,1.0,0.02425,0.000735835,-1.20609,970001.0,1242.16,970001.0,51.4815,0.0,0.0,2.0,0.0,1.0,1.0,1.0,1.0,0.0,0.0,0.0,41.2371,780.898,433.705,0.80902,24.1089,43.2136,777.0,3.95899,1.2333,1.18119,23656.0,11617.9,5134.59,86.0,970001.0,970001.0,0.0,2.0,0.0232558,20934.0,4070.0,2678.0,9.33682,1.97057,110433.0,2091250.0,1161460.0
ptv,2019,pax_period_20_5b,18.4842,32.3216,5.49102,0.0,0.0,0.0,3.74154,2.65121,0.630867,0.0,2.2346,2.74988,1.94983,2543.36,5157.43,400.0,1688.71,17.2318,1.0,3.0,1.0,1359.0,0.0,0.987645,4077.0,43925.1,7462.29,0.0,388.0,776.0,0.0,0.0,874.0,600.0,0.0,0.285504,0.563953,0.0,0.0,0.64312,0.436047,0.0,0.0,0.0,0.0,1.0,97.0,0.0103093,0.071376,1.0,0.0547771,0.000735835,-0.720872,1870000.0,155.306,1870000.0,0.0,0.0,0.0,2.0,0.0,1.0,1.0,1.0,1.0,0.0,0.0,0.0,18.2558,12040.8,3133.57,1.31122,0.0,0.0,777.0,3.1866,0.915942,1.59443,23656.0,4041.49,3916.04,86.0,1870000.0,1870000.0,0.0,2.0,0.0232558,3949.0,21063.0,1376.0,18.1773,1.01251,25120.0,16568100.0,4311790.0
racp,2018,j30_13_6_1.25,3.02425,7.78628,2.53358,0.0,0.0,0.0,0.467624,1.30343,0.558187,0.0,0.352074,3.74569,1.17819,2189.53,3571.94,31.0,177.269,7.981,2.0,3.0,1.0,1402.0,0.0,2.14046,4057.0,10916.4,3552.09,0.0,735.0,620.0,0.0,0.0,663.0,35.0,0.0,0.524251,0.946565,0.0,0.0,0.472896,0.0534351,0.0,0.0,0.0,0.0,1.0,4.0,0.25,0.00285307,1.0,0.154481,0.000713267,-0.547328,1571.0,206.918,1571.0,24.7537,0.0,5.0,2.0,0.0,5.0,0.0,5.0,5.0,0.0,0.0,0.0,6.47328,7.59237,3.09659,1.54481,8.31869,19.8021,621.0,2.70544,0.493203,0.819208,620.0,1356.19,829.748,58.0,1571.0,1571.0,0.0,2.0,0.0526316,34.0,157.0,655.0,0.291603,0.46719,4240.0,4973.0,2028.27
racp,2018,j30_14_7_1.25,3.02591,7.93457,2.57761,0.0,0.0,0.0,0.467367,1.33378,0.548653,0.0,0.369821,3.87533,1.18821,2046.89,3366.6,31.0,179.698,8.00124,2.0,3.0,1.0,1312.0,0.0,2.11955,3805.0,10410.2,3381.83,0.0,681.0,584.0,0.0,0.0,627.0,35.0,0.0,0.519055,0.943457,0.0,0.0,0.477896,0.0565428,0.0,0.0,0.0,0.0,1.0,4.0,0.25,0.00304878,1.0,0.155919,0.000762195,-0.558367,1543.0,192.022,1543.0,23.9721,0.0,5.0,2.0,0.0,5.0,0.0,5.0,5.0,0.0,0.0,0.0,6.41357,8.03554,3.20973,1.51169,7.9685,19.2987,585.0,2.75649,0.521959,0.876031,584.0,1280.45,796.229,56.0,1543.0,1543.0,0.0,2.0,0.0454545,34.0,157.0,619.0,0.308562,0.471799,3970.0,4974.0,1986.82
racp,2018,j30_26_2_1.0,3.02774,8.47324,2.75274,0.0,0.0,0.0,0.57206,1.34562,0.513748,0.0,0.55571,4.48105,1.29042,1274.92,2246.31,31.0,162.241,7.61893,2.0,3.0,1.0,829.0,0.0,1.76383,2550.0,7024.32,2282.02,0.0,337.0,435.0,0.0,0.0,488.0,35.0,0.0,0.406514,0.925532,0.0,0.0,0.588661,0.0744681,0.0,0.0,0.0,0.0,1.0,4.0,0.25,0.00482509,1.0,0.187251,0.00120627,-0.522526,1549.0,183.152,1549.0,21.2777,0.0,5.0,2.0,0.0,5.0,0.0,5.0,5.0,0.0,0.0,0.0,5.34043,8.45745,4.1598,1.55542,8.5607,17.1492,436.0,2.55208,0.649722,0.618703,435.0,824.538,628.156,54.0,1549.0,1549.0,0.0,2.0,0.0869565,34.0,157.0,470.0,0.406383,0.566948,2510.0,3975.0,1955.11
racp,2018,j60_14_7_1.25,3.01329,8.34318,2.74956,0.0,0.0,0.0,0.331863,1.19858,0.629938,0.0,0.124978,3.71239,1.07835,12701.2,21290.4,61.0,389.618,8.98261,2.0,3.0,1.0,8049.0,0.0,2.07931,23766.0,67154.3,22131.2,0.0,4151.0,3806.0,0.0,0.0,3894.0,65.0,0.0,0.515716,0.983208,0.0,0.0,0.483787,0.0167915,0.0,0.0,0.0,0.0,1.0,4.0,0.25,0.000496956,1.0,0.159603,0.000124239,-0.259731,3448.0,774.964,3448.0,60.2927,0.0,5.0,2.0,0.0,5.0,0.0,5.0,5.0,0.0,0.0,0.0,6.26556,4.44924,1.5865,3.23564,12.8368,34.9188,3807.0,2.07711,0.182102,0.368842,3806.0,6803.44,4232.05,236.0,3448.0,3448.0,0.0,2.0,0.00847458,64.0,311.0,3871.0,0.0968742,0.480929,24254.0,17223.0,6141.33
racp,2018,j60_29_10_1.0,3.01139,7.85833,2.59359,0.0,0.0,0.0,0.332072,1.22057,0.545272,0.0,0.143472,3.74166,1.13159,12175.0,19898.1,61.0,369.973,9.023,2.0,3.0,1.0,7724.0,0.0,2.16419,22531.0,60697.7,20032.9,0.0,4109.0,3504.0,0.0,0.0,3611.0,65.0,0.0,0.531978,0.981788,0.0,0.0,0.467504,0.0182124,0.0,0.0,0.0,0.0,1.0,4.0,0.25,0.000517866,1.0,0.153439,0.000129467,-0.279018,3319.0,761.769,3319.0,58.009,0.0,5.0,2.0,0.0,5.0,0.0,5.0,5.0,0.0,0.0,0.0,6.51723,4.35696,1.58979,3.03407,13.1147,34.9371,3505.0,2.11313,0.196612,0.51631,3504.0,6586.63,3910.56,196.0,3319.0,3319.0,0.0,2.0,0.0102041,64.0,311.0,3569.0,0.105071,0.462066,23260.0,15550.0,5673.97
racp,2020,j30_26_2_1.0,3.02774,8.47324,2.75274,0.0,0.0,0.0,0.57206,1.34562,0.513748,0.0,0.55571,4.48105,1.29042,1274.92,2246.31,31.0,162.241,7.61893,2.0,3.0,1.0,829.0,0.0,1.76383,2550.0,7024.32,2282.02,0.0,337.0,435.0,0.0,0.0,488.0,35.0,0.0,0.406514,0.925532,0.0,0.0,0.588661,0.0744681,0.0,0.0,0.0,0.0,1.0,4.0,0.25,0.00482509,1.0,0.187251,0.00120627,-0.522526,1549.0,183.152,1549.0,21.2777,0.0,5.0,2.0,0.0,5.0,0.0,5.0,5.0,0.0,0.0,0.0,5.34043,8.45745,4.1598,1.55542,8.5607,17.1492,436.0,2.55208,0.649722,0.618703,435.0,824.538,628.156,54.0,1549.0,1549.0,0.0,2.0,0.0869565,34.0,157.0,470.0,0.406383,0.566948,2510.0,3975.0,1955.11
racp,2020,j60_10_6_1.25,3.01864,8.97496,2.94772,0.0,0.0,0.0,0.468494,1.2507,0.587589,0.0,0.163902,3.97942,1.45617,9043.1,15888.3,61.0,385.854,8.6319,2.0,3.0,1.0,5741.0,0.0,1.85613,17594.0,51525.3,16922.9,0.0,2621.0,3028.0,0.0,0.0,3116.0,65.0,0.0,0.456541,0.978985,0.0,0.0,0.542763,0.0210152,0.0,0.0,0.0,0.0,1.0,4.0,0.25,0.000696743,1.0,0.178477,0.000174186,-0.270763,2239.0,493.109,2239.0,52.521,0.0,5.0,2.0,0.0,5.0,0.0,5.0,5.0,0.0,0.0,0.0,5.60297,4.54058,1.52607,3.0341,9.36976,26.3663,3029.0,1.96133,0.218739,0.285632,3028.0,4843.37,3448.9,203.0,2239.0,2239.0,0.0,2.0,0.0140845,64.0,311.0,3093.0,0.121242,0.538756,17330.0,14044.0,4720.13
racp,2020,j60_13_4_1.0,3.01202,7.65173,2.52488,0.0,0.0,0.0,0.332003,1.15422,0.560112,0.0,0.115185,3.64208,1.1059,14051.6,22747.9,61.0,358.261,8.97466,2.0,3.0,1.0,8901.0,0.0,2.15208,26000.0,68108.1,22473.9,0.0,4738.0,4071.0,0.0,0.0,4159.0,65.0,0.0,0.5323,0.984284,0.0,0.0,0.467251,0.0157157,0.0,0.0,0.0,0.0,1.0,4.0,0.25,0.000449388,1.0,0.154271,0.000112347,-0.257005,2985.0,779.564,2985.0,62.2837,0.0,5.0,2.0,0.0,5.0,0.0,5.0,5.0,0.0,0.0,0.0,6.48211,3.82906,1.38986,3.29071,12.5003,33.385,4072.0,2.17337,0.172175,0.584993,4071.0,7486.27,4465.75,226.0,2985.0,2985.0,0.0,2.0,0.00884956,64.0,311.0,4136.0,0.0906673,0.464667,26810.0,15837.0,5748.45
racp,2020,j60_48_9_1.0,3.01418,8.52297,2.80594,0.0,0.0,0.0,0.469187,1.40796,0.61728,0.0,0.226003,3.9576,1.53523,7634.03,12985.5,61.0,385.074,8.74889,2.0,3.0,1.0,4866.0,0.0,2.05751,14426.0,41472.8,13653.7,0.0,2436.0,2300.0,0.0,0.0,2426.0,65.0,0.0,0.500617,0.972516,0.0,0.0,0.498561,0.0274841,0.0,0.0,0.0,0.0,1.0,4.0,0.25,0.00082203,1.0,0.161246,0.000205508,-0.325106,1674.0,325.496,1674.0,43.4681,0.0,5.0,2.0,0.0,5.0,0.0,5.0,5.0,0.0,0.0,0.0,6.20169,5.14292,1.43555,2.57994,7.46516,23.9695,2301.0,2.22013,0.279581,0.430773,2300.0,4230.68,2720.5,154.0,1674.0,1674.0,0.0,2.0,0.0145985,64.0,309.0,2365.0,0.157717,0.486025,14667.0,12163.0,3395.07
racp,2020,j60_9_9_1.25,3.02628,9.85531,3.22054,0.0,0.0,0.0,0.572337,1.34995,0.537814,0.0,0.206626,4.36086,1.1806,6580.24,12123.2,61.0,402.172,8.42333,2.0,3.0,1.0,4186.0,0.0,1.72051,13167.0,41254.3,13481.2,0.0,1726.0,2368.0,0.0,0.0,2456.0,65.0,0.0,0.412327,0.973284,0.0,0.0,0.586718,0.026716,0.0,0.0,0.0,0.0,1.0,4.0,0.25,0.000955566,1.0,0.192059,0.000238892,-0.284265,1670.0,311.66,1670.0,43.9895,0.0,5.0,2.0,0.0,5.0,0.0,5.0,5.0,0.0,0.0,0.0,5.20674,5.35841,1.57651,2.84221,7.06213,21.4638,2369.0,1.74531,0.271558,0.266336,2368.0,3525.19,2804.35,139.0,1670.0,1670.0,0.0,2.0,0.016,64.0,311.0,2433.0,0.154131,0.581223,12668.0,13037.0,3835.64
radiation,2012,m06_15_15,3.35763,18.3621,5.5704,0.0,0.0,0.0,0.787982,0.738732,0.0,0.0,1.5376,1.54951,0.552797,1566.13,4115.0,16.0,86.1418,8.8063,2.0,11.3993,5.20945,1029.0,0.0,0.705761,3087.0,18894.6,5731.94,0.0,0.0,0.0,0.0,0.0,1029.0,1458.0,0.0,0.0,0.0,0.0,0.0,1.0,1.0,0.0,0.0,0.0,0.0,0.0,0.0,0.0,0.0,1.0,0.421997,0.000971817,0.0,9472.0,173.06,9472.0,38.0751,0.0,0.0,2.0,0.0,0.0,1.0,1.0,1.0,1.0,0.0,0.0,2.36968,54.7325,28.5685,0.0,4.51896,8.66754,903.0,0.976601,0.907263,1.65998,2029.0,1750.23,8047.34,8.0,9472.0,9472.0,0.0,37.0,4.625,1683.0,54.0,1458.0,1.19136,1.41691,3455.0,79800.0,41652.9
radiation,2012,m07_07_20,3.22787,19.0737,5.99884,0.0,0.0,0.0,0.536593,0.524281,0.0,0.0,1.59749,1.6218,0.0157765,1052.12,2832.49,8.0,46.7358,8.58178,2.0,12.2732,5.64386,689.0,0.0,0.7322,2067.0,13141.8,4133.2,0.0,0.0,0.0,0.0,0.0,689.0,941.0,0.0,0.0,0.0,0.0,0.0,1.0,1.0,0.0,0.0,0.0,0.0,0.0,0.0,0.0,0.0,1.0,0.423112,0.00145138,0.0,7500.0,102.274,7500.0,30.5239,0.0,0.0,2.0,0.0,0.0,1.0,1.0,1.0,1.0,0.0,0.0,2.36344,73.3326,37.9032,0.0,3.31785,6.43156,591.0,0.966653,0.91887,1.65308,940.0,1127.17,5609.42,9.0,7500.0,7500.0,0.0,50.0,5.55556,701.0,31.0,941.0,0.777896,1.36575,2224.0,69006.0,35666.9
radiation,2012,m12_10_20,3.31097,24.6811,7.55787,0.0,0.0,0.0,0.73981,0.755832,0.0,0.0,1.44608,1.45083,0.445874,4343.06,12824.7,13.0,93.3388,11.1841,2.0,15.3548,7.17991,2907.0,0.0,0.710237,8721.0,71747.9,21970.7,0.0,0.0,0.0,0.0,0.0,2907.0,4093.0,0.0,0.0,0.0,0.0,0.0,1.0,1.0,0.0,0.0,0.0,0.0,0.0,0.0,0.0,0.0,1.0,0.425247,0.000343997,0.0,112230.0,512.516,112230.0,63.9207,0.0,0.0,2.0,0.0,0.0,1.0,1.0,1.0,1.0,0.0,0.0,2.35158,218.978,115.254,0.0,8.00236,15.211,2643.0,0.933573,0.913375,1.61035,5674.0,4892.22,30712.8,14.0,112230.0,112230.0,0.0,145.0,10.3571,4483.0,45.0,4093.0,1.10628,1.40798,9625.0,896279.0,471733.0
radiation,2012,m18_12_05,3.34487,28.8417,8.73201,0.0,0.0,0.0,0.945411,0.938068,0.0,0.0,1.3613,1.36324,0.362466,11580.0,36235.8,19.0,158.542,12.8666,2.0,17.6864,8.3443,7887.0,0.0,0.701254,23661.0,227475.0,68869.4,0.0,0.0,0.0,0.0,0.0,7887.0,11247.0,0.0,0.0,0.0,0.0,0.0,1.0,1.0,0.0,0.0,0.0,0.0,0.0,0.0,0.0,0.0,1.0,0.42633,0.000126791,0.0,645450.0,1321.86,645450.0,106.014,0.0,0.0,2.0,0.0,0.0,1.0,1.0,1.0,1.0,0.0,0.0,2.3456,488.289,254.998,0.0,12.4593,23.8618,7347.0,0.924034,0.913845,1.59718,19264.0,13433.8,97525.7,20.0,645450.0,645450.0,0.0,325.0,16.25,15819.0,76.0,11247.0,1.41327,1.42602,26381.0,5491790.0,2867960.0
radiation,2012,m40_10_02,3.32575,36.3416,11.0363,0.0,0.0,0.0,1.3447,1.30899,0.0,0.0,1.3125,1.31302,0.00049579,47792.0,162810.0,41.0,436.435,15.7424,2.0,22.2891,10.6448,33203.0,0.0,0.70326,99609.0,1206650.0,366437.0,0.0,0.0,0.0,0.0,0.0,33203.0,47213.0,0.0,0.0,0.0,0.0,0.0,1.0,1.0,0.0,0.0,0.0,0.0,0.0,0.0,0.0,0.0,1.0,0.427557,3.01178e-05,0.0,12835200.0,5344.38,12835200.0,0.0,0.0,0.0,2.0,0.0,0.0,1.0,1.0,1.0,1.0,0.0,0.0,2.33887,2401.63,1248.41,0.0,0.0,0.0,31203.0,0.918468,0.916047,1.58807,63634.0,56381.3,518179.0,42.0,12835200.0,12835200.0,0.0,1601.0,38.119,48443.0,134.0,47213.0,1.02889,1.42195,110425.0,113388000.0,58941400.0
radiation,2013,i6-11,3.31373,18.1249,5.56655,0.0,0.0,0.0,0.60355,0.621763,0.0,0.0,1.58111,1.59654,0.587658,1171.62,3065.74,12.0,64.9693,8.58319,2.0,11.3993,5.20945,765.0,0.0,0.714953,2295.0,13865.6,4258.41,0.0,0.0,0.0,0.0,0.0,765.0,1070.0,0.0,0.0,0.0,0.0,0.0,1.0,1.0,0.0,0.0,0.0,0.0,0.0,0.0,0.0,0.0,1.0,0.422091,0.00130719,0.0,7511.0,135.963,7511.0,32.6024,0.0,0.0,2.0,0.0,0.0,1.0,1.0,1.0,1.0,0.0,0.0,2.36916,55.243,29.0868,0.0,4.13967,7.87531,663.0,0.978709,0.91184,1.66421,1489.0,1284.04,5907.76,8.0,7511.0,7511.0,0.0,37.0,4.625,1235.0,42.0,1070.0,1.19346,1.39869,2535.0,59110.0,31122.9
radiation,2013,i6-7,3.22355,17.6362,5.55826,0.0,0.0,0.0,0.438713,0.487765,0.0,0.0,1.50079,1.52307,0.653822,769.401,2008.74,8.0,43.5106,8.16923,2.0,11.3993,5.20945,501.0,0.0,0.734604,1503.0,8835.74,2784.69,0.0,0.0,0.0,0.0,0.0,501.0,682.0,0.0,0.0,0.0,0.0,0.0,1.0,1.0,0.0,0.0,0.0,0.0,0.0,0.0,0.0,0.0,1.0,0.422291,0.00199601,0.0,4884.0,88.2682,4884.0,25.9876,0.0,0.0,2.0,0.0,0.0,1.0,1.0,1.0,1.0,0.0,0.0,2.36804,55.3314,29.2051,0.0,3.35806,6.37951,423.0,0.982915,0.921026,1.67267,681.0,817.842,3767.6,8.0,4884.0,4884.0,0.0,37.0,4.625,519.0,30.0,682.0,0.804985,1.36128,1615.0,37736.0,19917.9
radiation,2013,i7-15,3.35068,19.7953,6.01099,0.0,0.0,0.0,0.731043,0.73206,0.0,0.0,1.50799,1.51753,0.00891027,2009.92,5440.3,15.0,87.4486,9.38566,2.0,12.2732,5.64386,1326.0,0.0,0.705695,3978.0,26248.6,7970.58,0.0,0.0,0.0,0.0,0.0,1326.0,1879.0,0.0,0.0,0.0,0.0,0.0,1.0,1.0,0.0,0.0,0.0,0.0,0.0,0.0,0.0,0.0,1.0,0.422912,0.000754148,0.0,17300.0,231.681,17300.0,43.2597,0.0,0.0,2.0,0.0,0.0,1.0,1.0,1.0,1.0,0.0,0.0,2.36456,74.6716,39.1867,0.0,5.33248,10.1706,1179.0,0.96211,0.909064,1.64397,2594.0,2252.34,11195.5,9.0,17300.0,17300.0,0.0,50.0,5.55556,2117.0,52.0,1879.0,1.15434,1.41704,4443.0,140308.0,73631.8
radiation,2013,i8-7,3.23153,20.3287,6.38225,0.0,0.0,0.0,0.535984,0.560871,0.0,0.0,1.58328,1.59657,0.998214,1378.08,3802.93,9.0,54.2013,9.1937,2.0,13.0336,6.02237,907.0,0.0,0.730274,2721.0,18438.1,5788.7,0.0,0.0,0.0,0.0,0.0,907.0,1242.0,0.0,0.0,0.0,0.0,0.0,1.0,1.0,0.0,0.0,0.0,0.0,0.0,0.0,0.0,0.0,1.0,0.423746,0.00110254,0.0,14170.0,146.567,14170.0,35.1291,0.0,0.0,2.0,0.0,0.0,1.0,1.0,1.0,1.0,0.0,0.0,2.3599,96.6795,50.4785,0.0,4.14376,7.94814,787.0,0.955663,0.917545,1.63954,1241.0,1486.56,7876.93,10.0,14170.0,14170.0,0.0,65.0,6.5,911.0,32.0,1242.0,0.759259,1.36935,2931.0,120076.0,62694.3
radiation,2013,i9-23,3.40383,22.5558,6.73846,0.0,0.0,0.0,1.01771,0.980383,0.0,0.0,1.39671,1.40063,0.406568,5345.5,15261.2,24.0,156.066,10.7999,2.0,13.7063,6.35755,3603.0,0.0,0.692751,10809.0,81268.6,24278.7,0.0,0.0,0.0,0.0,0.0,3603.0,5201.0,0.0,0.0,0.0,0.0,0.0,1.0,1.0,0.0,0.0,0.0,0.0,0.0,0.0,0.0,0.0,1.0,0.424087,0.000277546,0.0,75276.0,614.956,75276.0,72.0597,0.0,0.0,2.0,0.0,0.0,1.0,1.0,1.0,1.0,0.0,0.0,2.35801,122.409,63.9413,0.0,8.52011,16.316,3315.0,0.943676,0.907722,1.62131,7111.0,6225.26,34720.3,11.0,75276.0,75276.0,0.0,82.0,7.45455,5684.0,91.0,5201.0,1.11036,1.44352,12264.0,636648.0,332558.0
radiation,2015,i14-9,3.29547,26.0285,8.00087,0.0,0.0,0.0,0.802844,0.785487,0.0,0.0,1.43763,1.44155,0.00368139,5355.97,16158.6,15.0,114.331,11.5344,2.0,16.2404,7.62205,3601.0,0.0,0.712787,10803.0,93728.7,28811.1,0.0,0.0,0.0,0.0,0.0,3601.0,5052.0,0.0,0.0,0.0,0.0,0.0,1.0,1.0,0.0,0.0,0.0,0.0,0.0,0.0,0.0,0.0,1.0,0.425718,0.000277701,0.0,161540.0,552.069,161540.0,71.0119,0.0,0.0,2.0,0.0,0.0,1.0,1.0,1.0,1.0,0.0,0.0,2.34897,292.608,151.493,0.0,7.76023,14.9941,3279.0,0.929357,0.914138,1.60488,6941.0,6036.17,40150.3,16.0,161540.0,161540.0,0.0,197.0,12.3125,5437.0,59.0,5052.0,1.08789,1.40294,11867.0,1478260.0,765342.0
radiation,2015,i6-11,3.31373,18.1249,5.56655,0.0,0.0,0.0,0.60355,0.621763,0.0,0.0,1.58111,1.59654,0.587658,1171.62,3065.74,12.0,64.9693,8.58319,2.0,11.3993,5.20945,765.0,0.0,0.714953,2295.0,13865.6,4258.41,0.0,0.0,0.0,0.0,0.0,765.0,1070.0,0.0,0.0,0.0,0.0,0.0,1.0,1.0,0.0,0.0,0.0,0.0,0.0,0.0,0.0,0.0,1.0,0.422091,0.00130719,0.0,7511.0,135.963,7511.0,32.6024,0.0,0.0,2.0,0.0,0.0,1.0,1.0,1.0,1.0,0.0,0.0,2.36916,55.243,29.0868,0.0,4.13967,7.87531,663.0,0.978709,0.91184,1.66421,1489.0,1284.04,5907.76,8.0,7511.0,7511.0,0.0,37.0,4.625,1235.0,42.0,1070.0,1.19346,1.39869,2535.0,59110.0,31122.9
radiation,2015,i6-21,3.39298,18.5532,5.57355,0.0,0.0,0.0,0.932005,0.892188,0.0,0.0,1.4978,1.50674,0.523314,2150.88,5681.89,22.0,117.987,9.19878,2.0,11.3993,5.20945,1425.0,0.0,0.698529,4275.0,26438.3,7942.31,0.0,0.0,0.0,0.0,0.0,1425.0,2040.0,0.0,0.0,0.0,0.0,0.0,1.0,1.0,0.0,0.0,0.0,0.0,0.0,0.0,0.0,0.0,1.0,0.421923,0.000701754,0.0,14245.0,257.814,14245.0,45.0798,0.0,0.0,2.0,0.0,0.0,1.0,1.0,1.0,1.0,0.0,0.0,2.3701,55.2529,29.0706,0.0,5.69689,10.8359,1263.0,0.974852,0.903481,1.65646,2839.0,2449.53,11256.9,8.0,14245.0,14245.0,0.0,37.0,4.625,2355.0,72.0,2040.0,1.18971,1.43158,4835.0,112716.0,59304.1
radiation,2015,i7-9,3.28129,19.3886,6.00437,0.0,0.0,0.0,0.609517,0.585799,0.0,0.0,1.57278,1.58657,0.0128684,1329.67,3581.51,10.0,58.6527,9.00122,2.0,12.2732,5.64386,871.0,0.0,0.72043,2613.0,16887.5,5229.81,0.0,0.0,0.0,0.0,0.0,871.0,1209.0,0.0,0.0,0.0,0.0,0.0,1.0,1.0,0.0,0.0,0.0,0.0,0.0,0.0,0.0,0.0,1.0,0.423023,0.00114811,0.0,11600.0,154.617,11600.0,34.6715,0.0,0.0,2.0,0.0,0.0,1.0,1.0,1.0,1.0,0.0,0.0,2.36394,75.024,39.5591,0.0,4.43065,8.41539,759.0,0.964699,0.914642,1.64916,1208.0,1448.65,7206.01,9.0,11600.0,11600.0,0.0,50.0,5.55556,901.0,37.0,1209.0,0.775848,1.38806,2858.0,90704.0,47827.0
radiation,2015,i9-11,3.32088,22.009,6.73003,0.0,0.0,0.0,0.737602,0.70095,0.0,0.0,1.48555,1.49295,0.483495,2665.13,7524.7,12.0,78.7848,10.1395,2.0,13.7063,6.35755,1767.0,0.0,0.709924,5301.0,38890.0,11892.0,0.0,0.0,0.0,0.0,0.0,1767.0,2489.0,0.0,0.0,0.0,0.0,0.0,1.0,1.0,0.0,0.0,0.0,0.0,0.0,0.0,0.0,0.0,1.0,0.424165,0.000565931,0.0,37884.0,307.714,37884.0,49.8159,0.0,0.0,2.0,0.0,0.0,1.0,1.0,1.0,1.0,0.0,0.0,2.35757,123.115,64.6706,0.0,6.15694,11.7296,1587.0,0.945781,0.912193,1.62552,3403.0,2978.34,16620.3,11.0,37884.0,37884.0,0.0,82.0,7.45455,2720.0,45.0,2489.0,1.11089,1.4086,5868.0,306432.0,160965.0
radiation,2020,i6-9,3.13008,17.1181,5.54652,0.0,0.0,0.0,0.451814,0.421256,0.0,0.0,1.71814,1.74707,0.715572,562.309,1474.01,7.0,36.4662,7.02092,2.0,11.3993,5.20945,369.0,0.0,0.756148,1107.0,6316.58,2046.66,0.0,0.0,0.0,0.0,0.0,369.0,488.0,0.0,0.0,0.0,0.0,0.0,1.0,1.0,0.0,0.0,0.0,0.0,0.0,0.0,0.0,0.0,1.0,0.422511,0.00271003,0.0,1480.0,29.0033,1480.0,21.378,0.0,0.0,2.0,0.0,0.0,1.0,1.0,1.0,1.0,0.0,0.0,2.3668,51.0287,24.9931,0.0,1.30991,2.66847,303.0,0.987201,0.930447,1.6813,487.0,584.744,2694.7,8.0,1480.0,1480.0,0.0,37.0,4.625,371.0,24.0,488.0,0.809426,1.32249,1155.0,24902.0,12196.6
radiation,2020,i7-21,3.32955,19.6693,6.00844,0.0,0.0,0.0,0.671584,0.67639,0.0,0.0,1.52911,1.53996,0.0101416,1739.47,4698.33,13.0,75.11,8.68504,2.0,12.2732,5.64386,1144.0,0.0,0.710118,3432.0,22501.7,6873.66,0.0,0.0,0.0,0.0,0.0,1144.0,1611.0,0.0,0.0,0.0,0.0,0.0,1.0,1.0,0.0,0.0,0.0,0.0,0.0,0.0,0.0,0.0,1.0,0.422946,0.000874126,0.0,8350.0,118.349,8350.0,39.8811,0.0,0.0,2.0,0.0,0.0,1.0,1.0,1.0,1.0,0.0,0.0,2.36437,70.5543,35.1168,0.0,2.94246,5.91405,1011.0,0.962907,0.910779,1.64557,2224.0,1930.86,9598.07,9.0,8350.0,8350.0,0.0,50.0,5.55556,1815.0,46.0,1611.0,1.15518,1.40822,3809.0,113663.0,56573.2
radiation,2020,i8-40,3.40584,21.4179,6.39949,0.0,0.0,0.0,1.01711,0.984926,0.0,0.0,1.41689,1.42158,0.998523,4387.13,12277.9,25.0,153.195,9.78705,2.0,13.0336,6.02237,2947.0,0.0,0.693249,8841.0,63118.5,18859.3,0.0,0.0,0.0,0.0,0.0,2947.0,4251.0,0.0,0.0,0.0,0.0,0.0,1.0,1.0,0.0,0.0,0.0,0.0,0.0,0.0,0.0,0.0,1.0,0.423533,0.000339328,0.0,26260.0,287.069,26260.0,65.009,0.0,0.0,2.0,0.0,0.0,1.0,1.0,1.0,1.0,0.0,0.0,2.36109,91.4761,45.2549,0.0,4.40046,8.89458,2691.0,0.950382,0.906249,1.62895,5836.0,5091.92,26941.4,10.0,26260.0,26260.0,0.0,65.0,6.5,4707.0,83.0,4251.0,1.12679,1.44248,10037.0,388865.0,192378.0
radiation,2020,i8-9,3.14093,19.7568,6.37177,0.0,0.0,0.0,0.450253,0.508681,0.0,0.0,1.64414,1.66149,0.996404,1005.94,2787.57,9.0,54.2013,8.27646,2.0,13.0336,6.02237,667.0,0.0,0.751126,2001.0,13177.8,4249.97,0.0,0.0,0.0,0.0,0.0,667.0,888.0,0.0,0.0,0.0,0.0,0.0,1.0,1.0,0.0,0.0,0.0,0.0,0.0,0.0,0.0,0.0,1.0,0.423866,0.00149925,0.0,5460.0,59.8179,5460.0,29.386,0.0,0.0,2.0,0.0,0.0,1.0,1.0,1.0,1.0,0.0,0.0,2.35923,91.277,45.1505,0.0,2.00156,4.04627,563.0,0.958326,0.923287,1.64488,887.0,1062.4,5631.51,10.0,5460.0,5460.0,0.0,65.0,6.5,651.0,26.0,888.0,0.762387,1.33133,2095.0,81054.0,40093.7
radiation,2020,i9-21,3.34491,22.1663,6.73218,0.0,0.0,0.0,0.790978,0.752194,0.0,0.0,1.46227,1.46869,0.463672,3117.13,8819.28,14.0,90.8576,9.71134,2.0,13.7063,6.35755,2073.0,0.0,0.704862,6219.0,45950.7,13955.8,0.0,0.0,0.0,0.0,0.0,2073.0,2941.0,0.0,0.0,0.0,0.0,0.0,1.0,1.0,0.0,0.0,0.0,0.0,0.0,0.0,0.0,0.0,1.0,0.424142,0.000482393,0.0,24272.0,209.103,24272.0,54.0268,0.0,0.0,2.0,0.0,0.0,1.0,1.0,1.0,1.0,0.0,0.0,2.3577,116.077,57.6671,0.0,3.85184,7.75416,1875.0,0.945182,0.910918,1.62432,4021.0,3519.5,19635.4,11.0,24272.0,24272.0,0.0,82.0,7.45455,3214.0,51.0,2941.0,1.11017,1.41872,6934.0,341382.0,169599.0
rcpsp,2013,11,2.75205,12.8547,4.27783,0.0,0.0,0.0,0.812509,1.38724,0.467527,0.0,1.03563,1.41866,1.38034,827.025,1896.93,30.0,219.113,7.30378,2.0,2.0,1.0,609.0,0.0,1.58182,2000.0,7828.49,2605.2,0.0,177.0,354.0,0.0,0.0,428.0,31.0,0.0,0.29064,0.919481,0.0,0.0,0.702791,0.0805195,0.0,0.0,0.0,0.0,1.0,4.0,0.25,0.00656814,30.0,6.89141,0.0492611,2.96143,158.0,10.8509,5.26667,3.37995,0.0,0.0,2.0,0.0,5.0,0.0,5.0,5.0,0.0,5.0,0.0,4.35325,14.561,1.43505,1.98938,2.9145,0.985481,177.0,0.895491,0.404007,0.76532,355.0,496.345,580.417,53.0,158.0,19.75,0.0,2.0,1.0,31.0,154.0,385.0,0.480519,0.632184,1676.0,5606.0,552.494
rcpsp,2013,12,2.78846,10.9088,3.55678,0.0,0.0,0.0,0.621149,1.13388,0.486972,0.0,1.05102,1.36776,1.31486,359.828,761.545,19.0,115.662,6.08746,2.0,2.0,1.0,260.0,0.0,1.47727,859.0,2836.3,924.762,0.0,78.0,156.0,0.0,0.0,179.0,20.0,0.0,0.3,0.886364,0.0,0.0,0.688462,0.113636,0.0,0.0,0.0,0.0,1.0,3.0,0.333333,0.0115385,19.0,4.61241,0.0730769,2.19404,68.0,7.15789,3.57895,2.79524,0.0,0.0,2.0,0.0,5.0,0.0,5.0,5.0,0.0,5.0,0.0,4.11932,9.5,1.37046,1.64647,2.20299,0.729681,78.0,0.946906,0.510788,0.839539,157.0,238.116,277.749,40.0,68.0,8.5,0.0,2.0,1.0,20.0,80.0,176.0,0.568182,0.676923,725.0,1672.0,241.201
rcpsp,2013,13,2.91429,22.9544,7.87652,0.0,0.0,0.0,1.2372,1.27385,0.0,0.0,0.315997,0.315997,0.0,41.3399,145.554,18.0,141.777,7.87652,2.0,15.753,7.87652,35.0,0.0,1.84211,107.0,803.405,275.678,0.0,0.0,0.0,0.0,0.0,33.0,19.0,0.0,0.0,0.0,0.0,0.0,0.942857,1.0,0.0,0.0,0.0,0.0,1.0,2.0,0.5,0.0571429,18.0,3.35294,0.514286,3.99446,235.0,1.0,13.0556,0.0,0.0,0.0,2.0,0.0,5.0,0.0,5.0,5.0,0.0,5.0,0.0,5.36842,235.0,51.3977,0.589052,0.0,0.313117,0.0,2.11481,0.0,2.11481,1.0,43.4004,149.654,18.0,235.0,78.3333,0.0,235.0,13.0556,19.0,56.0,19.0,3.94737,0.542857,102.0,4465.0,976.556
rcpsp,2013,14,2.74187,12.38,4.07413,0.0,0.0,0.0,0.72943,1.44946,0.490902,0.0,0.960744,1.12831,1.11642,3873.53,8548.47,49.0,372.759,7.60733,2.0,2.0,1.0,2797.0,0.0,1.51517,9292.0,34626.9,11395.3,0.0,898.0,1796.0,0.0,0.0,1893.0,50.0,0.0,0.321058,0.972914,0.0,0.0,0.676797,0.0270856,0.0,0.0,0.0,0.0,1.0,6.0,0.166667,0.00214516,49.0,11.7948,0.0175188,3.39974,195.0,26.9802,3.97959,5.99511,0.0,0.0,2.0,0.0,5.0,0.0,5.0,5.0,0.0,5.0,0.0,4.15439,7.22752,1.04466,3.17517,4.33356,0.0,898.0,0.323064,0.179559,0.224732,1797.0,2108.28,2176.37,104.0,195.0,8.86364,0.0,2.0,1.0,50.0,347.0,1846.0,0.21506,0.659993,7669.0,13342.0,1928.44
rcpsp,2013,15,2.69732,12.9217,4.34436,0.0,0.0,0.0,0.741478,1.42278,0.514706,0.0,0.932135,1.0163,1.01363,20464.3,46013.0,101.0,847.624,8.39232,2.0,2.0,1.0,14758.0,0.0,1.50592,49128.0,190699.0,64114.0,0.0,4849.0,9698.0,0.0,0.0,9903.0,102.0,0.0,0.328568,0.989592,0.0,0.0,0.671026,0.0104082,0.0,0.0,0.0,0.0,1.0,6.0,0.166667,0.000406559,101.0,24.865,0.00684375,4.81096,336.0,61.355,3.32673,9.75085,0.0,0.0,2.0,0.0,5.0,0.0,5.0,5.0,0.0,5.0,0.0,4.06194,5.47633,1.00731,4.96055,6.18972,0.0,4849.0,0.131077,0.083487,0.0849856,9699.0,10476.2,10554.0,211.0,336.0,3.32673,0.0,2.0,1.0,102.0,713.0,9800.0,0.0831633,0.664047,39807.0,53668.0,9871.66
rcpsp-wet,2016,j30_27_5-wet,2.77143,15.5127,5.65173,0.0,0.0,0.0,1.76767,1.6884,0.0,0.0,0.432602,2.63299,0.934466,192.935,628.154,54.0,261.292,5.88264,1.0,2.0,1.0,175.0,0.0,1.23239,530.0,2714.73,989.054,0.0,1.0,2.0,0.0,0.0,170.0,140.0,0.0,0.00571429,0.0140845,0.0,0.0,0.971429,0.985915,0.0,0.0,0.0,0.0,1.0,4.0,0.25,0.0228571,1.0,0.292784,0.00571429,-0.912971,4001.0,53.1421,4001.0,11.8584,0.0,1.0,2.0,0.0,1.0,0.0,1.0,1.0,0.0,0.0,0.0,3.41549,75.2887,46.764,0.774632,4.39705,7.12423,110.0,1.45361,2.68902,3.50755,254.0,205.686,769.199,12.0,4001.0,4001.0,0.0,2.0,1.0,177.0,238.0,142.0,2.92254,0.811429,485.0,10691.0,6640.49
rcpsp-wet,2016,j30_44_8-wet,2.73077,15.363,5.69283,0.0,0.0,0.0,1.75622,1.65568,0.0,0.0,0.321191,2.61178,0.786858,198.777,654.615,54.0,256.893,5.88264,1.0,5.88264,3.44132,182.0,0.0,1.3,550.0,2796.06,1036.1,0.0,0.0,0.0,0.0,0.0,178.0,140.0,0.0,0.0,0.0,0.0,0.0,0.978022,1.0,0.0,0.0,0.0,0.0,1.0,4.0,0.25,0.021978,1.0,0.28169,0.00549451,-0.901561,3968.0,52.137,3968.0,11.7742,0.0,1.0,2.0,0.0,1.0,0.0,1.0,1.0,0.0,0.0,0.0,3.55,76.1071,47.0661,0.79674,4.34313,7.06939,108.0,1.3677,2.89225,3.47403,252.0,206.742,762.801,11.0,3968.0,3968.0,0.0,2.0,1.0,177.0,238.0,140.0,2.96429,0.769231,497.0,10655.0,6589.25
rcpsp-wet,2016,j60_36_8-wet,2.45125,14.6133,6.05387,0.0,0.0,0.0,2.1969,1.98804,0.0,0.0,0.398112,2.89522,0.629819,381.157,1303.69,102.0,536.245,6.37504,1.0,2.0,1.0,359.0,0.0,1.29137,1087.0,5246.16,2173.34,0.0,6.0,12.0,0.0,0.0,349.0,266.0,0.0,0.0167131,0.0431655,0.0,0.0,0.972145,0.956835,0.0,0.0,0.0,0.0,1.0,4.0,0.25,0.0111421,1.0,0.315909,0.00278552,-0.968427,9605.0,97.0766,9605.0,16.6256,0.0,1.0,2.0,0.0,1.0,0.0,1.0,1.0,0.0,0.0,0.0,3.16547,98.9424,60.1444,0.706394,5.77883,9.53827,216.0,1.2912,3.21421,3.79576,377.0,390.304,1593.75,14.0,9605.0,9605.0,0.0,2.0,1.0,224.0,224.0,278.0,1.61151,0.774373,880.0,27506.0,16720.1
rcpsp-wet,2016,j90_10_10-wet,2.91928,18.1593,6.28698,0.0,0.0,0.0,3.19509,3.03225,0.0,0.0,0.156111,3.0464,0.356751,470.552,1652.06,151.0,807.387,6.49185,1.0,6.49185,4.03841,446.0,0.0,1.13198,1342.0,8099.05,2803.99,0.0,0.0,0.0,0.0,0.0,442.0,394.0,0.0,0.0,0.0,0.0,0.0,0.991031,1.0,0.0,0.0,0.0,0.0,1.0,4.0,0.25,0.00896861,1.0,0.302611,0.00224215,-0.940836,17129.0,147.062,17129.0,19.8157,0.0,1.0,2.0,0.0,1.0,0.0,1.0,1.0,0.0,0.0,0.0,3.30457,116.475,72.3319,0.741243,7.37103,11.8969,302.0,1.37509,3.22311,3.85872,723.0,567.897,2384.91,10.0,17129.0,17129.0,0.0,3.0,1.5,514.0,695.0,394.0,3.06853,0.883408,1302.0,45891.0,28498.8
rcpsp-wet,2016,j90_19_7-wet,2.48312,14.9305,6.11686,0.0,0.0,0.0,2.84765,2.51498,0.0,0.0,0.148196,2.81466,0.367529,491.86,1728.91,151.0,784.361,6.30378,1.0,6.30378,3.65189,474.0,0.0,1.20305,1426.0,7077.06,2899.39,0.0,0.0,0.0,0.0,0.0,470.0,394.0,0.0,0.0,0.0,0.0,0.0,0.991561,1.0,0.0,0.0,0.0,0.0,1.0,4.0,0.25,0.00843882,1.0,0.334749,0.0021097,-1.14737,14030.0,140.718,14030.0,19.8149,0.0,1.0,2.0,0.0,1.0,0.0,1.0,1.0,0.0,0.0,0.0,2.98731,99.703,61.4825,0.579803,7.05116,11.4622,302.0,1.30004,3.11866,3.77284,542.0,541.993,2316.18,9.0,14030.0,14030.0,0.0,2.0,1.0,333.0,333.0,394.0,1.69036,0.831224,1177.0,39283.0,24224.1
rcpsp-wet,2017,j30_1_3-wet,2.52874,11.7222,4.65085,0.0,0.0,0.0,1.25054,1.32434,0.304076,0.0,1.03194,3.08923,1.75478,309.947,847.376,54.0,247.24,5.80735,1.0,2.0,1.0,261.0,0.0,1.26699,820.0,3059.5,1213.87,0.0,33.0,66.0,0.0,0.0,224.0,140.0,0.0,0.126437,0.320388,0.0,0.0,0.858238,0.679612,0.0,0.0,0.0,0.0,1.0,4.0,0.25,0.0153257,1.0,0.312121,0.00383142,-0.696929,3765.0,76.0382,3765.0,14.2542,0.0,1.0,2.0,0.0,1.0,0.0,1.0,1.0,0.0,0.0,0.0,3.20388,49.5146,30.6004,0.987014,5.26429,8.53155,174.0,1.2049,2.85709,3.30126,257.0,274.311,812.673,19.0,3765.0,3765.0,0.0,2.0,1.0,116.0,116.0,206.0,1.12621,0.789272,660.0,10200.0,6303.68
rcpsp-wet,2017,j30_43_10-wet,2.73822,15.8465,5.83958,0.0,0.0,0.0,1.75144,1.66004,0.0,0.0,0.482597,2.84204,0.813938,212.31,693.269,55.0,273.287,6.16993,1.0,2.0,1.0,191.0,0.0,1.29932,580.0,3026.68,1115.36,0.0,3.0,6.0,0.0,0.0,184.0,141.0,0.0,0.0157068,0.0408163,0.0,0.0,0.963351,0.959184,0.0,0.0,0.0,0.0,1.0,4.0,0.25,0.0209424,1.0,0.281071,0.0052356,-0.852608,4711.0,53.8254,4711.0,12.0604,0.0,1.0,2.0,0.0,1.0,0.0,1.0,1.0,0.0,0.0,0.0,3.55782,87.5238,53.7392,0.843212,4.38008,7.17652,115.0,1.3522,3.03096,3.66587,260.0,215.351,809.901,14.0,4711.0,4711.0,0.0,2.0,1.0,178.0,239.0,147.0,2.83673,0.769634,523.0,12866.0,7899.67
rcpsp-wet,2017,j60_19_6-wet,2.4713,14.8617,6.11083,0.0,0.0,0.0,2.28902,2.03648,0.0,0.0,0.32535,2.95466,0.522142,349.749,1208.56,102.0,538.143,6.37504,1.0,2.0,1.0,331.0,0.0,1.21691,1000.0,4919.21,2022.68,0.0,3.0,6.0,0.0,0.0,324.0,266.0,0.0,0.00906344,0.0220588,0.0,0.0,0.978852,0.977941,0.0,0.0,0.0,0.0,1.0,4.0,0.25,0.0120846,1.0,0.332518,0.00302115,-1.15895,9553.0,94.5497,9553.0,16.447,0.0,1.0,2.0,0.0,1.0,0.0,1.0,1.0,0.0,0.0,0.0,3.00735,101.037,61.6627,0.575939,5.68796,9.35276,210.0,1.26271,3.18617,3.78361,371.0,373.972,1589.65,11.0,9553.0,9553.0,0.0,2.0,1.0,224.0,224.0,272.0,1.64706,0.821752,818.0,27482.0,16772.3
rcpsp-wet,2017,j60_28_3-wet,2.84161,17.5048,6.22828,0.0,0.0,0.0,2.56196,2.4237,0.0,0.0,0.205915,2.83918,0.398895,343.651,1192.15,102.0,537.176,6.42626,1.0,6.42626,3.71313,322.0,0.0,1.21053,970.0,5636.55,2005.51,0.0,0.0,0.0,0.0,0.0,318.0,266.0,0.0,0.0,0.0,0.0,0.0,0.987578,1.0,0.0,0.0,0.0,0.0,1.0,4.0,0.25,0.0124224,1.0,0.29071,0.00310559,-0.922176,10109.0,93.7552,10109.0,16.2659,0.0,1.0,2.0,0.0,1.0,0.0,1.0,1.0,0.0,0.0,0.0,3.43985,107.823,65.4283,0.769147,5.70243,9.4324,204.0,1.40979,3.10964,3.84897,486.0,389.581,1591.08,11.0,10109.0,10109.0,0.0,2.0,1.0,345.0,466.0,266.0,3.04887,0.826087,915.0,28681.0,17403.9
rcpsp-wet,2017,j90_48_4-wet,2.99402,19.5859,6.59273,0.0,0.0,0.0,3.40613,3.30967,0.0,0.0,0.125157,2.77949,0.872205,528.206,1892.94,151.0,855.487,6.76818,1.0,6.76818,4.17657,502.0,0.0,1.27411,1510.0,9832.12,3309.55,0.0,0.0,0.0,0.0,0.0,498.0,394.0,0.0,0.0,0.0,0.0,0.0,0.992032,1.0,0.0,0.0,0.0,0.0,1.0,4.0,0.25,0.00796813,1.0,0.262142,0.00199203,-0.84867,19004.0,139.151,19004.0,19.8144,0.0,1.0,2.0,0.0,1.0,0.0,1.0,1.0,0.0,0.0,0.0,3.81472,136.571,82.3319,0.869428,6.97224,11.5952,302.0,1.30612,3.25497,3.92115,542.0,602.482,2500.16,12.0,19004.0,19004.0,0.0,3.0,1.5,333.0,603.0,394.0,2.37563,0.784861,1503.0,53809.0,32438.8
rcpsp-wet-diverse,2019,j30_27_5-wet-diverse-3,2.98545,3.306,1.13113,0.0,0.0,0.0,28.4813,25.7624,0.0,0.0,1.01062,1.23771,0.199983,39360.4,41474.2,14873.0,14885.9,6.20813,1.0,2.0,1.0,30586.0,0.0,1.00351,62033.0,101117.0,34596.7,14872.0,7.0,15133.0,0.0,0.0,824.0,15346.0,0.486236,0.000228863,0.496506,0.0,0.0,0.0269404,0.503494,0.0,0.0,0.0,0.0,1.0,12.0,0.0833333,0.000392336,1.0,0.333786,3.26947e-05,-0.18374,14873.0,4427.03,14873.0,169.51,0.0,0.0,3.0,0.0,1.0,0.0,1.0,1.0,0.0,1.0,0.0,2.99593,3.35959,1.78069,3.62584,26.1107,47.8596,30383.0,0.126446,0.156732,0.23725,30804.0,32121.0,32600.8,148.0,14873.0,14873.0,0.0,2.0,0.0138889,520.0,241.0,30479.0,0.024968,0.996502,91313.0,102397.0,54273.8
rcpsp-wet-diverse,2019,j30_27_5-wet-diverse-4,2.9874,3.23259,1.10274,0.0,0.0,0.0,20.1873,18.6945,0.0,0.0,0.842681,1.00655,0.16222,86985.6,90260.3,14873.0,14885.9,7.94418,1.0,2.0,1.0,60789.0,0.0,1.00241,137781.0,196506.0,67034.7,29744.0,14886.0,45138.0,0.0,0.0,1272.0,15505.0,0.489299,0.24488,0.744323,0.0,0.0,0.0209248,0.255677,0.0,0.0,0.0,0.0,1.0,16.0,0.0625,0.000263206,1.0,0.333935,1.64503e-05,-0.182844,14873.0,5157.65,14873.0,232.886,0.0,0.0,3.0,0.0,1.0,0.0,1.0,1.0,0.0,1.0,0.0,2.99459,2.88368,1.43915,3.6428,22.1423,41.9914,60515.0,0.111982,0.111297,0.187897,46240.0,63813.3,63481.5,150.0,14873.0,14873.0,0.0,2.0,0.0138889,730.0,241.0,60643.0,0.0160117,0.997598,181601.0,174875.0,87274.2
rcpsp-wet-diverse,2019,j30_44_8-wet-diverse-4,2.99052,3.15873,1.07202,0.0,0.0,0.0,25.8,24.4487,0.0,0.0,0.833065,0.954761,0.11928,140670.0,144363.0,24175.0,24188.6,7.88053,1.0,2.0,1.0,98153.0,0.0,1.00186,221963.0,310039.0,105222.0,48348.0,24184.0,73164.0,0.0,0.0,1432.0,24807.0,0.492578,0.246391,0.746792,0.0,0.0,0.0145895,0.253208,0.0,0.0,0.0,0.0,1.0,16.0,0.0625,0.000163011,1.0,0.333769,1.01882e-05,-0.162439,24175.0,9150.28,24175.0,306.274,0.0,0.0,3.0,0.0,1.0,0.0,1.0,1.0,0.0,1.0,0.0,2.99608,2.642,1.36466,4.10143,29.8729,56.605,97843.0,0.0844073,0.0753141,0.134178,74266.0,102149.0,100789.0,165.0,24175.0,24175.0,0.0,2.0,0.0125786,730.0,425.0,97971.0,0.0117892,0.998146,293529.0,258839.0,133697.0
rcpsp-wet-diverse,2019,j60_19_6-wet-diverse-3,2.9949,3.075,1.03625,0.0,0.0,0.0,87.8173,85.5409,0.0,0.0,1.00146,1.07275,0.0662744,362018.0,367044.0,139285.0,139301.0,6.8701,1.0,2.0,1.0,280459.0,0.0,1.00066,562834.0,862410.0,290626.0,139284.0,13.0,140066.0,0.0,0.0,1867.0,140208.0,0.496629,4.63526e-05,0.499747,0.0,0.0,0.00665694,0.500253,0.0,0.0,0.0,0.0,1.0,12.0,0.0833333,4.2787e-05,1.0,0.333681,3.56558e-06,-0.103394,140042.0,50787.0,140042.0,528.303,0.0,0.0,3.0,0.0,1.0,0.0,1.0,1.0,0.0,1.0,0.0,2.99687,2.75744,1.58947,6.44445,96.1304,166.425,280088.0,0.041997,0.0426166,0.0713883,280554.0,286227.0,284836.0,443.0,140042.0,140042.0,0.0,2.0,0.00455581,655.0,227.0,280274.0,0.00314692,0.99934,839946.0,772838.0,445487.0
rcpsp-wet-diverse,2019,j90_48_4-wet-diverse-3,2.99898,3.02223,1.00991,0.0,0.0,0.0,255.503,253.541,0.0,0.0,1.0002,1.02073,0.0185683,3044510.0,3055430.0,1176220.0,1176240.0,7.31206,1.0,2.0,1.0,2356350.0,0.0,1.00014,4716620.0,7121450.0,2379700.0,1176220.0,4.0,1178420.0,0.0,0.0,3889.0,1177600.0,0.499172,1.69754e-06,0.500175,0.0,0.0,0.00165043,0.499825,0.0,0.0,0.0,0.0,1.0,12.0,0.0833333,5.09262e-06,1.0,0.3334,4.24385e-07,-0.0605322,1178420.0,460205.0,1178420.0,1534.76,0.0,0.0,3.0,0.0,1.0,0.0,1.0,1.0,0.0,1.0,0.0,2.9994,2.56063,1.52024,11.0123,299.855,505.005,2355740.0,0.0142203,0.0090911,0.0201485,2356440.0,2376420.0,2363340.0,1251.0,1178420.0,1178420.0,0.0,2.0,0.00160385,974.0,606.0,2356020.0,0.000670622,0.999859,7066640.0,6032900.0,3581720.0
rectangle-packing,2014,rpp18_true,2.51724,9.16753,3.25918,0.0,0.0,0.0,0.888301,1.72126,0.531438,0.0,0.966723,3.03436,2.19369,386.407,831.777,36.0,226.861,6.87912,2.0,2.0,1.0,319.0,0.0,1.38095,924.0,2924.44,1039.68,0.0,108.0,144.0,0.0,0.0,208.0,87.0,0.0,0.338558,0.623377,0.0,0.0,0.652038,0.376623,0.0,0.0,0.0,0.0,2.0,3.0,0.666667,0.00940439,0.0,0.0,0.0,0.0,0.0,0.0,0.0,0.0,0.0,0.0,1.0,0.0,5.0,5.0,5.0,5.0,0.0,0.0,0.0,3.47619,20.1169,6.98843,1.57564,1.95643,3.04221,97.0,2.18631,2.13327,2.38642,256.0,303.861,542.368,58.0,286.0,286.0,0.0,2.0,0.517241,98.0,38.0,231.0,0.588745,0.724138,803.0,4647.0,1614.33
rectangle-packing,2014,rpp21_false,2.52381,9.75565,3.45264,0.0,0.0,0.0,0.970553,1.80769,0.50166,0.0,0.967428,3.10668,2.32321,433.037,953.789,40.0,267.967,7.36543,2.0,2.0,1.0,357.0,0.0,1.35741,1034.0,3482.77,1232.59,0.0,120.0,160.0,0.0,0.0,234.0,103.0,0.0,0.336134,0.608365,0.0,0.0,0.655462,0.391635,0.0,0.0,0.0,0.0,2.0,3.0,0.666667,0.00840336,0.0,0.0,0.0,0.0,0.0,0.0,0.0,0.0,0.0,0.0,1.0,0.0,5.0,5.0,5.0,5.0,0.0,0.0,0.0,3.42586,25.9734,8.90024,1.65122,2.04889,3.06674,111.0,2.16398,2.30248,2.55868,334.0,337.21,650.936,64.0,386.0,386.0,0.0,2.0,0.625,152.0,45.0,263.0,0.749049,0.736695,901.0,6831.0,2340.76
rectangle-packing,2014,rpp22_false,2.52533,9.88904,3.49482,0.0,0.0,0.0,0.969967,1.8536,0.495605,0.0,0.965699,3.06539,1.98995,454.752,1006.74,42.0,285.579,7.45785,2.0,2.0,1.0,375.0,0.0,1.35379,1086.0,3708.39,1310.56,0.0,126.0,168.0,0.0,0.0,246.0,109.0,0.0,0.336,0.606498,0.0,0.0,0.656,0.393502,0.0,0.0,0.0,0.0,2.0,3.0,0.666667,0.008,0.0,0.0,0.0,0.0,0.0,0.0,0.0,0.0,0.0,0.0,1.0,0.0,5.0,5.0,5.0,5.0,0.0,0.0,0.0,3.41877,27.6895,9.60081,1.70557,2.12679,3.48112,117.0,2.15782,2.3227,2.5708,352.0,353.682,693.103,67.0,507.0,507.0,0.0,2.0,0.641791,160.0,46.0,277.0,0.743682,0.738667,947.0,7670.0,2659.42
rectangle-packing,2014,rpp23_false,2.52672,10.0735,3.55531,0.0,0.0,0.0,0.969436,1.89656,0.562538,0.0,0.964098,3.07301,2.00392,476.457,1061.88,44.0,304.708,7.6269,2.0,2.0,1.0,393.0,0.0,1.35052,1138.0,3958.88,1397.24,0.0,132.0,176.0,0.0,0.0,258.0,115.0,0.0,0.335878,0.604811,0.0,0.0,0.656489,0.395189,0.0,0.0,0.0,0.0,2.0,3.0,0.666667,0.00763359,0.0,0.0,0.0,0.0,0.0,0.0,0.0,0.0,0.0,0.0,1.0,0.0,5.0,5.0,5.0,5.0,0.0,0.0,0.0,3.41237,30.0687,10.1971,1.73372,2.12378,3.28489,123.0,2.152,2.33545,2.57599,370.0,370.149,738.644,70.0,507.0,507.0,0.0,2.0,0.666667,168.0,47.0,291.0,0.738832,0.740458,993.0,8750.0,2967.35
rectangle-packing,2014,rpp26_false,2.5302,10.4669,3.68171,0.0,0.0,0.0,1.04567,2.02445,0.543226,0.0,0.959929,3.0619,2.17919,541.524,1223.95,50.0,360.506,7.94348,2.0,2.0,1.0,447.0,0.0,1.34234,1294.0,4678.69,1645.73,0.0,150.0,200.0,0.0,0.0,294.0,133.0,0.0,0.33557,0.600601,0.0,0.0,0.657718,0.399399,0.0,0.0,0.0,0.0,2.0,3.0,0.666667,0.00671141,0.0,0.0,0.0,0.0,0.0,0.0,0.0,0.0,0.0,0.0,1.0,0.0,5.0,5.0,5.0,5.0,0.0,0.0,0.0,3.3964,36.3243,12.3298,1.83871,2.27666,3.92749,141.0,2.13632,2.43289,2.63056,424.0,419.517,872.261,79.0,820.0,820.0,0.0,2.0,0.666667,192.0,53.0,333.0,0.735736,0.744966,1131.0,12096.0,4105.83
rel2onto,2017,3_9,9.56225,22.1886,2.34248,0.0,0.0,0.0,2.13298,2.74917,0.603726,0.0,1.58847,3.96555,1.77402,2566.69,3887.1,134.0,316.519,18.1213,2.0,2.0,1.0,1478.0,0.0,1.20456,4066.0,32794.7,3462.18,63.0,436.0,863.0,0.0,0.0,508.0,364.0,0.0426252,0.294993,0.703341,0.0,0.0,0.343708,0.296659,0.0730717,0.0,108.0,0.0,3.0,229.0,0.0131004,0.154939,1.0,0.0868181,0.00067659,-0.495839,802822.0,588.258,802822.0,25.3184,0.0,5.0,2.0,0.0,5.0,0.0,5.0,5.0,0.0,0.0,0.0,11.5183,1364.74,1006.63,1.84169,23.1949,25.2085,1018.0,1.97016,1.29656,1.43467,1434.0,2394.32,2423.5,87.0,802822.0,802822.0,0.0,2.0,0.0229885,488.0,3410.0,1227.0,3.17685,0.830176,14133.0,1674540.0,1235140.0
rel2onto,2017,5_17,9.34119,20.8791,2.11908,0.0,0.0,0.0,2.10597,2.78409,0.667372,0.0,1.59547,4.0078,2.00626,2636.51,3782.34,130.0,305.009,18.3117,1.0,2.0,1.0,1527.0,0.0,1.18925,4243.0,31882.3,3235.83,61.0,418.0,914.0,0.0,0.0,573.0,370.0,0.0399476,0.273739,0.711838,0.0,0.0,0.375246,0.288162,0.0694172,0.0,106.0,0.0,3.0,241.0,0.0124481,0.157826,1.0,0.0900168,0.000654879,-0.476544,819985.0,607.244,819985.0,26.1424,0.0,5.0,2.0,0.0,5.0,0.0,5.0,5.0,0.0,0.0,0.0,11.109,1350.34,991.861,1.90955,23.1901,25.4532,1073.0,1.98496,1.31935,1.49491,1286.0,2436.88,2522.29,92.0,819985.0,819985.0,0.0,2.0,0.0217391,283.0,3511.0,1284.0,2.95483,0.840864,14264.0,1733840.0,1273550.0
rel2onto,2017,5_28,9.10552,20.2157,2.10835,0.0,0.0,0.0,2.14085,2.84421,0.670768,0.0,1.57005,3.92743,2.03346,2775.66,4011.78,132.0,310.764,18.3546,1.0,2.0,1.0,1630.0,0.0,1.1786,4547.0,32951.7,3436.61,62.0,429.0,1006.0,0.0,0.0,656.0,377.0,0.0380368,0.26319,0.727404,0.0,0.0,0.402454,0.272596,0.0656442,0.0,107.0,0.0,3.0,245.0,0.0122449,0.150307,1.0,0.0931815,0.000613497,-0.463416,824759.0,651.499,824759.0,27.1998,0.0,5.0,2.0,0.0,5.0,0.0,5.0,5.0,0.0,0.0,0.0,10.7317,1265.94,928.671,1.95681,23.9156,26.323,1168.0,1.90188,1.26435,1.42566,1383.0,2566.13,2647.1,94.0,824759.0,824759.0,0.0,2.0,0.0212766,291.0,3626.0,1383.0,2.83225,0.848466,14842.0,1750800.0,1284350.0
rel2onto,2017,5_5,9.13445,20.4394,2.16032,0.0,0.0,0.0,2.13968,2.82413,0.654631,0.0,1.57515,4.16275,2.05107,2752.14,4035.1,132.0,310.764,18.3391,1.0,2.0,1.0,1614.0,0.0,1.18069,4497.0,32989.1,3486.76,62.0,428.0,992.0,0.0,0.0,643.0,375.0,0.0384139,0.26518,0.725677,0.0,0.0,0.398389,0.274323,0.0662949,0.0,107.0,0.0,3.0,243.0,0.0123457,0.150558,1.0,0.092722,0.000619579,-0.466478,822990.0,640.645,822990.0,27.016,0.0,5.0,2.0,0.0,5.0,0.0,5.0,5.0,0.0,0.0,0.0,10.7849,1284.63,940.82,1.94495,23.6765,26.0879,1153.0,1.90619,1.28077,1.42585,1367.0,2546.32,2632.52,93.0,822990.0,822990.0,0.0,2.0,0.0215054,289.0,3572.0,1367.0,2.82443,0.846964,14743.0,1756090.0,1286100.0
rel2onto,2017,5_6,9.15971,20.7938,2.20361,0.0,0.0,0.0,2.09147,2.75131,0.64177,0.0,1.57048,4.21133,2.06223,2601.47,3834.82,126.0,299.254,18.2799,1.0,1.0,1.0,1509.0,0.0,1.18632,4199.0,31377.8,3325.25,60.0,411.0,911.0,0.0,0.0,573.0,361.0,0.0397614,0.272366,0.716195,0.0,0.0,0.379722,0.283805,0.0695825,0.0,105.0,0.0,3.0,237.0,0.0126582,0.157058,1.0,0.0920272,0.000662691,-0.474147,816682.0,599.771,816682.0,25.9734,0.0,5.0,2.0,0.0,5.0,0.0,5.0,5.0,0.0,0.0,0.0,10.8664,1361.66,999.244,1.91496,23.0532,25.2989,1066.0,1.97958,1.31802,1.48729,1268.0,2387.39,2496.95,90.0,816682.0,816682.0,0.0,2.0,0.0222222,262.0,3395.0,1272.0,2.875,0.842942,13822.0,1732030.0,1271040.0
road-cons,2014,road_11,3.69712,74.3068,19.9087,0.0,0.0,0.0,0.604814,0.610957,0.123036,0.0,1.12852,4.04118,0.748061,6942.74,23817.3,56.0,1121.95,20.7498,2.0,2.0,1.0,3952.0,0.0,0.98652,11281.0,293661.0,78679.1,520.0,0.0,55.0,0.0,0.0,3377.0,3951.0,0.131579,0.0,0.0137294,0.0,0.0,0.854504,0.986271,0.0,0.0,0.0,0.0,0.0,0.0,0.0,0.0,1.0,0.274177,0.000253036,-0.529456,55000000.0,30.3909,55000000.0,0.0,5.0,0.0,2.0,5.0,0.0,5.0,0.0,5.0,0.0,0.0,0.0,3.64728,1809750.0,854191.0,1.37088,0.0,0.0,3951.0,1.18644,2.4979,2.83233,7927.0,5487.79,81069.1,182.0,55000000.0,55000000.0,0.0,2.0,0.666667,5341.0,292.0,4006.0,1.40614,1.01366,14611.0,7249870000.0,3421890000.0
road-cons,2014,road_14,3.76622,76.1799,20.0661,0.0,0.0,0.0,0.702495,0.70982,0.0863175,0.0,0.96342,3.43396,0.613777,18996.5,65506.5,92.0,1840.21,20.7887,2.0,2.0,1.0,10818.0,0.0,0.991749,31219.0,824114.0,217075.0,1144.0,0.0,91.0,0.0,0.0,9583.0,10817.0,0.10575,0.0,0.0083425,0.0,0.0,0.885838,0.991657,0.0,0.0,0.0,0.0,0.0,0.0,0.0,0.0,1.0,0.267727,9.24385e-05,-0.469074,91000000.0,48.9468,91000000.0,0.0,5.0,0.0,2.0,5.0,0.0,5.0,0.0,5.0,0.0,0.0,0.0,3.73515,1859160.0,886235.0,1.5611,0.0,0.0,10817.0,0.996733,2.08785,2.3817,21686.0,14553.0,223438.0,314.0,91000000.0,91000000.0,0.0,2.0,0.666667,13677.0,465.0,10908.0,1.29648,1.00832,40743.0,20279700000.0,9667050000.0
road-cons,2014,road_16,3.79726,76.9876,20.1225,0.0,0.0,0.0,0.74486,0.771404,0.0702802,0.0,0.878066,3.12756,0.54909,32987.8,114133.0,121.0,2418.63,20.8066,2.0,2.0,1.0,18827.0,0.0,0.993719,54606.0,1449450.0,378846.0,1755.0,0.0,120.0,0.0,0.0,16952.0,18826.0,0.0932172,0.0,0.00633379,0.0,0.0,0.900409,0.993666,0.0,0.0,0.0,0.0,0.0,0.0,0.0,0.0,1.0,0.265012,5.31152e-05,-0.444101,120000000.0,63.8188,120000000.0,0.0,5.0,0.0,2.0,5.0,0.0,5.0,0.0,5.0,0.0,0.0,0.0,3.77341,1880320.0,900903.0,1.655,0.0,0.0,18826.0,0.902548,1.87731,2.14911,37727.0,24870.1,389887.0,422.0,120000000.0,120000000.0,0.0,2.0,0.666667,23086.0,602.0,18946.0,1.25029,1.00632,71491.0,35624600000.0,17068500000.0
road-cons,2014,road_20,3.83996,78.0642,20.1856,0.0,0.0,0.0,0.863714,0.88463,0.0495404,0.0,0.747591,2.63998,0.455164,82393.3,286804.0,191.0,3814.5,20.8316,2.0,2.0,1.0,47293.0,0.0,0.99602,138136.0,3691890.0,954635.0,3553.0,0.0,190.0,0.0,0.0,43550.0,47292.0,0.0751274,0.0,0.00400152,0.0,0.0,0.920855,0.995998,0.0,0.0,0.0,0.0,0.0,0.0,0.0,0.0,1.0,0.26146,2.11448e-05,-0.395533,190000000.0,99.5647,190000000.0,0.0,5.0,0.0,2.0,5.0,0.0,5.0,0.0,5.0,0.0,0.0,0.0,3.82467,1908310.0,921331.0,1.8672,0.0,0.0,47292.0,0.762213,1.54833,1.77904,94717.0,60610.3,982524.0,686.0,190000000.0,190000000.0,0.0,2.0,0.666667,55576.0,900.0,47482.0,1.18942,1.004,181603.0,90610300000.0,43746700000.0
road-cons,2014,road_9,3.62367,72.2059,19.6937,0.0,0.0,0.0,0.477982,0.542778,0.152333,0.0,1.27072,4.54962,0.876897,2969.26,10151.9,37.0,742.638,20.7093,2.0,2.0,1.0,1698.0,0.0,0.979804,4794.0,122606.0,33439.9,264.0,0.0,36.0,0.0,0.0,1398.0,1697.0,0.155477,0.0,0.0207732,0.0,0.0,0.823322,0.979227,0.0,0.0,0.0,0.0,0.0,0.0,0.0,0.0,1.0,0.281651,0.000588928,-0.585123,36000000.0,20.5228,36000000.0,0.0,5.0,0.0,2.0,5.0,0.0,5.0,0.0,5.0,0.0,0.0,0.0,3.55049,1754140.0,821194.0,1.22769,0.0,0.0,1697.0,1.36193,2.85708,3.21547,3406.0,2413.55,34527.4,114.0,36000000.0,36000000.0,0.0,2.0,0.666667,2457.0,201.0,1733.0,1.53376,1.02061,6153.0,3039930000.0,1423130000.0
road-cons,2017,road_17,3.80991,77.3108,20.1429,0.0,0.0,0.0,0.78742,0.800913,0.0702089,0.0,0.841059,3.00099,0.521879,42335.1,146707.0,137.0,2737.71,20.8139,2.0,2.0,1.0,24194.0,0.0,0.994451,70318.0,1870460.0,487338.0,2128.0,0.0,136.0,0.0,0.0,21930.0,24193.0,0.0879557,0.0,0.00559004,0.0,0.0,0.906423,0.99441,0.0,0.0,0.0,0.0,0.0,0.0,0.0,0.0,1.0,0.263938,4.13326e-05,-0.430317,136000000.0,72.0051,136000000.0,0.0,5.0,0.0,2.0,5.0,0.0,5.0,0.0,5.0,0.0,0.0,0.0,3.78877,1888750.0,906927.0,1.71051,0.0,0.0,24193.0,0.862343,1.78621,2.04772,48475.0,31696.2,501532.0,482.0,136000000.0,136000000.0,0.0,2.0,0.666667,24674.0,527.0,24329.0,1.03584,1.00558,92177.0,45951500000.0,22064600000.0
road-cons,2017,road_18,3.82109,77.5936,20.1598,0.0,0.0,0.0,0.827585,0.82963,0.0701502,0.0,0.807222,2.86904,0.497405,53531.5,185793.0,154.0,3076.72,20.8205,2.0,2.0,1.0,30636.0,0.0,0.995063,89205.0,2377160.0,617615.0,2550.0,0.0,153.0,0.0,0.0,27933.0,30635.0,0.0832354,0.0,0.00496947,0.0,0.0,0.91177,0.995031,0.0,0.0,0.0,0.0,0.0,0.0,0.0,0.0,1.0,0.263004,3.26413e-05,-0.417732,153000000.0,80.6914,153000000.0,0.0,5.0,0.0,2.0,5.0,0.0,5.0,0.0,5.0,0.0,0.0,0.0,3.80223,1896110.0,912272.0,1.76428,0.0,0.0,30635.0,0.825873,1.7012,1.94876,61373.0,39824.7,635611.0,546.0,153000000.0,153000000.0,0.0,2.0,0.666667,31180.0,581.0,30788.0,1.0316,1.00496,117063.0,58377400000.0,28087000000.0
road-cons,2017,road_25,3.87342,78.8795,20.223,0.0,0.0,0.0,0.999887,1.01071,0.0494486,0.0,0.633111,2.23601,0.376979,204394.0,716068.0,301.0,6007.63,20.8516,2.0,2.0,1.0,118178.0,0.0,0.997476,347106.0,9321820.0,2389920.0,7128.0,0.0,300.0,0.0,0.0,110750.0,118177.0,0.0603158,0.0,0.00253214,0.0,0.0,0.937146,0.997468,0.0,0.0,0.0,0.0,0.0,0.0,0.0,0.0,1.0,0.258823,8.46181e-06,-0.355191,300000000.0,155.499,300000000.0,0.0,5.0,0.0,2.0,5.0,0.0,5.0,0.0,5.0,0.0,0.0,0.0,3.86364,1929270.0,937527.0,2.0867,0.0,0.0,118177.0,0.641852,1.27649,1.47649,236583.0,147109.0,2460480.0,1106.0,300000000.0,300000000.0,0.0,2.0,0.666667,119282.0,1017.0,118477.0,1.01538,1.00253,457753.0,228575000000.0,111075000000.0
road-cons,2017,road_26,3.87851,79.0013,20.2278,0.0,0.0,0.0,1.03132,1.03425,0.0494369,0.0,0.61462,2.16835,0.364683,239647.0,840535.0,326.0,6506.04,20.8546,2.0,2.0,1.0,138752.0,0.0,0.99767,407881.0,10961600.0,2806650.0,8050.0,0.0,325.0,0.0,0.0,130377.0,138751.0,0.0580172,0.0,0.00233685,0.0,0.0,0.939641,0.997663,0.0,0.0,0.0,0.0,0.0,0.0,0.0,0.0,1.0,0.258433,7.2071e-06,-0.347975,325000000.0,168.186,325000000.0,0.0,5.0,0.0,2.0,5.0,0.0,5.0,0.0,5.0,0.0,0.0,0.0,3.86947,1932390.0,940003.0,2.13109,0.0,0.0,138751.0,0.622607,1.2305,1.42747,277753.0,171868.0,2889700.0,1202.0,325000000.0,325000000.0,0.0,2.0,0.666667,139952.0,1089.0,139076.0,1.01413,1.00234,538151.0,268748000000.0,130732000000.0
road-cons,2017,road_33,3.90523,79.6308,20.2487,0.0,0.0,0.0,1.17345,1.18684,0.0,0.0,0.512161,1.79679,0.298108,628572.0,2220010.0,529.0,10552.8,20.871,2.0,2.0,1.0,367106.0,0.0,0.998567,1083990.0,29232900.0,7433420.0,16800.0,0.0,528.0,0.0,0.0,349778.0,367105.0,0.0457633,0.0,0.00143621,0.0,0.0,0.952798,0.998564,0.0,0.0,0.0,0.0,0.0,0.0,0.0,0.0,1.0,0.256435,2.72401e-06,-0.310873,528000000.0,270.996,528000000.0,0.0,5.0,0.0,2.0,5.0,0.0,5.0,0.0,5.0,0.0,0.0,0.0,3.89963,1948370.0,953056.0,2.39186,0.0,0.0,367105.0,0.516787,0.997151,1.167,734643.0,441870.0,7656700.0,1986.0,528000000.0,528000000.0,0.0,2.0,0.666667,369090.0,1627.0,367633.0,1.00839,1.00144,1433630.0,716285000000.0,350375000000.0
roster,2015,chicroster_dataset_11,3.4651,5.94951,1.5611,0.0,0.0,0.0,1.63252,1.49394,0.0,0.0,1.62608,2.34528,0.947075,2320.06,3216.85,141.0,147.14,7.44117,2.0,2.0,1.0,1576.0,0.0,1.02271,4168.0,9376.43,2460.29,280.0,0.0,978.0,0.0,0.0,701.0,563.0,0.177665,0.0,0.634653,0.0,0.0,0.444797,0.365347,0.0,0.0,0.0,0.0,3.0,315.0,0.00952381,0.199873,1.0,0.282183,0.000634518,-0.734333,264.0,91.1753,264.0,31.208,0.0,1.0,2.0,0.0,1.0,0.0,1.0,1.0,0.0,0.0,0.0,3.5438,2.89552,1.17702,0.97751,2.8895,6.0674,1261.0,0.93781,0.705342,0.468874,3220.0,2186.09,1930.46,18.0,264.0,264.0,0.0,2.0,0.277778,2242.0,141.0,1541.0,1.5464,0.977792,5461.0,4462.0,1813.78
roster,2015,chicroster_dataset_17,3.47824,5.96977,1.55791,0.0,0.0,0.0,1.79545,1.62408,0.0,0.0,1.60913,2.33041,0.947,2760.77,3828.14,169.0,175.401,7.7079,2.0,2.0,1.0,1884.0,0.0,1.01893,4980.0,11247.0,2935.11,336.0,0.0,1174.0,0.0,0.0,841.0,675.0,0.178344,0.0,0.634938,0.0,0.0,0.446391,0.365062,0.0,0.0,0.0,0.0,3.0,371.0,0.00808625,0.196921,1.0,0.282161,0.000530786,-0.734412,320.0,110.429,320.0,34.3946,0.0,1.0,2.0,0.0,1.0,0.0,1.0,1.0,0.0,0.0,0.0,3.54408,2.89778,1.1789,0.977434,3.18159,6.67913,1513.0,0.927703,0.702221,0.46455,3864.0,2623.31,2313.29,18.0,320.0,320.0,0.0,2.0,0.277778,2690.0,169.0,1849.0,1.54624,0.981423,6553.0,5358.0,2179.78
roster,2015,chicroster_dataset_2,3.32522,5.72839,1.59407,0.0,0.0,0.0,0.950999,0.97196,0.0,0.0,1.62231,2.31822,0.946309,863.354,1205.71,50.0,54.6439,5.97236,2.0,2.0,1.0,575.0,0.0,1.06481,1529.0,3293.82,916.589,98.0,0.0,341.0,0.0,0.0,246.0,199.0,0.170435,0.0,0.631481,0.0,0.0,0.427826,0.368519,0.0,0.0,0.0,0.0,3.0,133.0,0.0225564,0.231304,1.0,0.282427,0.00173913,-0.733449,99.0,34.1161,99.0,18.8464,0.0,1.0,2.0,0.0,1.0,0.0,1.0,1.0,0.0,0.0,0.0,3.54074,2.90185,1.18756,0.978355,1.75716,3.67047,442.0,1.03359,0.736413,0.512096,1127.0,765.156,684.466,18.0,99.0,99.0,0.0,2.0,0.277778,786.0,50.0,540.0,1.54815,0.93913,1912.0,1567.0,641.282
roster,2015,chicroster_dataset_5,3.38834,5.82911,1.57935,0.0,0.0,0.0,1.14303,1.11179,0.0,0.0,1.70984,2.41646,0.946953,1205.61,1675.93,71.0,76.1497,6.45877,2.0,2.0,1.0,806.0,0.0,1.0454,2138.0,4698.27,1272.96,140.0,0.0,488.0,0.0,0.0,351.0,283.0,0.173697,0.0,0.632944,0.0,0.0,0.435484,0.367056,0.0,0.0,0.0,0.0,3.0,175.0,0.0171429,0.217122,1.0,0.282314,0.00124069,-0.733856,135.0,46.6122,135.0,22.0173,0.0,1.0,2.0,0.0,1.0,0.0,1.0,1.0,0.0,0.0,0.0,3.54215,2.89624,1.18,0.977965,2.07165,4.3212,631.0,0.992384,0.722725,0.493019,1610.0,1093.07,972.446,18.0,135.0,135.0,0.0,2.0,0.277778,1122.0,71.0,771.0,1.54734,0.956576,2731.0,2233.0,909.782
roster,2015,chicroster_dataset_7,3.41354,5.86904,1.57344,0.0,0.0,0.0,1.24289,1.1927,0.0,0.0,1.68469,2.39551,0.947084,1430.83,1986.46,85.0,90.4094,6.73989,2.0,2.0,1.0,960.0,0.0,1.03784,2544.0,5634.28,1510.5,168.0,0.0,586.0,0.0,0.0,421.0,339.0,0.175,0.0,0.633514,0.0,0.0,0.438542,0.366486,0.0,0.0,0.0,0.0,3.0,203.0,0.0147783,0.211458,1.0,0.28227,0.00104167,-0.734015,169.0,58.1783,169.0,24.76,0.0,1.0,2.0,0.0,1.0,0.0,1.0,1.0,0.0,0.0,0.0,3.5427,2.90486,1.18787,0.977813,2.3093,4.90874,757.0,0.975135,0.717138,0.485247,1932.0,1311.67,1164.3,18.0,169.0,169.0,0.0,2.0,0.277778,1346.0,85.0,925.0,1.54703,0.963542,3277.0,2687.0,1098.78
roster,2023,chicroster_dataset_10,3.4564,5.93601,1.56319,0.0,0.0,0.0,1.55803,1.4195,0.0,0.0,1.63679,2.3546,0.947106,2098.94,2910.45,127.0,132.989,7.28463,2.0,2.0,1.0,1422.0,0.0,1.02523,3762.0,8441.01,2222.86,252.0,0.0,880.0,0.0,0.0,631.0,507.0,0.177215,0.0,0.634463,0.0,0.0,0.443741,0.365537,0.0,0.0,0.0,0.0,3.0,287.0,0.010453,0.201828,1.0,0.282197,0.000703235,-0.73428,235.0,81.2223,235.0,29.4776,0.0,1.0,2.0,0.0,1.0,0.0,1.0,1.0,0.0,0.0,0.0,3.54362,2.89329,1.17504,0.97756,2.72147,5.70891,1135.0,0.944349,0.707379,0.471697,2898.0,1967.49,1738.98,18.0,235.0,235.0,0.0,2.0,0.277778,2018.0,127.0,1387.0,1.5465,0.975387,4915.0,4013.0,1629.78
roster,2023,chicroster_dataset_12,3.46884,5.95529,1.56019,0.0,0.0,0.0,1.68095,1.52056,0.0,0.0,1.62135,2.34115,0.947057,2430.41,3369.85,148.0,154.209,7.50914,2.0,2.0,1.0,1653.0,0.0,1.02163,4371.0,9844.09,2578.99,294.0,0.0,1027.0,0.0,0.0,736.0,591.0,0.177858,0.0,0.634734,0.0,0.0,0.445251,0.365266,0.0,0.0,0.0,0.0,3.0,329.0,0.00911854,0.199032,1.0,0.282176,0.000604961,-0.734355,276.0,95.339,276.0,31.9645,0.0,1.0,2.0,0.0,1.0,0.0,1.0,1.0,0.0,0.0,0.0,3.54388,2.89493,1.17632,0.977488,2.95137,6.1889,1324.0,0.934961,0.704459,0.46765,3381.0,2295.4,2026.17,18.0,276.0,276.0,0.0,2.0,0.277778,2354.0,148.0,1618.0,1.54635,0.978826,5734.0,4684.0,1903.28
roster,2023,chicroster_dataset_8,3.41354,5.86897,1.57342,0.0,0.0,0.0,1.24289,1.19271,0.0,0.0,1.68469,2.39551,0.947084,1430.83,1986.45,85.0,90.4094,6.71954,2.0,2.0,1.0,960.0,0.0,1.03784,2544.0,5634.21,1510.48,168.0,0.0,586.0,0.0,0.0,421.0,339.0,0.175,0.0,0.633514,0.0,0.0,0.438542,0.366486,0.0,0.0,0.0,0.0,3.0,203.0,0.0147783,0.211458,1.0,0.28227,0.00104167,-0.734015,162.0,55.9142,162.0,24.2629,0.0,1.0,2.0,0.0,1.0,0.0,1.0,1.0,0.0,0.0,0.0,3.5427,2.8973,1.1803,0.977813,2.2633,4.71723,757.0,0.975135,0.717138,0.485247,1932.0,1311.67,1164.24,18.0,162.0,162.0,0.0,2.0,0.277778,1346.0,85.0,925.0,1.54703,0.963542,3277.0,2680.0,1091.78
roster,2023,chicroster_dataset_9,3.44558,5.9192,1.56579,0.0,0.0,0.0,1.45113,1.35154,0.0,0.0,1.64959,2.36565,0.947127,1877.16,2603.38,113.0,118.82,7.12276,2.0,2.0,1.0,1268.0,0.0,1.02839,3356.0,7505.54,1985.42,224.0,0.0,782.0,0.0,0.0,561.0,451.0,0.176656,0.0,0.634225,0.0,0.0,0.442429,0.365775,0.0,0.0,0.0,0.0,3.0,259.0,0.011583,0.204259,1.0,0.282216,0.000788644,-0.734213,212.0,73.2202,212.0,27.9428,0.0,1.0,2.0,0.0,1.0,0.0,1.0,1.0,0.0,0.0,0.0,3.54339,2.89538,1.17744,0.977624,2.58457,5.43818,1009.0,0.952324,0.70988,0.475167,2576.0,1748.88,1547.48,18.0,212.0,212.0,0.0,2.0,0.277778,1794.0,113.0,1233.0,1.54663,0.972397,4369.0,3570.0,1451.78
roster,2023,chicroster_dataset_large_16,3.47824,5.96981,1.55793,0.0,0.0,0.0,1.79545,1.62407,0.0,0.0,1.60913,2.33041,0.947,2760.77,3828.15,169.0,175.401,7.73279,2.0,2.0,1.0,1884.0,0.0,1.01893,4980.0,11247.1,2935.13,336.0,0.0,1174.0,0.0,0.0,841.0,675.0,0.178344,0.0,0.634938,0.0,0.0,0.446391,0.365062,0.0,0.0,0.0,0.0,3.0,371.0,0.00808625,0.196921,1.0,0.282161,0.000530786,-0.734412,337.0,115.928,337.0,35.0225,0.0,1.0,2.0,0.0,1.0,0.0,1.0,1.0,0.0,0.0,0.0,3.54408,2.90698,1.18809,0.977434,3.28155,6.94072,1513.0,0.927703,0.702221,0.46455,3864.0,2623.31,2313.37,18.0,337.0,337.0,0.0,2.0,0.277778,2690.0,169.0,1849.0,1.54624,0.981423,6553.0,5375.0,2196.78
roster-shifts-bool,2023,large,2.78694,2.78934,1.00059,0.0,0.0,0.0,4.26071,4.3908,0.0,0.0,0.132882,0.133864,0.000849055,503789.0,503878.0,6856.0,7152.47,12.5287,2.0,2.0,1.0,468252.0,0.0,34.1516,1397900.0,1306120.0,468529.0,0.0,0.0,6831.0,0.0,0.0,461421.0,6880.0,0.0,0.0,0.498213,0.0,0.0,0.985412,0.501787,0.0,0.0,0.0,0.0,0.0,0.0,0.0,0.0,1.0,0.0105066,2.1356e-06,-0.86548,6788560.0,13124.0,6788560.0,0.0,1.0,0.0,3.0,1.0,0.0,1.0,0.0,1.0,0.0,0.0,0.0,95.1784,517.261,506.196,1.14329,0.0,0.0,6880.0,2.69935,0.0443127,1.04074,33283.0,50683.7,14284.2,273.0,6788560.0,6788560.0,0.0,2.0,0.00732601,32641.0,1578.0,13711.0,2.49573,0.0292812,1304990.0,7092170.0,6940460.0
roster-shifts-bool,2023,s100_e20_c8,2.83185,2.98908,1.03975,0.0,0.0,0.0,6.08566,6.77415,0.0,0.0,0.215188,0.290331,0.0481787,5849.33,5945.69,1225.0,1444.81,8.32828,2.0,2.0,1.0,5406.0,0.0,2.20743,14994.0,16158.9,5620.88,0.0,0.0,1195.0,0.0,0.0,4211.0,1254.0,0.0,0.0,0.487954,0.0,0.0,0.778949,0.512046,0.0,0.0,0.0,0.0,0.0,0.0,0.0,0.0,1.0,0.159971,0.00018498,-0.90056,207068.0,2215.49,207068.0,49.4744,1.0,0.0,3.0,1.0,0.0,1.0,0.0,1.0,0.0,0.0,0.0,6.25112,93.4639,89.0979,0.932785,44.7602,46.9525,1254.0,2.82099,0.243946,1.21597,3549.0,4233.21,2882.3,21.0,207068.0,207068.0,0.0,2.0,0.0952381,3006.0,1030.0,2449.0,1.64802,0.453015,15309.0,228893.0,218201.0
roster-shifts-bool,2023,s200_e50_c8,2.8028,2.93854,1.03418,0.0,0.0,0.0,6.32227,6.99905,0.0,0.0,0.189634,0.254835,0.04245,6975.72,7074.37,1379.0,1607.68,8.35975,2.0,2.0,1.0,6501.0,0.0,2.358,18125.0,19103.4,6723.2,0.0,0.0,1348.0,0.0,0.0,5153.0,1409.0,0.0,0.0,0.488937,0.0,0.0,0.792647,0.511063,0.0,0.0,0.0,0.0,0.0,0.0,0.0,0.0,1.0,0.151309,0.000153822,-0.909899,206335.0,2476.33,206335.0,52.4943,1.0,0.0,3.0,1.0,0.0,1.0,0.0,1.0,0.0,0.0,0.0,6.609,83.3228,79.1662,0.932731,47.1543,49.6288,1409.0,2.75872,0.22959,1.20456,4040.0,4890.65,3206.54,21.0,206335.0,206335.0,0.0,2.0,0.0952381,3648.0,724.0,2757.0,1.58578,0.424089,18221.0,229721.0,218261.0
roster-shifts-bool,2023,s50_e50_c3,2.85678,3.02327,1.04209,0.0,0.0,0.0,6.02239,6.71386,0.0,0.0,0.214942,0.295228,0.0503834,5564.65,5661.16,1189.0,1410.46,8.33741,2.0,2.0,1.0,5125.0,0.0,2.15608,14187.0,15494.2,5340.7,0.0,0.0,1159.0,0.0,0.0,3966.0,1218.0,0.0,0.0,0.487589,0.0,0.0,0.773854,0.512411,0.0,0.0,0.0,0.0,0.0,0.0,0.0,0.0,1.0,0.162352,0.000195122,-0.898144,209049.0,2150.83,209049.0,48.7414,1.0,0.0,3.0,1.0,0.0,1.0,0.0,1.0,0.0,0.0,0.0,6.15944,97.1944,92.6626,0.932643,44.107,46.2631,1218.0,2.8529,0.252778,1.22796,3457.0,4074.75,2811.96,21.0,209049.0,209049.0,0.0,2.0,0.0952381,2878.0,1102.0,2377.0,1.67438,0.463805,14641.0,231031.0,220259.0
roster-shifts-bool,2023,small,2.89914,2.92626,1.00672,0.0,0.0,0.0,3.79422,4.12918,0.0,0.0,0.173724,0.18391,0.00829393,29876.2,29944.2,1541.0,1738.12,10.5708,2.0,2.0,1.0,27336.0,0.0,8.87244,80468.0,79992.2,27519.7,0.0,0.0,1521.0,0.0,0.0,25815.0,1560.0,0.0,0.0,0.493671,0.0,0.0,0.944359,0.506329,0.0,0.0,0.0,0.0,0.0,0.0,0.0,0.0,1.0,0.0388765,3.65818e-05,-0.863874,230155.0,2424.22,230155.0,55.4547,1.0,0.0,3.0,1.0,0.0,1.0,0.0,1.0,0.0,0.0,0.0,25.7225,94.9396,84.8447,1.11257,43.6973,48.8702,1560.0,2.66831,0.129428,1.11677,25010.0,8452.36,3460.0,74.0,230155.0,230155.0,0.0,2.0,0.027027,24897.0,297.0,3081.0,8.17722,0.112709,79251.0,292509.0,261406.0
roster-sickness,2022,large-2,2.86976,3.20884,1.08764,0.0,0.0,0.0,3.80126,5.02503,0.0,0.0,0.462113,0.553418,0.0721086,3817.79,3920.65,603.0,899.472,12.5287,2.0,2.0,1.0,3317.0,0.0,2.7527,9349.0,10643.7,3607.7,0.0,0.0,578.0,0.0,0.0,2739.0,627.0,0.0,0.0,0.479668,0.0,0.0,0.825746,0.520332,0.0,0.0,0.0,0.0,0.0,0.0,0.0,0.0,1.0,0.126589,0.000301477,-0.90596,6788560.0,1157.5,6788560.0,0.0,1.0,0.0,3.0,1.0,0.0,1.0,0.0,1.0,0.0,0.0,0.0,7.89959,5864.86,5749.33,0.964073,0.0,0.0,627.0,2.00901,0.360446,1.31978,8101.0,2289.31,1778.21,19.0,6788560.0,6788560.0,0.0,2.0,0.105263,1206.0,13729.0,1205.0,12.3942,0.36328,9519.0,7067160.0,6927940.0
roster-sickness,2022,large-2-2,2.32474,2.35603,1.00781,0.0,0.0,0.0,4.59281,5.18099,0.0,0.0,0.0856017,0.0960931,0.00904844,37037.4,37130.9,1914.0,2210.47,12.5287,2.0,2.0,1.0,35946.0,0.0,9.39274,105925.0,84689.7,36226.9,0.0,0.0,1889.0,0.0,0.0,34057.0,1938.0,0.0,0.0,0.493598,0.0,0.0,0.947449,0.506402,0.0,0.0,0.0,0.0,0.0,0.0,0.0,0.0,1.0,0.0457967,2.78195e-05,-0.875015,6788560.0,3673.41,6788560.0,0.0,1.0,0.0,3.0,1.0,0.0,1.0,0.0,1.0,0.0,0.0,0.0,21.8356,1848.03,1810.97,1.0905,0.0,0.0,1938.0,2.33924,0.135101,1.1223,9512.0,10060.3,4400.21,67.0,6788560.0,6788560.0,0.0,2.0,0.0298507,3928.0,11111.0,3827.0,3.92971,0.106465,83565.0,7072400.0,6930590.0
roster-sickness,2022,large-4,2.38079,2.44083,1.01518,0.0,0.0,0.0,4.24208,5.00099,0.0,0.0,0.133939,0.15234,0.0161921,17952.1,18040.3,1264.0,1537.44,12.5287,2.0,2.0,1.0,17201.0,0.0,6.80689,50340.0,41984.6,17462.1,0.0,0.0,1241.0,0.0,0.0,15960.0,1286.0,0.0,0.0,0.491096,0.0,0.0,0.927853,0.508904,0.0,0.0,0.0,0.0,0.0,0.0,0.0,0.0,1.0,0.0617064,5.81362e-05,-0.859481,6244490.0,2426.68,6244490.0,0.0,1.0,0.0,3.0,1.0,0.0,1.0,0.0,1.0,0.0,0.0,0.0,16.2058,2573.27,2522.23,1.0917,0.0,0.0,1286.0,2.24119,0.178279,1.16047,8162.0,6069.77,3054.11,51.0,6244490.0,6244490.0,0.0,2.0,0.0392157,2528.0,11217.0,2527.0,5.43926,0.14691,40952.0,6502640.0,6373660.0
roster-sickness,2022,large-4-2,2.56093,2.72738,1.04238,0.0,0.0,0.0,3.72497,4.79461,0.0,0.0,0.28455,0.33025,0.039433,6703.41,6794.98,716.0,989.436,12.5287,2.0,2.0,1.0,6204.0,0.0,4.33543,17897.0,16920.6,6466.95,0.0,0.0,693.0,0.0,0.0,5511.0,738.0,0.0,0.0,0.484277,0.0,0.0,0.888298,0.515723,0.0,0.0,0.0,0.0,0.0,0.0,0.0,0.0,1.0,0.090068,0.000161186,-0.860001,6244490.0,1374.65,6244490.0,0.0,1.0,0.0,3.0,1.0,0.0,1.0,0.0,1.0,0.0,0.0,0.0,11.1027,4542.59,4453.21,1.05806,0.0,0.0,738.0,2.17604,0.28871,1.25726,7660.0,3033.47,1958.11,28.0,6244490.0,6244490.0,0.0,2.0,0.0714286,1478.0,12309.0,1431.0,9.63452,0.230658,15888.0,6500450.0,6372550.0
roster-sickness,2022,small-4,3.0092,3.48005,1.12168,0.0,0.0,0.0,3.00923,4.01266,0.891517,0.0,0.694649,0.824258,0.196082,1708.11,1777.28,327.0,505.619,10.5708,2.0,2.0,1.0,1413.0,0.0,2.16386,3913.0,4917.31,1584.94,0.0,0.0,309.0,0.0,0.0,1104.0,344.0,0.0,0.0,0.473201,0.0,0.0,0.781316,0.526799,0.0,0.0,0.0,0.0,0.0,0.0,0.0,0.0,1.0,0.153575,0.000707714,-0.906083,346191.0,568.47,346191.0,25.5268,1.0,0.0,3.0,1.0,0.0,1.0,0.0,1.0,0.0,0.0,0.0,6.51149,608.988,569.653,0.934159,22.2304,23.7628,344.0,2.33051,0.444345,1.39075,2091.0,1144.33,994.355,16.0,346191.0,346191.0,0.0,2.0,0.125,922.0,2295.0,653.0,4.92649,0.462137,4252.0,397669.0,371983.0
rotating-workforce,2018,Example1014,2.75599,5.41647,1.98458,0.0,0.0,0.0,2.20711,2.30593,0.503886,7.0,0.90477,3.2605,1.88285,1092.31,1754.98,174.0,347.585,5.64386,1.0,1.58496,1.0,918.0,0.0,0.889535,2394.0,4972.32,1821.84,48.0,0.0,319.0,0.0,0.0,542.0,713.0,0.0522876,0.0,0.309109,0.0,0.0,0.590414,0.690891,0.0,0.0,0.0,0.0,2.0,8.0,0.25,0.0087146,0.0,0.0,0.0,0.0,0.0,0.0,0.0,0.0,0.0,1.0,1.0,0.0,1.0,0.0,1.0,1.0,0.0,0.0,0.0,2.45155,6.48256,2.33935,0.576865,1.75206,1.35178,809.0,1.15865,1.90583,1.28821,1033.0,1259.07,1828.84,52.0,50.0,12.5,0.0,2.0,0.0384615,536.0,424.0,1032.0,0.930233,1.12418,2530.0,6690.0,2414.21
rotating-workforce,2018,Example103,2.73891,5.28463,1.94497,0.0,0.0,0.0,1.751,1.90172,0.514146,7.0,0.960455,3.27075,1.79736,701.264,1116.83,111.0,221.585,5.39232,1.0,1.58496,1.0,586.0,0.0,0.894656,1533.0,3096.79,1139.75,30.0,0.0,202.0,0.0,0.0,345.0,453.0,0.0511945,0.0,0.308397,0.0,0.0,0.588737,0.691603,0.0,0.0,0.0,0.0,2.0,8.0,0.25,0.0136519,0.0,0.0,0.0,0.0,0.0,0.0,0.0,0.0,0.0,1.0,1.0,0.0,1.0,0.0,1.0,1.0,0.0,0.0,0.0,2.45038,6.23969,2.36739,0.4081,1.68849,1.52301,513.0,1.15681,1.85916,1.34831,656.0,800.018,1149.36,34.0,42.0,21.0,0.0,2.0,0.0588235,347.0,524.0,655.0,1.32977,1.11775,1605.0,4087.0,1550.64
rotating-workforce,2018,Example1479,2.76602,5.76494,2.11698,0.0,0.0,0.0,2.75334,2.71511,0.668035,7.0,0.865044,3.32966,1.89794,1699.24,2801.47,272.0,543.585,6.2854,1.0,1.58496,1.0,1436.0,0.0,0.88642,3738.0,8278.46,3039.98,76.0,0.0,501.0,0.0,0.0,850.0,1119.0,0.0529248,0.0,0.309259,0.0,0.0,0.591922,0.690741,0.0,0.0,0.0,0.0,2.0,8.0,0.25,0.00557103,0.0,0.0,0.0,0.0,0.0,0.0,0.0,0.0,0.0,1.0,1.0,0.0,1.0,0.0,1.0,1.0,0.0,0.0,0.0,2.45185,8.89259,3.11627,0.81571,2.04281,1.63626,1271.0,1.15382,1.97554,1.35934,1621.0,1975.02,3033.83,80.0,78.0,19.5,0.0,2.0,0.025,830.0,424.0,1620.0,0.774074,1.12813,3972.0,14406.0,5048.36
rotating-workforce,2018,Example1780,2.73242,5.0781,1.86507,0.0,0.0,0.0,1.63669,1.83679,0.536174,7.0,0.981527,3.29415,1.79458,613.74,959.865,97.0,193.585,5.08746,1.0,1.58496,1.0,512.0,0.0,0.896673,1341.0,2599.99,954.913,26.0,0.0,176.0,0.0,0.0,301.0,395.0,0.0507812,0.0,0.308231,0.0,0.0,0.587891,0.691769,0.0,0.0,0.0,0.0,2.0,8.0,0.25,0.015625,0.0,0.0,0.0,0.0,0.0,0.0,0.0,0.0,0.0,1.0,1.0,0.0,1.0,0.0,1.0,1.0,0.0,0.0,0.0,2.45009,5.08932,1.89956,0.408149,1.45721,1.05287,447.0,1.15847,1.92293,1.27627,572.0,697.648,962.874,30.0,34.0,8.5,0.0,2.0,0.0666667,305.0,356.0,571.0,1.15762,1.11523,1399.0,2906.0,1084.65
rotating-workforce,2018,Example593,2.76594,5.70679,2.14579,0.0,0.0,0.0,2.80048,2.25087,0.807187,7.0,0.862749,3.78642,1.78338,1743.51,2835.32,279.0,441.62,6.74147,1.0,1.0,1.0,1474.0,0.0,0.88635,3837.0,8411.82,3162.89,78.0,0.0,514.0,0.0,0.0,873.0,1149.0,0.0529172,0.0,0.30908,0.0,0.0,0.592266,0.69092,0.0,0.0,0.0,0.0,2.0,8.0,0.25,0.00542741,0.0,0.0,0.0,0.0,0.0,0.0,0.0,0.0,0.0,1.0,1.0,0.0,1.0,0.0,1.0,1.0,0.0,0.0,0.0,2.45159,10.9308,3.80965,0.815796,2.24276,1.87456,1305.0,1.14932,2.17329,1.44685,1664.0,2027.56,3108.83,82.0,107.0,27.0,0.0,2.0,0.0243902,851.0,331.0,1663.0,0.710764,1.12822,4077.0,18178.0,6335.44
rotating-workforce,2019,Example1174,2.75517,5.27738,1.97824,0.0,0.0,0.0,2.20776,1.93241,0.714884,7.0,0.904035,3.59673,1.58257,1093.31,1718.56,174.0,275.199,5.9542,1.0,1.0,1.0,919.0,0.0,0.889642,2397.0,4849.91,1818.0,48.0,0.0,319.0,0.0,0.0,543.0,714.0,0.0522307,0.0,0.308809,0.0,0.0,0.59086,0.691191,0.0,0.0,0.0,0.0,2.0,8.0,0.25,0.00870511,0.0,0.0,0.0,0.0,0.0,0.0,0.0,0.0,0.0,1.0,1.0,0.0,1.0,0.0,1.0,1.0,0.0,0.0,0.0,2.45111,7.29526,2.62605,0.576968,1.93369,1.5232,810.0,1.15245,1.9758,1.34658,1034.0,1260.48,1798.62,52.0,62.0,15.5,0.0,2.0,0.0384615,536.0,265.0,1033.0,0.775411,1.12405,2532.0,7536.0,2712.71
rotating-workforce,2019,Example1242,2.75065,5.31103,1.94194,0.0,0.0,0.0,2.02416,2.15505,0.514948,7.0,0.92465,3.32759,1.78891,918.347,1459.66,146.0,291.585,5.42626,1.0,1.58496,1.0,770.0,0.0,0.891204,2010.0,4089.49,1495.3,40.0,0.0,267.0,0.0,0.0,454.0,597.0,0.0519481,0.0,0.309028,0.0,0.0,0.58961,0.690972,0.0,0.0,0.0,0.0,2.0,8.0,0.25,0.0103896,0.0,0.0,0.0,0.0,0.0,0.0,0.0,0.0,0.0,1.0,1.0,0.0,1.0,0.0,1.0,1.0,0.0,0.0,0.0,2.45139,6.00579,2.2107,0.576903,1.63142,1.27943,677.0,1.16105,1.92974,1.27826,865.0,1054.45,1508.3,44.0,43.0,11.0,0.0,2.0,0.0454545,452.0,396.0,864.0,0.981481,1.12208,2118.0,5189.0,1910.05
rotating-workforce,2019,Example1337,2.76277,5.67245,2.07703,0.0,0.0,0.0,2.53369,2.5425,0.680884,7.0,0.878322,3.47806,1.89916,1439.4,2348.42,230.0,459.585,6.14975,1.0,1.58496,1.0,1214.0,0.0,0.887427,3162.0,6886.36,2521.51,64.0,0.0,423.0,0.0,0.0,718.0,945.0,0.0527183,0.0,0.309211,0.0,0.0,0.591433,0.690789,0.0,0.0,0.0,0.0,2.0,8.0,0.25,0.00658979,0.0,0.0,0.0,0.0,0.0,0.0,0.0,0.0,0.0,1.0,1.0,0.0,1.0,0.0,1.0,1.0,0.0,0.0,0.0,2.45175,8.36111,2.972,0.706454,1.97252,1.61367,1073.0,1.15544,2.07327,1.38762,1369.0,1668.21,2525.87,68.0,71.0,18.0,0.0,2.0,0.0294118,704.0,320.0,1368.0,0.748538,1.12685,3354.0,11438.0,4065.7
rotating-workforce,2019,Example1370,2.75996,5.77224,2.1239,0.0,0.0,0.0,2.40338,2.38799,0.665858,7.0,0.886145,3.37836,1.95832,1310.34,2162.25,209.0,417.585,6.26679,1.0,1.58496,1.0,1104.0,0.0,0.888174,2877.0,6372.55,2344.78,58.0,0.0,384.0,0.0,0.0,653.0,859.0,0.0525362,0.0,0.30893,0.0,0.0,0.591486,0.69107,0.0,0.0,0.0,0.0,2.0,8.0,0.25,0.00724638,0.0,0.0,0.0,0.0,0.0,0.0,0.0,0.0,0.0,1.0,1.0,0.0,1.0,0.0,1.0,1.0,0.0,0.0,0.0,2.45133,9.59533,3.53227,0.706577,2.07652,1.98173,975.0,1.15108,1.96228,1.45927,1244.0,1516.21,2350.64,62.0,77.0,38.5,0.0,2.0,0.0322581,641.0,468.0,1243.0,0.892196,1.12591,3047.0,11927.0,4390.62
rotating-workforce,2019,Example789,2.76893,6.08881,2.23981,0.0,0.0,0.0,3.06447,2.85883,0.773304,7.0,0.850516,3.40976,2.12673,2089.49,3515.07,335.0,669.585,6.80735,1.0,1.58496,1.0,1770.0,0.0,0.885443,4605.0,10777.2,3964.46,94.0,0.0,618.0,0.0,0.0,1049.0,1381.0,0.0531073,0.0,0.309155,0.0,0.0,0.592655,0.690845,0.0,0.0,0.0,0.0,2.0,8.0,0.25,0.00451977,0.0,0.0,0.0,0.0,0.0,0.0,0.0,0.0,0.0,1.0,1.0,0.0,1.0,0.0,1.0,1.0,0.0,0.0,0.0,2.45173,13.1441,4.76281,0.912038,2.25176,2.18197,1569.0,1.14841,2.00896,1.52428,2000.0,2436.58,3960.94,98.0,112.0,56.0,0.0,2.0,0.0204082,1019.0,332.0,1999.0,0.675838,1.12938,4901.0,26275.0,9520.85
rotating-workforce-scheduling,2022,rws-instance-e-100-s-2,2.44869,8.48278,3.57333,0.0,0.0,0.0,3.85267,2.3459,0.791539,0.0,0.730592,5.61477,2.41485,6999.35,15417.0,700.0,1400.0,9.47572,2.0,2.0,1.0,6236.0,0.0,1.19601,18118.0,52898.6,22283.3,100.0,0.0,2900.0,0.0,0.0,5228.0,2314.0,0.0160359,0.0,0.556195,0.0,0.0,0.838358,0.443805,0.0,0.0,0.0,0.0,2.0,108.0,0.0185185,0.0173188,0.0,0.0,0.0,0.0,0.0,0.0,0.0,0.0,5.0,0.0,1.0,5.0,0.0,5.0,0.0,5.0,0.0,0.0,0.0,2.92865,52.0748,9.61505,0.763514,2.76825,2.51981,4514.0,2.0573,2.62675,2.50008,10228.0,5786.94,11396.2,7.0,715.0,238.333,0.0,2.0,0.4,6414.0,66.0,5214.0,1.24281,0.836113,15270.0,271518.0,50132.9
rotating-workforce-scheduling,2022,rws-instance-e-25-s-7,2.4401,7.10748,2.96928,0.0,0.0,0.0,1.87803,1.45538,0.673565,0.0,0.77193,4.9351,2.31246,1802.95,3722.9,175.0,350.0,7.54671,2.0,2.0,1.0,1586.0,0.0,1.207,4618.0,11272.5,4709.27,25.0,0.0,725.0,0.0,0.0,1328.0,589.0,0.0157629,0.0,0.55175,0.0,0.0,0.837327,0.44825,0.0,0.0,0.0,0.0,2.0,33.0,0.0606061,0.0208071,0.0,0.0,0.0,0.0,0.0,0.0,0.0,0.0,5.0,0.0,1.0,5.0,0.0,5.0,0.0,5.0,0.0,0.0,0.0,2.94521,16.0525,3.60665,0.759223,2.41752,1.83917,1139.0,2.13071,2.38358,2.17394,2578.0,1474.36,2539.58,7.0,190.0,63.3333,0.0,2.0,0.4,1614.0,61.0,1314.0,1.27473,0.828499,3870.0,21093.0,4739.13
rotating-workforce-scheduling,2022,rws-instance-e-30-s-9,2.44198,7.27736,3.04315,0.0,0.0,0.0,2.08807,1.54856,0.734788,0.0,0.76342,5.01818,2.37376,2150.41,4480.99,210.0,420.0,7.79428,2.0,2.0,1.0,1896.0,0.0,1.20457,5518.0,13797.9,5769.81,30.0,0.0,870.0,0.0,0.0,1588.0,704.0,0.0158228,0.0,0.552732,0.0,0.0,0.837553,0.447268,0.0,0.0,0.0,0.0,2.0,38.0,0.0526316,0.0200422,0.0,0.0,0.0,0.0,0.0,0.0,0.0,0.0,5.0,0.0,1.0,5.0,0.0,5.0,0.0,5.0,0.0,0.0,0.0,2.94155,18.4485,4.00702,0.760167,2.48398,1.94914,1364.0,2.11608,2.41069,2.2183,3088.0,1761.87,3088.8,7.0,225.0,75.0,0.0,2.0,0.4,1934.0,61.0,1574.0,1.26747,0.830169,4630.0,29038.0,6307.05
rotating-workforce-scheduling,2022,rws-instance-e-80-s-1,2.44796,8.25084,3.47082,0.0,0.0,0.0,3.44211,2.16809,0.762284,0.0,0.734433,5.49828,2.43141,5615.33,12251.1,560.0,1120.0,9.15985,2.0,2.0,1.0,4996.0,0.0,1.19693,14518.0,41221.2,17340.2,80.0,0.0,2320.0,0.0,0.0,4188.0,1854.0,0.0160128,0.0,0.555822,0.0,0.0,0.838271,0.444178,0.0,0.0,0.0,0.0,2.0,88.0,0.0227273,0.0176141,0.0,0.0,0.0,0.0,0.0,0.0,0.0,0.0,5.0,0.0,1.0,5.0,0.0,5.0,0.0,5.0,0.0,0.0,0.0,2.93004,42.4624,8.01259,0.763152,2.73325,2.43926,3614.0,2.06439,2.58319,2.44865,8188.0,4636.92,8938.89,7.0,575.0,191.667,0.0,2.0,0.4,5134.0,61.0,4174.0,1.24461,0.835468,12230.0,177238.0,33444.5
rotating-workforce-scheduling,2022,rws-instance-e-90-s-2,2.44836,8.3729,3.52475,0.0,0.0,0.0,3.65317,2.25978,0.802448,0.0,0.732313,5.55958,2.41981,6307.41,13831.1,630.0,1260.0,9.32641,2.0,2.0,1.0,5616.0,0.0,1.19642,16318.0,47022.2,19795.0,90.0,0.0,2610.0,0.0,0.0,4708.0,2084.0,0.0160256,0.0,0.556029,0.0,0.0,0.838319,0.443971,0.0,0.0,0.0,0.0,2.0,98.0,0.0204082,0.0174501,0.0,0.0,0.0,0.0,0.0,0.0,0.0,0.0,5.0,0.0,1.0,5.0,0.0,5.0,0.0,5.0,0.0,0.0,0.0,2.92927,47.2684,8.81382,0.763353,2.75253,2.48315,4064.0,2.06049,2.60604,2.4762,9208.0,5211.93,10161.3,7.0,645.0,215.0,0.0,2.0,0.4,5774.0,63.0,4694.0,1.2435,0.835826,13750.0,221878.0,41372.0
routing-flexible,2017,routing_GCM_0001,3.0849,15.3738,3.96645,0.0,0.0,0.0,0.857646,3.85529,0.797256,0.0,1.22718,3.93326,2.27609,6140.37,13484.8,43.0,522.75,25.7096,1.0,2.0,1.0,4476.0,0.0,1.24888,12456.0,68813.2,17753.8,126.0,809.0,3244.0,0.0,0.0,3398.0,340.0,0.0281501,0.180742,0.905134,0.0,0.0,0.75916,0.0948661,0.00558534,0.0,25.0,0.0,1.0,30.0,0.0333333,0.00670241,1.0,0.25956,0.000223414,-0.435029,1327940.0,2.88849,1327940.0,0.0,0.0,0.0,2.0,0.0,0.0,5.0,5.0,5.0,5.0,0.0,0.0,3.85268,459736.0,11598.5,1.70205,0.0,0.0,3510.0,1.87496,0.561179,0.969546,4693.0,5173.66,5709.51,53.0,54872000.0,1338340.0,0.0,2.0,0.2,1331.0,130.0,3584.0,0.407645,0.800715,13808.0,1647700000.0,41569200.0
routing-flexible,2017,routing_GCM_0005,3.09435,14.2357,3.87652,0.0,0.0,0.0,0.7916,3.83854,0.77389,0.0,1.19726,3.75124,2.20346,7306.91,15847.5,43.0,522.757,25.7096,1.0,2.0,1.0,5278.0,0.0,1.26997,14632.0,75136.0,20460.3,126.0,1039.0,3816.0,0.0,0.0,3970.0,340.0,0.0238727,0.196855,0.918191,0.0,0.0,0.752179,0.0818094,0.00473664,0.0,25.0,0.0,1.0,30.0,0.0333333,0.00568397,1.0,0.25447,0.000189466,-0.418534,933658.0,2.35561,933658.0,0.0,0.0,0.0,2.0,0.0,0.0,5.0,5.0,5.0,5.0,0.0,0.0,3.92974,396356.0,9901.64,1.78129,0.0,0.0,4082.0,1.98203,0.492131,0.964598,5265.0,6127.31,6271.77,62.0,54872000.0,1338340.0,0.0,2.0,0.115385,1331.0,130.0,4156.0,0.35154,0.787419,16332.0,1647250000.0,41151200.0
routing-flexible,2017,routing_GCM_0006,3.09339,14.0996,3.88402,0.0,0.0,0.0,0.791847,3.822,0.772396,0.0,1.19074,3.74872,2.15531,7521.31,16351.1,43.0,522.757,25.7096,1.0,2.0,1.0,5429.0,0.0,1.27232,15045.0,76546.8,21086.3,126.0,1079.0,3927.0,0.0,0.0,4081.0,340.0,0.0232087,0.198747,0.920319,0.0,0.0,0.751704,0.0796813,0.0046049,0.0,25.0,0.0,1.0,30.0,0.0333333,0.00552588,1.0,0.254079,0.000184196,-0.411092,867539.0,2.24735,867539.0,0.0,0.0,0.0,2.0,0.0,0.0,5.0,5.0,5.0,5.0,0.0,0.0,3.93579,386028.0,9627.65,1.81449,0.0,0.0,4193.0,1.98985,0.482356,0.94165,5376.0,6301.88,6387.44,65.0,54872000.0,1338340.0,0.0,2.0,0.2,1331.0,130.0,4267.0,0.342395,0.785964,16794.0,1647180000.0,41081200.0
routing-flexible,2017,routing_GCM_0007,3.0693,13.3042,3.86495,0.0,0.0,0.0,0.728526,3.57643,0.731814,0.0,1.17629,3.70585,2.11257,7032.29,15283.4,38.0,471.338,25.7096,1.0,2.0,1.0,5079.0,0.0,1.27517,14071.0,67571.9,19630.1,112.0,1021.0,3681.0,0.0,0.0,3820.0,302.0,0.0220516,0.201024,0.924178,0.0,0.0,0.752117,0.0758222,0.00433156,0.0,22.0,0.0,1.0,27.0,0.037037,0.00531601,1.0,0.255501,0.000196889,-0.408025,760697.0,2.04383,760697.0,0.0,0.0,0.0,2.0,0.0,0.0,5.0,5.0,5.0,5.0,0.0,0.0,3.91388,372192.0,10258.1,1.82464,0.0,0.0,3917.0,1.99244,0.466379,0.916615,4875.0,5892.74,5880.1,68.0,54872000.0,1483030.0,0.0,2.0,0.2,1087.0,124.0,3983.0,0.304042,0.784209,15589.0,1482440000.0,40858200.0
routing-flexible,2017,routing_GCM_0022,3.12962,13.8179,4.09396,0.0,0.0,0.0,0.714485,3.66951,0.772425,0.0,1.08454,3.38655,1.67639,7943.44,17316.6,37.0,528.201,28.8109,1.0,2.0,1.0,5624.0,0.0,1.33397,15446.0,77712.0,23024.4,85.0,1307.0,3983.0,0.0,0.0,4105.0,233.0,0.0151138,0.232397,0.944734,0.0,0.0,0.729908,0.0552657,0.00391181,0.0,22.0,0.0,1.0,27.0,0.037037,0.00480085,1.0,0.239532,0.000177809,-0.364176,353928.0,0.117354,353928.0,0.0,0.0,0.0,2.0,0.0,0.0,5.0,5.0,5.0,5.0,0.0,0.0,4.17481,3015900.0,81597.5,2.08819,0.0,0.0,4108.0,2.17501,0.309135,0.832595,5120.0,6513.7,5789.49,101.0,470911000.0,12727300.0,0.0,2.0,0.117647,1067.0,143.0,4216.0,0.287002,0.749644,17601.0,12715000000.0,344015000.0
rubik,2013,4-cube,2.56842,2.56842,1.0,0.0,0.0,0.0,0.0,0.0,0.0,0.0,1.19328,1.19328,0.0,17768.7,17768.7,10.0,10.0,1.0,2.0,2.0,1.0,13680.0,0.0,10.8571,27360.0,35136.0,13680.0,0.0,13680.0,1260.0,0.0,0.0,0.0,0.0,0.0,1.0,1.0,0.0,0.0,0.0,0.0,0.0,0.0,0.0,0.0,0.0,0.0,0.0,0.0,0.0,0.0,0.0,0.0,0.0,0.0,0.0,0.0,1.0,0.0,1.0,1.0,0.0,1.0,0.0,1.0,0.0,0.0,0.0,27.8857,2.0,0.0992348,1.18014,0.0,0.0,0.0,3.77161,0.0,0.0,0.0,5628.29,1260.0,185.0,2.0,0.2,0.0,2.0,0.0108108,1260.0,648.0,1260.0,1.51429,0.0921053,35136.0,2520.0,125.036
rubik,2013,5-cube,2.62244,2.62244,1.0,0.0,0.0,0.0,0.0,0.0,0.0,0.0,1.19935,1.19935,0.0,24030.1,24030.1,10.0,10.0,1.0,2.0,2.0,1.0,18045.0,0.0,10.8967,36090.0,47322.0,18045.0,0.0,18045.0,1656.0,0.0,0.0,0.0,0.0,0.0,1.0,1.0,0.0,0.0,0.0,0.0,0.0,0.0,0.0,0.0,0.0,0.0,0.0,0.0,0.0,0.0,0.0,0.0,0.0,0.0,0.0,0.0,1.0,0.0,1.0,1.0,0.0,1.0,0.0,1.0,0.0,0.0,0.0,28.5761,2.0,0.0957503,1.16063,0.0,0.0,0.0,3.54877,0.0,0.0,0.0,7475.27,1656.0,185.0,2.0,0.2,0.0,2.0,0.0108108,1656.0,648.0,1656.0,1.3913,0.0917706,47322.0,3312.0,158.563
rubik,2013,6-cube,2.65542,2.65542,1.0,0.0,0.0,0.0,0.0,0.0,0.0,0.0,1.19315,1.19315,1.77636e-15,30291.6,30291.6,10.0,10.0,1.0,2.0,2.0,1.0,22410.0,0.0,10.9211,44820.0,59508.0,22410.0,0.0,22410.0,2052.0,0.0,0.0,0.0,0.0,0.0,1.0,1.0,0.0,0.0,0.0,0.0,0.0,0.0,0.0,0.0,0.0,0.0,0.0,0.0,0.0,0.0,0.0,0.0,0.0,0.0,0.0,0.0,1.0,0.0,1.0,1.0,0.0,1.0,0.0,1.0,0.0,0.0,0.0,29.0,2.0,0.0936135,1.14885,0.0,0.0,0.0,3.3511,0.0,0.0,0.0,9322.21,2052.0,185.0,2.0,0.2,0.0,2.0,0.0108108,2052.0,648.0,2052.0,1.31579,0.0915663,59508.0,4104.0,192.095
rubik,2013,7-cube,2.67765,2.67765,1.0,0.0,0.0,0.0,0.0,0.0,0.0,0.0,1.18473,1.18473,0.0,36553.0,36553.0,10.0,10.0,1.0,2.0,2.0,1.0,26775.0,0.0,10.9375,53550.0,71694.0,26775.0,0.0,26775.0,2448.0,0.0,0.0,0.0,0.0,0.0,1.0,1.0,0.0,0.0,0.0,0.0,0.0,0.0,0.0,0.0,0.0,0.0,0.0,0.0,0.0,0.0,0.0,0.0,0.0,0.0,0.0,0.0,1.0,0.0,1.0,1.0,0.0,1.0,0.0,1.0,0.0,0.0,0.0,29.2868,2.0,0.0921631,1.14067,0.0,0.0,0.0,3.17609,0.0,0.0,0.0,11169.2,2448.0,185.0,2.0,0.2,0.0,2.0,0.0108108,2448.0,648.0,2448.0,1.26471,0.0914286,71694.0,4896.0,225.615
rubik,2013,8-cube,2.69364,2.69364,1.0,0.0,0.0,0.0,0.0,0.0,0.0,0.0,1.17654,1.17654,1.77636e-15,42814.4,42814.4,10.0,10.0,1.0,2.0,2.0,1.0,31140.0,0.0,10.9494,62280.0,83880.0,31140.0,0.0,31140.0,2844.0,0.0,0.0,0.0,0.0,0.0,1.0,1.0,0.0,0.0,0.0,0.0,0.0,0.0,0.0,0.0,0.0,0.0,0.0,0.0,0.0,0.0,0.0,0.0,0.0,0.0,0.0,0.0,1.0,0.0,1.0,1.0,0.0,1.0,0.0,1.0,0.0,0.0,0.0,29.4937,2.0,0.0911203,1.1352,0.0,0.0,0.0,3.05442,0.0,0.0,0.0,13016.2,2844.0,185.0,2.0,0.2,0.0,2.0,0.0108108,2844.0,648.0,2844.0,1.22785,0.0913295,83880.0,5688.0,259.146
sdn-chain,2020,d10n780-1,2.80943,3.97836,1.58401,0.0,0.0,0.0,7.73308,5.50128,0.892808,0.0,1.17635,1.67469,0.595288,20291.1,25678.4,1543.0,1543.0,6.43634,1.0,2.0,1.0,16414.0,0.0,1.05604,40380.0,65300.8,25999.9,5632.0,3291.0,13134.0,0.0,0.0,7476.0,2409.0,0.343122,0.2005,0.845011,0.0,0.0,0.455465,0.154989,0.0,0.0,0.0,0.0,2.0,17.0,0.117647,0.0010357,1.0,0.337056,6.09236e-05,-0.167431,4165.0,1721.86,4165.0,119.077,0.0,0.0,2.0,0.0,5.0,5.0,5.0,5.0,0.0,0.0,0.0,2.96687,2.4189,1.14363,3.95951,14.4516,29.1979,13163.0,1.35302,0.0134054,0.173095,13262.0,19638.6,15609.9,744.0,4165.0,4165.0,0.0,2.0,0.0111732,2470.0,2325.0,15543.0,0.308499,0.946936,46114.0,37597.0,17775.5
sdn-chain,2020,d10n780-2,2.87659,4.25258,1.68753,0.0,0.0,0.0,8.11558,5.52981,0.83804,0.0,1.18971,1.71646,0.657578,23285.8,30463.5,1543.0,1543.0,6.43634,1.0,2.0,1.0,18581.0,0.0,1.04877,45446.0,79017.2,31355.9,7084.0,3270.0,15308.0,0.0,0.0,8206.0,2409.0,0.38125,0.175986,0.864029,0.0,0.0,0.441634,0.135971,0.0,0.0,0.0,0.0,2.0,21.0,0.0952381,0.00113019,1.0,0.331469,5.38184e-05,-0.161479,4165.0,1727.45,4165.0,125.279,0.0,0.0,2.0,0.0,5.0,5.0,5.0,5.0,0.0,0.0,0.0,3.01688,2.41107,1.11735,4.14004,13.7808,27.9885,15343.0,1.26732,0.0143731,0.492887,15442.0,22351.5,17799.4,744.0,4165.0,4165.0,0.0,2.0,0.011976,2457.0,2341.0,17717.0,0.270813,0.953501,53450.0,42717.0,19796.1
sdn-chain,2020,d24n600-3,2.98671,3.18268,1.0978,0.0,0.0,0.0,4.28775,4.0482,0.0,0.0,1.23891,1.39229,0.169404,31770.8,33161.1,1635.0,1635.0,6.90689,1.0,2.0,1.0,24751.0,0.0,1.39262,56556.0,78774.4,27171.7,7965.0,10005.0,14991.0,0.0,0.0,6811.0,2782.0,0.321805,0.404226,0.84347,0.0,0.0,0.275181,0.15653,0.0,0.0,0.0,0.0,2.0,9.0,0.222222,0.000363622,1.0,0.240423,4.04024e-05,-0.429932,28813.0,7870.25,28813.0,133.284,0.0,0.0,2.0,0.0,5.0,5.0,5.0,5.0,0.0,0.0,0.0,4.15934,3.661,2.37967,1.76674,59.0413,90.8164,15005.0,1.9168,0.00716158,0.444413,15580.0,28005.5,17816.3,580.0,28813.0,28813.0,0.0,2.0,0.0253165,3306.0,1983.0,17773.0,0.297586,0.718072,73924.0,65067.0,42293.9
sdn-chain,2020,d26n600-2,3.18366,3.71603,1.2658,0.0,0.0,0.0,6.38334,5.50185,0.790016,0.0,1.26202,1.56051,0.354637,47650.9,53132.3,1723.0,1723.0,6.96463,1.0,2.0,1.0,36017.0,0.0,1.32552,81350.0,133840.0,45590.2,14929.0,12105.0,24187.0,0.0,0.0,8999.0,2985.0,0.414499,0.336091,0.890144,0.0,0.0,0.249854,0.109856,0.0,0.0,0.0,0.0,2.0,21.0,0.0952381,0.000583058,1.0,0.236966,2.77647e-05,-0.347222,34341.0,10213.3,34341.0,164.737,0.0,0.0,2.0,0.0,5.0,5.0,5.0,5.0,0.0,0.0,0.0,4.22001,3.3624,2.03558,2.19754,61.9914,102.341,24216.0,2.07455,0.0104108,0.591999,24891.0,42455.6,27269.9,578.0,34341.0,34341.0,0.0,2.0,0.0229885,3591.0,2003.0,27172.0,0.205874,0.754422,114666.0,91363.0,55310.7
sdn-chain,2020,d30n600-5,3.23448,3.55003,1.1575,0.0,0.0,0.0,5.75918,5.2699,0.0,0.0,1.25327,1.46051,0.240315,60440.6,64530.5,1923.0,1923.0,7.06785,1.0,2.0,1.0,45348.0,0.0,1.41961,100458.0,160987.0,52490.2,18818.0,17220.0,28532.0,0.0,0.0,9340.0,3412.0,0.414969,0.37973,0.893188,0.0,0.0,0.205963,0.106812,0.0,0.0,0.0,0.0,2.0,17.0,0.117647,0.000374879,1.0,0.217785,2.20517e-05,-0.409311,44243.0,12826.4,44243.0,178.677,0.0,0.0,2.0,0.0,5.0,5.0,5.0,5.0,0.0,0.0,0.0,4.59169,3.44938,2.1178,1.91105,71.7794,116.883,28556.0,2.11523,0.00746713,0.509596,29455.0,52607.8,32026.0,575.0,44243.0,44243.0,0.0,2.0,0.025974,4256.0,1999.0,31944.0,0.195811,0.704419,146677.0,110187.0,67651.0
seat-moving,2018,sm-10-12-00,4.67762,13.1969,2.32163,0.0,0.0,0.0,1.04732,1.25202,0.0,0.0,2.01447,3.18734,1.8434,1692.95,2738.46,81.0,86.3399,6.49239,1.0,2.0,1.0,974.0,0.0,1.06448,2946.0,12853.8,2261.27,47.0,127.0,498.0,0.0,0.0,454.0,417.0,0.0482546,0.13039,0.544262,0.0,0.0,0.466119,0.455738,0.0410678,0.0,40.0,0.0,3.0,228.0,0.0131579,0.234086,1.0,0.200834,0.00102669,-0.654182,901.0,139.448,901.0,29.8014,0.0,5.0,2.0,0.0,5.0,0.0,5.0,5.0,0.0,0.0,0.0,4.97923,6.4612,2.57077,1.22163,4.64568,11.5785,700.0,1.70759,1.48537,0.932365,1218.0,1529.98,1763.75,22.0,901.0,901.0,0.0,2.0,0.5,516.0,191.0,915.0,0.772678,0.939425,4556.0,5912.0,2352.25
seat-moving,2018,sm-10-20-05,5.06579,15.3863,2.52843,0.0,0.0,0.0,1.26399,1.51309,0.395502,0.0,2.04974,3.21474,1.99944,632.26,1076.81,31.0,76.97,4.97573,1.0,2.0,1.0,380.0,0.0,1.03542,1154.0,5846.8,960.804,17.0,47.0,194.0,0.0,0.0,180.0,173.0,0.0447368,0.123684,0.52861,0.0,0.0,0.473684,0.47139,0.0394737,0.0,15.0,0.0,3.0,93.0,0.0322581,0.244737,1.0,0.190649,0.00263158,-0.662994,201.0,27.2706,201.0,15.9703,0.0,5.0,2.0,0.0,5.0,0.0,5.0,5.0,0.0,0.0,0.0,5.24523,7.37057,2.38434,1.22075,1.64497,4.43855,271.0,1.79888,1.55921,1.52223,558.0,631.835,768.622,22.0,201.0,201.0,0.0,2.0,0.5,234.0,189.0,367.0,1.15259,0.965789,1925.0,2705.0,875.051
seat-moving,2018,sm-15-12-00,5.87736,19.8983,2.6155,0.0,0.0,0.0,1.26183,1.4391,0.382336,0.0,2.00809,3.14813,1.71368,2934.33,4865.49,136.0,142.087,7.07867,1.0,2.0,1.0,1590.0,0.0,1.05298,4828.0,31638.2,4158.65,71.0,206.0,817.0,0.0,0.0,749.0,693.0,0.0446541,0.12956,0.54106,0.0,0.0,0.471069,0.45894,0.0396226,0.0,63.0,0.0,3.0,368.0,0.00815217,0.231447,1.0,0.161584,0.000628931,-0.573001,1651.0,192.585,1651.0,38.2063,0.0,5.0,2.0,0.0,5.0,0.0,5.0,5.0,0.0,0.0,0.0,6.18874,8.57285,3.0833,1.4632,5.01448,13.7868,1152.0,1.6896,1.48049,1.14427,2012.0,2648.66,3223.56,32.0,1651.0,1651.0,0.0,2.0,0.5,871.0,297.0,1510.0,0.77351,0.949686,9345.0,12945.0,4655.79
seat-moving,2018,sm-15-20-00,6.41848,23.0587,2.83017,0.0,0.0,0.0,1.51054,1.74282,0.353335,0.0,2.01616,3.065,2.06813,958.704,1678.79,46.0,128.907,5.3597,1.0,2.0,1.0,552.0,0.0,1.02602,1684.0,12728.4,1562.26,23.0,68.0,283.0,0.0,0.0,263.0,255.0,0.0416667,0.123188,0.526022,0.0,0.0,0.476449,0.473978,0.0380435,0.0,21.0,0.0,3.0,134.0,0.0223881,0.242754,1.0,0.151849,0.00181159,-0.58552,301.0,29.8064,301.0,17.8029,0.0,5.0,2.0,0.0,5.0,0.0,5.0,5.0,0.0,0.0,0.0,6.5855,10.0985,2.91921,1.44854,1.61807,4.54455,396.0,1.78684,1.53979,1.61981,824.0,973.926,1243.58,32.0,301.0,301.0,0.0,2.0,0.5,349.0,279.0,538.0,1.16729,0.974638,3543.0,5433.0,1570.54
seat-moving,2018,sm-20-20-00,7.69799,30.9205,3.04085,0.0,0.0,0.0,1.66865,1.88301,0.465072,0.0,1.99497,3.04165,1.96834,1334.33,2368.93,61.0,185.407,5.63337,1.0,2.0,1.0,745.0,0.0,1.02476,2274.0,23035.8,2265.43,32.0,92.0,384.0,0.0,0.0,355.0,343.0,0.042953,0.12349,0.528198,0.0,0.0,0.47651,0.471802,0.0402685,0.0,30.0,0.0,3.0,178.0,0.0168539,0.238926,1.0,0.126765,0.00134228,-0.5463,401.0,31.3639,401.0,19.2195,0.0,5.0,2.0,0.0,5.0,0.0,5.0,5.0,0.0,0.0,0.0,7.88858,12.7854,3.43753,1.59845,1.57985,4.48788,536.0,1.79505,1.53335,1.66734,1108.0,1362.44,1790.89,42.0,401.0,401.0,0.0,2.0,0.5,464.0,369.0,727.0,1.1458,0.975839,5735.0,9295.0,2499.09
seat-moving,2021,sm-10-11-00,4.60526,12.802,2.29119,0.0,0.0,0.0,1.08571,1.22017,0.0,0.0,1.92106,3.19507,1.53453,2321.78,3728.32,111.0,116.794,7.03437,1.0,2.0,1.0,1330.0,0.0,1.06999,4020.0,17026.6,3047.28,65.0,175.0,680.0,0.0,0.0,618.0,563.0,0.0488722,0.131579,0.547064,0.0,0.0,0.464662,0.452936,0.0413534,0.0,55.0,0.0,3.0,309.0,0.00970874,0.232331,1.0,0.202939,0.00075188,-0.654599,1561.0,237.785,1561.0,35.0041,0.0,5.0,2.0,0.0,5.0,0.0,5.0,5.0,0.0,0.0,0.0,4.92759,6.56476,2.81461,1.21763,6.76448,15.7253,957.0,1.6759,1.16502,0.918263,1628.0,2066.39,2360.28,22.0,1561.0,1561.0,0.0,2.0,0.5,684.0,215.0,1243.0,0.72325,0.934586,6125.0,8160.0,3498.56
seat-moving,2021,sm-10-13-00,4.72109,13.4857,2.35249,0.0,0.0,0.0,1.05908,1.28863,0.0,0.0,2.05252,3.2294,1.86757,1266.96,2067.33,61.0,65.9307,6.02086,1.0,2.0,1.0,735.0,0.0,1.06061,2225.0,9912.02,1729.08,35.0,95.0,375.0,0.0,0.0,343.0,318.0,0.047619,0.129252,0.541126,0.0,0.0,0.466667,0.458874,0.0408163,0.0,30.0,0.0,3.0,174.0,0.0172414,0.236735,1.0,0.199712,0.00136054,-0.658782,561.0,86.8766,561.0,25.5791,0.0,5.0,2.0,0.0,5.0,0.0,5.0,5.0,0.0,0.0,0.0,5.00722,6.45743,2.42709,1.2148,3.35729,8.77892,527.0,1.73419,1.50737,1.0003,941.0,1163.18,1355.19,22.0,561.0,561.0,0.0,2.0,0.5,399.0,177.0,693.0,0.831169,0.942857,3470.0,4475.0,1681.98
seat-moving,2021,sm-20-13-00,7.12612,27.4236,2.8533,0.0,0.0,0.0,1.40329,1.59989,0.350471,0.0,1.99397,3.1475,1.7368,3195.24,5407.99,141.0,147.14,6.93411,1.0,2.0,1.0,1681.0,0.0,1.04605,5110.0,46099.1,4796.4,76.0,216.0,868.0,0.0,0.0,795.0,739.0,0.0452112,0.128495,0.540137,0.0,0.0,0.472933,0.459863,0.0416419,0.0,70.0,0.0,3.0,386.0,0.00777202,0.229625,1.0,0.134151,0.000594884,-0.534159,1441.0,134.609,1441.0,38.405,0.0,5.0,2.0,0.0,5.0,0.0,5.0,5.0,0.0,0.0,0.0,7.45426,10.705,3.34343,1.62096,3.47896,10.784,1220.0,1.72058,1.48985,1.35202,2168.0,2930.95,3712.56,42.0,1441.0,1441.0,0.0,2.0,0.5,932.0,365.0,1607.0,0.807094,0.955979,11979.0,17203.0,5372.89
seat-moving,2021,sm-20-16-00,7.34016,28.8539,2.94351,0.0,0.0,0.0,1.51707,1.7346,0.33973,0.0,2.00357,3.18886,1.93383,1795.14,3114.94,81.0,149.946,6.05201,1.0,2.0,1.0,976.0,0.0,1.03719,2974.0,28161.4,2872.87,43.0,123.0,502.0,0.0,0.0,462.0,439.0,0.0440574,0.126025,0.533475,0.0,0.0,0.473361,0.466525,0.0409836,0.0,40.0,0.0,3.0,230.0,0.0130435,0.235656,1.0,0.131351,0.00102459,-0.538173,601.0,52.2295,601.0,26.0522,0.0,5.0,2.0,0.0,5.0,0.0,5.0,5.0,0.0,0.0,0.0,7.61318,11.5069,3.27932,1.61407,1.96642,6.06059,704.0,1.76799,1.51521,1.57706,1346.0,1735.46,2246.08,42.0,601.0,601.0,0.0,2.0,0.5,572.0,341.0,941.0,0.970244,0.964139,7164.0,10828.0,3085.84
seat-moving,2021,sm-20-20-02,8.15994,32.7318,3.08543,0.0,0.0,0.0,1.68478,1.87287,0.458353,0.0,1.98954,2.93077,1.96396,1103.94,1978.45,61.0,185.407,5.63337,1.0,2.0,1.0,619.0,0.0,1.0,1914.0,20261.0,1909.88,14.0,74.0,312.0,0.0,0.0,301.0,307.0,0.0226171,0.119548,0.504039,0.0,0.0,0.486268,0.495961,0.0193861,0.0,12.0,0.0,3.0,160.0,0.01875,0.258481,1.0,0.12255,0.00161551,-0.5397,401.0,30.7544,401.0,18.4326,0.0,5.0,2.0,0.0,5.0,0.0,5.0,5.0,0.0,0.0,0.0,8.15994,13.0388,3.47281,1.62581,1.61423,4.74901,446.0,1.65342,1.49051,1.54109,1000.0,1165.47,1545.31,42.0,401.0,401.0,0.0,2.0,0.5,464.0,369.0,619.0,1.34572,1.0,5051.0,8071.0,2149.67
ship-schedule,2012,5Ships,2.83255,4.70918,1.74082,0.0,0.0,0.0,0.61148,0.925617,0.574441,0.0,1.42514,2.41204,1.53694,7516.9,10852.4,15.0,72.8933,12.1489,2.0,2.0,1.0,5560.0,0.0,1.17102,14142.0,26183.1,9678.98,702.0,1491.0,3170.0,0.0,0.0,2992.0,1578.0,0.126259,0.268165,0.66765,0.0,0.0,0.538129,0.33235,0.0,0.0,0.0,0.0,1.0,5.0,0.2,0.000899281,1.0,0.301479,0.000179856,-0.227198,489501.0,4457.37,489501.0,68.894,0.0,0.0,3.0,0.0,5.0,5.0,5.0,5.0,0.0,0.0,0.0,3.31698,109.818,106.104,3.0745,64.6845,66.9456,3995.0,1.62105,0.933471,0.996122,5818.0,6438.11,6295.46,229.0,489501.0,489501.0,0.0,2.0,0.012987,1913.0,398.0,4748.0,0.486731,0.853957,15749.0,521417.0,503783.0
ship-schedule,2012,6ShipsMixed,2.81013,4.83295,1.7797,0.0,0.0,0.0,0.503255,0.901913,0.561891,0.0,1.49668,2.65356,1.59879,8322.15,12216.5,13.0,83.0803,11.8686,1.0,2.0,1.0,6120.0,0.0,1.20877,15580.0,29577.6,10891.8,823.0,1807.0,3634.0,0.0,0.0,3262.0,1429.0,0.134477,0.295261,0.717756,0.0,0.0,0.533007,0.282244,0.0,0.0,0.0,0.0,1.0,6.0,0.166667,0.000980392,1.0,0.294395,0.000163399,-0.237319,320401.0,4585.71,320401.0,71.1379,0.0,0.0,3.0,0.0,5.0,5.0,5.0,5.0,0.0,0.0,0.0,3.3968,69.8694,66.3983,2.97324,64.4482,67.8108,4162.0,1.70961,0.89832,1.0462,5036.0,7063.52,7009.86,243.0,320401.0,320401.0,0.0,2.0,0.012987,964.0,257.0,5063.0,0.241161,0.827288,17198.0,353749.0,336174.0
ship-schedule,2012,7ShipsMixed,2.819,4.87339,1.78565,0.0,0.0,0.0,0.614421,0.984085,0.560019,0.0,1.46949,2.64689,1.59298,9838.27,14484.9,15.0,94.2939,11.7867,1.0,2.0,1.0,7265.0,0.0,1.20102,18517.0,35405.2,12972.8,962.0,2117.0,4319.0,0.0,0.0,3883.0,1730.0,0.132416,0.291397,0.714002,0.0,0.0,0.53448,0.285998,0.0,0.0,0.0,0.0,1.0,7.0,0.142857,0.000963524,1.0,0.295361,0.000137646,-0.232819,427201.0,5528.73,427201.0,77.7615,0.0,0.0,3.0,0.0,5.0,5.0,5.0,5.0,0.0,0.0,0.0,3.38568,77.2693,73.7464,3.02655,71.0857,74.4765,4997.0,1.66502,0.886786,1.02512,6893.0,8398.39,8332.01,245.0,427201.0,427201.0,0.0,2.0,0.0128205,1989.0,350.0,6049.0,0.386675,0.832622,20480.0,467402.0,446092.0
ship-schedule,2012,7ShipsMixedUnconst,2.819,4.87314,1.78556,0.0,0.0,0.0,0.614421,0.984137,0.560047,0.0,1.46949,2.64711,1.59319,9838.27,14484.7,15.0,93.7634,11.7204,1.0,2.0,1.0,7265.0,0.0,1.20102,18517.0,35403.3,12972.1,962.0,2117.0,4319.0,0.0,0.0,3883.0,1730.0,0.132416,0.291397,0.714002,0.0,0.0,0.53448,0.285998,0.0,0.0,0.0,0.0,1.0,7.0,0.142857,0.000963524,1.0,0.295361,0.000137646,-0.232819,408001.0,5517.64,408001.0,77.7615,0.0,0.0,3.0,0.0,5.0,5.0,5.0,5.0,0.0,0.0,0.0,3.38568,73.9448,70.5067,3.02655,70.9431,74.3975,4997.0,1.66502,0.887204,1.02512,6893.0,8398.39,8331.18,245.0,408001.0,408001.0,0.0,2.0,0.0128205,1989.0,350.0,6049.0,0.386675,0.832622,20480.0,447292.0,426495.0
ship-schedule,2012,8ShipsUnconst,2.84621,4.74023,1.74042,0.0,0.0,0.0,0.860616,1.15548,0.574574,0.0,1.36971,2.37603,1.53869,11917.1,17256.0,24.0,105.554,11.7283,2.0,2.0,1.0,8921.0,0.0,1.16569,22725.0,42287.6,15526.3,1110.0,2400.0,5172.0,0.0,0.0,4811.0,2481.0,0.124426,0.269028,0.675813,0.0,0.0,0.539289,0.324187,0.0,0.0,0.0,0.0,1.0,8.0,0.125,0.00089676,1.0,0.301406,0.000112095,-0.225123,850001.0,7228.91,850001.0,87.473,0.0,0.0,3.0,0.0,5.0,5.0,5.0,5.0,0.0,0.0,0.0,3.31778,117.584,113.988,3.10316,82.6302,85.2348,6447.0,1.54076,0.895452,0.949504,9365.0,10381.4,9992.37,235.0,850001.0,850001.0,0.0,2.0,0.0127389,3017.0,487.0,7653.0,0.45786,0.857863,25391.0,899867.0,872351.0
ship-schedule,2014,3Ships,2.78546,4.63468,1.74563,0.0,0.0,0.0,0.359007,0.71561,0.572859,0.0,1.49487,2.45853,1.53826,4618.01,6683.18,9.0,50.4219,12.6055,2.0,2.0,1.0,3398.0,0.0,1.17782,8671.0,15748.7,5931.65,419.0,891.0,1908.0,0.0,0.0,1863.0,977.0,0.123308,0.262213,0.661352,0.0,0.0,0.548264,0.338648,0.0,0.0,0.0,0.0,1.0,3.0,0.333333,0.000882872,1.0,0.304807,0.000294291,-0.228076,267001.0,2691.25,267001.0,53.6958,0.0,0.0,3.0,0.0,5.0,5.0,5.0,5.0,0.0,0.0,0.0,3.28076,99.2107,95.5344,3.04807,50.1017,52.0248,2433.0,1.64091,0.980554,1.0396,2359.0,3864.81,3884.77,225.0,267001.0,267001.0,0.0,2.0,0.013245,9.0,166.0,2885.0,0.0606586,0.849029,9465.0,286223.0,275617.0
ship-schedule,2014,6Ships,2.83842,4.72099,1.73993,0.0,0.0,0.0,0.704616,0.993525,0.574736,0.0,1.4009,2.39504,1.53751,8984.66,12983.9,18.0,84.0189,12.0027,2.0,2.0,1.0,6678.0,0.0,1.1685,16995.0,31526.7,11619.2,838.0,1793.0,3836.0,0.0,0.0,3597.0,1879.0,0.125487,0.268494,0.671216,0.0,0.0,0.538634,0.328784,0.0,0.0,0.0,0.0,1.0,6.0,0.166667,0.000898473,1.0,0.301504,0.000149745,-0.227172,614101.0,5378.92,614101.0,75.5872,0.0,0.0,3.0,0.0,5.0,5.0,5.0,5.0,0.0,0.0,0.0,3.31671,114.168,110.457,3.07475,71.1485,73.5361,4811.0,1.58634,0.916489,0.97601,7000.0,7751.45,7529.48,231.0,614101.0,614101.0,0.0,2.0,0.0129032,2281.0,403.0,5715.0,0.469641,0.855795,18955.0,652471.0,631264.0
ship-schedule,2014,7Ships,2.84269,4.73081,1.73983,0.0,0.0,0.0,0.786602,1.07783,0.574767,0.0,1.38321,2.38358,1.53777,10453.0,15120.5,21.0,95.1012,11.8877,2.0,2.0,1.0,7800.0,0.0,1.16697,19860.0,36900.3,13570.7,974.0,2097.0,4504.0,0.0,0.0,4204.0,2180.0,0.124872,0.268846,0.673848,0.0,0.0,0.538974,0.326152,0.0,0.0,0.0,0.0,1.0,7.0,0.142857,0.000897436,1.0,0.301448,0.000128205,-0.226148,747601.0,6306.12,747601.0,81.7464,0.0,0.0,3.0,0.0,5.0,5.0,5.0,5.0,0.0,0.0,0.0,3.31732,118.552,114.847,3.08892,77.1303,79.6161,5629.0,1.56131,0.904189,0.961172,8183.0,9067.1,8762.59,233.0,747601.0,747601.0,0.0,2.0,0.0128205,2649.0,503.0,6684.0,0.471574,0.856923,22173.0,792399.0,767637.0
ship-schedule,2014,8ShipsMixed,2.84098,4.89843,1.7811,0.0,0.0,0.0,0.609666,1.02074,0.56145,0.0,1.45845,2.62991,1.58387,11043.2,16190.2,17.0,105.151,11.6835,1.0,2.0,1.0,8125.0,0.0,1.20406,20668.0,39799.7,14471.5,1113.0,2426.0,4868.0,0.0,0.0,4282.0,1880.0,0.136985,0.298585,0.721399,0.0,0.0,0.527015,0.278601,0.0,0.0,0.0,0.0,1.0,8.0,0.125,0.000984615,1.0,0.292336,0.000123077,-0.23402,445001.0,6134.76,445001.0,82.1322,0.0,0.0,3.0,0.0,5.0,5.0,5.0,5.0,0.0,0.0,0.0,3.42072,72.5376,69.0618,3.02395,74.6815,78.4349,5547.0,1.70019,0.876802,1.05357,7590.0,9456.94,9254.42,251.0,445001.0,445001.0,0.0,2.0,0.0127389,2137.0,343.0,6748.0,0.367516,0.830523,23083.0,489484.0,466029.0
ship-schedule,2014,8ShipsMixedUnconstr,2.84098,4.89818,1.78102,0.0,0.0,0.0,0.609666,1.02079,0.561476,0.0,1.45845,2.63014,1.58406,11043.2,16190.1,17.0,104.554,11.6172,1.0,2.0,1.0,8125.0,0.0,1.20406,20668.0,39797.7,14470.8,1113.0,2426.0,4868.0,0.0,0.0,4282.0,1880.0,0.136985,0.298585,0.721399,0.0,0.0,0.527015,0.278601,0.0,0.0,0.0,0.0,1.0,8.0,0.125,0.000984615,1.0,0.292336,0.000123077,-0.23402,425001.0,6121.54,425001.0,82.1323,0.0,0.0,3.0,0.0,5.0,5.0,5.0,5.0,0.0,0.0,0.0,3.42072,69.4271,66.0332,3.02395,74.5206,78.3454,5547.0,1.70019,0.8772,1.05357,7590.0,9456.94,9253.53,251.0,425001.0,425001.0,0.0,2.0,0.0127389,2137.0,343.0,6748.0,0.367516,0.830523,23083.0,468494.0,445592.0
skill-allocation,2020,skill_allocation_mzn_1m_1,2.8555,4.79911,1.97177,0.0,0.0,0.0,4.00824,2.40306,0.50716,0.0,0.865853,1.86877,1.10694,72621.9,115959.0,333.0,333.0,3.51118,2.0,2.0,1.0,61715.0,0.0,0.998528,147463.0,296177.0,121688.0,15730.0,242.0,39697.0,0.0,0.0,23791.0,22109.0,0.254881,0.00392125,0.642284,0.0,0.0,0.385498,0.357716,0.00392125,0.0,242.0,0.0,0.0,0.0,0.0,0.0,1.0,0.350718,1.62035e-05,-0.370259,66.0,27.5225,66.0,12.9827,0.0,0.0,2.0,0.0,5.0,5.0,5.0,5.0,0.0,0.0,0.0,2.85129,2.39804,0.896898,1.75359,2.04291,0.0,61408.0,1.13597,0.0637927,0.152221,83516.0,76429.6,63796.6,66.0,66.0,66.0,0.0,2.0,0.0666667,22507.0,732.0,61806.0,0.375999,1.00147,176227.0,148213.0,55433.7
skill-allocation,2020,skill_allocation_mzn_2m_1,2.87281,4.77024,1.94869,0.0,0.0,0.0,5.54766,3.35413,0.513165,0.0,0.87147,1.77689,1.05553,146326.0,231451.0,677.0,677.0,3.51118,2.0,2.0,1.0,124241.0,0.0,0.999099,295653.0,592659.0,242107.0,32500.0,500.0,79540.0,0.0,0.0,46671.0,44813.0,0.261588,0.00402444,0.639631,0.0,0.0,0.375649,0.360369,0.00402444,0.0,500.0,0.0,0.0,0.0,0.0,0.0,1.0,0.348405,8.04887e-06,-0.353439,66.0,27.8233,66.0,13.2673,0.0,0.0,2.0,0.0,5.0,5.0,5.0,5.0,0.0,0.0,0.0,2.87022,2.37211,0.899874,1.84359,2.02176,0.0,123611.0,1.07094,0.0569057,0.113156,168423.0,152607.0,128071.0,66.0,66.0,66.0,0.0,2.0,0.0384615,45555.0,1422.0,124353.0,0.377771,1.0009,356921.0,294979.0,111902.0
skill-allocation,2020,skill_allocation_mzn_2m_3,2.87281,4.77024,1.94869,0.0,0.0,0.0,5.54766,3.35413,0.513165,0.0,0.87147,1.77689,1.05553,146326.0,231451.0,677.0,677.0,3.51118,2.0,2.0,1.0,124241.0,0.0,0.999099,295653.0,592659.0,242107.0,32500.0,500.0,79540.0,0.0,0.0,46671.0,44813.0,0.261588,0.00402444,0.639631,0.0,0.0,0.375649,0.360369,0.00402444,0.0,500.0,0.0,0.0,0.0,0.0,0.0,1.0,0.348405,8.04887e-06,-0.353439,66.0,27.8233,66.0,13.2673,0.0,0.0,2.0,0.0,5.0,5.0,5.0,5.0,0.0,0.0,0.0,2.87022,2.37211,0.899874,1.84359,2.02176,0.0,123611.0,1.07094,0.0569057,0.113156,168423.0,152607.0,128071.0,66.0,66.0,66.0,0.0,2.0,0.0384615,45555.0,1422.0,124353.0,0.377771,1.0009,356921.0,294979.0,111902.0
skill-allocation,2020,skill_allocation_mzn_2w_1,2.84192,4.84001,1.99896,0.0,0.0,0.0,2.8369,1.69118,0.50026,0.0,0.879544,2.05216,1.1902,34759.3,55973.2,151.0,151.0,3.51118,2.0,2.0,1.0,29353.0,0.0,0.998809,70523.0,142069.0,58675.5,7540.0,116.0,19291.0,0.0,0.0,11701.0,10097.0,0.256873,0.0039519,0.656424,0.0,0.0,0.39863,0.343576,0.0039519,0.0,116.0,0.0,0.0,0.0,0.0,0.0,1.0,0.352294,3.40681e-05,-0.383362,66.0,26.9723,66.0,12.2308,0.0,0.0,2.0,0.0,5.0,5.0,5.0,5.0,0.0,0.0,0.0,2.83854,2.44695,0.892044,1.68954,2.12352,0.0,29172.0,1.20586,0.0769036,0.211256,39268.0,36762.0,30464.6,66.0,66.0,66.0,0.0,2.0,0.117647,10313.0,217.0,29388.0,0.35831,1.00119,83419.0,71911.0,26215.4
skill-allocation,2020,skill_allocation_mzn_3m_3,3.10598,4.62105,1.75752,0.0,0.0,0.0,5.97146,4.02529,0.568982,0.0,1.01453,1.76907,0.981246,312308.0,447420.0,1055.0,1055.0,3.51118,2.0,2.0,1.0,246889.0,0.0,0.998924,568603.0,1140890.0,433913.0,102570.0,789.0,177264.0,0.0,0.0,74036.0,69891.0,0.41545,0.00319577,0.717218,0.0,0.0,0.299876,0.282782,0.00319577,0.0,789.0,0.0,0.0,0.0,0.0,0.0,1.0,0.322306,4.0504e-06,-0.3606,131.0,57.0003,131.0,30.3353,0.0,0.0,2.0,0.0,5.0,5.0,5.0,5.0,0.0,0.0,0.0,3.10264,2.29823,0.88181,1.87935,1.84604,0.0,245970.0,0.989963,0.0478801,0.122405,315860.0,317880.0,253086.0,89.0,131.0,131.0,0.0,2.0,0.0224719,71076.0,1190.0,247155.0,0.292391,1.00108,766833.0,568020.0,217944.0
skill-allocation,2025,skill_allocation_mzn_1m_2,2.8555,4.79911,1.97177,0.0,0.0,0.0,4.00824,2.40306,0.50716,0.0,0.865853,1.86877,1.10694,72621.9,115959.0,333.0,333.0,3.51118,2.0,2.0,1.0,61715.0,0.0,0.998528,147463.0,296177.0,121688.0,15730.0,242.0,39697.0,0.0,0.0,23791.0,22109.0,0.254881,0.00392125,0.642284,0.0,0.0,0.385498,0.357716,0.00392125,0.0,242.0,0.0,0.0,0.0,0.0,0.0,1.0,0.350718,1.62035e-05,-0.370259,66.0,27.5225,66.0,12.9827,0.0,0.0,2.0,0.0,5.0,5.0,5.0,5.0,0.0,0.0,0.0,2.85129,2.39804,0.896898,1.75359,2.04291,0.0,61408.0,1.13597,0.0637927,0.152221,83516.0,76429.6,63796.6,66.0,66.0,66.0,0.0,2.0,0.0666667,22507.0,732.0,61806.0,0.375999,1.00147,176227.0,148213.0,55433.7
skill-allocation,2025,skill_allocation_mzn_2m_2,3.08888,4.64499,1.77803,0.0,0.0,0.0,4.98394,3.32824,0.562419,0.0,1.00856,1.83828,1.02328,200933.0,290542.0,677.0,677.0,3.51118,2.0,2.0,1.0,159341.0,0.0,0.99889,368388.0,740137.0,283314.0,65000.0,500.0,114575.0,0.0,0.0,49206.0,44943.0,0.40793,0.00313792,0.718258,0.0,0.0,0.308809,0.281742,0.00313792,0.0,500.0,0.0,0.0,0.0,0.0,0.0,1.0,0.324101,6.27585e-06,-0.394114,131.0,56.6415,131.0,29.5229,0.0,0.0,2.0,0.0,5.0,5.0,5.0,5.0,0.0,0.0,0.0,3.08546,2.31279,0.878168,1.71498,1.88469,0.0,158711.0,1.04373,0.0517152,0.161339,203653.0,207017.0,163550.0,66.0,131.0,131.0,0.0,2.0,0.0384615,45750.0,1487.0,159518.0,0.296123,1.00111,492186.0,368932.0,140084.0
skill-allocation,2025,skill_allocation_mzn_2w_2,2.84192,4.84001,1.99896,0.0,0.0,0.0,2.8369,1.69118,0.50026,0.0,0.879544,2.05216,1.1902,34759.3,55973.2,151.0,151.0,3.51118,2.0,2.0,1.0,29353.0,0.0,0.998809,70523.0,142069.0,58675.5,7540.0,116.0,19291.0,0.0,0.0,11701.0,10097.0,0.256873,0.0039519,0.656424,0.0,0.0,0.39863,0.343576,0.0039519,0.0,116.0,0.0,0.0,0.0,0.0,0.0,1.0,0.352294,3.40681e-05,-0.383362,66.0,26.9723,66.0,12.2308,0.0,0.0,2.0,0.0,5.0,5.0,5.0,5.0,0.0,0.0,0.0,2.83854,2.44695,0.892044,1.68954,2.12352,0.0,29172.0,1.20586,0.0769036,0.211256,39268.0,36762.0,30464.6,66.0,66.0,66.0,0.0,2.0,0.117647,10313.0,217.0,29388.0,0.35831,1.00119,83419.0,71911.0,26215.4
skill-allocation,2025,skill_allocation_mzn_3m_3,3.10598,4.62105,1.75752,0.0,0.0,0.0,5.97146,4.02529,0.568982,0.0,1.01453,1.76907,0.981246,312308.0,447420.0,1055.0,1055.0,3.51118,2.0,2.0,1.0,246889.0,0.0,0.998924,568603.0,1140890.0,433913.0,102570.0,789.0,177264.0,0.0,0.0,74036.0,69891.0,0.41545,0.00319577,0.717218,0.0,0.0,0.299876,0.282782,0.00319577,0.0,789.0,0.0,0.0,0.0,0.0,0.0,1.0,0.322306,4.0504e-06,-0.3606,131.0,57.0003,131.0,30.3353,0.0,0.0,2.0,0.0,5.0,5.0,5.0,5.0,0.0,0.0,0.0,3.10264,2.29823,0.88181,1.87935,1.84604,0.0,245970.0,0.989963,0.0478801,0.122405,315860.0,317880.0,253086.0,89.0,131.0,131.0,0.0,2.0,0.0224719,71076.0,1190.0,247155.0,0.292391,1.00108,766833.0,568020.0,217944.0
skill-allocation,2025,skill_allocation_mzn_5d_1,2.79601,4.92756,2.06558,0.0,0.0,0.0,2.05456,1.20061,0.484125,0.0,0.887149,2.3552,1.31261,15274.8,25192.5,66.0,71.0444,3.51118,2.0,2.0,1.0,12839.0,0.0,0.999066,31253.0,63264.9,26520.0,3185.0,49.0,8694.0,0.0,0.0,5526.0,4157.0,0.248072,0.0038165,0.676523,0.0,0.0,0.430407,0.323477,0.0038165,0.0,49.0,0.0,0.0,0.0,0.0,0.0,1.0,0.357987,7.78877e-05,-0.391352,66.0,25.5726,66.0,10.8763,0.0,0.0,2.0,0.0,5.0,5.0,5.0,5.0,0.0,0.0,0.0,2.7934,2.58089,0.900819,1.6405,2.25928,0.0,12725.0,1.1976,0.107904,0.165377,16881.0,16033.1,13475.5,66.0,66.0,66.0,0.0,2.0,0.25,4283.0,127.0,12851.0,0.343164,1.00093,35898.0,33167.0,11576.4
smelt,2014,smelt_11,3.06191,17.0861,5.38839,0.0,0.0,0.0,4.14401,4.27528,0.765183,0.0,0.631962,4.03421,1.44594,2001.61,5136.94,243.0,1096.72,9.96723,2.0,2.0,1.0,1793.0,0.0,0.951194,5088.0,30635.4,9661.38,0.0,0.0,541.0,0.0,0.0,1243.0,1344.0,0.0,0.0,0.287003,0.0,0.0,0.693252,0.712997,0.0,0.0,0.0,0.0,1.0,9.0,0.111111,0.00501952,1.0,0.343352,0.000557724,-0.463841,242001.0,483.91,242001.0,43.2444,0.0,0.0,2.0,0.0,5.0,0.0,5.0,5.0,0.0,5.0,0.0,2.91247,500.095,373.797,1.41567,11.167,14.9276,1443.0,1.80861,2.50789,2.54235,1542.0,2099.99,8247.93,101.0,242001.0,242001.0,0.0,2.0,0.666667,1342.0,704.0,1885.0,1.08541,1.05131,5490.0,942680.0,704608.0
smelt,2014,smelt_2,2.95238,16.4128,5.10612,0.0,0.0,0.0,1.07109,1.45336,0.807483,0.0,0.925525,3.48047,1.5019,184.216,426.417,20.0,109.672,9.96723,2.0,2.0,1.0,147.0,0.0,0.986577,420.0,2412.67,750.6,0.0,0.0,43.0,0.0,0.0,95.0,106.0,0.0,0.0,0.288591,0.0,0.0,0.646259,0.711409,0.0,0.0,0.0,0.0,1.0,9.0,0.111111,0.0612245,1.0,0.343318,0.00680272,-0.604865,14001.0,32.0423,14001.0,11.2046,0.0,0.0,2.0,0.0,5.0,0.0,5.0,5.0,0.0,5.0,0.0,2.91275,436.953,308.987,1.08567,2.7705,3.83362,115.0,1.83171,2.26957,2.32749,134.0,170.212,627.524,16.0,14001.0,14001.0,0.0,2.0,0.666667,104.0,74.0,149.0,1.19463,1.01361,434.0,65106.0,46039.1
smelt,2014,smelt_3,2.99125,15.1923,4.739,0.0,0.0,0.0,1.83108,2.09498,0.84406,0.0,0.738657,3.38883,1.96249,538.442,1254.56,54.0,219.345,9.96723,2.0,2.0,1.0,457.0,0.0,0.978587,1282.0,6942.9,2165.72,0.0,0.0,152.0,0.0,0.0,294.0,315.0,0.0,0.0,0.325482,0.0,0.0,0.643326,0.674518,0.0,0.0,0.0,0.0,1.0,11.0,0.0909091,0.02407,1.0,0.341624,0.00218818,-0.515064,53001.0,127.227,53001.0,21.2167,0.0,0.0,2.0,0.0,5.0,0.0,5.0,5.0,0.0,5.0,0.0,2.92719,416.585,309.87,1.27824,5.94944,7.95992,374.0,1.73751,1.9532,1.93566,433.0,533.815,1776.72,23.0,53001.0,53001.0,0.0,2.0,0.666667,313.0,144.0,467.0,0.978587,1.02188,1367.0,194545.0,144709.0
smelt,2014,smelt_4,2.85185,14.0488,4.57008,0.0,0.0,0.0,1.16297,1.54151,0.847466,0.0,0.790864,3.35161,1.98073,293.092,664.381,22.0,109.672,9.96723,2.0,2.0,1.0,243.0,0.0,1.0,680.0,3413.86,1110.53,0.0,0.0,80.0,0.0,0.0,152.0,163.0,0.0,0.0,0.329218,0.0,0.0,0.625514,0.670782,0.0,0.0,0.0,0.0,1.0,11.0,0.0909091,0.0452675,1.0,0.350649,0.00411523,-0.534584,21001.0,55.2981,21001.0,14.722,0.0,0.0,2.0,0.0,5.0,0.0,5.0,5.0,0.0,5.0,0.0,2.85185,379.778,275.257,1.21468,3.68824,5.0012,202.0,1.57757,1.96148,1.91837,241.0,273.555,912.003,21.0,21001.0,21001.0,0.0,2.0,0.666667,161.0,64.0,243.0,0.925926,1.0,693.0,92286.0,66887.4
smelt,2014,smelt_5,3.04056,16.7215,5.36102,0.0,0.0,0.0,2.3022,2.30688,0.746126,0.0,0.765675,3.63109,1.48909,664.516,1654.71,85.0,329.017,9.96723,2.0,2.0,1.0,567.0,0.0,0.962649,1620.0,9481.11,3039.7,0.0,0.0,173.0,0.0,0.0,385.0,416.0,0.0,0.0,0.293718,0.0,0.0,0.679012,0.706282,0.0,0.0,0.0,0.0,1.0,9.0,0.111111,0.015873,1.0,0.341647,0.00176367,-0.515011,84001.0,167.368,84001.0,24.0188,0.0,0.0,2.0,0.0,5.0,0.0,5.0,5.0,0.0,5.0,0.0,2.92699,501.893,372.64,1.27833,6.92659,9.30828,445.0,1.79369,2.14009,2.19743,474.0,669.723,2518.71,31.0,84001.0,84001.0,0.0,2.0,0.666667,414.0,214.0,589.0,1.06621,1.0388,1724.0,295615.0,219485.0
soccer-computational,2018,xIGData_22_12_22_5,2.99584,7.81394,2.58933,0.0,0.0,0.0,1.1563,0.895835,0.668919,0.0,1.18685,1.71785,1.48315,5454.47,9607.08,31.0,54.0567,4.67186,2.0,2.0,1.0,4088.0,0.0,1.01188,12033.0,31943.4,10585.2,0.0,0.0,1658.0,0.0,0.0,2430.0,2382.0,0.0,0.0,0.410396,0.0,0.0,0.594423,0.589604,0.0,0.0,0.0,0.0,1.0,1.0,1.0,0.000244618,0.0,0.0,0.0,0.0,0.0,0.0,0.0,0.0,0.0,5.0,1.0,0.0,0.0,0.0,5.0,5.0,5.0,0.0,0.0,3.03144,2.75198,1.06074,3.62864,2.41036,0.0,3380.0,0.859543,0.805101,0.127575,6548.0,4679.14,4645.1,189.0,91.0,22.0,0.0,2.0,0.481481,3956.0,155.0,4040.0,1.01757,0.988258,12247.0,11118.0,4285.39
soccer-computational,2018,xIGData_22_17_16_1,3.00951,7.64602,2.52737,0.0,0.0,0.0,1.15105,0.877346,0.559559,0.0,1.20222,1.75648,1.48061,4646.12,8111.83,26.0,45.872,4.49862,2.0,2.0,1.0,3470.0,0.0,1.01284,10177.0,26531.7,8769.98,0.0,0.0,1403.0,0.0,0.0,2066.0,2023.0,0.0,0.0,0.409515,0.0,0.0,0.595389,0.590485,0.0,0.0,0.0,0.0,1.0,1.0,1.0,0.000288184,0.0,0.0,0.0,0.0,0.0,0.0,0.0,0.0,0.0,5.0,1.0,0.0,0.0,0.0,5.0,5.0,5.0,0.0,0.0,3.04816,2.83012,1.08129,3.32951,2.17814,0.92482,2870.0,0.927775,0.830426,0.153884,5589.0,4020.09,3995.12,138.0,76.0,22.0,0.0,2.0,0.5,3403.0,169.0,3426.0,1.04262,0.98732,10443.0,9696.0,3704.51
soccer-computational,2018,xIGData_24_16_14_2,3.02209,7.80361,2.57444,0.0,0.0,0.0,1.2381,0.932916,0.549329,0.0,1.18051,1.77478,1.51009,5229.47,9223.59,31.0,54.0567,4.67186,2.0,2.0,1.0,3938.0,0.0,1.01182,11536.0,30730.6,10138.1,0.0,0.0,1546.0,0.0,0.0,2391.0,2346.0,0.0,0.0,0.397225,0.0,0.0,0.607161,0.602775,0.0,0.0,0.0,0.0,1.0,1.0,1.0,0.000253936,0.0,0.0,0.0,0.0,0.0,0.0,0.0,0.0,0.0,5.0,1.0,0.0,0.0,0.0,5.0,5.0,5.0,0.0,0.0,3.05781,2.97945,1.09492,3.30285,2.42028,0.913309,3162.0,0.942122,0.883963,0.153666,6422.0,4643.07,4619.63,146.0,91.0,24.0,0.0,2.0,0.623288,4130.0,207.0,3892.0,1.11434,0.988319,11901.0,11596.0,4261.43
soccer-computational,2018,xIGData_26_16_20_4,3.01367,7.95615,2.63092,0.0,0.0,0.0,1.28514,0.94057,0.658343,0.0,1.16423,1.7338,1.50021,6681.47,11883.9,35.0,60.5752,4.791,2.0,2.0,1.0,5047.0,0.0,1.01021,14814.0,40154.7,13278.3,0.0,0.0,2015.0,0.0,0.0,3031.0,2981.0,0.0,0.0,0.403323,0.0,0.0,0.600555,0.596677,0.0,0.0,0.0,0.0,1.0,1.0,1.0,0.000198138,0.0,0.0,0.0,0.0,0.0,0.0,0.0,0.0,0.0,5.0,1.0,0.0,0.0,0.0,5.0,5.0,5.0,0.0,0.0,3.04444,2.88151,1.0814,3.67239,2.59702,0.924731,4106.0,0.89647,0.840045,0.128909,8174.0,5861.1,5824.31,204.0,103.0,26.0,0.0,2.0,0.504902,5110.0,173.0,4996.0,1.05745,0.989895,15210.0,14396.0,5402.65
soccer-computational,2018,xIGData_28_23_9_2,3.0432,7.85888,2.58382,0.0,0.0,0.0,1.35486,0.977385,0.547335,0.0,1.15893,1.78309,1.52346,5863.71,10396.0,32.0,91.3397,4.80735,2.0,2.0,1.0,4444.0,0.0,1.00977,12952.0,34924.8,11482.5,0.0,0.0,1715.0,0.0,0.0,2728.0,2686.0,0.0,0.0,0.389684,0.0,0.0,0.613861,0.610316,0.0,0.0,0.0,0.0,1.0,1.0,1.0,0.000225023,0.0,0.0,0.0,0.0,0.0,0.0,0.0,0.0,0.0,5.0,1.0,0.0,0.0,0.0,5.0,5.0,5.0,0.0,0.0,3.07294,3.17042,1.13225,3.18847,2.48359,0.883194,3514.0,0.971443,0.915884,0.164587,7416.0,5334.01,5328.48,156.0,94.0,26.0,0.0,2.0,0.602564,4957.0,225.0,4401.0,1.17746,0.990324,13524.0,13953.0,4983.05
soccer-computational,2020,xIGData_22_12_22_5,2.99584,7.81394,2.58933,0.0,0.0,0.0,1.1563,0.895835,0.668919,0.0,1.18685,1.71785,1.48315,5454.47,9607.08,31.0,54.0567,4.67186,2.0,2.0,1.0,4088.0,0.0,1.01188,12033.0,31943.4,10585.2,0.0,0.0,1658.0,0.0,0.0,2430.0,2382.0,0.0,0.0,0.410396,0.0,0.0,0.594423,0.589604,0.0,0.0,0.0,0.0,1.0,1.0,1.0,0.000244618,0.0,0.0,0.0,0.0,0.0,0.0,0.0,0.0,0.0,5.0,1.0,0.0,0.0,0.0,5.0,5.0,5.0,0.0,0.0,3.03144,2.75198,1.06074,3.62864,2.41036,0.0,3380.0,0.859543,0.805101,0.127575,6548.0,4679.14,4645.1,189.0,91.0,22.0,0.0,2.0,0.481481,3956.0,155.0,4040.0,1.01757,0.988258,12247.0,11118.0,4285.39
soccer-computational,2020,xIGData_24_24_16_1,3.01671,7.58684,2.50534,0.0,0.0,0.0,1.14831,0.864318,0.56448,0.0,1.18369,1.72336,1.486,5141.01,8947.03,25.0,40.9353,4.58496,2.0,2.0,1.0,3831.0,0.0,1.01162,11215.0,29065.2,9597.96,0.0,0.0,1590.0,0.0,0.0,2240.0,2197.0,0.0,0.0,0.419857,0.0,0.0,0.584704,0.580143,0.0,0.0,0.0,0.0,1.0,1.0,1.0,0.000261028,0.0,0.0,0.0,0.0,0.0,0.0,0.0,0.0,0.0,5.0,1.0,0.0,0.0,0.0,5.0,5.0,5.0,0.0,0.0,3.05176,2.77977,1.09011,3.45233,1.97039,0.917339,3251.0,0.865057,0.78469,0.193803,6195.0,4409.32,4379.09,172.0,67.0,21.0,0.0,2.0,0.389535,3622.0,148.0,3787.0,0.995511,0.988515,11557.0,10527.0,4128.24
soccer-computational,2020,xIGData_28_22_7_4,3.04132,7.82777,2.57349,0.0,0.0,0.0,1.3557,0.997762,0.549532,0.0,1.15131,1.80406,1.54172,5468.16,9700.42,33.0,100.954,4.80735,2.0,2.0,1.0,4163.0,0.0,1.00921,12109.0,32587.0,10713.4,0.0,0.0,1562.0,0.0,0.0,2600.0,2563.0,0.0,0.0,0.378667,0.0,0.0,0.62455,0.621333,0.0,0.0,0.0,0.0,1.0,1.0,1.0,0.000240211,0.0,0.0,0.0,0.0,0.0,0.0,0.0,0.0,0.0,5.0,1.0,0.0,0.0,0.0,5.0,5.0,5.0,0.0,0.0,3.06933,3.30158,1.15126,3.00376,2.53412,0.868615,3208.0,0.987781,0.960266,0.172633,6974.0,5052.93,5082.3,150.0,97.0,26.0,0.0,2.0,0.646667,4851.0,164.0,4125.0,1.21576,0.990872,12661.0,13619.0,4748.94
soccer-computational,2020,xIGData_28_23_16_1,3.03019,7.92134,2.61227,0.0,0.0,0.0,1.32005,0.93623,0.663046,0.0,1.1632,1.73589,1.4905,6892.73,12236.2,32.0,57.6883,4.80735,2.0,2.0,1.0,5200.0,0.0,1.00971,15220.0,41191.0,13583.8,0.0,0.0,2093.0,0.0,0.0,3106.0,3057.0,0.0,0.0,0.406408,0.0,0.0,0.597308,0.593592,0.0,0.0,0.0,0.0,1.0,1.0,1.0,0.000192308,0.0,0.0,0.0,0.0,0.0,0.0,0.0,0.0,0.0,5.0,1.0,0.0,0.0,0.0,5.0,5.0,5.0,0.0,0.0,3.05961,2.92816,1.09814,3.63952,2.43888,0.910629,4270.0,0.90717,0.832655,0.146619,8550.0,6076.34,6031.72,222.0,94.0,27.0,0.0,2.0,0.423423,5328.0,232.0,5150.0,1.07961,0.990385,15757.0,15080.0,5655.43
soccer-computational,2020,xIGData_30_25_15_4,3.0359,7.98699,2.63198,0.0,0.0,0.0,1.35812,0.961708,0.658078,0.0,1.15234,1.73502,1.49834,7541.52,13446.3,34.0,73.6034,4.90689,2.0,2.0,1.0,5710.0,0.0,1.00901,16693.0,45605.7,15028.6,0.0,0.0,2282.0,0.0,0.0,3427.0,3377.0,0.0,0.0,0.403251,0.0,0.0,0.600175,0.596749,0.0,0.0,0.0,0.0,1.0,1.0,1.0,0.000175131,0.0,0.0,0.0,0.0,0.0,0.0,0.0,0.0,0.0,5.0,1.0,0.0,0.0,0.0,5.0,5.0,5.0,0.0,0.0,3.06326,2.98869,1.10824,3.66439,2.52613,0.902331,4654.0,0.917082,0.843877,0.147162,9424.0,6706.43,6662.6,234.0,100.0,26.0,0.0,2.0,0.42735,5955.0,245.0,5659.0,1.0956,0.991068,17335.0,16913.0,6271.53
solbat,2012,sb_12_12_5_1,2.73157,3.32191,1.29908,0.0,0.0,0.0,1.97145,1.64882,0.0,0.0,1.4465,2.12358,0.956396,9363.05,11622.8,145.0,151.18,7.17991,1.0,2.0,1.0,7421.0,0.0,1.22824,18163.0,24651.9,9640.5,1055.0,1807.0,4197.0,0.0,0.0,2333.0,1845.0,0.142164,0.243498,0.694638,0.0,0.0,0.314378,0.305362,0.0711494,0.0,528.0,0.0,0.0,0.0,0.0,0.0,0.0,0.0,0.0,0.0,0.0,0.0,0.0,0.0,0.0,0.0,1.0,0.0,1.0,1.0,1.0,1.0,0.0,0.0,0.0,3.35501,2.19017,0.909399,0.988557,1.44385,2.19926,5898.0,1.24019,0.168601,0.673516,7598.0,8374.97,6320.8,18.0,145.0,145.0,0.0,2.0,0.111111,1847.0,757.0,6042.0,0.430983,0.814176,20271.0,13233.0,5494.59
solbat,2012,sb_13_13_5_4,2.73925,3.32593,1.297,0.0,0.0,0.0,2.15974,1.80401,0.0,0.0,1.44851,2.1229,0.9512,11082.9,13735.9,170.0,176.409,7.40939,1.0,2.0,1.0,8767.0,0.0,1.22718,21454.0,29158.4,11370.8,1260.0,2150.0,4974.0,0.0,0.0,2735.0,2170.0,0.143721,0.245238,0.696249,0.0,0.0,0.311965,0.303751,0.071176,0.0,624.0,0.0,0.0,0.0,0.0,0.0,0.0,0.0,0.0,0.0,0.0,0.0,0.0,0.0,0.0,0.0,1.0,0.0,1.0,1.0,1.0,1.0,0.0,0.0,0.0,3.36156,2.18883,0.909272,0.986632,1.58263,2.19956,6975.0,1.22715,0.166806,0.672657,8975.0,9905.45,7468.67,18.0,170.0,170.0,0.0,2.0,0.111111,2172.0,887.0,7144.0,0.428191,0.814874,24015.0,15637.0,6495.84
solbat,2012,sb_14_14_6_0,2.85135,3.40748,1.28134,0.0,0.0,0.0,2.24565,1.90192,0.0,0.0,1.57006,2.22477,0.927667,13961.9,17039.8,197.0,203.622,7.62205,1.0,2.0,1.0,10730.0,0.0,1.21353,26111.0,36562.2,13748.7,1735.0,2604.0,6150.0,0.0,0.0,3170.0,2692.0,0.161696,0.242684,0.695544,0.0,0.0,0.295433,0.304456,0.0678472,0.0,728.0,0.0,0.0,0.0,0.0,0.0,0.0,0.0,0.0,0.0,0.0,0.0,0.0,0.0,0.0,0.0,1.0,0.0,1.0,1.0,1.0,1.0,0.0,0.0,0.0,3.46019,2.177,0.911579,1.1193,1.6562,2.45296,8646.0,1.22696,0.157829,0.648925,11141.0,12244.6,9216.11,26.0,197.0,197.0,0.0,2.0,0.0769231,2694.0,1198.0,8842.0,0.440172,0.824045,30595.0,19249.0,8060.18
solbat,2012,sb_14_14_6_4,2.85135,3.40748,1.28134,0.0,0.0,0.0,2.24565,1.90192,0.0,0.0,1.57006,2.22477,0.927667,13961.9,17039.8,197.0,203.622,7.62205,1.0,2.0,1.0,10730.0,0.0,1.21353,26111.0,36562.2,13748.7,1735.0,2604.0,6150.0,0.0,0.0,3170.0,2692.0,0.161696,0.242684,0.695544,0.0,0.0,0.295433,0.304456,0.0678472,0.0,728.0,0.0,0.0,0.0,0.0,0.0,0.0,0.0,0.0,0.0,0.0,0.0,0.0,0.0,0.0,0.0,1.0,0.0,1.0,1.0,1.0,1.0,0.0,0.0,0.0,3.46019,2.177,0.911579,1.1193,1.6562,2.45296,8646.0,1.22696,0.157829,0.648925,11141.0,12244.6,9216.11,26.0,197.0,197.0,0.0,2.0,0.0769231,2694.0,1198.0,8842.0,0.440172,0.824045,30595.0,19249.0,8060.18
solbat,2012,sb_15_15_6_3,2.85987,3.41267,1.27948,0.0,0.0,0.0,2.39719,2.03014,0.0,0.0,1.57434,2.22635,0.92328,16165.6,19699.9,226.0,232.82,7.82018,1.0,2.0,1.0,12396.0,0.0,1.21244,30161.0,42303.4,15860.4,2024.0,3026.0,7126.0,0.0,0.0,3636.0,3098.0,0.163278,0.244111,0.696987,0.0,0.0,0.29332,0.303013,0.0677638,0.0,840.0,0.0,0.0,0.0,0.0,0.0,0.0,0.0,0.0,0.0,0.0,0.0,0.0,0.0,0.0,0.0,1.0,0.0,1.0,1.0,1.0,1.0,0.0,0.0,0.0,3.46743,2.17576,0.911581,1.11696,1.78006,2.68708,9999.0,1.21428,0.156423,0.647685,12871.0,14159.5,10651.1,26.0,226.0,226.0,0.0,2.0,0.0769231,3100.0,1377.0,10224.0,0.437891,0.824782,35451.0,22245.0,9320.0
solbat,2014,sb_13_13_5_5,2.73925,3.32593,1.297,0.0,0.0,0.0,2.15974,1.80401,0.0,0.0,1.44851,2.1229,0.9512,11082.9,13735.9,170.0,176.409,7.40939,1.0,2.0,1.0,8767.0,0.0,1.22718,21454.0,29158.4,11370.8,1260.0,2150.0,4974.0,0.0,0.0,2735.0,2170.0,0.143721,0.245238,0.696249,0.0,0.0,0.311965,0.303751,0.071176,0.0,624.0,0.0,0.0,0.0,0.0,0.0,0.0,0.0,0.0,0.0,0.0,0.0,0.0,0.0,0.0,0.0,1.0,0.0,5.0,5.0,5.0,5.0,0.0,0.0,0.0,3.36156,2.18883,0.909272,0.986632,1.58263,2.19956,6975.0,1.22715,0.166806,0.672657,9144.0,9905.45,7468.67,18.0,170.0,170.0,0.0,2.0,0.111111,2341.0,887.0,7144.0,0.451848,0.814874,24015.0,15637.0,6495.84
solbat,2014,sb_13_13_6_5,2.84135,3.4014,1.28351,0.0,0.0,0.0,2.11167,1.76398,0.0,0.0,1.56507,2.22287,0.932744,11919.5,14572.4,170.0,176.409,7.40939,1.0,2.0,1.0,9184.0,0.0,1.21481,22353.0,31238.4,11787.8,1468.0,2214.0,5246.0,0.0,0.0,2736.0,2314.0,0.159843,0.241071,0.693915,0.0,0.0,0.297909,0.306085,0.0679443,0.0,624.0,0.0,0.0,0.0,0.0,0.0,0.0,0.0,0.0,0.0,0.0,0.0,0.0,0.0,0.0,0.0,1.0,0.0,5.0,5.0,5.0,5.0,0.0,0.0,0.0,3.45172,2.17844,0.911575,1.084,1.52248,2.194,7391.0,1.24105,0.159507,0.650403,9704.0,10468.3,7884.67,26.0,170.0,170.0,0.0,2.0,0.0769231,2485.0,1031.0,7560.0,0.465079,0.823171,26095.0,16469.0,6891.51
solbat,2014,sb_15_15_6_1,2.85987,3.41267,1.27948,0.0,0.0,0.0,2.39719,2.03014,0.0,0.0,1.57434,2.22635,0.92328,16165.6,19699.9,226.0,232.82,7.82018,1.0,2.0,1.0,12396.0,0.0,1.21244,30161.0,42303.4,15860.4,2024.0,3026.0,7126.0,0.0,0.0,3636.0,3098.0,0.163278,0.244111,0.696987,0.0,0.0,0.29332,0.303013,0.0677638,0.0,840.0,0.0,0.0,0.0,0.0,0.0,0.0,0.0,0.0,0.0,0.0,0.0,0.0,0.0,0.0,0.0,1.0,0.0,5.0,5.0,5.0,5.0,0.0,0.0,0.0,3.46743,2.17576,0.911581,1.11696,1.78006,2.68708,9999.0,1.21428,0.156423,0.647685,13096.0,14159.5,10651.1,26.0,226.0,226.0,0.0,2.0,0.0769231,3325.0,1377.0,10224.0,0.459898,0.824782,35451.0,22245.0,9320.0
solbat,2014,sb_15_15_7_1,2.96985,3.49953,1.26779,0.0,0.0,0.0,2.35702,2.00027,0.0,0.0,1.67904,2.31644,0.905963,17300.6,20834.8,226.0,232.82,7.82018,1.0,2.0,1.0,12937.0,0.0,1.20188,31325.0,45273.4,16401.4,2294.0,3107.0,7477.0,0.0,0.0,3637.0,3287.0,0.177321,0.240164,0.69463,0.0,0.0,0.281132,0.30537,0.06493,0.0,840.0,0.0,0.0,0.0,0.0,0.0,0.0,0.0,0.0,0.0,0.0,0.0,0.0,0.0,0.0,0.0,1.0,0.0,5.0,5.0,5.0,5.0,0.0,0.0,0.0,3.5694,2.16695,0.914178,1.25291,1.7267,2.44599,10539.0,1.16282,0.150166,0.627814,13825.0,14870.3,11191.1,36.0,226.0,226.0,0.0,2.0,0.0555556,3514.0,1566.0,10764.0,0.471944,0.832032,38421.0,23325.0,9840.21
solbat,2014,sb_15_15_7_6,2.96985,3.49953,1.26779,0.0,0.0,0.0,2.35702,2.00027,0.0,0.0,1.67904,2.31644,0.905963,17300.6,20834.8,226.0,232.82,7.82018,1.0,2.0,1.0,12937.0,0.0,1.20188,31325.0,45273.4,16401.4,2294.0,3107.0,7477.0,0.0,0.0,3637.0,3287.0,0.177321,0.240164,0.69463,0.0,0.0,0.281132,0.30537,0.06493,0.0,840.0,0.0,0.0,0.0,0.0,0.0,0.0,0.0,0.0,0.0,0.0,0.0,0.0,0.0,0.0,0.0,1.0,0.0,5.0,5.0,5.0,5.0,0.0,0.0,0.0,3.5694,2.16695,0.914178,1.25291,1.7267,2.44599,10539.0,1.16282,0.150166,0.627814,13825.0,14870.3,11191.1,36.0,226.0,226.0,0.0,2.0,0.0555556,3514.0,1566.0,10764.0,0.471944,0.832032,38421.0,23325.0,9840.21
solbat,2016,sb_13_13_5_1,2.73925,3.32593,1.297,0.0,0.0,0.0,2.15974,1.80401,0.0,0.0,1.44851,2.1229,0.9512,11082.9,13735.9,170.0,176.409,7.40939,1.0,2.0,1.0,8767.0,0.0,1.22718,21454.0,29158.4,11370.8,1260.0,2150.0,4974.0,0.0,0.0,2735.0,2170.0,0.143721,0.245238,0.696249,0.0,0.0,0.311965,0.303751,0.071176,0.0,624.0,0.0,0.0,0.0,0.0,0.0,0.0,0.0,0.0,0.0,0.0,0.0,0.0,0.0,0.0,0.0,1.0,0.0,5.0,5.0,5.0,5.0,0.0,0.0,0.0,3.36156,2.18883,0.909272,0.986632,1.58263,2.19956,6975.0,1.22715,0.166806,0.672657,9144.0,9905.45,7468.67,18.0,170.0,170.0,0.0,2.0,0.111111,2341.0,887.0,7144.0,0.451848,0.814874,24015.0,15637.0,6495.84
solbat,2016,sb_13_13_5_5,2.73925,3.32593,1.297,0.0,0.0,0.0,2.15974,1.80401,0.0,0.0,1.44851,2.1229,0.9512,11082.9,13735.9,170.0,176.409,7.40939,1.0,2.0,1.0,8767.0,0.0,1.22718,21454.0,29158.4,11370.8,1260.0,2150.0,4974.0,0.0,0.0,2735.0,2170.0,0.143721,0.245238,0.696249,0.0,0.0,0.311965,0.303751,0.071176,0.0,624.0,0.0,0.0,0.0,0.0,0.0,0.0,0.0,0.0,0.0,0.0,0.0,0.0,0.0,0.0,0.0,1.0,0.0,5.0,5.0,5.0,5.0,0.0,0.0,0.0,3.36156,2.18883,0.909272,0.986632,1.58263,2.19956,6975.0,1.22715,0.166806,0.672657,9144.0,9905.45,7468.67,18.0,170.0,170.0,0.0,2.0,0.111111,2341.0,887.0,7144.0,0.451848,0.814874,24015.0,15637.0,6495.84
solbat,2016,sb_15_15_6_0,2.85987,3.41267,1.27948,0.0,0.0,0.0,2.39719,2.03014,0.0,0.0,1.57434,2.22635,0.92328,16165.6,19699.9,226.0,232.82,7.82018,1.0,2.0,1.0,12396.0,0.0,1.21244,30161.0,42303.4,15860.4,2024.0,3026.0,7126.0,0.0,0.0,3636.0,3098.0,0.163278,0.244111,0.696987,0.0,0.0,0.29332,0.303013,0.0677638,0.0,840.0,0.0,0.0,0.0,0.0,0.0,0.0,0.0,0.0,0.0,0.0,0.0,0.0,0.0,0.0,0.0,1.0,0.0,5.0,5.0,5.0,5.0,0.0,0.0,0.0,3.46743,2.17576,0.911581,1.11696,1.78006,2.68708,9999.0,1.21428,0.156423,0.647685,13096.0,14159.5,10651.1,26.0,226.0,226.0,0.0,2.0,0.0769231,3325.0,1377.0,10224.0,0.459898,0.824782,35451.0,22245.0,9320.0
solbat,2016,sb_15_15_7_3,2.96985,3.49953,1.26779,0.0,0.0,0.0,2.35702,2.00027,0.0,0.0,1.67904,2.31644,0.905963,17300.6,20834.8,226.0,232.82,7.82018,1.0,2.0,1.0,12937.0,0.0,1.20188,31325.0,45273.4,16401.4,2294.0,3107.0,7477.0,0.0,0.0,3637.0,3287.0,0.177321,0.240164,0.69463,0.0,0.0,0.281132,0.30537,0.06493,0.0,840.0,0.0,0.0,0.0,0.0,0.0,0.0,0.0,0.0,0.0,0.0,0.0,0.0,0.0,0.0,0.0,1.0,0.0,5.0,5.0,5.0,5.0,0.0,0.0,0.0,3.5694,2.16695,0.914178,1.25291,1.7267,2.44599,10539.0,1.16282,0.150166,0.627814,13825.0,14870.3,11191.1,36.0,226.0,226.0,0.0,2.0,0.0555556,3514.0,1566.0,10764.0,0.471944,0.832032,38421.0,23325.0,9840.21
solbat,2016,sb_15_15_7_5,2.96985,3.49953,1.26779,0.0,0.0,0.0,2.35702,2.00027,0.0,0.0,1.67904,2.31644,0.905963,17300.6,20834.8,226.0,232.82,7.82018,1.0,2.0,1.0,12937.0,0.0,1.20188,31325.0,45273.4,16401.4,2294.0,3107.0,7477.0,0.0,0.0,3637.0,3287.0,0.177321,0.240164,0.69463,0.0,0.0,0.281132,0.30537,0.06493,0.0,840.0,0.0,0.0,0.0,0.0,0.0,0.0,0.0,0.0,0.0,0.0,0.0,0.0,0.0,0.0,0.0,1.0,0.0,5.0,5.0,5.0,5.0,0.0,0.0,0.0,3.5694,2.16695,0.914178,1.25291,1.7267,2.44599,10539.0,1.16282,0.150166,0.627814,13825.0,14870.3,11191.1,36.0,226.0,226.0,0.0,2.0,0.0555556,3514.0,1566.0,10764.0,0.471944,0.832032,38421.0,23325.0,9840.21
speck-optimisation,2023,easy_1,3.23005,3.25139,1.00495,0.0,0.0,0.0,0.69227,0.687727,0.0,0.0,1.61558,1.62893,0.0146228,1146.38,1149.0,32.0,32.0,4.34813,2.0,2.0,1.0,752.0,0.0,0.960409,1872.0,2445.04,755.723,122.0,188.0,642.0,0.0,0.0,304.0,141.0,0.162234,0.25,0.819923,0.0,0.0,0.404255,0.180077,0.0,0.0,0.0,0.0,0.0,0.0,0.0,0.0,1.0,0.322355,0.00132979,-1.21369,33.0,15.9009,33.0,30.9246,0.0,0.0,2.0,0.0,5.0,5.0,5.0,10.0,0.0,0.0,0.0,3.10217,2.07535,0.856662,0.558335,0.481846,1.16732,689.0,2.04147,0.0397936,0.750393,972.0,1142.0,793.044,9.0,33.0,33.0,0.0,2.0,0.222222,354.0,64.0,783.0,0.533844,1.04122,2429.0,1625.0,670.767
speck-optimisation,2023,easy_3,3.22544,3.24497,1.0028,0.0,0.0,0.0,0.620071,0.689088,0.0,0.0,1.61928,1.61928,0.00806153,2270.92,2274.05,32.0,32.0,4.40447,2.0,2.0,1.0,1486.0,0.0,0.979565,3706.0,4822.02,1490.15,244.0,376.0,1252.0,0.0,0.0,606.0,265.0,0.164199,0.253028,0.825313,0.0,0.0,0.407806,0.174687,0.0,0.0,0.0,0.0,0.0,0.0,0.0,0.0,1.0,0.316503,0.000672948,-1.2468,65.0,31.2734,65.0,36.3278,0.0,0.0,2.0,0.0,5.0,5.0,5.0,20.0,0.0,0.0,0.0,3.15953,2.07844,0.843075,0.5482,0.83334,1.67745,1361.0,1.97006,0.0343023,0.674701,1864.0,2250.92,1534.02,9.0,65.0,65.0,0.0,2.0,0.222222,612.0,48.0,1517.0,0.435069,1.02086,4793.0,3153.0,1278.94
speck-optimisation,2023,hard_0,3.24644,3.25356,1.00048,0.0,0.0,0.0,0.81497,0.813186,0.0,0.0,1.59037,1.59037,0.00122928,18743.9,18747.5,128.0,128.0,6.22285,2.0,2.0,1.0,12218.0,0.0,0.989712,30510.0,39752.0,12223.8,2024.0,3056.0,10248.0,0.0,0.0,5050.0,2097.0,0.165657,0.250123,0.830134,0.0,0.0,0.413325,0.169866,0.0,0.0,0.0,0.0,0.0,0.0,0.0,0.0,1.0,0.311232,8.18465e-05,-1.2777,257.0,124.707,257.0,96.3579,0.0,0.0,2.0,0.0,5.0,5.0,5.0,40.0,0.0,0.0,0.0,3.21304,2.06083,0.813358,0.539069,1.28383,3.01158,11201.0,1.91013,0.00901614,0.606994,15024.0,18556.9,12392.0,9.0,257.0,257.0,0.0,2.0,0.222222,4488.0,192.0,12345.0,0.379101,1.01039,39665.0,25441.0,10040.9
speck-optimisation,2023,medium_6,3.24853,3.25597,1.00075,0.0,0.0,0.0,0.870679,0.868689,0.0,0.0,1.59138,1.59138,0.00187259,11742.2,11745.4,128.0,128.0,6.33427,2.0,2.0,1.0,7661.0,0.0,0.983693,19119.0,24944.0,7666.72,1265.0,1910.0,6453.0,0.0,0.0,3157.0,1335.0,0.165122,0.249315,0.828582,0.0,0.0,0.412087,0.171418,0.0,0.0,0.0,0.0,0.0,0.0,0.0,0.0,1.0,0.312934,0.000130531,-1.26761,257.0,124.002,257.0,80.6151,0.0,0.0,2.0,0.0,5.0,5.0,5.0,25.0,0.0,0.0,0.0,3.19556,2.07255,0.829871,0.542018,1.52579,3.61502,7025.0,1.94695,0.00957953,0.633772,9510.0,11649.5,7820.01,9.0,257.0,257.0,0.0,2.0,0.222222,2949.0,192.0,7788.0,0.403313,1.01658,24887.0,16141.0,6463.03
speck-optimisation,2023,very_hard_5,3.24441,3.25122,1.00023,0.0,0.0,0.0,0.754988,0.813772,0.0,0.0,1.58928,1.58928,0.000562201,44416.0,44420.7,128.0,128.0,6.10028,2.0,2.0,1.0,28927.0,0.0,0.995629,72277.0,94048.0,28933.6,4807.0,7258.0,24163.0,0.0,0.0,11991.0,4891.0,0.166177,0.250907,0.831658,0.0,0.0,0.414526,0.168342,0.0,0.0,0.0,0.0,0.0,0.0,0.0,0.0,1.0,0.309576,3.45698e-05,-1.28762,257.0,125.407,257.0,127.475,0.0,0.0,2.0,0.0,5.0,5.0,5.0,5.0,0.0,0.0,0.0,3.23023,2.04932,0.797128,0.536201,0.975933,1.77414,26513.0,1.86507,0.00842095,0.577913,35261.0,43884.0,29156.0,9.0,257.0,257.0,0.0,2.0,0.222222,10150.0,256.0,29054.0,0.358161,1.00439,93851.0,59541.0,23159.7
spot5,2014,1502,2.38164,3.0297,1.28997,0.0,0.0,0.0,3.48777,2.9522,0.0,0.0,0.289356,1.58041,0.980064,644.678,838.287,210.0,225.445,2.0,2.0,2.0,1.0,621.0,0.0,0.988854,1452.0,1881.44,801.074,0.0,0.0,209.0,0.0,0.0,210.0,419.0,0.0,0.0,0.332803,0.0,0.0,0.338164,0.667197,0.0,0.0,0.0,0.0,1.0,202.0,0.0049505,0.325282,1.0,0.424611,0.00161031,-1.3551,89201.0,617.9,89201.0,25.04,0.0,5.0,2.0,0.0,5.0,0.0,5.0,5.0,0.0,0.0,0.0,2.3551,144.361,143.116,0.424611,24.6366,24.8514,419.0,1.08826,0.656757,0.627682,1062.0,705.56,745.445,10.0,89201.0,89201.0,0.0,2.0,0.25,853.0,1478.0,628.0,3.71178,1.01127,1479.0,90659.0,89876.7
spot5,2014,29,2.14862,2.78953,1.30855,0.0,0.0,0.0,1.61224,1.43393,0.0,0.0,0.0193238,1.43505,0.997665,550.375,733.713,83.0,96.2943,2.0,2.0,2.0,1.0,545.0,0.0,2.20648,1173.0,1520.29,713.16,0.0,0.0,82.0,0.0,0.0,83.0,165.0,0.0,0.0,0.331984,0.0,0.0,0.152294,0.668016,0.0,0.0,0.0,0.0,1.0,380.0,0.00263158,0.697248,1.0,0.210931,0.00183486,-0.661302,20092.0,240.652,20092.0,15.6844,0.0,5.0,2.0,0.0,5.0,0.0,5.0,5.0,0.0,0.0,0.0,4.74089,83.4899,82.1921,1.1932,15.2796,15.5219,165.0,2.21632,0.428784,1.06681,1008.0,397.341,279.294,30.0,20092.0,20092.0,0.0,2.0,0.117647,926.0,235.0,247.0,4.7004,0.453211,1171.0,20622.0,20301.5
spot5,2014,412,2.14799,3.01432,1.40974,0.0,0.0,0.0,2.02929,1.52027,0.0,0.0,0.417898,1.74205,0.96064,4883.78,6977.86,301.0,315.565,2.0,2.0,2.0,1.0,4649.0,0.0,5.15982,9599.0,14013.6,6553.88,0.0,0.0,300.0,0.0,0.0,301.0,601.0,0.0,0.0,0.332963,0.0,0.0,0.0647451,0.667037,0.0,0.0,0.0,0.0,1.0,4048.0,0.000247036,0.870725,1.0,0.0902263,0.0002151,-0.659162,48484.0,864.552,48484.0,30.0,0.0,5.0,2.0,0.0,5.0,0.0,5.0,5.0,0.0,0.0,0.0,11.0832,56.0799,54.5263,1.3802,28.7851,29.6062,601.0,2.74622,0.584339,0.932526,9387.0,1988.65,1037.57,84.0,48484.0,48484.0,0.0,2.0,0.030303,9087.0,2244.0,901.0,12.576,0.193805,9986.0,50528.0,49128.2
spot5,2014,42,2.15962,2.97414,1.39122,0.0,0.0,0.0,2.17187,1.74711,0.0,0.0,0.251604,1.66695,0.986933,1629.02,2300.66,191.0,208.005,2.0,2.0,2.0,1.0,1585.0,0.0,2.77583,3361.0,4714.01,2205.09,0.0,0.0,190.0,0.0,0.0,191.0,381.0,0.0,0.0,0.33275,0.0,0.0,0.120505,0.66725,0.0,0.0,0.0,0.0,1.0,1204.0,0.000830565,0.759621,1.0,0.166813,0.000630915,-0.610205,263118.0,568.292,263118.0,23.8747,0.0,5.0,2.0,0.0,5.0,0.0,5.0,5.0,0.0,0.0,0.0,5.99475,462.998,461.581,1.36542,23.7612,23.8343,381.0,2.37403,0.486736,0.947408,3044.0,1015.85,645.005,46.0,263118.0,263118.0,0.0,2.0,0.0434783,2854.0,487.0,571.0,5.85114,0.360252,3423.0,264372.0,263563.0
spot5,2014,5,2.11381,3.80401,1.82581,0.0,0.0,0.0,1.89232,1.08389,0.0,0.0,0.337197,1.17768,0.518742,6152.96,11122.9,310.0,317.558,2.0,2.0,2.0,1.0,5931.0,0.0,6.39116,12172.0,22561.6,10828.9,0.0,0.0,309.0,0.0,0.0,310.0,619.0,0.0,0.0,0.332974,0.0,0.0,0.0522677,0.667026,0.0,0.0,0.0,0.0,1.0,5312.0,0.000188253,0.895633,1.0,0.0740209,0.000168606,-0.608242,377.0,128.105,377.0,30.4403,0.0,5.0,2.0,0.0,5.0,0.0,5.0,5.0,0.0,0.0,0.0,13.5097,2.94289,1.13689,1.52239,4.17556,10.8443,619.0,2.90972,0.852286,0.913469,11920.0,2108.32,1185.56,160.0,377.0,377.0,0.0,2.0,0.025,11611.0,883.0,928.0,13.4634,0.156466,12537.0,2731.0,1055.04
spot5,2015,1401,2.29689,3.63878,1.57162,0.0,0.0,0.0,1.94704,1.31798,0.0,0.0,0.819391,2.19922,0.749922,13163.9,20171.3,489.0,507.277,2.0,2.0,2.0,1.0,11452.0,0.0,7.81706,23393.0,41671.3,17998.2,0.0,0.0,488.0,0.0,0.0,489.0,977.0,0.0,0.0,0.333106,0.0,0.0,0.0427,0.666894,0.0,0.0,0.0,0.0,1.0,10475.0,9.54654e-05,0.914687,1.0,0.055695,8.7321e-05,-0.46214,635168.0,1457.3,635168.0,38.2623,0.0,5.0,2.0,0.0,5.0,0.0,5.0,5.0,0.0,0.0,0.0,17.9549,435.851,434.297,2.04333,38.0611,38.1974,977.0,2.96293,0.606197,0.944418,25329.0,3312.03,1696.28,358.0,635168.0,635168.0,0.0,2.0,0.0111732,24841.0,5521.0,1465.0,20.7249,0.127925,26304.0,638522.0,636246.0
spot5,2015,28,2.15008,2.95846,1.39083,0.0,0.0,0.0,1.3953,1.12106,0.0,0.0,0.496722,1.52118,0.969342,5808.98,8184.28,231.0,248.315,2.0,2.0,2.0,1.0,5457.0,0.0,7.89725,11145.0,16144.3,7589.74,0.0,0.0,230.0,0.0,0.0,231.0,461.0,0.0,0.0,0.332851,0.0,0.0,0.042331,0.667149,0.0,0.0,0.0,0.0,1.0,4996.0,0.00020016,0.915521,1.0,0.0588937,0.000183251,-0.578885,326159.0,687.845,326159.0,26.2679,0.0,5.0,2.0,0.0,5.0,0.0,5.0,5.0,0.0,0.0,0.0,16.9797,474.175,472.725,1.62572,26.1477,26.2281,461.0,2.84742,0.431453,0.998132,11274.0,1613.94,766.315,118.0,326159.0,326159.0,0.0,2.0,0.0169492,11044.0,1148.0,691.0,17.644,0.126626,11733.0,327655.0,326653.0
spot5,2015,414,2.48525,3.97956,1.57997,0.0,0.0,0.0,1.39387,0.97322,0.0,0.0,0.994274,2.30234,0.793685,13240.9,19750.0,365.0,379.887,2.0,2.0,2.0,1.0,10473.0,0.0,9.58188,21311.0,41677.9,16547.0,0.0,0.0,364.0,0.0,0.0,365.0,729.0,0.0,0.0,0.333028,0.0,0.0,0.0348515,0.666972,0.0,0.0,0.0,0.0,1.0,9744.0,0.000102627,0.930392,1.0,0.0419932,9.54836e-05,-0.452393,60599.0,1049.5,60599.0,33.0454,0.0,5.0,2.0,0.0,5.0,0.0,5.0,5.0,0.0,0.0,0.0,23.8134,57.7411,56.149,2.11764,31.7289,32.6294,729.0,3.07575,0.620295,0.927908,25301.0,2670.2,1271.89,287.0,60599.0,60599.0,0.0,2.0,0.00813008,24937.0,8656.0,1093.0,30.7347,0.104364,26028.0,63111.0,61370.8
spot5,2015,503,2.29268,3.02863,1.32489,0.0,0.0,0.0,2.18085,1.83838,0.0,0.0,0.51508,1.78642,0.998372,835.477,1113.08,144.0,157.303,2.0,2.0,2.0,1.0,779.0,0.0,1.81163,1702.0,2359.3,1032.09,0.0,0.0,143.0,0.0,0.0,144.0,287.0,0.0,0.0,0.332558,0.0,0.0,0.184852,0.667442,0.0,0.0,0.0,0.0,1.0,492.0,0.00203252,0.631579,1.0,0.240761,0.0012837,-0.814227,20210.0,410.229,20210.0,20.7123,0.0,5.0,2.0,0.0,5.0,0.0,5.0,5.0,0.0,0.0,0.0,4.15349,49.2651,47.802,0.932465,19.7578,20.364,287.0,2.09438,0.59389,0.869255,1501.0,701.882,501.303,29.0,20210.0,20210.0,0.0,2.0,0.0689655,1358.0,1482.0,430.0,6.60465,0.55199,1786.0,21184.0,20554.9
spot5,2015,54,2.26254,3.10252,1.397,0.0,0.0,0.0,1.53107,1.24833,0.0,0.0,0.38658,1.69571,0.996073,357.542,502.539,68.0,73.7549,2.0,2.0,2.0,1.0,339.0,0.0,1.67822,746.0,1051.75,473.585,0.0,0.0,67.0,0.0,0.0,68.0,135.0,0.0,0.0,0.331683,0.0,0.0,0.20059,0.668317,0.0,0.0,0.0,0.0,1.0,204.0,0.00490196,0.60177,1.0,0.263364,0.00294985,-0.747538,108.0,38.4085,108.0,14.1836,0.0,5.0,2.0,0.0,5.0,0.0,5.0,5.0,0.0,0.0,0.0,3.79703,2.81188,1.4192,0.985417,2.63745,5.27291,135.0,2.11634,0.637424,0.989222,634.0,300.273,236.755,17.0,108.0,108.0,0.0,2.0,0.125,567.0,428.0,202.0,4.92574,0.59587,767.0,568.0,286.679
spot5,2022,1405,2.29057,3.79624,1.6501,0.0,0.0,0.0,2.69121,1.6867,0.0,0.0,0.805502,2.19453,0.664436,21872.1,34924.0,856.0,874.278,2.0,2.0,2.0,1.0,19114.0,0.0,7.44895,39084.0,72561.3,31540.0,0.0,0.0,855.0,0.0,0.0,856.0,1711.0,0.0,0.0,0.333203,0.0,0.0,0.0447839,0.666797,0.0,0.0,0.0,0.0,1.0,17403.0,5.74614e-05,0.910484,1.0,0.0586086,5.23177e-05,-0.499274,635638.0,2541.65,635638.0,50.6458,0.0,5.0,2.0,0.0,5.0,0.0,5.0,5.0,0.0,0.0,0.0,17.0624,250.089,248.447,1.88552,50.165,50.4966,1711.0,3.05086,0.700143,0.958038,42073.0,5893.25,3064.28,358.0,635638.0,635638.0,0.0,2.0,0.0111732,41218.0,7372.0,2566.0,18.9361,0.134247,43782.0,641728.0,637516.0
spot5,2022,1506,2.35313,3.94203,1.665,0.0,0.0,0.0,3.12285,1.93194,0.0,0.0,0.87614,2.22763,0.681349,18983.1,30210.1,941.0,958.996,2.0,2.0,2.0,1.0,16181.0,0.0,5.73591,33303.0,63786.0,26941.4,0.0,0.0,940.0,0.0,0.0,941.0,1881.0,0.0,0.0,0.333215,0.0,0.0,0.0581546,0.666785,0.0,0.0,0.0,0.0,1.0,14300.0,6.99301e-05,0.883753,1.0,0.0740887,6.18009e-05,-0.487568,522809.0,2784.99,522809.0,53.1037,0.0,5.0,2.0,0.0,5.0,0.0,5.0,5.0,0.0,0.0,0.0,13.4973,187.724,186.064,1.89904,52.4256,52.8935,1881.0,2.98685,0.723402,0.953589,36197.0,6215.32,3399.0,319.0,522809.0,522809.0,0.0,2.0,0.0125392,35257.0,9455.0,2821.0,15.8497,0.17434,38076.0,529569.0,524885.0
spot5,2022,404,2.14427,2.65026,1.24669,0.0,0.0,0.0,1.61552,1.36045,0.0,0.0,0.167246,1.30734,0.979316,827.188,1052.22,101.0,107.358,2.0,2.0,2.0,1.0,811.0,0.0,2.69435,1723.0,2149.36,1011.06,0.0,0.0,100.0,0.0,0.0,101.0,201.0,0.0,0.0,0.332226,0.0,0.0,0.124538,0.667774,0.0,0.0,0.0,0.0,1.0,610.0,0.00163934,0.752158,1.0,0.173088,0.00123305,-0.70439,164.0,60.0535,164.0,17.2899,0.0,5.0,2.0,0.0,5.0,0.0,5.0,5.0,0.0,0.0,0.0,5.77741,2.7309,1.3072,1.17394,3.4155,7.17628,201.0,2.33307,0.488956,0.93465,1540.0,547.947,336.358,31.0,164.0,164.0,0.0,2.0,0.0740741,1440.0,278.0,301.0,5.70764,0.371147,1739.0,822.0,393.467
spot5,2022,507,2.43068,3.70291,1.50307,0.0,0.0,0.0,1.64563,1.17716,0.0,0.0,0.959809,2.26541,0.908984,7392.6,10686.8,312.0,326.376,2.0,2.0,2.0,1.0,6044.0,0.0,6.47109,12400.0,22380.4,9084.55,0.0,0.0,311.0,0.0,0.0,312.0,623.0,0.0,0.0,0.332976,0.0,0.0,0.0516214,0.667024,0.0,0.0,0.0,0.0,1.0,5421.0,0.000184468,0.896923,1.0,0.0635763,0.000165453,-0.475876,42528.0,889.492,42528.0,30.545,0.0,5.0,2.0,0.0,5.0,0.0,5.0,5.0,0.0,0.0,0.0,15.7291,47.8116,46.2475,1.96779,29.0879,30.0727,623.0,2.89799,0.596786,0.927415,14070.0,2132.12,1079.38,233.0,42528.0,42528.0,0.0,2.0,0.0130719,13759.0,6921.0,934.0,22.1413,0.154533,14691.0,44656.0,43195.2
spot5,2022,509,2.47632,3.90101,1.55368,0.0,0.0,0.0,1.45601,1.02538,0.0,0.0,0.990284,2.29654,0.837485,11277.6,16624.9,349.0,363.762,2.0,2.0,2.0,1.0,8973.0,0.0,8.5866,18295.0,35003.8,13941.2,0.0,0.0,348.0,0.0,0.0,349.0,697.0,0.0,0.0,0.333014,0.0,0.0,0.0388945,0.666986,0.0,0.0,0.0,0.0,1.0,8276.0,0.000120831,0.922323,1.0,0.0470297,0.000111445,-0.456767,55572.0,1001.88,55572.0,32.311,0.0,5.0,2.0,0.0,5.0,0.0,5.0,5.0,0.0,0.0,0.0,21.2632,55.4679,53.8871,2.08634,30.9763,31.886,697.0,3.03128,0.609108,0.928119,21525.0,2506.72,1211.76,263.0,55572.0,55572.0,0.0,2.0,0.00896861,21177.0,10372.0,1045.0,30.1904,0.11646,22220.0,57964.0,56312.0
stable-goods,2020,s-d16,2.92116,8.05911,2.75531,0.0,0.0,0.0,1.32584,2.26431,0.362935,0.0,1.56596,4.81284,2.28313,49337.9,95618.1,67.0,356.692,6.02237,1.0,2.0,1.0,36326.0,0.0,1.05891,119960.0,292755.0,100089.0,0.0,2080.0,16705.0,0.0,0.0,21054.0,17600.0,0.0,0.0572593,0.486955,0.0,0.0,0.579585,0.513045,0.0,0.0,0.0,0.0,1.0,8967.0,0.00011152,0.246848,1.0,0.323284,2.75285e-05,-0.203315,48878.0,7456.71,48878.0,185.174,0.0,1.0,3.0,0.0,1.0,0.0,1.0,1.0,0.0,0.0,0.0,3.09325,6.5549,3.73917,3.32842,40.2633,70.5751,34181.0,0.773292,2.16196,1.74213,38470.0,39221.6,62490.5,205.0,48878.0,48878.0,0.0,2.0,0.0307692,4544.0,25781.0,34305.0,0.883982,0.944365,106114.0,224866.0,128272.0
stable-goods,2020,s-d19,2.91149,8.15796,2.90022,0.0,0.0,0.0,1.0304,1.60294,0.344801,0.0,1.6243,5.51393,2.11309,62649.7,125187.0,81.0,309.836,5.48225,1.0,2.0,1.0,45191.0,0.0,1.07324,155258.0,368666.0,131064.0,0.0,3160.0,22110.0,0.0,0.0,25426.0,19997.0,0.0,0.0699254,0.525091,0.0,0.0,0.562634,0.474909,0.0,0.0,0.0,0.0,1.0,13405.0,7.4599e-05,0.29663,1.0,0.320028,2.21283e-05,-0.200768,29638.0,4670.87,29638.0,205.06,0.0,1.0,3.0,0.0,1.0,0.0,1.0,1.0,0.0,0.0,0.0,3.12473,6.34529,3.15873,3.38685,22.7732,45.7263,41991.0,0.853946,2.39453,1.92536,45230.0,48749.9,81365.0,209.0,29638.0,29638.0,0.0,2.0,0.03125,3516.0,21289.0,42107.0,0.589094,0.931756,131573.0,267181.0,133004.0
stable-goods,2020,s-d6,2.87954,7.49217,2.53939,0.0,0.0,0.0,0.601504,1.05941,0.393796,0.0,1.66164,4.92896,2.02219,3945.5,7372.22,21.0,90.631,6.45198,1.0,2.0,1.0,2839.0,0.0,1.06409,9767.0,21270.3,7209.32,0.0,190.0,1340.0,0.0,0.0,1569.0,1328.0,0.0,0.066925,0.502249,0.0,0.0,0.552659,0.497751,0.0,0.0,0.0,0.0,1.0,880.0,0.00113636,0.309968,1.0,0.326361,0.000352237,-0.397235,19451.0,1362.87,19451.0,51.6312,0.0,1.0,3.0,0.0,1.0,0.0,1.0,1.0,0.0,0.0,0.0,3.06409,14.2721,10.3282,1.69582,26.3768,36.4498,2639.0,1.0209,2.44313,1.89949,2848.0,3239.47,5481.86,53.0,19451.0,19451.0,0.0,2.0,0.1,279.0,229.0,2668.0,0.190405,0.939768,8175.0,38078.0,27555.5
stable-goods,2020,s-d7,2.89193,7.91964,2.7277,0.0,0.0,0.0,0.773209,1.34818,0.366609,0.0,1.63188,5.50153,2.01289,15827.7,30608.4,41.0,181.393,6.15616,1.0,2.0,1.0,11428.0,0.0,1.06954,39335.0,90505.7,31172.2,0.0,780.0,5480.0,0.0,0.0,6337.0,5205.0,0.0,0.0682534,0.512869,0.0,0.0,0.554515,0.487131,0.0,0.0,0.0,0.0,1.0,3511.0,0.000284819,0.307228,1.0,0.323308,8.75044e-05,-0.274828,39526.0,3749.06,39526.0,103.343,0.0,1.0,3.0,0.0,1.0,0.0,1.0,1.0,0.0,0.0,0.0,3.09303,10.5429,6.77173,2.46224,36.2682,56.4626,10628.0,0.898009,2.56007,2.03742,11447.0,12582.1,21706.5,108.0,39526.0,39526.0,0.0,2.0,0.0540541,957.0,5095.0,10685.0,0.566401,0.934984,33049.0,112651.0,72355.9
stable-goods,2020,s-d8,2.89776,8.09662,2.79785,0.0,0.0,0.0,0.771653,1.30124,0.357417,0.0,1.63544,5.39013,1.99203,15757.7,30929.6,41.0,175.618,6.15616,1.0,2.0,1.0,11356.0,0.0,1.06991,39046.0,91945.2,31772.4,0.0,780.0,5480.0,0.0,0.0,6338.0,5134.0,0.0,0.0686862,0.516299,0.0,0.0,0.558119,0.483701,0.0,0.0,0.0,0.0,1.0,3438.0,0.000290867,0.302747,1.0,0.322545,8.80592e-05,-0.275788,39526.0,3677.43,39526.0,102.999,0.0,1.0,3.0,0.0,1.0,0.0,1.0,1.0,0.0,0.0,0.0,3.10034,10.7483,6.85793,2.45643,35.6938,55.9388,10556.0,0.876357,2.47151,1.98502,11375.0,12459.2,21991.5,105.0,39526.0,39526.0,0.0,2.0,0.0512821,958.0,3789.0,10614.0,0.447239,0.93466,32907.0,114082.0,72790.1
stack-cuttingstock,2019,d14,2.69636,9.14348,2.97514,0.0,0.0,0.0,0.642367,1.17793,0.475343,0.0,1.20649,3.18078,2.24217,628.242,1296.89,24.0,64.2906,8.32643,2.0,2.0,1.0,494.0,0.0,1.05106,1387.0,4516.88,1469.72,24.0,0.0,72.0,0.0,0.0,397.0,398.0,0.048583,0.0,0.153191,0.0,0.0,0.803644,0.846809,0.0,0.0,0.0,0.0,1.0,1.0,1.0,0.00202429,1.0,0.352853,0.00202429,-0.820209,49.0,0.82468,49.0,-0.0929832,0.0,0.0,2.0,0.0,5.0,5.0,5.0,5.0,0.0,0.0,0.0,2.83404,59.417,28.0603,0.789003,1.88551,2.01218,386.0,1.47791,2.75358,2.62678,744.0,624.928,1657.77,17.0,321.0,160.5,0.0,2.0,0.117647,402.0,109.0,470.0,1.08723,0.951417,1332.0,27926.0,13188.3
stack-cuttingstock,2019,d3,2.59477,8.4731,2.96349,0.0,0.0,0.0,0.38539,0.973222,0.674879,0.0,1.34323,3.3158,2.20705,196.097,392.628,10.0,38.2107,9.55267,2.0,2.0,1.0,153.0,0.0,1.09286,430.0,1296.38,453.414,10.0,0.0,20.0,0.0,0.0,122.0,120.0,0.0653595,0.0,0.142857,0.0,0.0,0.797386,0.857143,0.0,0.0,0.0,0.0,1.0,1.0,1.0,0.00653595,1.0,0.352645,0.00653595,-1.29805,121.0,1.051,121.0,0.0225899,0.0,0.0,2.0,0.0,5.0,5.0,5.0,5.0,0.0,0.0,0.0,2.83571,115.129,56.6596,0.498715,2.25759,2.30429,112.0,1.69119,2.69294,2.56824,190.0,189.608,469.353,10.0,751.0,375.5,0.0,2.0,0.2,102.0,41.0,140.0,1.02143,0.915033,397.0,16118.0,7932.34
stack-cuttingstock,2019,d5,2.69636,9.14348,2.97514,0.0,0.0,0.0,0.642367,1.17793,0.475343,0.0,1.20649,3.18078,2.24217,628.242,1296.89,24.0,64.2906,8.32643,2.0,2.0,1.0,494.0,0.0,1.05106,1387.0,4516.88,1469.72,24.0,0.0,72.0,0.0,0.0,397.0,398.0,0.048583,0.0,0.153191,0.0,0.0,0.803644,0.846809,0.0,0.0,0.0,0.0,1.0,1.0,1.0,0.00202429,1.0,0.352853,0.00202429,-0.820209,49.0,0.82468,49.0,-0.0929832,0.0,0.0,2.0,0.0,5.0,5.0,5.0,5.0,0.0,0.0,0.0,2.83404,59.417,28.0603,0.789003,1.88551,2.01218,386.0,1.47791,2.75358,2.62678,744.0,624.928,1657.77,17.0,321.0,160.5,0.0,2.0,0.117647,402.0,109.0,470.0,1.08723,0.951417,1332.0,27926.0,13188.3
stack-cuttingstock,2019,d7,2.69636,9.37541,3.02055,0.0,0.0,0.0,0.642367,1.20202,0.573423,0.0,1.20649,3.14732,2.23824,628.242,1293.43,24.0,62.0391,9.40088,2.0,2.0,1.0,494.0,0.0,1.05106,1387.0,4631.45,1492.15,24.0,0.0,72.0,0.0,0.0,397.0,398.0,0.048583,0.0,0.153191,0.0,0.0,0.803644,0.846809,0.0,0.0,0.0,0.0,1.0,1.0,1.0,0.00202429,1.0,0.352853,0.00202429,-0.820209,163.0,1.45552,163.0,0.21243,0.0,0.0,2.0,0.0,5.0,5.0,5.0,5.0,0.0,0.0,0.0,2.83404,111.987,54.936,0.789003,2.14435,2.19601,386.0,1.47791,2.75358,2.34274,744.0,624.928,1699.38,17.0,676.0,338.0,0.0,2.0,0.117647,402.0,109.0,470.0,1.08723,0.951417,1332.0,52634.0,25819.9
stack-cuttingstock,2019,d8,2.72321,8.47341,2.62788,0.0,0.0,0.0,0.734426,1.40137,0.538158,0.0,1.04163,2.71671,1.72439,840.214,1641.88,20.0,80.8215,8.08215,2.0,2.0,1.0,672.0,0.0,1.04673,1897.0,5694.13,1765.94,20.0,0.0,100.0,0.0,0.0,551.0,542.0,0.0297619,0.0,0.155763,0.0,0.0,0.81994,0.844237,0.0,0.0,0.0,0.0,1.0,1.0,1.0,0.0014881,1.0,0.35082,0.0014881,-0.925234,271.0,5.5742,271.0,2.31173,0.0,0.0,2.0,0.0,5.0,5.0,5.0,5.0,0.0,0.0,0.0,2.85047,48.6168,23.8238,0.701639,1.97869,2.06275,522.0,1.49132,2.47245,2.57915,931.0,860.22,2111.88,15.0,271.0,271.0,0.0,2.0,0.133333,461.0,137.0,642.0,0.931464,0.955357,1830.0,31212.0,15294.9
steelmillslab,2017,bench_13_0,2.50625,5.55652,2.49611,0.0,0.0,0.0,2.36053,1.98782,0.566567,0.0,0.512099,1.53203,1.11145,26529.2,51394.6,222.0,1380.65,6.79442,2.0,2.0,1.0,24551.0,0.0,1.00086,63887.0,136418.0,61282.0,0.0,1997.0,14428.0,0.0,0.0,12674.0,10102.0,0.0,0.0813409,0.588178,0.0,0.0,0.516232,0.411822,0.0,0.0,0.0,0.0,2.0,112.0,0.0178571,0.00456193,1.0,0.398661,4.07315e-05,-0.205267,1111.0,397.301,1111.0,103.793,0.0,1.0,2.0,0.0,1.0,0.0,1.0,1.0,0.0,0.0,0.0,2.5084,2.79637,1.11794,2.92955,3.81819,6.32511,24308.0,0.0898303,0.125825,0.0847202,34409.0,25284.3,25970.8,114.0,1111.0,1111.0,0.0,2.0,0.973684,10213.0,539.0,24530.0,0.43832,0.999145,61531.0,68595.0,27423.0
steelmillslab,2017,bench_14_1,2.50625,5.55546,2.49571,0.0,0.0,0.0,2.36053,1.98003,0.566658,0.0,0.512099,1.53203,1.11145,26529.2,51390.8,222.0,1374.11,6.79442,2.0,2.0,1.0,24551.0,0.0,1.00086,63887.0,136392.0,61272.2,0.0,1997.0,14428.0,0.0,0.0,12674.0,10102.0,0.0,0.0813409,0.588178,0.0,0.0,0.516232,0.411822,0.0,0.0,0.0,0.0,2.0,112.0,0.0178571,0.00456193,1.0,0.398661,4.07315e-05,-0.205267,1111.0,398.591,1111.0,104.252,0.0,1.0,2.0,0.0,1.0,0.0,1.0,1.0,0.0,0.0,0.0,2.5084,2.78732,1.11566,2.92955,3.81375,6.33801,24308.0,0.0898303,0.125825,0.0847202,34409.0,25284.3,25964.2,114.0,1111.0,1111.0,0.0,2.0,0.973684,10213.0,537.0,24530.0,0.438239,0.999145,61531.0,68373.0,27367.1
steelmillslab,2017,bench_15_11,2.50625,5.5611,2.49733,0.0,0.0,0.0,2.36053,2.00239,0.56629,0.0,0.512099,1.53203,1.11145,26529.2,51404.3,222.0,1383.82,6.79442,2.0,2.0,1.0,24551.0,0.0,1.00086,63887.0,136531.0,61312.0,0.0,1997.0,14428.0,0.0,0.0,12674.0,10102.0,0.0,0.0813409,0.588178,0.0,0.0,0.516232,0.411822,0.0,0.0,0.0,0.0,2.0,112.0,0.0178571,0.00456193,1.0,0.398661,4.07315e-05,-0.205267,1555.0,548.095,1555.0,121.575,0.0,1.0,2.0,0.0,1.0,0.0,1.0,1.0,0.0,0.0,0.0,2.5084,2.8371,1.14622,2.92955,4.50007,8.68056,24308.0,0.0898303,0.125825,0.0847202,34409.0,25284.3,26024.1,114.0,1555.0,1555.0,0.0,2.0,0.973684,10213.0,540.0,24530.0,0.438361,0.999145,61531.0,69594.0,28116.9
steelmillslab,2017,bench_16_10,2.50625,5.55923,2.49686,0.0,0.0,0.0,2.36053,1.99498,0.566398,0.0,0.512099,1.53203,1.11145,26529.2,51400.8,222.0,1383.82,6.79442,2.0,2.0,1.0,24551.0,0.0,1.00086,63887.0,136485.0,61300.3,0.0,1997.0,14428.0,0.0,0.0,12674.0,10102.0,0.0,0.0813409,0.588178,0.0,0.0,0.516232,0.411822,0.0,0.0,0.0,0.0,2.0,112.0,0.0178571,0.00456193,1.0,0.398661,4.07315e-05,-0.205267,1333.0,472.863,1333.0,114.062,0.0,1.0,2.0,0.0,1.0,0.0,1.0,1.0,0.0,0.0,0.0,2.5084,2.819,1.13265,2.92955,4.1369,7.54338,24308.0,0.0898303,0.125825,0.0847202,34409.0,25284.3,26000.9,114.0,1333.0,1333.0,0.0,2.0,0.973684,10213.0,540.0,24530.0,0.438361,0.999145,61531.0,69150.0,27783.9
steelmillslab,2017,bench_19_5,2.50625,5.5602,2.4971,0.0,0.0,0.0,2.36053,1.99463,0.566342,0.0,0.512099,1.53203,1.11145,26529.2,51402.6,222.0,1383.82,6.79442,2.0,2.0,1.0,24551.0,0.0,1.00086,63887.0,136508.0,61306.4,0.0,1997.0,14428.0,0.0,0.0,12674.0,10102.0,0.0,0.0813409,0.588178,0.0,0.0,0.516232,0.411822,0.0,0.0,0.0,0.0,2.0,112.0,0.0178571,0.00456193,1.0,0.398661,4.07315e-05,-0.205267,1444.0,510.6,1444.0,118.065,0.0,1.0,2.0,0.0,1.0,0.0,1.0,1.0,0.0,0.0,0.0,2.5084,2.82805,1.13944,2.92955,4.31625,8.09131,24308.0,0.0898303,0.125825,0.0847202,34409.0,25284.3,26012.9,114.0,1444.0,1444.0,0.0,2.0,0.973684,10213.0,540.0,24530.0,0.438361,0.999145,61531.0,69372.0,27950.4
steelmillslab,2019,bench_17_7,2.50625,5.55704,2.4963,0.0,0.0,0.0,2.36053,1.98763,0.566523,0.0,0.512099,1.53203,1.11145,26529.2,51396.5,222.0,1383.82,6.79442,2.0,2.0,1.0,24551.0,0.0,1.00086,63887.0,136431.0,61286.7,0.0,1997.0,14428.0,0.0,0.0,12674.0,10102.0,0.0,0.0813409,0.588178,0.0,0.0,0.516232,0.411822,0.0,0.0,0.0,0.0,2.0,112.0,0.0178571,0.00456193,1.0,0.398661,4.07315e-05,-0.205267,1111.0,396.659,1111.0,103.792,0.0,1.0,2.0,0.0,1.0,0.0,1.0,1.0,0.0,0.0,0.0,2.5084,2.8009,1.11907,2.92955,3.81202,6.31868,24308.0,0.0898303,0.125825,0.0847202,34409.0,25284.3,25973.9,114.0,1111.0,1111.0,0.0,2.0,0.973684,10213.0,540.0,24530.0,0.438361,0.999145,61531.0,68706.0,27450.9
steelmillslab,2019,bench_19_6,2.50625,5.55765,2.49627,0.0,0.0,0.0,2.36053,1.98741,0.566532,0.0,0.512099,1.53203,1.11145,26529.2,51395.1,222.0,1374.11,6.79442,2.0,2.0,1.0,24551.0,0.0,1.00086,63887.0,136446.0,61285.8,0.0,1997.0,14428.0,0.0,0.0,12674.0,10102.0,0.0,0.0813409,0.588178,0.0,0.0,0.516232,0.411822,0.0,0.0,0.0,0.0,2.0,112.0,0.0178571,0.00456193,1.0,0.398661,4.07315e-05,-0.205267,1333.0,475.151,1333.0,114.485,0.0,1.0,2.0,0.0,1.0,0.0,1.0,1.0,0.0,0.0,0.0,2.5084,2.80542,1.12924,2.92955,4.14161,7.56619,24308.0,0.0898303,0.125825,0.0847202,34409.0,25284.3,25991.2,114.0,1333.0,1333.0,0.0,2.0,0.973684,10213.0,537.0,24530.0,0.438239,0.999145,61531.0,68817.0,27700.1
steelmillslab,2019,bench_20_15,2.50625,5.55818,2.49659,0.0,0.0,0.0,2.36053,1.98723,0.566458,0.0,0.512099,1.53203,1.11145,26529.2,51398.7,222.0,1383.82,6.79442,2.0,2.0,1.0,24551.0,0.0,1.00086,63887.0,136459.0,61293.8,0.0,1997.0,14428.0,0.0,0.0,12674.0,10102.0,0.0,0.0813409,0.588178,0.0,0.0,0.516232,0.411822,0.0,0.0,0.0,0.0,2.0,112.0,0.0178571,0.00456193,1.0,0.398661,4.07315e-05,-0.205267,1222.0,434.884,1222.0,109.048,0.0,1.0,2.0,0.0,1.0,0.0,1.0,1.0,0.0,0.0,0.0,2.5084,2.80995,1.12586,2.92955,3.97884,6.93713,24308.0,0.0898303,0.125825,0.0847202,34409.0,25284.3,25988.0,114.0,1222.0,1222.0,0.0,2.0,0.973684,10213.0,540.0,24530.0,0.438361,0.999145,61531.0,68928.0,27617.4
steelmillslab,2019,bench_20_8,2.50625,5.55704,2.4963,0.0,0.0,0.0,2.36053,1.98763,0.566523,0.0,0.512099,1.53203,1.11145,26529.2,51396.5,222.0,1383.82,6.79442,2.0,2.0,1.0,24551.0,0.0,1.00086,63887.0,136431.0,61286.7,0.0,1997.0,14428.0,0.0,0.0,12674.0,10102.0,0.0,0.0813409,0.588178,0.0,0.0,0.516232,0.411822,0.0,0.0,0.0,0.0,2.0,112.0,0.0178571,0.00456193,1.0,0.398661,4.07315e-05,-0.205267,1111.0,396.659,1111.0,103.792,0.0,1.0,2.0,0.0,1.0,0.0,1.0,1.0,0.0,0.0,0.0,2.5084,2.8009,1.11907,2.92955,3.81202,6.31868,24308.0,0.0898303,0.125825,0.0847202,34409.0,25284.3,25973.9,114.0,1111.0,1111.0,0.0,2.0,0.973684,10213.0,540.0,24530.0,0.438361,0.999145,61531.0,68706.0,27450.9
steelmillslab,2019,bench_2_19,2.50625,5.55708,2.49521,0.0,0.0,0.0,2.36053,1.97126,0.566772,0.0,0.512099,1.53203,1.11173,26529.2,51380.5,222.0,1328.04,6.79442,2.0,2.0,1.0,24551.0,0.0,1.00086,63887.0,136432.0,61259.8,0.0,1997.0,14428.0,0.0,0.0,12674.0,10102.0,0.0,0.0813409,0.588178,0.0,0.0,0.516232,0.411822,0.0,0.0,0.0,0.0,2.0,112.0,0.0178571,0.00456193,1.0,0.398661,4.07315e-05,-0.205267,2332.0,823.28,2332.0,138.946,0.0,1.0,2.0,0.0,1.0,0.0,1.0,1.0,0.0,0.0,0.0,2.5084,2.83257,1.17667,2.92955,5.91796,12.6626,24308.0,0.0898303,0.125825,0.0847202,34409.0,25284.3,26030.2,114.0,2332.0,2332.0,0.0,2.0,0.973684,10213.0,525.0,24530.0,0.43775,0.999145,61531.0,69483.0,28863.6
steiner-systems,2021,steiner_t2_k7_N21,2.3211,40.4862,16.8716,0.0,0.0,0.0,0.0,0.484644,0.290369,0.0,1.3451,1.66713,0.97797,125.323,562.106,3.0,63.0,21.0,1.0,21.0,11.0,109.0,0.0,1.09,263.0,4413.0,1839.0,0.0,0.0,0.0,0.0,0.0,0.0,45.0,0.0,0.0,0.0,0.0,0.0,0.0,0.45,1.0,0.55,109.0,55.0,0.0,0.0,0.0,0.0,0.0,0.0,0.0,0.0,0.0,0.0,0.0,0.0,0.0,0.0,1.0,0.0,1.0,1.0,0.0,1.0,0.0,0.0,1.0,2.53,1153430.0,489654.0,1.18577,0.0,0.0,45.0,1.44119,0.992774,1.44119,90.0,80.5986,1200.0,12.0,2097150.0,1048580.0,0.0,2.0,2.0,10.0,0.0,100.0,0.1,0.917431,253.0,115343000.0,48965400.0
steiner-systems,2021,steiner_t3_k3_N11,2.48797,22.7167,8.67451,0.0,0.0,0.0,0.0,0.446759,0.257774,0.0,1.04704,1.09385,0.999896,35138.5,118986.0,3.0,33.0,11.0,1.0,11.0,6.29248,27389.0,0.0,1.00602,68308.0,622188.0,237586.0,0.0,0.0,0.0,0.0,0.0,0.0,13530.0,0.0,0.0,0.0,0.0,0.0,0.0,0.49697,1.0,0.50303,27389.0,13695.0,0.0,0.0,0.0,0.0,0.0,0.0,0.0,0.0,0.0,0.0,0.0,0.0,0.0,0.0,1.0,0.0,1.0,1.0,0.0,1.0,0.0,0.0,1.0,2.50296,1031.7,510.462,5.13202,0.991067,0.999947,13530.0,1.04787,0.999974,1.0473,27060.0,14748.3,172090.0,167.0,2048.0,1024.0,0.0,3.0,3.0,165.0,0.0,27225.0,0.00606061,0.994012,68143.0,28088000.0,13897300.0
steiner-systems,2021,steiner_t3_k4_N8,2.36842,16.1542,6.60342,0.0,0.0,0.0,0.0,0.437723,0.214164,0.0,1.28459,1.55508,0.987928,248.232,807.962,3.0,24.0,8.0,1.0,8.0,4.79248,209.0,0.0,1.06633,509.0,3376.23,1380.12,0.0,0.0,0.0,0.0,0.0,0.0,91.0,0.0,0.0,0.0,0.0,0.0,0.0,0.464286,1.0,0.535714,209.0,105.0,0.0,0.0,0.0,0.0,0.0,0.0,0.0,0.0,0.0,0.0,0.0,0.0,0.0,0.0,1.0,0.0,1.0,1.0,0.0,1.0,0.0,0.0,1.0,2.52551,138.536,61.9752,1.42765,0.910772,0.993087,91.0,1.34207,0.996317,1.34207,182.0,146.814,984.232,16.0,256.0,128.0,0.0,3.0,3.0,14.0,0.0,196.0,0.0714286,0.937799,495.0,27153.0,12147.1
steiner-systems,2021,steiner_t4_k4_N10,2.49053,20.9431,8.01891,0.0,0.0,0.0,0.0,0.427074,0.215996,0.0,1.03866,1.07717,0.999935,56936.0,187955.0,3.0,30.0,10.0,1.0,10.0,6.0,44309.0,0.0,1.00474,110563.0,927970.0,355310.0,0.0,0.0,0.0,0.0,0.0,0.0,21945.0,0.0,0.0,0.0,0.0,0.0,0.0,0.497619,1.0,0.502381,44309.0,22155.0,0.0,0.0,0.0,0.0,0.0,0.0,0.0,0.0,0.0,0.0,0.0,0.0,0.0,0.0,1.0,0.0,1.0,1.0,0.0,1.0,0.0,0.0,1.0,2.50234,516.429,256.794,5.79114,0.98754,0.989087,21945.0,1.0392,0.999984,1.03883,43890.0,23567.8,265440.0,212.0,1024.0,512.0,0.0,4.0,4.0,210.0,0.0,44100.0,0.0047619,0.995283,110353.0,22774500.0,11324600.0
steiner-systems,2021,steiner_t6_k6_N7,2.25455,14.0961,6.15713,0.0,0.0,0.0,0.0,0.401307,0.162413,0.0,1.41278,1.78793,0.959316,60.2842,203.211,3.0,21.0,7.0,1.0,7.0,4.79248,55.0,0.0,1.12245,131.0,775.284,338.642,0.0,0.0,0.0,0.0,0.0,0.0,21.0,0.0,0.0,0.0,0.0,0.0,0.0,0.428571,1.0,0.571429,55.0,28.0,0.0,0.0,0.0,0.0,0.0,0.0,0.0,0.0,0.0,0.0,0.0,0.0,0.0,0.0,1.0,0.0,1.0,1.0,0.0,1.0,0.0,0.0,1.0,2.53061,75.7143,32.1043,0.967944,0.79739,0.864896,21.0,1.57212,0.985228,1.57212,42.0,42.8496,250.284,9.0,128.0,64.0,0.0,6.0,6.0,7.0,0.0,49.0,0.142857,0.890909,124.0,3710.0,1573.11
steiner-tree,2018,es10fst03.stp,3.19699,6.49399,1.67744,0.0,0.0,0.0,1.17037,2.04868,0.0,0.0,1.42621,2.6075,1.11954,814.626,1147.55,47.0,77.6618,4.16534,2.0,2.0,1.0,599.0,0.0,1.25314,1512.0,3889.9,1004.79,74.0,218.0,324.0,0.0,0.0,186.0,154.0,0.123539,0.36394,0.677824,0.0,0.0,0.310518,0.322176,0.0283806,0.0,17.0,0.0,2.0,37.0,0.0540541,0.0617696,1.0,0.249608,0.00166945,-0.656023,40330300.0,477.973,40330300.0,0.0,0.0,0.0,2.0,0.0,5.0,5.0,5.0,5.0,0.0,0.0,0.0,4.00628,84377.6,84374.4,1.14385,0.0,0.0,362.0,2.14337,0.829976,1.4129,542.0,760.316,769.189,29.0,40330300.0,40330300.0,0.0,2.0,0.0689655,110.0,43.0,478.0,0.320084,0.797997,1915.0,40332500.0,40331000.0
steiner-tree,2018,es10fst10.stp,3.24922,6.69862,1.68941,0.0,0.0,0.0,1.23107,2.12173,0.0,0.0,1.41369,2.59231,1.11557,870.056,1227.39,50.0,83.3985,4.24382,2.0,2.0,1.0,638.0,0.0,1.26087,1608.0,4273.72,1077.84,78.0,235.0,343.0,0.0,0.0,197.0,163.0,0.122257,0.368339,0.677866,0.0,0.0,0.308777,0.322134,0.0282132,0.0,18.0,0.0,2.0,39.0,0.0512821,0.0611285,1.0,0.244091,0.0015674,-0.632139,32624100.0,505.961,32624100.0,0.0,0.0,0.0,2.0,0.0,5.0,5.0,5.0,5.0,0.0,0.0,0.0,4.09684,64479.5,64476.1,1.1958,0.0,0.0,383.0,2.18095,0.828805,1.39719,573.0,809.379,819.827,30.0,32624100.0,32624100.0,0.0,2.0,0.0666667,117.0,44.0,506.0,0.318182,0.793103,2073.0,32626600.0,32624900.0
steiner-tree,2018,es20fst08.stp,4.66893,13.2919,1.92806,0.0,0.0,0.0,2.27678,3.68185,0.518656,0.0,1.36229,2.5084,1.30936,2912.05,4237.68,180.0,307.824,5.7274,2.0,2.0,1.0,2060.0,0.0,1.27318,5111.0,27381.3,3971.8,252.0,796.0,1102.0,0.0,0.0,599.0,516.0,0.12233,0.386408,0.681088,0.0,0.0,0.290777,0.318912,0.0252427,0.0,52.0,0.0,2.0,107.0,0.0186916,0.0519417,1.0,0.168226,0.000485437,-0.397142,80304200.0,1617.67,80304200.0,0.0,0.0,0.0,2.0,0.0,5.0,5.0,5.0,5.0,0.0,0.0,0.0,5.94438,49641.8,49634.6,2.0944,0.0,0.0,1229.0,2.1711,0.760965,1.40148,1816.0,2715.54,2871.5,66.0,80304200.0,80304200.0,0.0,2.0,0.030303,392.0,117.0,1618.0,0.314586,0.785437,9618.0,80320500.0,80308800.0
steiner-tree,2018,es20fst09.stp,3.99843,10.6301,1.89093,0.0,0.0,0.0,1.82074,3.10724,0.52884,0.0,1.3771,2.5606,1.37701,1783.23,2607.99,100.0,196.457,5.20839,2.0,2.0,1.0,1270.0,0.0,1.25743,3195.0,13500.2,2401.48,156.0,470.0,686.0,0.0,0.0,391.0,324.0,0.122835,0.370079,0.679208,0.0,0.0,0.307874,0.320792,0.0283465,0.0,36.0,0.0,2.0,75.0,0.0266667,0.0590551,1.0,0.198897,0.000787402,-0.462011,52917500.0,1009.84,52917500.0,0.0,0.0,0.0,2.0,0.0,5.0,5.0,5.0,5.0,0.0,0.0,0.0,5.02772,52401.7,52395.9,1.73395,0.0,0.0,765.0,2.17466,0.818346,1.40323,1144.0,1659.04,1790.84,48.0,52917500.0,52917500.0,0.0,2.0,0.0416667,232.0,85.0,1010.0,0.313861,0.795276,5078.0,52925700.0,52919800.0
steiner-tree,2018,es20fst14.stp,3.97833,10.5101,1.88225,0.0,0.0,0.0,1.82994,3.11815,0.531278,0.0,1.37749,2.55544,1.36885,1810.91,2642.19,104.0,196.457,5.20839,2.0,2.0,1.0,1292.0,0.0,1.25437,3245.0,13579.0,2431.87,160.0,478.0,700.0,0.0,0.0,395.0,330.0,0.123839,0.369969,0.679612,0.0,0.0,0.305728,0.320388,0.0278638,0.0,36.0,0.0,2.0,75.0,0.0266667,0.0580495,1.0,0.200389,0.000773994,-0.460759,49876800.0,1029.83,49876800.0,0.0,0.0,0.0,2.0,0.0,5.0,5.0,5.0,5.0,0.0,0.0,0.0,4.99029,48432.1,48426.4,1.73542,0.0,0.0,781.0,2.16651,0.807962,1.39862,1166.0,1688.21,1810.75,50.0,49876800.0,49876800.0,0.0,2.0,0.04,238.0,87.0,1030.0,0.315534,0.797214,5140.0,49885100.0,49879200.0
still-life-wastage,2012,09,3.89067,4.12113,1.07342,0.0,0.0,0.0,0.574725,0.727955,0.0,0.0,2.23271,2.59619,0.113684,3384.73,3502.91,13.0,33.1473,7.85636,2.0,2.0,1.0,1930.0,0.0,1.36879,5790.0,7953.78,2071.71,0.0,648.0,972.0,0.0,0.0,1282.0,438.0,0.0,0.335751,0.689362,0.0,0.0,0.664249,0.310638,0.0,0.0,0.0,0.0,0.0,0.0,0.0,0.0,1.0,0.187775,0.000518135,-0.412423,82.0,25.9121,82.0,5.9765,0.0,0.0,3.0,1.0,0.0,1.0,1.0,1.0,0.0,0.0,0.0,5.32553,3.16454,1.14619,1.9694,4.16835,3.80296,1207.0,2.0202,0.5225,0.953111,1419.0,2301.28,1549.64,54.0,243.0,82.0,0.0,2.0,0.037037,425.0,98.0,1410.0,0.370922,0.73057,7509.0,4462.0,1616.12
still-life-wastage,2012,10,3.92576,4.1431,1.06894,0.0,0.0,0.0,0.569589,0.724095,0.0,0.0,2.21926,2.57269,0.0998342,4201.9,4340.15,14.0,35.2443,8.11239,2.0,2.0,1.0,2384.0,0.0,1.36619,7152.0,9877.15,2548.36,0.0,800.0,1200.0,0.0,0.0,1584.0,545.0,0.0,0.33557,0.687679,0.0,0.0,0.66443,0.312321,0.0,0.0,0.0,0.0,0.0,0.0,0.0,0.0,1.0,0.186452,0.000419463,-0.412295,101.0,31.5117,101.0,6.6541,0.0,0.0,3.0,1.0,0.0,1.0,1.0,1.0,0.0,0.0,0.0,5.36332,3.20516,1.15753,1.97322,4.5854,4.23225,1500.0,2.01061,0.501008,0.924561,1755.0,2854.27,1906.93,54.0,289.0,101.0,0.0,2.0,0.037037,511.0,104.0,1745.0,0.352436,0.731963,9359.0,5593.0,2019.9
still-life-wastage,2012,11,3.95461,4.16112,1.06527,0.0,0.0,0.0,0.565433,0.72096,0.0,0.0,2.2063,2.55144,0.0866691,5107.34,5267.15,15.0,37.2997,8.34758,2.0,2.0,1.0,2886.0,0.0,1.36389,8658.0,12009.0,3074.38,0.0,968.0,1452.0,0.0,0.0,1918.0,664.0,0.0,0.335412,0.6862,0.0,0.0,0.664588,0.3138,0.0,0.0,0.0,0.0,0.0,0.0,0.0,0.0,1.0,0.185403,0.0003465,-0.409712,122.0,37.5548,122.0,7.30864,0.0,0.0,3.0,1.0,0.0,1.0,1.0,1.0,0.0,0.0,0.0,5.39367,3.24858,1.1703,1.98822,5.00159,4.60153,1825.0,2.00213,0.48352,0.901181,2127.0,3467.08,2301.61,54.0,339.0,122.0,0.0,2.0,0.037037,605.0,110.0,2116.0,0.337902,0.733195,11413.0,6874.0,2476.35
still-life-wastage,2012,12,3.97875,4.17615,1.06221,0.0,0.0,0.0,0.615642,0.757224,0.0,0.0,2.19404,2.53222,0.0810857,6101.05,6283.9,16.0,39.3196,8.56507,2.0,2.0,1.0,3436.0,0.0,1.36187,10308.0,14349.2,3649.76,0.0,1152.0,1728.0,0.0,0.0,2284.0,795.0,0.0,0.335274,0.684899,0.0,0.0,0.664726,0.315101,0.0,0.0,0.0,0.0,0.0,0.0,0.0,0.0,1.0,0.184551,0.000291036,-0.408495,145.0,44.0182,145.0,7.93401,0.0,0.0,3.0,1.0,0.0,1.0,1.0,1.0,0.0,0.0,0.0,5.41855,3.29409,1.1841,1.99623,5.422,5.06715,2182.0,1.99462,0.469014,0.881674,2535.0,4139.69,2733.64,54.0,393.0,145.0,0.0,2.0,0.037037,707.0,116.0,2523.0,0.326199,0.734284,13671.0,8311.0,2987.48
still-life-wastage,2012,13,3.99926,4.18885,1.05961,0.0,0.0,0.0,0.612486,0.754928,0.0,0.0,2.18254,2.51479,0.0759163,7183.02,7390.4,17.0,41.3091,8.76733,2.0,2.0,1.0,4034.0,0.0,1.36008,12102.0,16897.8,4274.47,0.0,1352.0,2028.0,0.0,0.0,2682.0,938.0,0.0,0.335151,0.683749,0.0,0.0,0.664849,0.316251,0.0,0.0,0.0,0.0,0.0,0.0,0.0,0.0,1.0,0.183847,0.000247893,-0.408672,170.0,50.8799,170.0,8.53819,0.0,0.0,3.0,1.0,0.0,1.0,1.0,1.0,0.0,0.0,0.0,5.43931,3.3412,1.19868,1.99709,5.84198,5.47055,2571.0,1.98795,0.456787,0.865142,2979.0,4872.11,3203.04,54.0,451.0,170.0,0.0,2.0,0.037037,817.0,122.0,2966.0,0.316588,0.73525,16133.0,9910.0,3555.28
stochastic-fjsp,2014,fjsp-a1-s2_fjsp-t15-j3-m3-a1_det,2.84581,8.8881,3.27905,0.0,0.0,0.0,0.0,0.711576,0.747012,0.0,0.620215,1.94464,1.53479,1357.25,2451.1,3.0,24.5117,8.17057,2.0,2.0,1.0,908.0,0.0,1.66606,2854.0,8070.39,2977.38,0.0,320.0,497.0,0.0,0.0,588.0,48.0,0.0,0.352423,0.911927,0.0,0.0,0.647577,0.0880734,0.0,0.0,0.0,0.0,0.0,0.0,0.0,0.0,1.0,0.210913,0.00110132,-0.623547,598.0,40.6118,598.0,11.0406,0.0,5.0,2.0,0.0,5.0,0.0,5.0,5.0,0.0,0.0,0.0,4.74128,14.7248,2.19682,1.26548,3.58783,11.65,498.0,0.987424,0.390223,0.594928,527.0,980.989,767.582,27.0,598.0,598.0,0.0,2.0,0.0952381,77.0,5.0,545.0,0.150459,0.60022,2584.0,8025.0,1197.26
stochastic-fjsp,2014,fjsp-a1-s3_fjsp-t20-j4-m3-a1_det,2.87173,8.99125,3.23902,0.0,0.0,0.0,0.0,0.712151,0.690352,0.0,0.558904,1.79909,1.46078,3696.14,6622.3,4.0,32.8916,8.22289,2.0,2.0,1.0,2448.0,0.0,1.74732,7594.0,22010.6,7929.13,0.0,950.0,1317.0,0.0,0.0,1498.0,84.0,0.0,0.388072,0.940043,0.0,0.0,0.611928,0.0599572,0.0,0.0,0.0,0.0,0.0,0.0,0.0,0.0,1.0,0.199289,0.000408497,-0.536907,996.0,85.7492,996.0,20.1991,0.0,5.0,2.0,0.0,5.0,0.0,5.0,5.0,0.0,0.0,0.0,5.01784,11.6153,1.58318,1.49134,4.19568,16.7949,1318.0,1.53439,0.294995,0.435166,1377.0,2576.24,1830.28,37.0,996.0,996.0,0.0,2.0,0.0625,143.0,6.0,1401.0,0.106353,0.572304,7030.0,16273.0,2218.04
stochastic-fjsp,2014,fjsp-a1-s4_fjsp-t8-j2-m3-a1_det,2.58961,9.86249,3.98122,0.0,0.0,0.0,0.0,0.65711,0.664557,0.0,1.04097,2.22399,1.8088,516.523,1096.89,5.0,41.213,8.24259,1.0,2.0,1.0,385.0,0.0,1.7907,1161.0,3797.06,1532.77,0.0,128.0,174.0,0.0,0.0,257.0,41.0,0.0,0.332468,0.809302,0.0,0.0,0.667532,0.190698,0.0,0.0,0.0,0.0,0.0,0.0,0.0,0.0,1.0,0.215647,0.0025974,-1.09666,1593.0,37.4352,1593.0,12.0002,0.0,5.0,2.0,0.0,5.0,0.0,5.0,5.0,0.0,0.0,0.0,4.63721,42.5535,10.916,0.71522,3.03621,9.92462,175.0,2.16186,0.693319,1.6023,206.0,413.842,463.816,14.0,1593.0,1593.0,0.0,2.0,0.2,72.0,11.0,215.0,0.386047,0.558442,997.0,9149.0,2346.95
stochastic-fjsp,2014,fjsp-a1-s5_fjsp-t8-j2-m3-a1_det,2.5929,9.95039,4.01551,0.0,0.0,0.0,0.0,0.651305,0.658883,0.0,1.02969,2.21777,1.8315,643.544,1376.26,6.0,48.8541,8.14235,1.0,2.0,1.0,479.0,0.0,1.81439,1437.0,4766.23,1923.43,0.0,162.0,214.0,0.0,0.0,317.0,50.0,0.0,0.338205,0.810606,0.0,0.0,0.661795,0.189394,0.0,0.0,0.0,0.0,0.0,0.0,0.0,0.0,1.0,0.21256,0.00208768,-1.06941,1590.0,38.07,1590.0,12.7901,0.0,5.0,2.0,0.0,5.0,0.0,5.0,5.0,0.0,0.0,0.0,4.70455,41.7652,9.56204,0.736331,2.89834,10.2136,215.0,2.09876,0.693646,1.5367,254.0,511.086,572.608,14.0,1590.0,1590.0,0.0,2.0,0.2,89.0,12.0,264.0,0.382576,0.551148,1242.0,11026.0,2524.38
stochastic-fjsp,2014,fjsp-a1-s6_fjsp-t8-j2-m3-a1_det,2.59436,10.0403,4.05904,0.0,0.0,0.0,0.0,0.645474,0.651818,0.0,1.04283,2.21866,1.83138,761.355,1639.63,7.0,56.497,8.07101,1.0,2.0,1.0,567.0,0.0,1.84691,1695.0,5692.84,2301.47,0.0,194.0,248.0,0.0,0.0,373.0,59.0,0.0,0.342152,0.807818,0.0,0.0,0.657848,0.192182,0.0,0.0,0.0,0.0,0.0,0.0,0.0,0.0,1.0,0.208702,0.00176367,-1.09452,1589.0,37.8363,1589.0,13.315,0.0,5.0,2.0,0.0,5.0,0.0,5.0,5.0,0.0,0.0,0.0,4.79153,41.9967,8.80834,0.722963,2.76653,10.2817,249.0,2.17994,0.701709,1.53413,296.0,600.211,675.402,14.0,1589.0,1589.0,0.0,2.0,0.2,106.0,13.0,307.0,0.387622,0.541446,1471.0,12893.0,2704.16
stochastic-vrp,2014,vrp-s2-v2-c7_vrp-v2-c7_det,7.416,26.4298,3.57402,0.0,0.0,0.0,0.447226,0.720875,0.395692,0.0,2.37541,3.19545,2.13387,330.957,539.824,11.0,62.7668,6.69836,2.0,6.45943,1.30743,125.0,0.0,1.25,469.0,3303.72,446.753,2.0,0.0,0.0,0.0,0.0,19.0,100.0,0.016,0.0,0.0,0.0,0.0,0.152,1.0,0.0,0.0,0.0,0.0,2.0,104.0,0.0192308,0.832,1.0,0.107875,0.008,-1.16955,301.0,9.36236,301.0,7.31717,0.0,5.0,2.0,0.0,5.0,0.0,5.0,5.0,0.0,0.0,0.0,9.27,32.15,11.3775,0.76279,1.14284,2.74162,39.0,2.47648,2.12382,2.42561,148.0,265.503,425.319,28.0,301.0,301.0,0.0,2.0,0.0714286,151.0,185.0,100.0,3.36,0.8,927.0,3215.0,1137.75
stochastic-vrp,2014,vrp-s3-v2-c6_vrp-v2-c6_det,6.72892,23.4164,3.45803,0.0,0.0,0.0,0.420339,0.695188,0.289182,0.0,2.41585,3.15864,1.79452,420.987,693.259,10.0,54.3738,6.36815,2.0,6.12928,1.3317,166.0,0.0,1.27692,621.0,3887.12,574.033,3.0,0.0,0.0,0.0,0.0,25.0,130.0,0.0180723,0.0,0.0,0.0,0.0,0.150602,1.0,0.0,0.0,0.0,0.0,2.0,138.0,0.0144928,0.831325,1.0,0.116383,0.0060241,-1.01456,351.0,12.4231,351.0,9.22508,0.0,5.0,2.0,0.0,5.0,0.0,5.0,5.0,0.0,0.0,0.0,8.59231,28.2538,10.1642,0.870932,1.23826,3.09404,52.0,2.43791,1.93842,2.33666,201.0,331.153,540.923,36.0,351.0,351.0,0.0,2.0,0.0555556,198.0,59.0,130.0,1.97692,0.783133,1117.0,3673.0,1321.34
stochastic-vrp,2014,vrp-s3-v2-c7_vrp-v2-c7_det,7.43316,26.481,3.56529,0.0,0.0,0.0,0.446193,0.72047,0.396662,0.0,2.40493,3.18465,2.12022,496.058,807.972,11.0,62.7668,6.62747,2.0,6.45943,1.30743,187.0,0.0,1.28082,702.0,4951.95,666.709,3.0,0.0,0.0,0.0,0.0,28.0,146.0,0.0160428,0.0,0.0,0.0,0.0,0.149733,1.0,0.0,0.0,0.0,0.0,2.0,156.0,0.0128205,0.834225,1.0,0.105036,0.00534759,-0.971007,421.0,12.8456,421.0,9.53725,0.0,5.0,2.0,0.0,5.0,0.0,5.0,5.0,0.0,0.0,0.0,9.52055,32.774,11.4775,0.921687,1.24203,3.12202,58.0,2.42267,2.06034,2.3704,222.0,385.524,630.846,42.0,421.0,421.0,0.0,2.0,0.047619,223.0,235.0,146.0,3.13699,0.780749,1390.0,4785.0,1675.71
stochastic-vrp,2014,vrp-s4-v2-c6_vrp-v2-c6_det,6.73756,23.4362,3.45152,0.0,0.0,0.0,0.4198,0.694601,0.289728,0.0,2.40807,3.1508,1.78905,560.971,922.944,10.0,54.3738,6.26743,2.0,6.12928,1.3317,221.0,0.0,1.2924,827.0,5179.41,762.785,4.0,0.0,0.0,0.0,0.0,33.0,171.0,0.0180995,0.0,0.0,0.0,0.0,0.149321,1.0,0.0,0.0,0.0,0.0,2.0,184.0,0.0108696,0.832579,1.0,0.114842,0.00452489,-0.884123,401.0,14.2146,401.0,10.6165,0.0,5.0,2.0,0.0,5.0,0.0,5.0,5.0,0.0,0.0,0.0,8.7076,28.2105,9.9031,1.00117,1.24472,3.174,69.0,2.40303,1.91153,2.30819,268.0,433.687,716.205,48.0,401.0,401.0,0.0,2.0,0.0416667,262.0,76.0,171.0,1.97661,0.773756,1489.0,4824.0,1693.43
stochastic-vrp,2014,vrp-s5-v2-c8_vrp-v2-c8_det,8.15318,29.5943,3.6473,0.0,0.0,0.0,0.45892,0.743386,0.387742,0.0,2.38419,3.30158,2.1416,955.285,1539.11,12.0,71.2322,6.67504,2.0,6.58496,1.28722,346.0,0.0,1.31061,1303.0,10239.6,1261.97,5.0,0.0,0.0,0.0,0.0,51.0,264.0,0.0144509,0.0,0.0,0.0,0.0,0.147399,1.0,0.0,0.0,0.0,0.0,2.0,290.0,0.00689655,0.83815,1.0,0.0935838,0.00289017,-0.721922,631.0,16.943,631.0,12.6532,0.0,5.0,2.0,0.0,5.0,0.0,5.0,5.0,0.0,0.0,0.0,10.6856,37.2424,12.2629,1.25556,1.26,3.29534,106.0,2.34977,2.10319,2.276,405.0,711.785,1190.65,80.0,631.0,631.0,0.0,2.0,0.025,408.0,393.0,264.0,3.03409,0.763006,2821.0,9832.0,3237.41
stochastic-vrp,2019,vrp-s2-v2-c8_vrp-v2-c8_det,8.1223,29.5031,3.66322,0.0,0.0,0.0,0.460665,0.744143,0.386057,0.0,2.36756,3.32883,2.16549,382.665,617.946,12.0,71.2322,6.91827,2.0,6.58496,1.28722,139.0,0.0,1.25225,523.0,4100.93,509.188,2.0,0.0,0.0,0.0,0.0,21.0,111.0,0.0143885,0.0,0.0,0.0,0.0,0.151079,1.0,0.0,0.0,0.0,0.0,2.0,116.0,0.0172414,0.834532,1.0,0.0983171,0.00719424,-1.12889,351.0,9.63904,351.0,7.49013,0.0,5.0,2.0,0.0,5.0,0.0,5.0,5.0,0.0,0.0,0.0,10.1712,36.4144,12.5629,0.798732,1.15339,2.7723,43.0,2.46184,2.23167,2.38358,162.0,304.484,485.964,32.0,351.0,351.0,0.0,2.0,0.0625,168.0,198.0,111.0,3.2973,0.798561,1129.0,4042.0,1394.48
stochastic-vrp,2019,vrp-s2-v2-c9_vrp-v2-c9_det,8.83007,32.4139,3.72369,0.0,0.0,0.0,0.480477,0.758207,0.379788,0.0,2.36046,3.26759,2.06932,435.859,697.028,13.0,78.6756,7.01681,2.0,6.70044,1.27004,153.0,0.0,1.2541,577.0,4959.32,569.725,2.0,0.0,0.0,0.0,0.0,23.0,122.0,0.0130719,0.0,0.0,0.0,0.0,0.150327,1.0,0.0,0.0,0.0,0.0,2.0,128.0,0.015625,0.836601,1.0,0.0903035,0.00653595,-1.10574,376.0,9.74342,376.0,7.67833,0.0,5.0,2.0,0.0,5.0,0.0,5.0,5.0,0.0,0.0,0.0,11.0738,38.5902,12.958,0.822704,1.13871,2.76855,47.0,2.44846,2.2365,2.34869,176.0,344.439,543.91,36.0,376.0,376.0,0.0,2.0,0.0555556,185.0,224.0,122.0,3.35246,0.797386,1351.0,4708.0,1580.87
stochastic-vrp,2019,vrp-s3-v2-c7_vrp-v2-c7_det,7.43316,26.481,3.56529,0.0,0.0,0.0,0.446193,0.72047,0.396662,0.0,2.40493,3.18465,2.12022,496.058,807.972,11.0,62.7668,6.62747,2.0,6.45943,1.30743,187.0,0.0,1.28082,702.0,4951.95,666.709,3.0,0.0,0.0,0.0,0.0,28.0,146.0,0.0160428,0.0,0.0,0.0,0.0,0.149733,1.0,0.0,0.0,0.0,0.0,2.0,156.0,0.0128205,0.834225,1.0,0.105036,0.00534759,-0.971007,421.0,12.8456,421.0,9.53725,0.0,5.0,2.0,0.0,5.0,0.0,5.0,5.0,0.0,0.0,0.0,9.52055,32.774,11.4775,0.921687,1.24203,3.12202,58.0,2.42267,2.06034,2.3704,222.0,385.524,630.846,42.0,421.0,421.0,0.0,2.0,0.047619,223.0,235.0,146.0,3.13699,0.780749,1390.0,4785.0,1675.71
stochastic-vrp,2019,vrp-s4-v2-c3_svrp-v2-c3_det,4.64964,15.9148,3.29181,0.0,0.0,0.0,0.372513,0.664977,0.303784,0.0,2.40571,3.23827,1.91419,285.802,504.215,7.0,36.8419,6.26743,2.0,4.80735,1.45184,137.0,0.0,1.26852,503.0,2180.33,450.978,4.0,0.0,0.0,0.0,0.0,21.0,108.0,0.0291971,0.0,0.0,0.0,0.0,0.153285,1.0,0.0,0.0,0.0,0.0,2.0,112.0,0.0178571,0.817518,1.0,0.169545,0.00729927,-1.1545,401.0,14.0747,401.0,8.86676,0.0,5.0,2.0,0.0,5.0,0.0,5.0,5.0,0.0,0.0,0.0,5.89815,28.4907,11.8037,0.719317,1.47458,3.2899,45.0,2.44519,2.14728,2.62702,184.0,235.804,429.988,24.0,401.0,401.0,0.0,2.0,0.0833333,163.0,76.0,108.0,2.21296,0.788321,637.0,3077.0,1274.8
stochastic-vrp,2019,vrp-s5-v2-c6_vrp-v2-c6_det,6.74275,23.4495,3.44829,0.0,0.0,0.0,0.419477,0.695517,0.289999,0.0,2.40306,3.1281,1.7857,700.896,1152.64,10.0,54.3738,6.19652,2.0,6.12928,1.3317,276.0,0.0,1.30189,1033.0,6472.05,951.727,5.0,0.0,0.0,0.0,0.0,41.0,212.0,0.0181159,0.0,0.0,0.0,0.0,0.148551,1.0,0.0,0.0,0.0,0.0,2.0,230.0,0.00869565,0.833333,1.0,0.113917,0.00362319,-0.79387,451.0,15.9993,451.0,11.9019,0.0,5.0,2.0,0.0,5.0,0.0,5.0,5.0,0.0,0.0,0.0,8.7783,28.1887,9.74552,1.11616,1.26024,3.26426,86.0,2.37869,1.87862,2.28735,335.0,535.663,891.657,60.0,451.0,451.0,0.0,2.0,0.0333333,326.0,93.0,212.0,1.97642,0.768116,1861.0,5976.0,2066.05
stripboard,2022,common-emitter-complex,4.23374,15.0784,3.08567,0.0,0.0,0.0,0.91479,1.68301,0.561321,0.0,2.17807,4.25933,2.21455,4996.05,8619.11,42.0,260.227,8.47441,1.0,2.0,1.0,2691.0,0.0,1.32106,8790.0,40576.1,8303.54,2.0,671.0,1676.0,0.0,0.0,1898.0,361.0,0.000743218,0.24935,0.822779,0.0,0.0,0.705314,0.177221,0.00148644,0.0,4.0,0.0,3.0,116.0,0.0258621,0.0431067,1.0,0.178794,0.000371609,-0.317706,200.0,9.40313,200.0,2.51758,0.0,0.0,2.0,0.0,0.0,5.0,5.0,5.0,5.0,0.0,0.0,5.59303,21.2695,6.76578,2.58479,3.33778,4.78022,1931.0,1.12448,1.27532,1.32729,2029.0,2817.78,3556.13,128.0,502.0,252.0,0.0,2.0,0.0853659,298.0,88.0,2037.0,0.189494,0.756968,11393.0,43326.0,13781.9
stripboard,2022,common-emitter-simple,4.04404,13.7503,2.98568,0.0,0.0,0.0,0.741832,1.47975,0.580119,0.0,2.15424,4.45251,2.21424,2939.73,5070.01,28.0,204.017,8.47441,1.0,2.0,1.0,1612.0,0.0,1.29374,5237.0,22165.5,4812.92,2.0,378.0,995.0,0.0,0.0,1157.0,251.0,0.00124069,0.234491,0.798555,0.0,0.0,0.717742,0.201445,0.000620347,0.0,1.0,0.0,3.0,74.0,0.0405405,0.0459057,1.0,0.191134,0.000620347,-0.339918,200.0,8.24838,200.0,2.31998,0.0,0.0,2.0,0.0,0.0,5.0,5.0,5.0,5.0,0.0,0.0,5.23194,24.2472,8.49213,2.37959,3.12433,4.36969,1172.0,1.26158,1.39433,1.48909,1242.0,1735.98,2309.86,100.0,502.0,252.0,0.0,2.0,0.114754,217.0,79.0,1246.0,0.23756,0.772953,6519.0,30212.0,10581.2
stripboard,2022,envelope-detector,4.18726,14.7469,3.06037,0.0,0.0,0.0,0.893581,1.62887,0.56596,0.0,2.17855,4.31635,2.21638,4353.99,7510.01,38.0,244.176,8.47441,1.0,2.0,1.0,2355.0,0.0,1.31344,7683.0,34729.0,7207.18,2.0,578.0,1463.0,0.0,0.0,1668.0,330.0,0.000849257,0.245435,0.815951,0.0,0.0,0.70828,0.184049,0.00127389,0.0,3.0,0.0,3.0,104.0,0.0288462,0.0441614,1.0,0.181827,0.000424628,-0.323897,200.0,9.07481,200.0,2.46173,0.0,0.0,2.0,0.0,0.0,5.0,5.0,5.0,5.0,0.0,0.0,5.49972,22.039,7.16106,2.52603,3.28014,4.67756,1696.0,1.16366,1.31141,1.38269,1787.0,2487.98,3181.17,120.0,502.0,252.0,0.0,2.0,0.0921053,276.0,86.0,1793.0,0.201896,0.761359,9861.0,39516.0,12839.8
stripboard,2022,nand-gate,4.15472,14.5254,3.04016,0.0,0.0,0.0,0.867821,1.60425,0.569723,0.0,2.1769,4.35591,2.22284,4059.15,6998.04,38.0,236.148,8.47441,1.0,2.0,1.0,2204.0,0.0,1.31112,7180.0,32014.1,6700.52,2.0,537.0,1366.0,0.0,0.0,1563.0,315.0,0.000907441,0.243648,0.812612,0.0,0.0,0.709165,0.187388,0.00181488,0.0,4.0,0.0,3.0,98.0,0.0306122,0.0444646,1.0,0.183575,0.000453721,-0.326976,200.0,8.93009,200.0,2.43728,0.0,0.0,2.0,0.0,0.0,5.0,5.0,5.0,5.0,0.0,0.0,5.44735,22.3962,7.36718,2.4969,3.25367,4.62702,1587.0,1.19651,1.33689,1.37877,1673.0,2338.44,3008.11,116.0,502.0,252.0,0.0,2.0,0.0958904,263.0,81.0,1681.0,0.20464,0.762704,9157.0,37648.0,12384.2
stripboard,2022,opamp-integrator,4.33364,15.6763,3.1122,0.0,0.0,0.0,1.08233,1.91053,0.556535,0.0,2.1215,4.91272,2.13509,8116.35,14011.5,50.0,340.403,8.47585,1.0,2.0,1.0,4334.0,0.0,1.351,14204.0,67941.1,13488.3,2.0,1150.0,2768.0,0.0,0.0,3040.0,440.0,0.000461467,0.265344,0.862843,0.0,0.0,0.701431,0.137157,0.0013844,0.0,6.0,0.0,3.0,136.0,0.0220588,0.0313798,1.0,0.170802,0.000230734,-0.273534,200.0,11.0316,200.0,2.78485,0.0,0.0,2.0,0.0,0.0,5.0,5.0,5.0,5.0,0.0,0.0,5.85474,18.1297,5.6915,3.03143,3.60221,5.17647,3073.0,0.933948,1.05985,1.07547,3187.0,4283.49,5164.16,300.0,503.0,252.0,0.0,2.0,0.0512821,362.0,110.0,3208.0,0.147132,0.740194,18782.0,58160.0,18258.3
stripboard,2025,stripboard_w10_h10_l12_c4_n24,4.03342,12.1288,2.67188,0.0,0.0,0.0,0.822287,1.61566,0.374268,0.0,1.92482,4.19619,1.93054,5169.52,8613.82,48.0,252.748,7.78076,1.0,2.0,1.0,2813.0,0.0,1.29631,9089.0,34118.2,7516.0,2.0,667.0,1857.0,0.0,0.0,2074.0,313.0,0.000710985,0.237113,0.85576,0.0,0.0,0.737291,0.14424,0.000710985,0.0,2.0,0.0,3.0,68.0,0.0441176,0.0241735,1.0,0.191257,0.000355492,-0.269604,100.0,8.18868,100.0,2.21486,0.0,0.0,2.0,0.0,0.0,5.0,5.0,5.0,5.0,0.0,0.0,5.22857,12.212,4.69015,2.99975,3.24565,4.39549,2058.0,0.958423,1.04086,1.12947,2196.0,2816.56,3419.16,136.0,310.0,156.0,0.0,2.0,0.0882353,324.0,98.0,2170.0,0.19447,0.771418,11346.0,26500.0,10177.6
stripboard,2025,stripboard_w15_h10_l12_c6_n12,4.18154,13.5825,2.82781,0.0,0.0,0.0,1.01461,1.91139,0.500109,0.0,2.02049,4.08819,1.98217,9022.54,15246.6,56.0,346.783,8.0812,1.0,2.0,1.0,4864.0,0.0,1.32498,15824.0,66065.3,13754.5,2.0,1215.0,3234.0,0.0,0.0,3525.0,437.0,0.000411184,0.249794,0.880959,0.0,0.0,0.724712,0.119041,0.000822368,0.0,4.0,0.0,3.0,118.0,0.0254237,0.0242599,1.0,0.180491,0.000205592,-0.24919,150.0,11.9478,150.0,3.03492,0.0,0.0,2.0,0.0,0.0,5.0,5.0,5.0,5.0,0.0,0.0,5.54045,12.5546,4.42607,3.2887,3.60728,4.99615,3533.0,0.84243,0.915603,0.941079,3671.0,4709.6,5505.37,180.0,382.0,192.0,0.0,2.0,0.0833333,397.0,115.0,3671.0,0.139472,0.754729,20339.0,46088.0,16248.1
stripboard,2025,stripboard_w20_h15_l12_c6_n12,4.02336,13.6892,2.99704,0.0,0.0,0.0,0.824343,1.68333,0.471869,0.0,1.89897,4.15774,2.33701,5890.84,10260.7,48.0,318.922,8.97776,1.0,2.0,1.0,3211.0,0.0,1.29842,10398.0,43956.0,9623.51,2.0,768.0,2136.0,0.0,0.0,2367.0,337.0,0.000622859,0.239178,0.863728,0.0,0.0,0.737154,0.136272,0.0,0.0,0.0,0.0,3.0,74.0,0.0405405,0.0230458,1.0,0.191423,0.000311429,-0.258506,300.0,13.2109,300.0,3.17283,0.0,0.0,2.0,0.0,0.0,5.0,5.0,5.0,5.0,0.0,0.0,5.22402,22.7085,8.80624,3.12789,3.8486,5.25434,2359.0,0.883043,1.04092,1.09964,2505.0,3162.04,4043.03,148.0,712.0,357.0,0.0,2.0,0.135135,349.0,115.0,2473.0,0.187626,0.770165,12919.0,56158.0,21777.8
stripboard,2025,stripboard_w20_h15_l4_c4_n24,3.6695,12.2719,3.02936,0.0,0.0,0.0,0.545033,1.15815,0.466835,0.0,1.9468,4.53525,2.44733,1219.11,2184.47,20.0,148.156,8.97776,1.0,2.0,1.0,705.0,0.0,1.24339,2274.0,8651.67,2135.7,2.0,154.0,416.0,0.0,0.0,515.0,151.0,0.00283688,0.21844,0.733686,0.0,0.0,0.730496,0.266314,0.0,0.0,0.0,0.0,3.0,34.0,0.0882353,0.048227,1.0,0.219173,0.00141844,-0.377636,300.0,7.88888,300.0,2.34785,0.0,0.0,2.0,0.0,0.0,5.0,5.0,5.0,5.0,0.0,0.0,4.56261,38.0282,17.3805,2.06767,2.93413,3.772,523.0,1.37989,1.7034,1.71845,579.0,774.18,1217.93,68.0,712.0,357.0,0.0,2.0,0.243243,149.0,75.0,567.0,0.395062,0.804255,2587.0,21562.0,9854.74
stripboard,2025,stripboard_w20_h15_l7_c6_n24,3.87427,12.7337,2.92989,0.0,0.0,0.0,0.730053,1.5167,0.482685,0.0,1.74444,3.80254,2.00542,5573.77,9736.02,40.0,335.959,8.97776,1.0,2.0,1.0,3102.0,0.0,1.32451,10110.0,39499.8,9088.51,2.0,785.0,2034.0,0.0,0.0,2244.0,308.0,0.000644745,0.253063,0.868488,0.0,0.0,0.723404,0.131512,0.000322373,0.0,1.0,0.0,3.0,70.0,0.0428571,0.0225661,1.0,0.194874,0.000322373,-0.257217,300.0,14.6951,300.0,3.46649,0.0,0.0,2.0,0.0,0.0,5.0,5.0,5.0,5.0,0.0,0.0,5.13151,20.415,9.01984,3.13015,3.9507,5.30309,2266.0,0.849396,0.974853,0.998994,2340.0,2940.36,3696.71,156.0,712.0,357.0,0.0,2.0,0.128205,282.0,134.0,2342.0,0.177626,0.754997,12018.0,47812.0,21124.5
sudoku_fixed,2023,sudoku_p20,14.28,66.3143,4.64386,0.0,0.0,0.0,0.156587,0.161007,0.0,0.0,3.12688,3.12688,0.0,286.258,452.407,19.0,88.2333,4.64386,10.0,46.4386,4.64386,75.0,0.0,0.210084,75.0,4973.57,348.289,0.0,0.0,0.0,0.0,0.0,0.0,357.0,0.0,0.0,0.0,0.0,0.0,0.0,1.0,0.0,0.0,0.0,0.0,1.0,75.0,0.0133333,1.0,0.0,0.0,0.0,0.0,0.0,0.0,0.0,0.0,0.0,1.0,1.0,0.0,0.0,0.0,1.0,1.0,1.0,0.0,0.0,3.0,25.0,8.33333,0.0,0.0,0.0,0.0,0.0,0.0,0.0,2857.0,565.832,1657.86,3.0,25.0,8.33333,0.0,25.0,8.33333,1785.0,1340.0,357.0,8.7535,4.76,1071.0,8925.0,2975.0
sudoku_fixed,2023,sudoku_p26,14.32,66.5,4.64386,0.0,0.0,0.0,0.120953,0.137822,0.0,0.0,2.94447,2.94447,0.0,286.961,453.11,20.0,92.8771,4.64386,10.0,46.4386,4.64386,75.0,0.0,0.209497,75.0,4987.5,348.289,0.0,0.0,0.0,0.0,0.0,0.0,358.0,0.0,0.0,0.0,0.0,0.0,0.0,1.0,0.0,0.0,0.0,0.0,1.0,75.0,0.0133333,1.0,0.0,0.0,0.0,0.0,0.0,0.0,0.0,0.0,0.0,1.0,1.0,0.0,0.0,0.0,1.0,1.0,1.0,0.0,0.0,3.0,25.0,8.33333,0.0,0.0,0.0,0.0,0.0,0.0,0.0,2858.0,567.417,1662.5,3.0,25.0,8.33333,0.0,25.0,8.33333,1790.0,1335.0,358.0,8.72905,4.77333,1074.0,8950.0,2983.33
sudoku_fixed,2023,sudoku_p28,14.28,66.3143,4.64386,0.0,0.0,0.0,0.156587,0.168596,0.0,0.0,3.00335,3.00335,0.0,286.121,452.27,20.0,92.8771,4.64386,8.0,37.1508,4.64386,75.0,0.0,0.210084,75.0,4973.57,348.289,0.0,0.0,0.0,0.0,0.0,0.0,357.0,0.0,0.0,0.0,0.0,0.0,0.0,1.0,0.0,0.0,0.0,0.0,1.0,75.0,0.0133333,1.0,0.0,0.0,0.0,0.0,0.0,0.0,0.0,0.0,0.0,1.0,1.0,0.0,0.0,0.0,1.0,1.0,1.0,0.0,0.0,3.0,25.0,8.33333,0.0,0.0,0.0,0.0,0.0,0.0,0.0,2857.0,565.832,1657.86,3.0,25.0,8.33333,0.0,25.0,8.33333,1785.0,1340.0,357.0,8.7535,4.76,1071.0,8925.0,2975.0
sudoku_fixed,2023,sudoku_p48,8.75,35.0,4.0,0.0,0.0,0.0,0.161624,0.187355,0.0,0.0,2.61749,2.61749,-8.88178e-16,148.867,244.867,11.0,44.0,4.0,5.0,20.0,4.0,48.0,0.0,0.342857,48.0,1680.0,192.0,0.0,0.0,0.0,0.0,0.0,0.0,140.0,0.0,0.0,0.0,0.0,0.0,0.0,1.0,0.0,0.0,0.0,0.0,1.0,48.0,0.0208333,1.0,0.0,0.0,0.0,0.0,0.0,0.0,0.0,0.0,0.0,1.0,1.0,0.0,0.0,0.0,1.0,1.0,1.0,0.0,0.0,3.0,16.0,5.33333,0.0,0.0,0.0,0.0,0.0,0.0,0.0,1164.0,221.895,560.0,3.0,16.0,5.33333,0.0,16.0,5.33333,700.0,580.0,140.0,9.14286,2.91667,420.0,2240.0,746.667
sudoku_fixed,2023,sudoku_p89,13.8243,64.1982,4.64386,0.0,0.0,0.0,0.144673,0.160373,0.0,0.0,3.04783,3.04783,0.0,278.97,442.904,18.0,83.5894,4.64386,9.0,41.7947,4.64386,74.0,0.0,0.217009,74.0,4750.66,343.645,0.0,0.0,0.0,0.0,0.0,0.0,341.0,0.0,0.0,0.0,0.0,0.0,0.0,1.0,0.0,0.0,0.0,0.0,1.0,75.0,0.0133333,1.01351,0.0,0.0,0.0,0.0,0.0,0.0,0.0,0.0,0.0,1.0,1.0,0.0,0.0,0.0,1.0,1.0,1.0,0.0,0.0,3.0,25.0,8.33333,0.0,0.0,0.0,0.0,0.0,0.0,0.0,2816.0,540.472,1583.55,3.0,25.0,8.33333,0.0,25.0,8.33333,1705.0,1420.0,341.0,9.16422,4.60811,1023.0,8525.0,2841.67
sudoku_opt,2022,sudoku_p20,18.8026,87.391,4.64406,0.0,0.0,0.0,2.08641,2.09216,0.0,0.0,3.1868,3.1868,0.0,294.742,463.111,358.0,1668.15,4.65962,10.0,46.4386,4.64386,76.0,0.0,0.212291,78.0,6641.72,352.949,0.0,0.0,0.0,0.0,0.0,1.0,358.0,0.0,0.0,0.0,0.0,0.0,0.0131579,1.0,0.0,0.0,0.0,0.0,1.0,75.0,0.0133333,0.986842,1.0,0.250525,0.0131579,0.0,1251.0,44.0112,1251.0,18.8963,0.0,1.0,2.0,0.0,1.0,0.0,1.0,1.0,0.0,0.0,0.0,3.99162,28.4246,9.72696,0.0,2.27617,6.75326,1.0,0.0277221,0.0277221,0.0277221,3215.0,714.0,1668.15,4.0,1251.0,1251.0,0.0,25.0,6.25,2143.0,1698.0,358.0,10.7291,4.71053,1429.0,10176.0,3482.25
sudoku_opt,2022,sudoku_p22,18.5395,86.1689,4.64407,0.0,0.0,0.0,2.08626,2.09201,0.0,0.0,3.15165,3.15165,0.0,293.347,461.717,353.0,1644.93,4.65985,9.0,41.7947,4.64386,76.0,0.0,0.215297,78.0,6548.84,352.949,0.0,0.0,0.0,0.0,0.0,1.0,353.0,0.0,0.0,0.0,0.0,0.0,0.0131579,1.0,0.0,0.0,0.0,0.0,1.0,75.0,0.0133333,0.986842,1.0,0.250532,0.0131579,0.0,1251.0,43.9362,1251.0,18.7637,0.0,1.0,2.0,0.0,1.0,0.0,1.0,1.0,0.0,0.0,0.0,3.9915,28.4731,9.7762,0.0,2.28825,6.76657,1.0,0.0280572,0.0280572,0.0280572,3205.0,704.0,1644.93,4.0,1251.0,1251.0,0.0,25.0,6.25,2113.0,1718.0,353.0,10.8527,4.64474,1409.0,10051.0,3451.0
sudoku_opt,2022,sudoku_p23,18.8026,87.391,4.64406,0.0,0.0,0.0,2.08574,2.09153,0.0,0.0,3.08013,3.08013,0.0,295.004,463.374,358.0,1668.15,4.65962,9.0,41.7947,4.64386,76.0,0.0,0.212291,78.0,6641.72,352.949,0.0,0.0,0.0,0.0,0.0,1.0,358.0,0.0,0.0,0.0,0.0,0.0,0.0131579,1.0,0.0,0.0,0.0,0.0,1.0,75.0,0.0133333,0.986842,1.0,0.250525,0.0131579,0.0,1251.0,44.0112,1251.0,18.8963,0.0,1.0,2.0,0.0,1.0,0.0,1.0,1.0,0.0,0.0,0.0,3.99162,28.4246,9.72696,0.0,2.27617,6.75326,1.0,0.0277221,0.0277221,0.0277221,3215.0,714.0,1668.15,4.0,1251.0,1251.0,0.0,25.0,6.25,2143.0,1698.0,358.0,10.7291,4.71053,1429.0,10176.0,3482.25
sudoku_opt,2022,sudoku_p29,18.9079,87.8798,4.64406,0.0,0.0,0.0,2.08489,2.09089,0.0,0.0,2.9335,2.9335,0.0,295.834,464.204,360.0,1677.43,4.65954,10.0,46.4386,4.64386,76.0,0.0,0.211111,78.0,6678.87,352.949,0.0,0.0,0.0,0.0,0.0,1.0,360.0,0.0,0.0,0.0,0.0,0.0,0.0131579,1.0,0.0,0.0,0.0,0.0,1.0,75.0,0.0133333,0.986842,1.0,0.250522,0.0131579,0.0,1251.0,44.0407,1251.0,18.9487,0.0,1.0,2.0,0.0,1.0,0.0,1.0,1.0,0.0,0.0,0.0,3.99167,28.4056,9.70764,0.0,2.27143,6.74785,1.0,0.0275904,0.0275904,0.0275904,3219.0,718.0,1677.43,4.0,1251.0,1251.0,0.0,25.0,6.25,2155.0,1690.0,360.0,10.6806,4.73684,1437.0,10226.0,3494.75
sudoku_opt,2022,sudoku_p90,18.3816,85.4357,4.64407,0.0,0.0,0.0,2.08652,2.09253,0.0,0.0,3.18419,3.18419,0.0,292.159,460.529,350.0,1630.99,4.65998,8.0,37.1508,4.64386,76.0,0.0,0.217143,78.0,6493.11,352.949,0.0,0.0,0.0,0.0,0.0,1.0,350.0,0.0,0.0,0.0,0.0,0.0,0.0131579,1.0,0.0,0.0,0.0,0.0,1.0,75.0,0.0133333,0.986842,1.0,0.250537,0.0131579,0.0,1251.0,43.8903,1251.0,18.682,0.0,1.0,2.0,0.0,1.0,0.0,1.0,1.0,0.0,0.0,0.0,3.99143,28.5029,9.80643,0.0,2.2958,6.77494,1.0,0.0282624,0.0282624,0.0282624,3199.0,698.0,1630.99,4.0,1251.0,1251.0,0.0,25.0,6.25,2095.0,1730.0,350.0,10.9286,4.60526,1397.0,9976.0,3432.25
table-layout,2023,p1000_m10_r200_c15,2.01528,11.0351,5.46249,0.0,0.0,0.0,0.859457,1.11724,0.183067,0.0,0.0270406,6.97237,2.07344,11953.6,40915.6,201.0,1337.19,6.98868,1.0,3.32193,2.16096,11973.0,0.0,1.30325,41919.0,132123.0,65402.3,0.0,0.0,0.0,0.0,0.0,5973.0,9187.0,0.0,0.0,0.0,0.0,0.0,0.498872,1.0,0.0,0.0,0.0,0.0,1.0,6000.0,0.000166667,0.501128,1.0,0.380745,8.35213e-05,-0.197233,19401.0,347.695,19401.0,93.7432,0.0,1.0,2.0,0.0,1.0,0.0,1.0,1.0,0.0,0.0,0.0,2.62643,55.799,27.9204,3.13971,3.69834,7.28001,5972.0,0.183514,4.85381,4.24096,8971.0,9883.5,46474.3,201.0,19401.0,19401.0,0.0,2.0,0.631841,9186.0,52.0,9187.0,1.00555,0.76731,24129.0,512625.0,256505.0
table-layout,2023,p1000_m20_r200_c20,2.01282,11.4564,5.68443,0.0,0.0,0.0,0.702603,0.931975,0.0,0.0,0.0107991,6.73333,1.79417,15988.0,55821.8,201.0,1345.93,6.69617,1.0,4.32193,2.66096,15990.0,0.0,1.30969,55970.0,183188.0,90894.0,0.0,0.0,0.0,0.0,0.0,7990.0,12209.0,0.0,0.0,0.0,0.0,0.0,0.499687,1.0,0.0,0.0,0.0,0.0,1.0,8000.0,0.000125,0.500313,1.0,0.379338,6.25391e-05,-0.19556,20001.0,351.039,20001.0,108.431,0.0,1.0,2.0,0.0,1.0,0.0,1.0,1.0,0.0,0.0,0.0,2.63617,56.9766,28.4796,3.17377,3.2282,6.37731,7989.0,0.14447,4.61282,3.96755,11988.0,13018.9,65827.0,201.0,20001.0,20001.0,0.0,2.0,0.487562,12208.0,152840.0,12209.0,13.5186,0.76354,32185.0,695627.0,347708.0
table-layout,2023,p1000_m3_r100_c10,2.02578,9.87721,4.84961,0.0,0.0,0.0,0.698107,1.10443,0.206202,0.0,0.0181311,7.54438,2.12789,3998.98,12853.4,101.0,677.659,6.70949,1.0,1.58496,1.29248,3995.0,0.0,1.28705,13982.0,39459.4,19374.2,0.0,0.0,0.0,0.0,0.0,1998.0,3104.0,0.0,0.0,0.0,0.0,0.0,0.500125,1.0,0.0,0.0,0.0,0.0,1.0,1997.0,0.000500751,0.499875,1.0,0.383541,0.000250313,-0.279792,9901.0,224.832,9901.0,54.6816,0.0,1.0,2.0,0.0,1.0,0.0,1.0,1.0,0.0,0.0,0.0,2.60728,44.0374,22.1255,2.20328,4.09336,8.04933,1994.0,0.26717,5.27252,4.62502,2993.0,3404.1,13463.9,101.0,9901.0,9901.0,0.0,2.0,0.990099,3096.0,16.0,3104.0,1.00258,0.776971,8093.0,136692.0,68677.6
table-layout,2023,p2000_m10_r500_c20,2.00921,11.2907,5.60964,0.0,0.0,0.0,1.21913,1.44179,0.178265,0.0,0.036572,7.2237,2.24479,39713.3,137218.0,501.0,3220.05,7.62936,1.0,3.32193,2.16096,39852.0,0.0,1.31217,139556.0,449957.0,223555.0,0.0,0.0,0.0,0.0,0.0,19852.0,30371.0,0.0,0.0,0.0,0.0,0.0,0.498143,1.0,0.0,0.0,0.0,0.0,1.0,20000.0,5e-05,0.501857,1.0,0.379301,2.50928e-05,-0.125879,42001.0,582.35,42001.0,167.074,0.0,1.0,2.0,0.0,1.0,0.0,1.0,1.0,0.0,0.0,0.0,2.63643,72.1232,36.0561,4.93091,3.4796,6.75228,19851.0,0.146062,5.02331,4.39221,29850.0,32215.6,156958.0,501.0,42001.0,42001.0,0.0,2.0,0.39521,30370.0,178.0,30371.0,1.00583,0.762095,80071.0,2190460.0,1095060.0
table-layout,2023,p2000_m16_r1000_c200,2.0014,14.0486,7.01834,0.0,0.0,0.0,0.49965,0.682747,0.142484,0.0,0.00144251,7.95439,1.25118,799830.0,3034070.0,1001.0,8247.01,8.23877,1.0,4.0,2.5,799889.0,0.0,1.33074,2799630.0,11237300.0,5613890.0,0.0,0.0,0.0,0.0,0.0,399927.0,601088.0,0.0,0.0,0.0,0.0,0.0,0.499978,1.0,0.0,0.0,0.0,0.0,1.0,399962.0,2.50024e-06,0.500022,1.0,0.375469,1.25017e-06,-0.0834805,299001.0,1706.88,299001.0,740.078,0.0,1.0,2.0,0.0,1.0,0.0,1.0,1.0,0.0,0.0,0.0,2.66334,175.174,87.5382,7.48116,2.305,4.45772,399888.0,0.024681,5.5538,4.89766,599887.0,609515.0,3978110.0,1001.0,299001.0,299001.0,0.0,2.0,0.2997,601125.0,6009020.0,601088.0,10.997,0.751464,1600900.0,105295000.0,52618100.0
tc-graph-color,2017,k10_31,2.69291,5.0956,2.02003,0.0,0.0,0.0,2.1653,1.2566,0.0,0.0,0.954396,1.63003,0.598896,2139.71,3851.14,227.0,237.998,2.40673,2.0,2.0,1.0,1778.0,0.0,1.956,5343.0,9059.97,3591.6,8.0,16.0,457.0,0.0,0.0,1504.0,452.0,0.00449944,0.00899888,0.50275,0.0,0.0,0.845894,0.49725,0.0,0.0,0.0,0.0,1.0,25.0,0.04,0.0140607,1.0,0.18985,0.00056243,-0.792423,909.0,242.525,909.0,30.1082,0.0,0.0,2.0,0.0,5.0,5.0,5.0,5.0,0.0,0.0,0.0,5.26733,3.74807,1.76125,1.02237,8.02188,17.09,683.0,2.3675,0.831222,0.743108,1635.0,1667.7,1217.43,42.0,909.0,909.0,0.0,2.0,0.214286,1128.0,329.0,909.0,1.60286,0.511249,4788.0,3407.0,1600.98
tc-graph-color,2017,k10_34,2.68942,5.09332,2.02155,0.0,0.0,0.0,2.1681,1.25716,0.0,0.0,0.951666,1.62561,0.59702,2148.71,3871.08,227.0,237.998,2.40673,2.0,2.0,1.0,1787.0,0.0,1.9659,5370.0,9101.76,3612.5,8.0,16.0,457.0,0.0,0.0,1513.0,452.0,0.00447678,0.00895355,0.50275,0.0,0.0,0.84667,0.49725,0.0,0.0,0.0,0.0,1.0,25.0,0.04,0.0139899,1.0,0.189139,0.000559597,-0.7961,909.0,242.525,909.0,30.1082,0.0,0.0,2.0,0.0,5.0,5.0,5.0,5.0,0.0,0.0,0.0,5.28713,3.74807,1.75957,1.01854,8.02188,17.1064,683.0,2.35512,0.831222,0.772211,1635.0,1671.3,1217.43,42.0,909.0,909.0,0.0,2.0,0.214286,1128.0,329.0,909.0,1.60286,0.508674,4806.0,3407.0,1599.45
tc-graph-color,2017,k2_42,2.64706,5.06451,2.04,0.0,0.0,0.0,2.13703,1.20106,0.0,0.0,0.917532,1.56998,0.573745,2265.71,4130.26,227.0,235.732,2.40673,2.0,2.0,1.0,1904.0,0.0,2.09461,5721.0,9642.83,3884.16,8.0,16.0,457.0,0.0,0.0,1630.0,452.0,0.00420168,0.00840336,0.50275,0.0,0.0,0.856092,0.49725,0.0,0.0,0.0,0.0,1.0,25.0,0.04,0.0131303,1.0,0.180357,0.00052521,-0.76817,189.0,63.9378,189.0,29.7909,0.0,0.0,2.0,0.0,5.0,5.0,5.0,5.0,0.0,0.0,0.0,5.54455,2.956,0.963142,1.06701,2.11265,6.48399,683.0,2.40623,0.831222,0.776204,1635.0,1691.15,1215.17,42.0,189.0,189.0,0.0,2.0,0.214286,1128.0,329.0,909.0,1.60286,0.477416,5040.0,2687.0,875.496
tc-graph-color,2017,k5_05,2.57457,5.45681,2.26032,0.0,0.0,0.0,1.60147,0.897774,0.0,0.0,0.897998,1.55384,1.26172,1506.22,2928.77,137.0,147.012,2.64346,2.0,2.0,1.0,1274.0,0.0,2.27907,3821.0,6951.97,2879.65,8.0,16.0,287.0,0.0,0.0,1100.0,272.0,0.00627943,0.0125589,0.513417,0.0,0.0,0.863422,0.486583,0.0,0.0,0.0,0.0,1.0,15.0,0.0666667,0.0117739,1.0,0.170427,0.000784929,-0.760195,459.0,120.915,459.0,23.538,0.0,0.0,2.0,0.0,5.0,5.0,5.0,5.0,0.0,0.0,0.0,5.86762,3.79606,1.58413,1.09126,5.09451,12.2243,423.0,2.27376,0.833907,0.809776,995.0,1053.45,782.982,32.0,459.0,459.0,0.0,2.0,0.28125,678.0,199.0,559.0,1.56887,0.438776,3280.0,2122.0,885.528
tc-graph-color,2017,k9_39,2.71091,5.10724,2.01219,0.0,0.0,0.0,2.18233,1.26893,0.0,0.0,0.968283,1.6524,0.608467,2094.71,3751.45,227.0,237.848,2.40673,2.0,2.0,1.0,1733.0,0.0,1.90649,5208.0,8850.85,3487.12,8.0,16.0,457.0,0.0,0.0,1459.0,452.0,0.00461627,0.00923254,0.50275,0.0,0.0,0.841893,0.49725,0.0,0.0,0.0,0.0,1.0,25.0,0.04,0.0144259,1.0,0.193487,0.000577034,-0.802193,819.0,224.441,819.0,30.1157,0.0,0.0,2.0,0.0,5.0,5.0,5.0,5.0,0.0,0.0,0.0,5.16832,3.64906,1.66476,1.00539,7.41943,16.2851,683.0,2.33965,0.831222,0.786008,1635.0,1658.91,1217.28,42.0,819.0,819.0,0.0,2.0,0.214286,1128.0,329.0,909.0,1.60286,0.524524,4698.0,3317.0,1513.27
tdtsp,2015,inst_10_24_10,6.38926,46.6506,7.56791,0.0,0.0,0.0,0.717231,1.04751,0.528548,0.0,2.33354,5.02018,2.44832,333.43,733.215,20.0,162.732,13.5853,2.0,6.64386,3.19756,149.0,0.0,1.1203,577.0,6950.94,1127.62,0.0,0.0,0.0,0.0,0.0,59.0,133.0,0.0,0.0,0.0,0.0,0.0,0.395973,1.0,0.0,0.0,0.0,0.0,2.0,88.0,0.0227273,0.590604,23.0,3.21324,0.154362,2.08017,23040.0,4.07935,1001.74,1.84274,0.0,0.0,2.0,0.0,5.0,5.0,5.0,5.0,0.0,0.0,0.0,7.15789,5647.96,1672.68,1.06397,1.67107,2.05615,95.0,2.26504,3.30681,3.96306,109.0,282.408,1032.99,23.0,23040.0,11520.0,0.0,9.0,0.434783,70.0,14327.0,133.0,108.248,0.892617,952.0,751179.0,222467.0
tdtsp,2015,inst_10_34_00,6.38926,46.3151,7.4826,0.0,0.0,0.0,0.717231,1.05311,0.534573,0.0,2.33354,5.02018,2.55371,333.43,731.053,20.0,162.732,13.561,2.0,6.64386,3.19756,149.0,0.0,1.1203,577.0,6900.95,1114.91,0.0,0.0,0.0,0.0,0.0,59.0,133.0,0.0,0.0,0.0,0.0,0.0,0.395973,1.0,0.0,0.0,0.0,0.0,2.0,88.0,0.0227273,0.590604,23.0,3.21324,0.154362,2.08017,23040.0,4.21134,1001.74,1.84959,0.0,0.0,2.0,0.0,5.0,5.0,5.0,5.0,0.0,0.0,0.0,7.15789,5470.95,1613.33,1.06397,1.73624,2.14116,95.0,2.26504,3.30681,3.9781,109.0,282.408,1015.54,23.0,23040.0,11520.0,0.0,9.0,0.434783,70.0,14327.0,133.0,108.248,0.892617,952.0,727636.0,214572.0
tdtsp,2015,inst_10_42_10,6.38926,46.6551,7.5771,0.0,0.0,0.0,0.717231,1.04675,0.527907,0.0,2.33354,4.99333,2.47525,333.43,733.59,20.0,162.732,13.561,2.0,6.64386,3.19756,149.0,0.0,1.1203,577.0,6951.61,1128.99,0.0,0.0,0.0,0.0,0.0,59.0,133.0,0.0,0.0,0.0,0.0,0.0,0.395973,1.0,0.0,0.0,0.0,0.0,2.0,88.0,0.0227273,0.590604,23.0,3.21324,0.154362,2.08017,23040.0,4.10161,1001.74,1.84455,0.0,0.0,2.0,0.0,5.0,5.0,5.0,5.0,0.0,0.0,0.0,7.15789,5617.3,1663.15,1.06397,1.6815,2.06873,95.0,2.26504,3.29177,3.96306,109.0,282.408,1034.46,23.0,23040.0,11520.0,0.0,9.0,0.434783,70.0,14327.0,133.0,108.248,0.892617,952.0,747101.0,221199.0
tdtsp,2015,inst_20_14_10,10.2006,79.5334,8.0496,0.0,0.0,0.0,0.935175,1.20093,0.447917,0.0,2.2572,5.18047,2.4677,789.251,1670.32,40.0,308.651,14.0296,2.0,8.64386,4.25498,309.0,0.0,1.09187,1217.0,24575.8,2487.33,0.0,0.0,0.0,0.0,0.0,119.0,283.0,0.0,0.0,0.0,0.0,0.0,0.385113,1.0,0.0,0.0,0.0,0.0,2.0,188.0,0.0106383,0.608414,43.0,3.86072,0.139159,2.16795,23040.0,4.24312,535.814,1.91459,0.0,0.0,2.0,0.0,5.0,5.0,5.0,5.0,0.0,0.0,0.0,11.1378,5429.97,1612.84,1.31955,1.6939,2.07685,205.0,2.27875,3.56073,4.35277,229.0,656.301,2326.35,43.0,23040.0,11520.0,0.0,19.0,0.465116,140.0,68331.0,283.0,241.947,0.915858,3152.0,1536680.0,456433.0
tdtsp,2015,inst_20_25_00,10.2006,79.4702,8.03456,0.0,0.0,0.0,0.935175,1.20176,0.448755,0.0,2.2572,5.21528,2.53523,789.251,1669.57,40.0,308.651,14.0296,2.0,8.64386,4.25498,309.0,0.0,1.09187,1217.0,24556.3,2482.68,0.0,0.0,0.0,0.0,0.0,119.0,283.0,0.0,0.0,0.0,0.0,0.0,0.385113,1.0,0.0,0.0,0.0,0.0,2.0,188.0,0.0106383,0.608414,43.0,3.86072,0.139159,2.16795,23040.0,4.28152,535.814,1.91718,0.0,0.0,2.0,0.0,5.0,5.0,5.0,5.0,0.0,0.0,0.0,11.1378,5381.26,1594.41,1.31955,1.71164,2.10239,205.0,2.27875,3.58762,4.3625,229.0,656.301,2319.07,43.0,23040.0,11520.0,0.0,19.0,0.465116,140.0,68331.0,283.0,241.947,0.915858,3152.0,1522900.0,451217.0
tdtsp,2017,inst_10_35_20,6.38926,46.664,7.57407,0.0,0.0,0.0,0.717231,1.04721,0.528118,0.0,2.33354,5.02018,2.46279,333.43,733.403,20.0,162.732,13.561,2.0,6.64386,3.19756,149.0,0.0,1.1203,577.0,6952.94,1128.54,0.0,0.0,0.0,0.0,0.0,59.0,133.0,0.0,0.0,0.0,0.0,0.0,0.395973,1.0,0.0,0.0,0.0,0.0,2.0,88.0,0.0227273,0.590604,23.0,3.21324,0.154362,2.08017,23040.0,4.0821,1001.74,1.84327,0.0,0.0,2.0,0.0,5.0,5.0,5.0,5.0,0.0,0.0,0.0,7.15789,5644.16,1671.58,1.06397,1.67208,2.0573,95.0,2.26504,3.29177,3.96306,109.0,282.408,1033.98,23.0,23040.0,11520.0,0.0,9.0,0.434783,70.0,14327.0,133.0,108.248,0.892617,952.0,750673.0,222320.0
tdtsp,2017,inst_10_42_00,6.38926,46.6242,7.56951,0.0,0.0,0.0,0.717231,1.04723,0.528435,0.0,2.33354,5.02018,2.49488,333.43,733.41,20.0,162.732,13.561,2.0,6.64386,3.19756,149.0,0.0,1.1203,577.0,6947.0,1127.86,0.0,0.0,0.0,0.0,0.0,59.0,133.0,0.0,0.0,0.0,0.0,0.0,0.395973,1.0,0.0,0.0,0.0,0.0,2.0,88.0,0.0227273,0.590604,23.0,3.21324,0.154362,2.08017,23040.0,4.11615,1001.74,1.8454,0.0,0.0,2.0,0.0,5.0,5.0,5.0,5.0,0.0,0.0,0.0,7.15789,5597.46,1656.54,1.06397,1.68861,2.07793,95.0,2.26504,3.30681,3.9781,109.0,282.408,1032.93,23.0,23040.0,11520.0,0.0,9.0,0.434783,70.0,14327.0,133.0,108.248,0.892617,952.0,744462.0,220319.0
tdtsp,2017,inst_10_58_20,6.38926,46.7052,7.58621,0.0,0.0,0.0,0.717231,1.04629,0.5435,0.0,2.33354,5.00675,2.51824,333.43,733.717,20.0,162.732,13.5763,2.0,6.64386,3.19756,149.0,0.0,1.1203,577.0,6959.08,1130.34,0.0,0.0,0.0,0.0,0.0,59.0,133.0,0.0,0.0,0.0,0.0,0.0,0.395973,1.0,0.0,0.0,0.0,0.0,2.0,88.0,0.0227273,0.590604,23.0,3.21324,0.154362,2.08017,23040.0,4.06248,1001.74,1.8418,0.0,0.0,2.0,0.0,5.0,5.0,5.0,5.0,0.0,0.0,0.0,7.15789,5671.41,1680.79,1.06397,1.66276,2.04501,95.0,2.26504,3.30681,3.9781,109.0,282.408,1036.27,23.0,23040.0,11520.0,0.0,9.0,0.434783,70.0,14327.0,133.0,108.248,0.892617,952.0,754298.0,223545.0
tdtsp,2017,inst_20_26_00,10.2006,79.415,8.02108,0.0,0.0,0.0,0.935175,1.20253,0.449509,0.0,2.2572,5.2347,2.53031,789.251,1668.87,40.0,308.651,14.0296,2.0,8.64386,4.25498,309.0,0.0,1.09187,1217.0,24539.2,2478.52,0.0,0.0,0.0,0.0,0.0,119.0,283.0,0.0,0.0,0.0,0.0,0.0,0.385113,1.0,0.0,0.0,0.0,0.0,2.0,188.0,0.0106383,0.608414,43.0,3.86072,0.139159,2.16795,23040.0,4.31396,535.814,1.91878,0.0,0.0,2.0,0.0,5.0,5.0,5.0,5.0,0.0,0.0,0.0,11.1378,5340.8,1576.51,1.31955,1.72712,2.12801,205.0,2.27875,3.60176,4.36957,229.0,656.301,2311.84,43.0,23040.0,11520.0,0.0,19.0,0.465116,140.0,68331.0,283.0,241.947,0.915858,3152.0,1511440.0,446153.0
tdtsp,2017,inst_20_36_10,10.2006,79.4497,8.03155,0.0,0.0,0.0,0.935175,1.20194,0.448924,0.0,2.2572,5.22822,2.53976,789.251,1669.46,40.0,308.651,14.0296,2.0,8.64386,4.25498,309.0,0.0,1.09187,1217.0,24550.0,2481.75,0.0,0.0,0.0,0.0,0.0,119.0,283.0,0.0,0.0,0.0,0.0,0.0,0.385113,1.0,0.0,0.0,0.0,0.0,2.0,188.0,0.0106383,0.608414,43.0,3.86072,0.139159,2.16795,23040.0,4.30356,535.814,1.91845,0.0,0.0,2.0,0.0,5.0,5.0,5.0,5.0,0.0,0.0,0.0,11.1378,5353.7,1581.54,1.31955,1.72199,2.12025,205.0,2.27875,3.60442,4.3625,229.0,656.301,2316.45,43.0,23040.0,11520.0,0.0,19.0,0.465116,140.0,68331.0,283.0,241.947,0.915858,3152.0,1515100.0,447577.0
team-assignment,2018,data1_6_24,4.39773,15.9495,2.29433,0.0,0.0,0.0,3.36507,4.59921,0.754926,0.0,1.1056,1.8092,1.29036,347.319,583.239,144.0,881.743,13.8145,2.0,2.0,1.0,264.0,0.0,0.621176,656.0,4210.68,605.704,2.0,0.0,126.0,0.0,0.0,129.0,299.0,0.00757576,0.0,0.296471,0.0,0.0,0.488636,0.703529,0.0,0.0,0.0,0.0,2.0,8.0,0.25,0.030303,1.0,0.366064,0.00378788,-1.22454,134407.0,108.379,134407.0,18.0958,0.0,0.0,3.0,0.0,1.0,1.0,1.0,1.0,0.0,0.0,0.0,2.73176,1240.16,641.095,0.517692,5.9339,10.319,257.0,1.94181,1.49009,2.13545,494.0,546.511,1266.52,12.0,134407.0,134407.0,0.0,2.0,1.0,288.0,339.0,425.0,1.47529,1.60985,1161.0,527069.0,272465.0
team-assignment,2018,data2_4_15,6.41667,30.0833,2.97617,0.0,0.0,0.0,1.88307,2.37226,1.00801,0.0,1.67475,2.47634,2.232,82.291,134.37,60.0,373.908,13.2066,2.0,2.0,1.0,48.0,0.0,0.40678,119.0,1444.0,142.856,2.0,0.0,19.0,0.0,0.0,22.0,99.0,0.0416667,0.0,0.161017,0.0,0.0,0.458333,0.838983,0.0,0.0,0.0,0.0,2.0,6.0,0.333333,0.125,1.0,0.383117,0.0208333,-1.61017,25453.0,15.2886,25453.0,5.88308,0.0,0.0,3.0,0.0,1.0,1.0,1.0,1.0,0.0,0.0,0.0,2.61017,1664.83,739.116,0.383117,2.42877,3.52139,43.0,2.07734,1.96555,2.26537,160.0,147.418,505.08,7.0,25453.0,25453.0,0.0,2.0,1.0,120.0,153.0,118.0,2.31356,2.45833,308.0,196450.0,87215.6
team-assignment,2018,data2_5_6,9.0,45.545,5.87231,0.0,0.0,0.0,1.05993,0.960823,0.816686,0.0,2.25163,2.75163,2.22125,30.9383,55.3911,30.0,143.21,13.5285,2.0,2.0,1.0,12.0,0.0,0.285714,27.0,546.541,70.4677,2.0,0.0,1.0,0.0,0.0,3.0,41.0,0.166667,0.0,0.0238095,0.0,0.0,0.25,0.97619,0.0,0.0,0.0,0.0,2.0,7.0,0.285714,0.583333,1.0,0.388889,0.0833333,0.0,12816.0,4.51026,12816.0,1.96545,0.0,0.0,3.0,0.0,1.0,1.0,1.0,1.0,0.0,0.0,0.0,2.57143,2841.52,1291.85,0.0,1.78598,2.04089,6.0,1.29368,1.16051,1.87295,58.0,52.9639,214.951,4.0,12816.0,12816.0,0.0,2.0,1.0,60.0,75.0,42.0,3.21429,3.5,108.0,119344.0,54257.5
team-assignment,2018,data2_6_12,6.09677,24.6703,2.735,0.0,0.0,0.0,2.08765,2.56139,1.03416,0.0,1.70191,2.36975,2.13819,104.895,167.221,72.0,380.595,13.7915,2.0,2.0,1.0,62.0,0.0,0.446043,151.0,1529.56,169.57,2.0,0.0,25.0,0.0,0.0,28.0,114.0,0.0322581,0.0,0.179856,0.0,0.0,0.451613,0.820144,0.0,0.0,0.0,0.0,2.0,8.0,0.25,0.129032,1.0,0.367725,0.016129,-1.71942,37179.0,20.6062,37179.0,6.63976,0.0,0.0,3.0,0.0,1.0,1.0,1.0,1.0,0.0,0.0,0.0,2.71942,1804.26,831.052,0.367725,2.95286,4.21446,55.0,2.09629,1.80794,2.48344,172.0,183.25,525.425,7.0,37179.0,37179.0,0.0,2.0,1.0,144.0,171.0,139.0,2.26619,2.24194,378.0,250792.0,115516.0
team-assignment,2018,data3_6_28,5.0354,20.4025,2.41913,0.0,0.0,0.0,3.47398,4.64519,0.715982,0.0,1.17728,1.84124,1.76003,308.73,522.174,168.0,1059.7,13.8097,2.0,2.0,1.0,226.0,0.0,0.544578,561.0,4610.96,546.723,2.0,0.0,107.0,0.0,0.0,110.0,308.0,0.00884956,0.0,0.257831,0.0,0.0,0.486726,0.742169,0.0,0.0,0.0,0.0,2.0,8.0,0.25,0.0353982,1.0,0.364675,0.00442478,-1.74217,110359.0,81.7651,110359.0,16.6378,0.0,0.0,3.0,0.0,1.0,1.0,1.0,1.0,0.0,0.0,0.0,2.74217,1349.71,644.343,0.364675,4.8543,8.62011,219.0,2.07098,1.6055,2.19489,496.0,541.804,1417.09,9.0,110359.0,110359.0,0.0,2.0,1.0,336.0,395.0,415.0,1.76145,1.83628,1138.0,560129.0,267402.0
team-assignment,2022,data1_4_6,5.54545,24.6291,3.82884,0.0,0.0,0.0,1.09689,1.41586,1.07685,0.0,2.14976,2.91969,2.28142,43.4416,72.0334,24.0,125.907,13.2296,2.0,2.0,1.0,22.0,0.0,0.468085,54.0,541.84,84.2346,2.0,0.0,6.0,0.0,0.0,9.0,41.0,0.0909091,0.0,0.12766,0.0,0.0,0.409091,0.87234,0.0,0.0,0.0,0.0,2.0,6.0,0.333333,0.272727,1.0,0.385246,0.0454545,-1.59574,13605.0,6.3805,13605.0,2.77784,0.0,0.0,3.0,0.0,1.0,1.0,1.0,1.0,0.0,0.0,0.0,2.59574,2132.28,1006.34,0.385246,1.93694,2.37373,17.0,2.06722,2.01716,2.29762,63.0,58.4183,207.581,5.0,13605.0,13605.0,0.0,2.0,1.0,48.0,63.0,47.0,2.3617,2.13636,122.0,100217.0,47297.9
team-assignment,2022,data1_6_6,5.52941,20.6024,3.13381,0.0,0.0,0.0,1.42402,1.73519,1.15053,0.0,2.09779,2.59091,2.10693,63.4839,100.145,36.0,160.436,13.8145,2.0,2.0,1.0,34.0,0.0,0.492754,81.0,700.481,106.55,2.0,0.0,11.0,0.0,0.0,14.0,58.0,0.0588235,0.0,0.15942,0.0,0.0,0.411765,0.84058,0.0,0.0,0.0,0.0,2.0,8.0,0.25,0.235294,1.0,0.367021,0.0294118,-1.72464,23407.0,10.5323,23407.0,3.86296,0.0,0.0,3.0,0.0,1.0,1.0,1.0,1.0,0.0,0.0,0.0,2.72464,2222.41,1071.77,0.367021,2.46761,3.10203,27.0,2.11495,1.915,2.04447,84.0,90.9118,258.56,6.0,23407.0,23407.0,0.0,2.0,1.0,72.0,87.0,69.0,2.30435,2.02941,188.0,153346.0,73951.8
team-assignment,2022,data2_6_15,5.45918,21.3515,2.48963,0.0,0.0,0.0,2.43013,3.13796,0.983877,0.0,1.46543,2.13882,2.00065,150.357,242.022,90.0,499.889,13.7915,2.0,2.0,1.0,98.0,0.0,0.5,241.0,2092.44,243.984,2.0,0.0,43.0,0.0,0.0,46.0,153.0,0.0204082,0.0,0.219388,0.0,0.0,0.469388,0.780612,0.0,0.0,0.0,0.0,2.0,8.0,0.25,0.0816327,1.0,0.366355,0.0102041,-1.72959,53179.0,33.6399,53179.0,9.3594,0.0,0.0,3.0,0.0,1.0,1.0,1.0,1.0,0.0,0.0,0.0,2.72959,1580.83,744.198,0.366355,3.48739,5.43399,91.0,2.11585,1.7296,2.43075,238.0,257.177,690.394,8.0,53179.0,53179.0,0.0,2.0,1.0,180.0,213.0,196.0,2.0051,2.0,535.0,309843.0,145863.0
team-assignment,2022,data3_4_31,5.83871,27.7097,2.60707,0.0,0.0,0.0,2.89138,3.81668,0.857694,0.0,1.227,1.99598,1.8648,177.593,301.799,124.0,870.708,13.2248,2.0,2.0,1.0,124.0,0.0,0.452555,309.0,3436.0,323.277,2.0,0.0,57.0,0.0,0.0,60.0,217.0,0.016129,0.0,0.208029,0.0,0.0,0.483871,0.791971,0.0,0.0,0.0,0.0,2.0,6.0,0.333333,0.0483871,1.0,0.378453,0.00806452,-1.64234,76573.0,51.7552,76573.0,13.579,0.0,0.0,3.0,0.0,1.0,1.0,1.0,1.0,0.0,0.0,0.0,2.64234,1479.52,696.93,0.378453,3.73779,6.77836,119.0,2.11106,1.84385,2.42867,364.0,343.733,1118.67,8.0,76573.0,76573.0,0.0,2.0,1.0,248.0,313.0,274.0,2.04745,2.20968,724.0,405389.0,190959.0
team-assignment,2022,data3_5_31,5.68712,25.6604,2.54534,0.0,0.0,0.0,3.24226,4.24171,0.785749,0.0,1.22502,1.92361,1.81744,230.374,391.242,155.0,1034.27,13.5467,2.0,2.0,1.0,163.0,0.0,0.475219,405.0,4182.64,414.891,2.0,0.0,76.0,0.0,0.0,79.0,267.0,0.0122699,0.0,0.221574,0.0,0.0,0.484663,0.778426,0.0,0.0,0.0,0.0,2.0,7.0,0.285714,0.0429448,1.0,0.370011,0.00613497,-1.70262,105966.0,70.2699,105966.0,15.6314,0.0,0.0,3.0,0.0,1.0,1.0,1.0,1.0,0.0,0.0,0.0,2.70262,1507.99,725.997,0.370011,4.43145,8.02703,157.0,2.09056,1.74405,2.33007,433.0,441.708,1330.3,8.0,105966.0,105966.0,0.0,2.0,1.0,310.0,375.0,343.0,1.99708,2.10429,927.0,517239.0,249017.0
test-scheduling,2018,t100m10r3-2,3.12736,15.1032,2.32344,0.0,0.0,0.0,4.45372,8.4015,1.36103,0.0,0.0937034,1.62194,1.30094,1938.8,3252.74,190.0,1596.24,15.0624,2.0,2.0,1.0,1853.0,0.0,0.911909,4695.0,27986.3,4305.33,2.0,0.0,869.0,0.0,0.0,969.0,1163.0,0.00107933,0.0,0.427657,0.0,0.0,0.522936,0.572343,0.0,0.0,0.0,0.0,2.0,13.0,0.153846,0.00701565,1.0,0.350647,0.000539665,-0.699941,27935.0,8.25584,27935.0,2.40548,0.0,5.0,2.0,0.0,5.0,0.0,5.0,5.0,0.0,0.0,0.0,2.85187,3383.67,992.131,0.927725,3.01638,3.7954,1839.0,0.651447,0.750696,0.666549,3211.0,2497.88,5041.0,15.0,34217.0,27935.0,0.0,2.0,0.25,1428.0,294.0,2032.0,0.847441,1.0966,5795.0,6875610.0,2016010.0
test-scheduling,2018,t30m10r10-5,2.96434,12.4176,2.36746,0.0,0.0,0.0,2.28798,4.48305,1.19471,0.0,0.526756,2.27451,1.36027,786.242,1341.96,59.0,432.825,13.4608,2.0,2.0,1.0,701.0,0.0,0.985935,1850.0,8704.73,1659.59,2.0,0.0,281.0,0.0,0.0,370.0,430.0,0.00285307,0.0,0.395218,0.0,0.0,0.527817,0.604782,0.0,0.0,0.0,0.0,3.0,48.0,0.0625,0.0684736,1.0,0.342156,0.00142653,-0.679757,9289.0,9.60849,9289.0,2.64303,0.0,5.0,2.0,0.0,5.0,0.0,5.0,5.0,0.0,0.0,0.0,2.92264,966.75,288.045,0.967763,3.25705,4.12418,652.0,0.8581,1.06982,0.876718,1098.0,890.633,1567.3,21.0,11275.0,9289.0,0.0,2.0,0.4,486.0,83.0,711.0,0.800281,1.01427,2078.0,687359.0,204800.0
test-scheduling,2018,t30m10r3-15,3.14066,14.578,2.43108,0.0,0.0,0.0,2.31802,4.30685,1.23402,0.0,0.274795,1.78879,1.40324,580.25,979.179,55.0,422.031,13.2344,2.0,2.0,1.0,519.0,0.0,0.926786,1325.0,7565.99,1261.73,2.0,0.0,237.0,0.0,0.0,267.0,323.0,0.00385356,0.0,0.423214,0.0,0.0,0.514451,0.576786,0.0,0.0,0.0,0.0,2.0,13.0,0.153846,0.0250482,1.0,0.343558,0.00192678,-0.67554,6288.0,6.01237,6288.0,1.75448,0.0,5.0,2.0,0.0,5.0,0.0,5.0,5.0,0.0,0.0,0.0,2.91071,1045.84,310.907,0.97173,2.8569,3.59437,505.0,0.695647,0.791418,0.737692,928.0,694.808,1355.7,15.0,9637.0,6288.0,0.0,2.0,0.285714,411.0,133.0,560.0,0.971429,1.079,1630.0,585673.0,174108.0
test-scheduling,2018,t500m100r10-13,3.02701,14.5486,2.39786,0.0,0.0,0.0,10.4155,20.4462,0.722332,0.0,0.0182272,1.76872,1.43823,98352.2,189773.0,995.0,9209.07,17.4281,2.0,2.0,1.0,97388.0,0.0,0.990974,243864.0,1416860.0,233523.0,2.0,0.0,48388.0,0.0,0.0,48888.0,49887.0,2.05364e-05,0.0,0.492373,0.0,0.0,0.501992,0.507627,0.0,0.0,0.0,0.0,2.0,110.0,0.0181818,0.0011295,1.0,0.333368,1.02682e-05,-0.201999,139203.0,77.4063,139203.0,7.76111,0.0,5.0,2.0,0.0,5.0,0.0,5.0,5.0,0.0,0.0,0.0,2.99968,1798.34,459.696,3.30018,9.84476,13.6823,97277.0,0.109328,0.135696,0.112795,149785.0,103902.0,117283.0,112.0,176357.0,139203.0,0.0,2.0,0.0421053,51893.0,4469.0,98275.0,0.573513,1.00911,294794.0,176732000.0,45176600.0
test-scheduling,2018,t50m10r5-6,3.0157,13.0388,2.23292,0.0,0.0,0.0,2.98438,5.95259,1.2667,0.0,0.423311,1.74969,1.30109,1186.55,1937.85,96.0,747.343,14.0269,2.0,2.0,1.0,1083.0,0.0,0.9713,2864.0,14121.0,2418.25,2.0,0.0,435.0,0.0,0.0,584.0,680.0,0.00184672,0.0,0.390135,0.0,0.0,0.539243,0.609865,0.0,0.0,0.0,0.0,3.0,62.0,0.0483871,0.0572484,1.0,0.341396,0.000923361,-0.729149,13709.0,9.07011,13709.0,2.55043,0.0,5.0,2.0,0.0,5.0,0.0,5.0,5.0,0.0,0.0,0.0,2.92915,1511.45,445.657,0.903249,3.16421,3.99513,1018.0,0.886374,0.714458,0.635448,1736.0,1406.39,2527.23,17.0,16692.0,13709.0,0.0,2.0,0.333333,748.0,196.0,1115.0,0.846637,1.02955,3266.0,1685260.0,496907.0
test-scheduling,2023,t100m20r3-14,3.05962,13.581,2.16432,0.0,0.0,0.0,4.55233,8.86986,1.03315,0.0,0.0787847,1.63146,1.45962,3994.16,6924.24,196.0,1606.36,15.1036,2.0,2.0,1.0,3841.0,0.0,0.956901,9680.0,52164.6,8313.15,2.0,0.0,1858.0,0.0,0.0,1958.0,2156.0,0.000520698,0.0,0.46288,0.0,0.0,0.509763,0.53712,0.0,0.0,0.0,0.0,2.0,23.0,0.0869565,0.00598802,1.0,0.341559,0.000260349,-0.467549,27221.0,15.4378,27221.0,3.31893,0.0,5.0,2.0,0.0,5.0,0.0,5.0,5.0,0.0,0.0,0.0,2.92775,1763.26,485.151,1.40828,4.35015,5.73078,3817.0,0.396638,0.474506,0.409785,6207.0,4676.83,7136.83,25.0,35207.0,27221.0,0.0,2.0,0.222222,2443.0,309.0,4014.0,0.6856,1.04504,11752.0,7077740.0,1947400.0
test-scheduling,2023,t20m10r10-17,2.93319,12.3169,2.62788,0.0,0.0,0.0,1.80401,3.43692,1.07632,0.0,0.578513,2.18584,1.80485,531.782,968.144,39.0,270.567,12.5784,2.0,2.0,1.0,464.0,0.0,1.00216,1227.0,5715.02,1219.34,2.0,0.0,182.0,0.0,0.0,241.0,281.0,0.00431034,0.0,0.393089,0.0,0.0,0.519397,0.606911,0.0,0.0,0.0,0.0,3.0,39.0,0.0769231,0.0840517,1.0,0.340191,0.00215517,-0.685726,5855.0,10.7698,5855.0,3.06138,0.0,5.0,2.0,0.0,5.0,0.0,5.0,5.0,0.0,0.0,0.0,2.93952,543.652,165.712,0.962206,3.19129,4.09268,424.0,0.84766,1.07063,1.07546,725.0,580.569,1055.45,21.0,6116.0,5855.0,0.0,2.0,0.666667,322.0,62.0,463.0,0.829374,0.997845,1361.0,251711.0,76724.6
test-scheduling,2023,t30m20r3-20,3.05215,12.6386,2.1986,0.0,0.0,0.0,2.38524,4.61157,1.01704,0.0,0.227578,1.90614,1.66009,1202.09,2051.54,58.0,420.951,13.0984,2.0,2.0,1.0,1093.0,0.0,0.969831,2775.0,13814.0,2403.07,2.0,0.0,519.0,0.0,0.0,549.0,608.0,0.00182983,0.0,0.460515,0.0,0.0,0.502287,0.539485,0.0,0.0,0.0,0.0,2.0,23.0,0.0869565,0.021043,1.0,0.33783,0.000914913,-0.475387,6938.0,14.5972,6938.0,3.26768,0.0,5.0,2.0,0.0,5.0,0.0,5.0,5.0,0.0,0.0,0.0,2.96007,475.297,134.145,1.39291,4.16111,5.4809,1069.0,0.424283,0.502597,0.451662,1787.0,1319.88,1942.33,25.0,8770.0,6938.0,0.0,2.0,0.266667,694.0,145.0,1127.0,0.744454,1.03111,3336.0,535660.0,151181.0
test-scheduling,2023,t500m50r10-8,3.04189,14.5646,2.24182,0.0,0.0,0.0,10.3698,20.6558,0.77261,0.0,0.0199888,1.70585,1.3164,49317.0,91008.9,995.0,9232.55,17.4751,2.0,2.0,1.0,48800.0,0.0,0.981181,122319.0,710751.0,109401.0,2.0,0.0,24119.0,0.0,0.0,24619.0,25617.0,4.09836e-05,0.0,0.48494,0.0,0.0,0.504488,0.51506,0.0,0.0,0.0,0.0,2.0,60.0,0.0333333,0.00122951,1.0,0.335049,2.04918e-05,-0.289489,143015.0,38.9854,143015.0,5.4474,0.0,5.0,2.0,0.0,5.0,0.0,5.0,5.0,0.0,0.0,0.0,2.98464,3668.43,953.861,2.29698,6.97312,9.55361,48739.0,0.194219,0.236314,0.200347,76234.0,54388.8,68322.0,62.0,182192.0,143015.0,0.0,2.0,0.0487805,27609.0,3235.0,49736.0,0.620154,1.01918,148444.0,182453000.0,47441200.0
test-scheduling,2023,t50m20r10-17,3.05781,13.1626,2.20209,0.0,0.0,0.0,3.15377,6.03065,1.01543,0.0,0.184261,1.81526,1.55011,2059.42,3538.0,99.0,752.565,14.0713,2.0,2.0,1.0,1920.0,0.0,0.965795,4849.0,25272.1,4228.01,2.0,0.0,919.0,0.0,0.0,969.0,1069.0,0.00104167,0.0,0.462274,0.0,0.0,0.504687,0.537726,0.0,0.0,0.0,0.0,2.0,30.0,0.0666667,0.015625,1.0,0.338614,0.000520833,-0.460378,13522.0,15.4546,13522.0,3.35241,0.0,5.0,2.0,0.0,5.0,0.0,5.0,5.0,0.0,0.0,0.0,2.95322,874.952,242.874,1.43662,4.3117,5.69053,1889.0,0.41354,0.482458,0.431158,3126.0,2321.31,3446.58,31.0,17214.0,13522.0,0.0,2.0,0.222222,1255.0,183.0,1988.0,0.72334,1.03542,5871.0,1739400.0,482834.0
tiny-cvrp,2024,easy_instance_04,2.43618,4.53832,1.73335,0.0,0.0,0.0,1.29805,3.477,0.0,0.0,1.03415,2.96679,1.44367,2642.64,4021.74,149.0,734.875,4.93205,2.0,2.0,1.0,2217.0,0.0,1.43495,5559.0,10061.5,3842.84,148.0,984.0,956.0,0.0,0.0,1073.0,589.0,0.0667569,0.443843,0.61877,0.0,0.0,0.483987,0.38123,0.00180424,0.0,4.0,0.0,1.0,8.0,0.125,0.00360848,1.0,0.286058,0.00045106,-0.509452,4349.0,446.133,4349.0,39.1671,0.0,1.0,2.0,0.0,1.0,0.0,1.0,1.0,0.0,0.0,0.0,3.49579,9.74822,5.27316,1.40139,11.365,20.9713,861.0,1.94618,1.70689,2.16609,1748.0,2277.85,3048.82,46.0,4349.0,4349.0,0.0,2.0,0.0434783,308.0,56.0,1545.0,0.235599,0.696888,5401.0,15061.0,8147.03
tiny-cvrp,2024,hard_instance_18,2.45745,5.64306,2.07974,0.0,0.0,0.0,4.16974,10.9912,0.48083,0.0,0.958094,3.16754,1.49904,22803.3,38073.5,1409.0,8552.96,6.07024,2.0,2.0,1.0,19191.0,0.0,1.44109,47517.0,108296.0,39912.3,1408.0,8760.0,8660.0,0.0,0.0,9011.0,4657.0,0.0733677,0.456464,0.650297,0.0,0.0,0.469543,0.349703,0.000208431,0.0,4.0,0.0,1.0,8.0,0.125,0.000416862,1.0,0.282373,5.21078e-05,-0.289621,97969.0,4299.19,97969.0,115.352,0.0,1.0,2.0,0.0,1.0,0.0,1.0,1.0,0.0,0.0,0.0,3.54141,22.7878,12.6345,2.47781,37.2614,67.19,7377.0,1.66567,1.88901,2.24332,15028.0,18813.0,32180.5,136.0,97969.0,97969.0,0.0,2.0,0.0147059,2032.0,175.0,13317.0,0.165728,0.693919,47161.0,303465.0,168254.0
tiny-cvrp,2024,medium_instance_06,2.45094,5.08034,1.90175,0.0,0.0,0.0,2.23474,6.0956,0.525832,0.0,0.993378,3.07878,1.18054,7146.39,11417.3,425.0,2382.05,5.60483,2.0,2.0,1.0,6003.0,0.0,1.43853,14937.0,30497.3,11416.2,424.0,2712.0,2660.0,0.0,0.0,2855.0,1513.0,0.0706314,0.451774,0.637431,0.0,0.0,0.475596,0.362569,0.000666333,0.0,4.0,0.0,1.0,8.0,0.125,0.00133267,1.0,0.283627,0.000166583,-0.394458,20761.0,1348.86,20761.0,64.5164,0.0,1.0,2.0,0.0,1.0,0.0,1.0,1.0,0.0,0.0,0.0,3.52576,15.3916,8.58944,1.8161,20.8917,37.4099,2313.0,1.8091,1.80806,2.22995,4756.0,6025.34,9137.22,76.0,20761.0,20761.0,0.0,2.0,0.0263158,760.0,103.0,4173.0,0.206806,0.695152,14713.0,64229.0,35843.7
tiny-cvrp,2024,medium_instance_11,2.45202,5.13027,1.91714,0.0,0.0,0.0,2.41273,6.46188,0.521611,0.0,0.988895,3.0741,1.18413,8112.54,13016.5,485.0,2717.09,5.60225,2.0,2.0,1.0,6816.0,0.0,1.43889,16948.0,34967.9,13067.2,484.0,3084.0,3028.0,0.0,0.0,3236.0,1709.0,0.0710094,0.452465,0.639223,0.0,0.0,0.474765,0.360777,0.000586854,0.0,4.0,0.0,1.0,8.0,0.125,0.00117371,1.0,0.283432,0.000146714,-0.381138,23681.0,1513.35,23681.0,68.7487,0.0,1.0,2.0,0.0,1.0,0.0,1.0,1.0,0.0,0.0,0.0,3.52818,15.6481,8.68839,1.88008,21.9982,39.5954,2625.0,1.79199,1.80592,2.21913,5392.0,6821.99,10461.4,81.0,23681.0,23681.0,0.0,2.0,0.0246914,844.0,111.0,4737.0,0.201604,0.694982,16713.0,74125.0,41156.9
tiny-cvrp,2024,medium_instance_13,2.44805,4.95608,1.86331,0.0,0.0,0.0,1.91598,5.31163,0.0,0.0,1.00387,3.04999,1.58916,5398.82,8528.39,317.0,1758.52,5.54737,2.0,2.0,1.0,4533.0,0.0,1.43768,11299.0,22465.9,8446.41,316.0,2040.0,1996.0,0.0,0.0,2165.0,1157.0,0.069711,0.450033,0.633048,0.0,0.0,0.477609,0.366952,0.000882418,0.0,4.0,0.0,1.0,8.0,0.125,0.00176484,1.0,0.284131,0.000220604,-0.425874,15457.0,1041.97,15457.0,56.053,0.0,1.0,2.0,0.0,1.0,0.0,1.0,1.0,0.0,0.0,0.0,3.51951,14.8344,8.36141,1.68094,18.5711,32.915,1749.0,1.84773,1.78108,2.22476,3604.0,4579.26,6752.78,66.0,15457.0,15457.0,0.0,2.0,0.030303,604.0,91.0,3153.0,0.220425,0.695566,11097.0,46773.0,26363.5
tower,2022,100_100_20_100-04,3.54763,10.1715,2.69592,0.0,0.0,0.0,2.18342,2.72811,0.908591,0.0,0.415537,2.5684,1.71308,6234.23,11164.6,101.0,210.604,13.9881,2.0,2.0,1.0,5091.0,0.0,1.01596,13313.0,51783.0,13724.9,0.0,100.0,2260.0,0.0,0.0,2571.0,2751.0,0.0,0.0196425,0.451008,0.0,0.0,0.505009,0.548992,0.0,0.0,0.0,0.0,3.0,320.0,0.009375,0.062856,1.0,0.277449,0.000196425,-0.29873,101.0,0.0917373,101.0,-0.0418879,0.0,5.0,3.0,0.0,5.0,0.0,5.0,5.0,0.0,0.0,0.0,3.60427,1100.97,532.276,2.41874,21.6832,22.4216,4891.0,0.771316,1.297,1.37399,10290.0,6100.52,10912.2,101.0,1620000.0,810000.0,0.0,2.0,0.019802,5440.0,100.0,5011.0,1.10557,0.984286,18061.0,5516960.0,2667240.0
tower,2022,tower_070_070_15_070-09,3.41084,10.6379,2.99837,0.0,0.0,0.0,1.8073,2.38738,1.00054,0.0,0.488043,2.98097,1.84148,3634.52,6662.94,71.0,189.914,13.9881,2.0,2.0,1.0,2916.0,0.0,1.01922,7728.0,31020.2,8743.25,0.0,70.0,1229.0,0.0,0.0,1501.0,1632.0,0.0,0.0240055,0.42957,0.0,0.0,0.514746,0.57043,0.0,0.0,0.0,0.0,3.0,225.0,0.0133333,0.0771605,1.0,0.287653,0.000342936,-0.330924,71.0,0.0210172,71.0,0.0,0.0,5.0,3.0,0.0,5.0,0.0,5.0,5.0,0.0,0.0,0.0,3.47641,3378.19,1657.41,2.1526,0.0,16.7839,2776.0,0.907989,1.71694,1.81894,5150.0,3548.99,7663.46,71.0,1620000.0,810000.0,0.0,2.0,0.028169,2405.0,70.0,2861.0,0.865082,0.981139,9946.0,9665000.0,4741840.0
tower,2022,tower_070_070_15_085-09,3.53486,11.4851,3.14747,0.0,0.0,0.0,2.26318,3.22861,0.953145,0.0,0.315446,2.80067,1.87448,7750.43,15230.7,86.0,354.111,13.9881,2.0,2.0,1.0,6570.0,0.0,1.00844,17220.0,75457.3,20678.9,0.0,85.0,2801.0,0.0,0.0,3565.0,3714.0,0.0,0.0129376,0.429931,0.0,0.0,0.542618,0.570069,0.0,0.0,0.0,0.0,3.0,285.0,0.0105263,0.043379,1.0,0.280529,0.000152207,-0.292274,86.0,0.0278724,86.0,-0.0668724,0.0,5.0,3.0,0.0,5.0,0.0,5.0,5.0,0.0,0.0,0.0,3.5647,3085.49,1490.35,2.46163,14.537,14.988,6400.0,0.84115,1.6725,1.86212,12629.0,7906.08,17410.7,86.0,1620000.0,810000.0,0.0,2.0,0.0232558,6290.0,85.0,6515.0,0.978511,0.991629,23224.0,20102000.0,9709620.0
tower,2022,tower_300_300_40_200-00,3.54405,7.5974,2.29659,0.0,0.0,0.0,3.17982,2.65542,0.615788,0.0,0.339981,1.73105,1.36559,20339.6,36064.8,200.0,253.884,13.4925,2.0,2.0,1.0,17686.0,0.0,1.00913,45179.0,134368.0,40617.5,0.0,199.0,8606.0,0.0,0.0,8690.0,8920.0,0.0,0.0112518,0.491042,0.0,0.0,0.491349,0.508958,0.0,0.0,0.0,0.0,3.0,638.0,0.00470219,0.0360737,1.0,0.279611,5.65419e-05,-0.217746,201.0,1.18619,201.0,0.00487293,0.0,5.0,3.0,0.0,5.0,0.0,5.0,5.0,0.0,0.0,0.0,3.5764,169.451,81.9472,3.3084,38.2084,39.5011,17287.0,0.44771,0.458766,0.501802,41125.0,20043.7,23442.6,200.0,814861.0,407430.0,0.0,2.0,0.01,19589.0,4530.0,17526.0,1.37618,0.990953,62680.0,2969790.0,1436210.0
tower,2022,tower_500_500_50_300-01,3.4896,6.73215,2.27895,0.0,0.0,0.0,3.81251,2.41351,0.620554,0.0,0.289004,1.57264,1.28793,34582.4,62150.5,285.0,292.234,13.4925,2.0,2.0,1.0,30813.0,0.0,1.00815,78354.0,207438.0,70221.4,0.0,284.0,15227.0,0.0,0.0,15128.0,15337.0,0.0,0.00921689,0.4982,0.0,0.0,0.490962,0.5018,0.0,0.0,0.0,0.0,3.0,917.0,0.00327154,0.0297602,1.0,0.28425,3.24538e-05,-0.188734,301.0,3.31079,301.0,0.0431045,0.0,5.0,3.0,0.0,5.0,0.0,5.0,5.0,0.0,0.0,0.0,3.51803,90.9148,44.1324,3.79237,53.609,55.2151,30230.0,0.374032,0.301205,0.338371,73713.0,34425.3,36804.3,285.0,814861.0,407430.0,0.0,2.0,0.00701754,32302.0,11582.0,30564.0,1.43581,0.991919,107525.0,2778720.0,1348860.0
tower,2025,tower_050_050_10_050-03,3.21796,11.0212,3.44323,0.0,0.0,0.0,1.49033,1.91188,1.00606,0.0,0.595462,3.47292,2.01935,2018.59,3831.15,51.0,131.85,13.9881,2.0,2.0,1.0,1592.0,0.0,1.02577,4296.0,17545.8,5481.63,0.0,50.0,620.0,0.0,0.0,832.0,932.0,0.0,0.031407,0.399485,0.0,0.0,0.522613,0.600515,0.0,0.0,0.0,0.0,3.0,160.0,0.01875,0.100503,1.0,0.302947,0.000628141,-0.368439,51.0,0.0136488,51.0,-0.0824939,0.0,5.0,3.0,0.0,5.0,0.0,5.0,5.0,0.0,0.0,0.0,3.3009,3736.59,1834.36,1.89191,11.9567,12.1772,1492.0,0.835204,2.24811,2.3278,2601.0,1907.74,5264.45,51.0,1620000.0,810000.0,0.0,2.0,0.0392157,1130.0,50.0,1552.0,0.760309,0.974874,5123.0,5799190.0,2846930.0
tower,2025,tower_070_070_15_070-02,3.41132,10.6201,2.99724,0.0,0.0,0.0,1.80705,2.37652,1.00092,0.0,0.488171,2.97952,1.82586,3633.52,6661.74,71.0,184.901,13.9881,2.0,2.0,1.0,2915.0,0.0,1.01923,7725.0,30957.6,8736.96,0.0,70.0,1227.0,0.0,0.0,1500.0,1633.0,0.0,0.0240137,0.429021,0.0,0.0,0.51458,0.570979,0.0,0.0,0.0,0.0,3.0,225.0,0.0133333,0.077187,1.0,0.287611,0.000343053,-0.330993,71.0,0.0361326,71.0,-0.0594088,0.0,5.0,3.0,0.0,5.0,0.0,5.0,5.0,0.0,0.0,0.0,3.47692,1964.98,954.004,2.15228,16.2243,16.7071,2775.0,0.878506,1.7197,1.82522,5194.0,3537.9,7657.32,71.0,1620000.0,810000.0,0.0,2.0,0.028169,2450.0,70.0,2860.0,0.881119,0.981132,9944.0,5619850.0,2728450.0
tower,2025,tower_070_070_15_070-08,3.40075,10.7156,3.05181,0.0,0.0,0.0,1.81266,2.36088,0.983023,0.0,0.485383,3.03387,1.84902,3655.52,6756.55,71.0,183.705,13.4925,2.0,2.0,1.0,2937.0,0.0,1.01908,7791.0,31471.7,8963.16,0.0,70.0,1228.0,0.0,0.0,1522.0,1654.0,0.0,0.0238338,0.426093,0.0,0.0,0.518216,0.573907,0.0,0.0,0.0,0.0,3.0,225.0,0.0133333,0.0766088,1.0,0.288546,0.000340483,-0.332468,71.0,0.037238,71.0,-0.0949112,0.0,5.0,3.0,0.0,5.0,0.0,5.0,5.0,0.0,0.0,0.0,3.46565,1906.65,925.293,2.13992,10.1438,10.4491,2797.0,0.874051,1.78217,1.88104,5231.0,3558.58,7943.26,71.0,814861.0,407430.0,0.0,2.0,0.028169,2465.0,70.0,2882.0,0.879598,0.981273,9988.0,5494980.0,2666700.0
tower,2025,tower_070_070_30_100-02,3.55414,11.394,3.08721,0.0,0.0,0.0,2.3708,3.25443,0.916176,0.0,0.312923,2.737,1.83047,9003.24,17544.8,101.0,351.511,13.9881,2.0,2.0,1.0,7637.0,0.0,1.00925,19971.0,87015.9,23577.0,0.0,100.0,3281.0,0.0,0.0,4107.0,4286.0,0.0,0.0130941,0.433593,0.0,0.0,0.537777,0.566407,0.0,0.0,0.0,0.0,3.0,330.0,0.00909091,0.0432107,1.0,0.278783,0.000130941,-0.275778,101.0,0.0438088,101.0,-0.0771605,0.0,5.0,3.0,0.0,5.0,0.0,5.0,5.0,0.0,0.0,0.0,3.58702,2305.47,1108.61,2.61521,12.3922,12.7836,7437.0,0.807966,1.60066,1.75681,14596.0,9134.42,19567.4,101.0,1620000.0,810000.0,0.0,2.0,0.019802,7220.0,100.0,7567.0,0.967358,0.990834,27143.0,17445500.0,8388850.0
tower,2025,tower_500_500_50_300-05,3.50609,6.74662,2.2772,0.0,0.0,0.0,3.75146,2.39919,0.621033,0.0,0.293575,1.5739,1.28871,33317.6,59824.3,274.0,281.234,12.4876,2.0,2.0,1.0,29641.0,0.0,1.00844,75398.0,199977.0,67498.4,0.0,273.0,14647.0,0.0,0.0,14551.0,14746.0,0.0,0.00921022,0.498316,0.0,0.0,0.490908,0.501684,0.0,0.0,0.0,0.0,3.0,894.0,0.0033557,0.0301609,1.0,0.282832,3.37371e-05,-0.192229,301.0,5.71504,301.0,0.175421,0.0,5.0,3.0,0.0,5.0,0.0,5.0,5.0,0.0,0.0,0.0,3.53567,52.6681,24.8902,3.73081,26.8784,28.4148,29070.0,0.385451,0.299193,0.338756,71442.0,33179.5,35333.1,274.0,202339.0,101170.0,0.0,2.0,0.00729927,31641.0,11132.0,29393.0,1.45521,0.991633,103924.0,1548070.0,731598.0
tower_challenge,2020,tower_070_070_15_070-04,3.39443,10.7631,3.07551,0.0,0.0,0.0,1.81604,2.36146,0.975448,0.0,0.484315,3.055,1.86879,3617.1,6712.67,70.0,186.326,12.9881,2.0,2.0,1.0,2908.0,0.0,1.01892,7719.0,31299.0,8943.59,0.0,69.0,1211.0,0.0,0.0,1513.0,1643.0,0.0,0.0237276,0.424317,0.0,0.0,0.520289,0.575683,0.0,0.0,0.0,0.0,3.0,222.0,0.0135135,0.0763411,1.0,0.28913,0.000343879,-0.331525,71.0,0.0403374,71.0,-0.108548,0.0,5.0,3.0,0.0,5.0,0.0,5.0,5.0,0.0,0.0,0.0,3.45865,1760.15,826.239,2.14424,8.84091,9.00406,2770.0,0.890337,1.80888,1.92219,5158.0,3526.64,7947.34,70.0,405001.0,202500.0,0.0,2.0,0.0285714,2490.0,69.0,2854.0,0.896636,0.981431,9871.0,5023480.0,2358090.0
tower_challenge,2020,tower_070_070_15_070-06,3.39694,10.7322,3.06341,0.0,0.0,0.0,1.81469,2.35906,0.9793,0.0,0.484378,3.0447,1.87359,3663.52,6784.22,71.0,181.218,13.9881,2.0,2.0,1.0,2945.0,0.0,1.01903,7815.0,31606.4,9021.75,0.0,70.0,1231.0,0.0,0.0,1530.0,1659.0,0.0,0.0237691,0.425952,0.0,0.0,0.519525,0.574048,0.0,0.0,0.0,0.0,3.0,225.0,0.0133333,0.0764007,1.0,0.288884,0.000339559,-0.328944,71.0,0.019414,71.0,0.0,0.0,5.0,3.0,0.0,5.0,0.0,5.0,5.0,0.0,0.0,0.0,3.46159,3657.15,1796.92,2.16181,0.0,15.2689,2805.0,0.902099,1.78976,1.89929,5269.0,3570.83,8011.22,71.0,1620000.0,810000.0,0.0,2.0,0.028169,2565.0,70.0,2890.0,0.911765,0.981324,10004.0,10569200.0,5193080.0
tower_challenge,2020,tower_070_070_15_100-04,3.43337,10.6933,2.96688,0.0,0.0,0.0,2.08,2.44039,1.01116,0.0,0.480809,2.95334,1.81692,5104.28,9297.54,101.0,182.444,13.9881,2.0,2.0,1.0,4105.0,0.0,1.02114,10845.0,43896.2,12179.1,0.0,100.0,1740.0,0.0,0.0,2090.0,2280.0,0.0,0.0243605,0.432836,0.0,0.0,0.509135,0.567164,0.0,0.0,0.0,0.0,3.0,315.0,0.00952381,0.0767357,1.0,0.285228,0.000243605,-0.280176,101.0,0.0326977,101.0,-0.0791299,0.0,5.0,3.0,0.0,5.0,0.0,5.0,5.0,0.0,0.0,0.0,3.50597,3088.9,1498.89,2.55115,12.2242,12.5839,3905.0,0.848319,1.67535,1.74872,7314.0,4918.89,10613.2,101.0,1620000.0,810000.0,0.0,2.0,0.019802,3540.0,100.0,4020.0,0.905473,0.979294,14094.0,12417400.0,6025560.0
tower_challenge,2020,tower_070_070_15_100-05,3.43163,10.7503,2.97775,0.0,0.0,0.0,2.08106,2.45405,1.00747,0.0,0.480364,2.95853,1.81046,5109.28,9325.36,101.0,190.656,12.9881,2.0,2.0,1.0,4110.0,0.0,1.02112,10860.0,44183.7,12238.6,0.0,100.0,1736.0,0.0,0.0,2095.0,2289.0,0.0,0.0243309,0.431304,0.0,0.0,0.509732,0.568696,0.0,0.0,0.0,0.0,3.0,315.0,0.00952381,0.0766423,1.0,0.28538,0.000243309,-0.278233,101.0,0.059004,101.0,-0.118832,0.0,5.0,3.0,0.0,5.0,0.0,5.0,5.0,0.0,0.0,0.0,3.5041,1711.75,799.318,2.56842,7.91872,8.38902,3910.0,0.836601,1.68933,1.76216,7259.0,4921.74,10655.2,101.0,405001.0,202500.0,0.0,2.0,0.019802,3480.0,100.0,4025.0,0.889441,0.979319,14104.0,6889780.0,3217260.0
tower_challenge,2020,tower_070_070_30_100-05,3.54665,11.4569,3.12033,0.0,0.0,0.0,2.35901,3.24596,0.90645,0.0,0.311722,2.76885,1.84639,9040.24,17703.2,101.0,348.349,13.9881,2.0,2.0,1.0,7674.0,0.0,1.00921,20082.0,87920.4,23945.4,0.0,100.0,3282.0,0.0,0.0,4144.0,4322.0,0.0,0.013031,0.431615,0.0,0.0,0.540005,0.568385,0.0,0.0,0.0,0.0,3.0,330.0,0.00909091,0.0430023,1.0,0.279384,0.00013031,-0.273405,101.0,0.0351894,101.0,-0.0626257,0.0,5.0,3.0,0.0,5.0,0.0,5.0,5.0,0.0,0.0,0.0,3.5793,2870.18,1389.59,2.63571,15.406,15.8708,7474.0,0.802964,1.63736,1.80746,14543.0,9169.8,20024.8,101.0,1620000.0,810000.0,0.0,2.0,0.019802,7230.0,100.0,7604.0,0.963966,0.990878,27217.0,21824900.0,10566500.0
tpp,2012,tpp_3_3_30_1,4.47179,12.9039,2.63552,0.0,0.0,0.0,1.00008,1.26629,0.0,0.0,1.65644,3.99116,1.81238,331.219,580.878,40.0,164.549,4.11371,1.0,2.0,1.0,195.0,0.0,1.03723,645.0,2516.26,513.927,1.0,25.0,42.0,0.0,0.0,75.0,146.0,0.00512821,0.128205,0.223404,0.0,0.0,0.384615,0.776596,0.00512821,0.0,1.0,0.0,3.0,85.0,0.0352941,0.435897,1.0,0.215596,0.00512821,-0.481904,781.0,62.8007,781.0,13.6205,0.0,0.0,2.0,0.0,5.0,5.0,5.0,5.0,0.0,0.0,0.0,4.6383,12.4362,7.65794,1.62772,4.53732,7.39268,139.0,1.8041,2.84505,2.95059,176.0,279.773,515.365,36.0,781.0,781.0,0.0,2.0,0.222222,64.0,6.0,188.0,0.37234,0.964103,872.0,2338.0,1439.69
tpp,2012,tpp_3_5_20_1,5.1342,17.1496,2.78649,0.0,0.0,0.0,1.15229,1.43543,0.358875,0.0,1.64532,4.02746,1.84735,398.868,697.048,36.0,154.522,4.29227,1.0,2.0,1.0,231.0,0.0,1.03125,733.0,3961.55,643.679,1.0,43.0,72.0,0.0,0.0,95.0,152.0,0.004329,0.186147,0.321429,0.0,0.0,0.411255,0.678571,0.004329,0.0,1.0,0.0,3.0,77.0,0.038961,0.333333,1.0,0.18887,0.004329,-0.589915,701.0,53.6101,701.0,14.7813,0.0,0.0,2.0,0.0,5.0,5.0,5.0,5.0,0.0,0.0,0.0,5.29464,13.0759,6.92278,1.375,3.55924,6.73053,173.0,1.88988,2.61639,2.67474,234.0,358.563,625.488,26.0,701.0,701.0,0.0,2.0,0.285714,78.0,511.0,224.0,2.62946,0.969697,1186.0,2929.0,1550.7
tpp,2012,tpp_5_3_20_1,5.1342,17.1496,2.78649,0.0,0.0,0.0,1.15229,1.43543,0.358875,0.0,1.64532,4.02746,1.84735,398.868,697.048,36.0,154.522,4.29227,1.0,2.0,1.0,231.0,0.0,1.03125,733.0,3961.55,643.679,1.0,43.0,72.0,0.0,0.0,95.0,152.0,0.004329,0.186147,0.321429,0.0,0.0,0.411255,0.678571,0.004329,0.0,1.0,0.0,3.0,77.0,0.038961,0.333333,1.0,0.18887,0.004329,-0.589915,701.0,53.6101,701.0,14.7813,0.0,0.0,2.0,0.0,5.0,5.0,5.0,5.0,0.0,0.0,0.0,5.29464,13.0759,6.92278,1.375,3.55924,6.73053,173.0,1.88988,2.61639,2.67474,234.0,358.563,625.488,26.0,701.0,701.0,0.0,2.0,0.285714,78.0,511.0,224.0,2.62946,0.969697,1186.0,2929.0,1550.7
tpp,2012,tpp_5_5_20_1,6.26393,24.6732,2.99138,0.0,0.0,0.0,1.45443,1.75031,0.472763,0.0,1.56851,3.96567,2.07875,599.249,1057.0,46.0,196.856,4.64386,1.0,2.0,1.0,341.0,0.0,1.02096,1063.0,8413.56,1020.06,1.0,73.0,122.0,0.0,0.0,145.0,212.0,0.00293255,0.214076,0.365269,0.0,0.0,0.42522,0.634731,0.00293255,0.0,1.0,0.0,3.0,97.0,0.0309278,0.284457,1.0,0.156367,0.00293255,-0.575131,901.0,56.9735,901.0,17.8362,0.0,0.0,2.0,0.0,5.0,5.0,5.0,5.0,0.0,0.0,0.0,6.39521,15.8144,7.2134,1.46685,3.1382,6.81974,263.0,1.86565,2.54571,2.6841,364.0,562.808,976.976,31.0,901.0,901.0,0.0,2.0,0.285714,118.0,1111.0,334.0,3.67964,0.979472,2136.0,5282.0,2409.28
tpp,2012,tpp_7_3_20_1,5.83165,21.7118,2.92196,0.0,0.0,0.0,1.35022,1.63684,0.342236,0.0,1.59445,3.95463,1.75499,519.293,912.958,42.0,179.073,4.39232,1.0,2.0,1.0,297.0,0.0,1.02414,931.0,6448.4,867.821,1.0,61.0,102.0,0.0,0.0,125.0,188.0,0.003367,0.205387,0.351724,0.0,0.0,0.420875,0.648276,0.003367,0.0,1.0,0.0,3.0,89.0,0.0337079,0.299663,1.0,0.167436,0.003367,-0.586005,821.0,56.0344,821.0,16.7121,0.0,0.0,2.0,0.0,5.0,5.0,5.0,5.0,0.0,0.0,0.0,5.97241,14.6517,7.0448,1.42075,3.29308,6.81945,227.0,1.7347,2.44558,2.67425,312.0,480.355,834.109,27.0,821.0,821.0,0.0,2.0,0.285714,102.0,847.0,290.0,3.27241,0.976431,1732.0,4249.0,2042.99
tpp,2012,tpp_7_5_20_1,7.28603,31.949,3.11977,0.0,0.0,0.0,1.66971,1.97338,0.453307,0.0,1.5214,3.90372,2.05168,799.287,1418.38,56.0,237.331,5.12928,1.0,2.0,1.0,451.0,0.0,1.01577,1393.0,14409.0,1407.02,1.0,103.0,172.0,0.0,0.0,195.0,272.0,0.00221729,0.228381,0.387387,0.0,0.0,0.432373,0.612613,0.00221729,0.0,1.0,0.0,3.0,117.0,0.025641,0.259424,1.0,0.135119,0.00221729,-0.546866,1101.0,58.7906,1101.0,20.2267,0.0,0.0,2.0,0.0,5.0,5.0,5.0,5.0,0.0,0.0,0.0,7.4009,18.7275,7.69304,1.58152,2.85714,6.79675,353.0,1.84219,2.55211,2.72064,494.0,772.382,1338.68,41.0,1101.0,1101.0,0.0,2.0,0.285714,158.0,1911.0,444.0,4.65991,0.984479,3286.0,8315.0,3415.71
tpp,2012,tpp_7_5_30_1,7.70478,34.3963,3.23525,0.0,0.0,0.0,1.64172,1.90644,0.437126,0.0,1.52274,3.9457,2.02829,871.619,1560.08,66.0,280.252,5.12928,1.0,2.0,1.0,481.0,0.0,1.01477,1503.0,16544.6,1556.16,1.0,103.0,172.0,0.0,0.0,205.0,302.0,0.002079,0.214137,0.362869,0.0,0.0,0.426195,0.637131,0.002079,0.0,1.0,0.0,3.0,137.0,0.0218978,0.284823,1.0,0.127901,0.002079,-0.530825,1301.0,65.6176,1301.0,21.0937,0.0,0.0,2.0,0.0,5.0,5.0,5.0,5.0,0.0,0.0,0.0,7.81857,19.827,8.41237,1.64291,3.06335,7.10356,373.0,1.8419,2.6156,2.77372,514.0,824.664,1483.77,41.0,1301.0,1301.0,0.0,2.0,0.285714,168.0,2251.0,474.0,5.10338,0.985447,3706.0,9398.0,3987.47
tpp,2016,tpp_4_5_20_1,5.72028,20.9683,2.90368,0.0,0.0,0.0,1.31984,1.60599,0.344391,0.0,1.60182,3.86926,1.75671,499.283,877.118,41.0,175.401,4.35712,1.0,2.0,1.0,286.0,0.0,1.02509,898.0,5996.94,830.452,1.0,58.0,97.0,0.0,0.0,120.0,182.0,0.0034965,0.202797,0.34767,0.0,0.0,0.41958,0.65233,0.0034965,0.0,1.0,0.0,3.0,87.0,0.0344828,0.304196,1.0,0.170538,0.0034965,-0.585533,801.0,55.661,801.0,16.4126,0.0,0.0,2.0,0.0,5.0,5.0,5.0,5.0,0.0,0.0,0.0,5.8638,14.3907,7.02059,1.41659,3.33042,6.80431,218.0,1.8578,2.34774,2.55495,339.0,459.888,799.475,26.0,801.0,801.0,0.0,2.0,0.285714,139.0,827.0,279.0,3.46237,0.975524,1636.0,4015.0,1958.74
tpp,2016,tpp_5_3_30_1,5.38697,18.4729,2.91471,0.0,0.0,0.0,1.17405,1.41473,0.343087,0.0,1.61875,4.04479,1.76294,460.097,817.193,46.0,195.95,4.25977,1.0,2.0,1.0,261.0,0.0,1.02756,843.0,4821.44,760.739,1.0,43.0,72.0,0.0,0.0,105.0,182.0,0.00383142,0.164751,0.283465,0.0,0.0,0.402299,0.716535,0.00383142,0.0,1.0,0.0,3.0,97.0,0.0309278,0.371648,1.0,0.180654,0.00383142,-0.513537,901.0,63.6767,901.0,15.7989,0.0,0.0,2.0,0.0,5.0,5.0,5.0,5.0,0.0,0.0,0.0,5.53543,14.1496,7.7066,1.5955,3.96716,7.30002,193.0,1.84666,2.70964,2.86586,299.0,401.455,744.058,36.0,901.0,901.0,0.0,2.0,0.285714,134.0,697.0,254.0,3.27165,0.97318,1406.0,3594.0,1957.48
tpp,2016,tpp_6_3_20_1,5.49242,19.4583,2.86113,0.0,0.0,0.0,1.26141,1.54005,0.349512,0.0,1.61779,3.85759,1.75875,459.207,805.154,39.0,166.751,4.28112,1.0,2.0,1.0,264.0,0.0,1.02724,832.0,5136.98,755.338,1.0,52.0,87.0,0.0,0.0,110.0,170.0,0.00378788,0.19697,0.338521,0.0,0.0,0.416667,0.661479,0.00378788,0.0,1.0,0.0,3.0,83.0,0.0361446,0.314394,1.0,0.177241,0.00378788,-0.589538,761.0,54.9992,761.0,15.7902,0.0,0.0,2.0,0.0,5.0,5.0,5.0,5.0,0.0,0.0,0.0,5.64202,13.8366,6.96104,1.3956,3.41978,6.78997,200.0,1.88355,2.34789,2.56956,311.0,419.147,729.257,26.0,761.0,761.0,0.0,2.0,0.285714,129.0,709.0,257.0,3.2607,0.973485,1450.0,3556.0,1788.99
tpp,2016,tpp_7_3_20_1,5.83165,21.7118,2.92196,0.0,0.0,0.0,1.35022,1.63684,0.342236,0.0,1.59445,3.95463,1.75499,519.293,912.958,42.0,179.073,4.39232,1.0,2.0,1.0,297.0,0.0,1.02414,931.0,6448.4,867.821,1.0,61.0,102.0,0.0,0.0,125.0,188.0,0.003367,0.205387,0.351724,0.0,0.0,0.420875,0.648276,0.003367,0.0,1.0,0.0,3.0,89.0,0.0337079,0.299663,1.0,0.167436,0.003367,-0.586005,821.0,56.0344,821.0,16.7121,0.0,0.0,2.0,0.0,5.0,5.0,5.0,5.0,0.0,0.0,0.0,5.97241,14.6517,7.0448,1.42075,3.29308,6.81945,227.0,1.7347,2.44558,2.67425,353.0,480.355,834.109,27.0,821.0,821.0,0.0,2.0,0.285714,144.0,889.0,290.0,3.56207,0.976431,1732.0,4249.0,2042.99
tpp,2016,tpp_7_3_30_1,6.15291,23.462,3.05168,0.0,0.0,0.0,1.34021,1.59021,0.327688,0.0,1.58287,3.99359,1.71425,584.837,1041.99,52.0,221.467,4.39232,1.0,2.0,1.0,327.0,0.0,1.02188,1041.0,7672.06,997.899,1.0,61.0,102.0,0.0,0.0,135.0,218.0,0.0030581,0.186544,0.31875,0.0,0.0,0.412844,0.68125,0.0030581,0.0,1.0,0.0,3.0,109.0,0.0275229,0.333333,1.0,0.159046,0.0030581,-0.531414,1021.0,64.7611,1021.0,17.6493,0.0,0.0,2.0,0.0,5.0,5.0,5.0,5.0,0.0,0.0,0.0,6.2875,15.7656,7.82174,1.58248,3.61268,7.27054,247.0,1.854,2.50733,2.72861,383.0,526.064,963.646,36.0,1021.0,1021.0,0.0,2.0,0.285714,164.0,1099.0,320.0,3.94687,0.978593,2012.0,5045.0,2502.96
train,2012,instance.12,2.46154,15.0925,6.05717,0.0,0.0,0.0,0.0,0.719745,0.571901,0.0,1.19968,5.8558,3.11847,360.421,997.522,6.0,117.046,19.5076,2.0,2.0,1.0,286.0,0.0,1.27111,858.0,4316.47,1732.35,0.0,36.0,112.0,0.0,0.0,238.0,113.0,0.0,0.125874,0.497778,0.0,0.0,0.832168,0.502222,0.0,0.0,0.0,0.0,0.0,0.0,0.0,0.0,1.0,0.319602,0.0034965,-1.06444,2850000.0,111.079,2850000.0,0.0,0.0,0.0,2.0,0.0,1.0,1.0,1.0,1.0,0.0,0.0,0.0,3.12889,25657.4,19098.5,0.639205,0.0,0.0,170.0,1.87037,2.53004,2.92963,230.0,321.531,1066.44,10.0,2850000.0,2850000.0,0.0,2.0,1.0,119.0,55.0,225.0,0.773333,0.786713,704.0,5772920.0,4297160.0
train,2012,instance.15,2.46154,15.0921,6.05697,0.0,0.0,0.0,0.0,0.719768,0.57192,0.0,1.19968,5.87678,3.11847,360.421,997.514,6.0,117.046,19.5076,2.0,2.0,1.0,286.0,0.0,1.27111,858.0,4316.33,1732.29,0.0,36.0,112.0,0.0,0.0,238.0,113.0,0.0,0.125874,0.497778,0.0,0.0,0.832168,0.502222,0.0,0.0,0.0,0.0,0.0,0.0,0.0,0.0,1.0,0.319602,0.0034965,-1.06444,2850000.0,111.079,2850000.0,0.0,0.0,0.0,2.0,0.0,1.0,1.0,1.0,1.0,0.0,0.0,0.0,3.12889,25657.4,19098.5,0.639205,0.0,0.0,170.0,1.87037,2.53893,2.92963,230.0,321.531,1066.43,10.0,2850000.0,2850000.0,0.0,2.0,1.0,119.0,55.0,225.0,0.773333,0.786713,704.0,5772900.0,4297160.0
train,2012,instance.2,2.47403,17.2562,6.98968,0.0,0.0,0.0,0.0,0.605017,0.474503,0.0,1.19881,5.88876,2.66569,390.611,1155.81,6.0,117.046,19.5076,2.0,2.0,1.0,308.0,0.0,1.33333,924.0,5314.91,2152.82,0.0,36.0,112.0,0.0,0.0,260.0,119.0,0.0,0.116883,0.484848,0.0,0.0,0.844156,0.515152,0.0,0.0,0.0,0.0,0.0,0.0,0.0,0.0,1.0,0.30315,0.00324675,-1.14935,2850000.0,113.596,2850000.0,0.0,0.0,0.0,2.0,0.0,1.0,1.0,1.0,1.0,0.0,0.0,0.0,3.2987,25089.0,18620.1,0.606299,0.0,0.0,170.0,1.95224,2.33979,3.04601,230.0,345.254,1223.21,10.0,2850000.0,2850000.0,0.0,2.0,1.0,125.0,49.0,231.0,0.753247,0.75,762.0,5795560.0,4301250.0
train,2012,instance.3,2.47403,17.2561,6.98965,0.0,0.0,0.0,0.0,0.60502,0.474505,0.0,1.19881,5.88876,2.66569,390.611,1155.8,6.0,117.046,19.5076,2.0,2.0,1.0,308.0,0.0,1.33333,924.0,5314.89,2152.81,0.0,36.0,112.0,0.0,0.0,260.0,119.0,0.0,0.116883,0.484848,0.0,0.0,0.844156,0.515152,0.0,0.0,0.0,0.0,0.0,0.0,0.0,0.0,1.0,0.30315,0.00324675,-1.14935,2850000.0,113.596,2850000.0,0.0,0.0,0.0,2.0,0.0,1.0,1.0,1.0,1.0,0.0,0.0,0.0,3.2987,25089.0,18620.1,0.606299,0.0,0.0,170.0,1.95224,2.33979,3.04601,230.0,345.254,1223.21,10.0,2850000.0,2850000.0,0.0,2.0,1.0,125.0,49.0,231.0,0.753247,0.75,762.0,5795550.0,4301250.0
train,2012,instance.6,2.46309,16.7877,6.7951,0.0,0.0,0.0,0.0,0.668641,0.509794,0.0,1.21445,5.753,2.9791,187.91,549.215,5.0,97.603,19.5206,2.0,2.0,1.0,149.0,0.0,1.2735,447.0,2501.37,1012.47,0.0,15.0,51.0,0.0,0.0,128.0,66.0,0.0,0.100671,0.435897,0.0,0.0,0.85906,0.564103,0.0,0.0,0.0,0.0,0.0,0.0,0.0,0.0,1.0,0.318801,0.00671141,-1.06838,2280000.0,57.8905,2280000.0,0.0,0.0,0.0,2.0,0.0,1.0,1.0,1.0,1.0,0.0,0.0,0.0,3.13675,39384.7,29365.8,0.637602,0.0,0.0,82.0,1.9137,2.64993,3.19219,126.0,166.979,659.75,10.0,2280000.0,2280000.0,0.0,2.0,1.0,74.0,48.0,117.0,1.04274,0.785235,367.0,4608010.0,3435800.0
train,2012,instance.7,2.47176,16.6528,6.71801,0.0,0.0,0.0,0.0,0.638341,0.493692,0.0,1.20026,5.93928,2.83728,381.271,1105.9,6.0,117.046,19.5076,2.0,2.0,1.0,301.0,0.0,1.31441,903.0,5012.49,2022.12,0.0,36.0,112.0,0.0,0.0,253.0,117.0,0.0,0.119601,0.489083,0.0,0.0,0.840532,0.510917,0.0,0.0,0.0,0.0,0.0,0.0,0.0,0.0,1.0,0.307796,0.00332226,-1.12445,2850000.0,112.745,2850000.0,0.0,0.0,0.0,2.0,0.0,1.0,1.0,1.0,1.0,0.0,0.0,0.0,3.24891,25278.3,18776.6,0.615591,0.0,0.0,170.0,1.90429,2.41539,2.99971,230.0,337.955,1174.07,10.0,2850000.0,2850000.0,0.0,2.0,1.0,123.0,51.0,229.0,0.759825,0.760797,744.0,5788740.0,4299840.0
train,2014,instance.1,2.44828,19.2067,7.90683,0.0,0.0,0.0,0.0,0.602698,0.438115,0.0,1.19042,4.89635,2.7376,72.6993,230.331,4.0,78.0674,19.5168,2.0,2.0,1.0,58.0,0.0,1.23404,174.0,1113.99,458.596,0.0,4.0,16.0,0.0,0.0,52.0,31.0,0.0,0.0689655,0.340426,0.0,0.0,0.896552,0.659574,0.0,0.0,0.0,0.0,0.0,0.0,0.0,0.0,1.0,0.330986,0.0172414,-1.16698,1710000.0,23.328,1710000.0,0.0,0.0,0.0,2.0,0.0,5.0,5.0,5.0,5.0,0.0,0.0,0.0,3.02128,73302.6,54780.5,0.573284,0.0,0.0,28.0,1.99616,2.567,3.15952,85.0,64.5642,340.161,9.0,1710000.0,1710000.0,0.0,2.0,1.0,82.0,61.0,47.0,3.04255,0.810345,142.0,3445220.0,2574680.0
train,2014,instance.13,2.46154,15.0924,6.05711,0.0,0.0,0.0,0.0,0.719752,0.571907,0.0,1.19968,5.87678,3.11847,360.421,997.52,6.0,117.046,19.5076,2.0,2.0,1.0,286.0,0.0,1.27111,858.0,4316.42,1732.33,0.0,36.0,112.0,0.0,0.0,238.0,113.0,0.0,0.125874,0.497778,0.0,0.0,0.832168,0.502222,0.0,0.0,0.0,0.0,0.0,0.0,0.0,0.0,1.0,0.319602,0.0034965,-1.06444,2850000.0,111.079,2850000.0,0.0,0.0,0.0,2.0,0.0,5.0,5.0,5.0,5.0,0.0,0.0,0.0,3.12889,25657.4,19098.5,0.639205,0.0,0.0,170.0,1.87037,2.53893,2.9241,305.0,321.531,1066.44,10.0,2850000.0,2850000.0,0.0,2.0,1.0,262.0,110.0,225.0,1.65333,0.786713,704.0,5772920.0,4297160.0
train,2014,instance.14,2.46154,15.0922,6.05704,0.0,0.0,0.0,0.0,0.71976,0.571914,0.0,1.19968,5.8558,3.11847,360.421,997.517,6.0,117.046,19.5076,2.0,2.0,1.0,286.0,0.0,1.27111,858.0,4316.38,1732.31,0.0,36.0,112.0,0.0,0.0,238.0,113.0,0.0,0.125874,0.497778,0.0,0.0,0.832168,0.502222,0.0,0.0,0.0,0.0,0.0,0.0,0.0,0.0,1.0,0.319602,0.0034965,-1.06444,2850000.0,111.079,2850000.0,0.0,0.0,0.0,2.0,0.0,5.0,5.0,5.0,5.0,0.0,0.0,0.0,3.12889,25657.4,19098.5,0.639205,0.0,0.0,170.0,1.87037,2.53004,2.92963,305.0,321.531,1066.43,10.0,2850000.0,2850000.0,0.0,2.0,1.0,262.0,110.0,225.0,1.65333,0.786713,704.0,5772910.0,4297160.0
train,2014,instance.8,2.47176,16.6526,6.71795,0.0,0.0,0.0,0.0,0.638346,0.493696,0.0,1.20026,5.96205,2.83728,381.271,1105.9,6.0,117.046,19.5076,2.0,2.0,1.0,301.0,0.0,1.31441,903.0,5012.44,2022.1,0.0,36.0,112.0,0.0,0.0,253.0,117.0,0.0,0.119601,0.489083,0.0,0.0,0.840532,0.510917,0.0,0.0,0.0,0.0,0.0,0.0,0.0,0.0,1.0,0.307796,0.00332226,-1.12445,2850000.0,112.745,2850000.0,0.0,0.0,0.0,2.0,0.0,5.0,5.0,5.0,5.0,0.0,0.0,0.0,3.24891,25278.3,18776.6,0.615591,0.0,0.0,170.0,1.90429,2.42413,2.99641,305.0,337.955,1174.06,10.0,2850000.0,2850000.0,0.0,2.0,1.0,272.0,100.0,229.0,1.62445,0.760797,744.0,5788730.0,4299840.0
train,2014,instance.9,2.47176,16.6525,6.71788,0.0,0.0,0.0,0.0,0.638352,0.493701,0.0,1.20026,5.93928,2.83728,381.271,1105.9,6.0,117.046,19.5076,2.0,2.0,1.0,301.0,0.0,1.31441,903.0,5012.4,2022.08,0.0,36.0,112.0,0.0,0.0,253.0,117.0,0.0,0.119601,0.489083,0.0,0.0,0.840532,0.510917,0.0,0.0,0.0,0.0,0.0,0.0,0.0,0.0,1.0,0.307796,0.00332226,-1.12445,2850000.0,112.745,2850000.0,0.0,0.0,0.0,2.0,0.0,5.0,5.0,5.0,5.0,0.0,0.0,0.0,3.24891,25278.3,18776.6,0.615591,0.0,0.0,170.0,1.90429,2.41539,2.99641,305.0,337.955,1174.05,10.0,2850000.0,2850000.0,0.0,2.0,1.0,272.0,100.0,229.0,1.62445,0.760797,744.0,5788730.0,4299840.0
train,2018,instance.10,2.47176,16.6523,6.71782,0.0,0.0,0.0,0.0,0.638358,0.493706,0.0,1.20026,5.96205,2.83728,381.271,1105.89,6.0,117.046,19.5076,2.0,2.0,1.0,301.0,0.0,1.31441,903.0,5012.35,2022.06,0.0,36.0,112.0,0.0,0.0,253.0,117.0,0.0,0.119601,0.489083,0.0,0.0,0.840532,0.510917,0.0,0.0,0.0,0.0,0.0,0.0,0.0,0.0,1.0,0.307796,0.00332226,-1.12445,2850000.0,112.745,2850000.0,0.0,0.0,0.0,2.0,0.0,5.0,5.0,5.0,5.0,0.0,0.0,0.0,3.24891,25278.3,18776.6,0.615591,0.0,0.0,170.0,1.90429,2.42413,2.99427,304.0,337.955,1174.05,10.0,2850000.0,2850000.0,0.0,2.0,1.0,272.0,106.0,229.0,1.65066,0.760797,744.0,5788720.0,4299840.0
train,2018,instance.16,2.45324,14.1361,5.6678,0.0,0.0,0.0,0.0,0.768442,0.58517,0.0,1.19686,5.88035,3.18831,348.911,939.228,6.0,116.871,19.4784,2.0,2.0,1.0,278.0,0.0,1.24664,834.0,3929.84,1575.65,0.0,36.0,112.0,0.0,0.0,230.0,111.0,0.0,0.129496,0.502242,0.0,0.0,0.827338,0.497758,0.0,0.0,0.0,0.0,0.0,0.0,0.0,0.0,1.0,0.326979,0.00359712,-1.18836,2793000.0,110.243,2793000.0,0.0,0.0,0.0,2.0,0.0,5.0,5.0,5.0,5.0,0.0,0.0,0.0,3.0583,25334.9,18877.5,0.566345,0.0,0.0,170.0,1.83458,2.60474,2.95219,304.0,312.968,1007.23,10.0,2793000.0,2793000.0,0.0,2.0,0.75,258.0,125.0,223.0,1.71749,0.802158,682.0,5649690.0,4209670.0
train,2018,instance.17,2.46104,16.4615,6.64323,0.0,0.0,0.0,0.0,0.684593,0.542741,0.0,1.20879,5.69054,2.92099,194.08,558.926,5.0,97.603,19.5206,2.0,2.0,1.0,154.0,0.0,1.27273,462.0,2535.07,1023.06,0.0,17.0,55.0,0.0,0.0,131.0,66.0,0.0,0.11039,0.454545,0.0,0.0,0.850649,0.545455,0.0,0.0,0.0,0.0,0.0,0.0,0.0,0.0,1.0,0.319261,0.00649351,-1.06612,2280000.0,59.8683,2280000.0,0.0,0.0,0.0,2.0,0.0,5.0,5.0,5.0,5.0,0.0,0.0,0.0,3.13223,38083.6,28393.2,0.638522,0.0,0.0,86.0,1.91983,2.55585,3.1935,177.0,172.471,662.537,10.0,2280000.0,2280000.0,0.0,2.0,0.375,160.0,96.0,121.0,2.1157,0.785714,379.0,4608120.0,3435570.0
train,2018,instance.4,2.47403,17.256,6.98961,0.0,0.0,0.0,0.0,0.605023,0.474508,0.0,1.19881,5.86927,2.66569,390.611,1155.8,6.0,117.046,19.5076,2.0,2.0,1.0,308.0,0.0,1.33333,924.0,5314.86,2152.8,0.0,36.0,112.0,0.0,0.0,260.0,119.0,0.0,0.116883,0.484848,0.0,0.0,0.844156,0.515152,0.0,0.0,0.0,0.0,0.0,0.0,0.0,0.0,1.0,0.30315,0.00324675,-1.14935,2850000.0,113.596,2850000.0,0.0,0.0,0.0,2.0,0.0,5.0,5.0,5.0,5.0,0.0,0.0,0.0,3.2987,25089.0,18620.1,0.606299,0.0,0.0,170.0,1.95224,2.33113,3.04601,304.0,345.254,1223.2,10.0,2850000.0,2850000.0,0.0,2.0,1.0,278.0,100.0,231.0,1.63636,0.75,762.0,5795550.0,4301250.0
train,2018,instance.5,2.47403,17.256,6.98957,0.0,0.0,0.0,0.0,0.605026,0.474511,0.0,1.19881,5.88876,2.66569,390.611,1155.8,6.0,117.046,19.5076,2.0,2.0,1.0,308.0,0.0,1.33333,924.0,5314.84,2152.79,0.0,36.0,112.0,0.0,0.0,260.0,119.0,0.0,0.116883,0.484848,0.0,0.0,0.844156,0.515152,0.0,0.0,0.0,0.0,0.0,0.0,0.0,0.0,1.0,0.30315,0.00324675,-1.14935,2850000.0,113.596,2850000.0,0.0,0.0,0.0,2.0,0.0,5.0,5.0,5.0,5.0,0.0,0.0,0.0,3.2987,25088.9,18620.1,0.606299,0.0,0.0,170.0,1.95224,2.33979,3.04601,304.0,345.254,1223.19,10.0,2850000.0,2850000.0,0.0,2.0,1.0,278.0,100.0,231.0,1.63636,0.75,762.0,5795540.0,4301250.0
train-scheduling,2024,trains05,3.80087,17.6971,3.9772,0.0,0.0,0.0,1.68465,2.85734,0.615883,0.0,1.57925,3.36064,2.3741,2601.38,5139.26,75.0,583.811,10.2104,1.0,2.0,1.0,1602.0,0.0,1.28058,4998.0,28350.8,6371.48,12.0,420.0,792.0,0.0,0.0,999.0,459.0,0.00749064,0.262172,0.633094,0.0,0.0,0.623596,0.366906,0.0299625,0.0,48.0,0.0,4.0,75.0,0.0533333,0.0468165,1.0,0.205452,0.00062422,-0.694589,2905.0,54.9605,2905.0,21.2734,0.0,0.0,2.0,0.0,5.0,0.0,5.0,5.0,0.0,5.0,0.0,4.86731,52.8561,12.5686,1.14391,2.53653,7.1412,963.0,1.9787,1.68354,2.4307,1442.0,2068.29,3314.24,24.0,2905.0,2905.0,0.0,2.0,0.153846,734.0,170.0,1251.0,0.722622,0.780899,6089.0,66123.0,15723.4
train-scheduling,2024,trains09,4.35943,23.3479,3.85811,0.0,0.0,0.0,2.13959,3.38251,0.685763,0.0,1.82492,4.697,2.78765,2386.55,4726.45,67.0,558.553,10.8393,1.0,2.0,1.0,1533.0,0.0,1.25965,4844.0,35792.4,5914.49,26.0,352.0,688.0,0.0,0.0,867.0,529.0,0.0169602,0.229615,0.565325,0.0,0.0,0.565558,0.434675,0.0691455,0.0,106.0,0.0,5.0,158.0,0.0316456,0.103066,1.0,0.182104,0.000652316,-0.55285,5796.0,73.8147,5796.0,22.6497,0.0,0.0,2.0,0.0,5.0,0.0,5.0,5.0,0.0,5.0,0.0,5.49137,78.521,19.7895,1.47942,3.21481,9.22784,899.0,2.717,2.25816,2.84845,1492.0,2086.24,3465.18,38.0,5796.0,5796.0,0.0,2.0,0.153846,766.0,254.0,1217.0,0.838127,0.793868,6683.0,95560.0,24083.8
train-scheduling,2024,trains12,3.50994,17.0631,4.19036,0.0,0.0,0.0,1.36636,2.3347,0.631389,0.0,1.79947,4.31957,2.4381,1081.08,2244.49,47.0,376.098,9.70165,1.0,2.0,1.0,704.0,0.0,1.24162,2206.0,12012.4,2950.02,6.0,154.0,298.0,0.0,0.0,439.0,269.0,0.00852273,0.21875,0.525573,0.0,0.0,0.62358,0.474427,0.0426136,0.0,30.0,0.0,5.0,63.0,0.0793651,0.0894886,1.0,0.229462,0.00142045,-0.867038,2436.0,26.8082,2436.0,13.2654,0.0,0.0,2.0,0.0,5.0,0.0,5.0,5.0,0.0,5.0,0.0,4.35802,90.8677,24.378,0.888702,1.94552,4.66139,409.0,2.64277,2.21464,3.13377,717.0,959.339,1872.25,18.0,2436.0,2436.0,0.0,2.0,0.153846,445.0,136.0,567.0,1.02469,0.805398,2471.0,51522.0,13822.3
train-scheduling,2024,trains15,3.28409,13.934,3.14881,0.0,0.0,0.0,1.36176,2.57062,0.777909,0.0,1.57022,4.31218,2.24315,734.872,1363.29,31.0,234.381,8.71107,2.0,2.0,1.0,528.0,0.0,1.20548,1586.0,7357.15,1662.57,13.0,123.0,204.0,0.0,0.0,273.0,234.0,0.0246212,0.232955,0.465753,0.0,0.0,0.517045,0.534247,0.0833333,0.0,44.0,0.0,5.0,65.0,0.0769231,0.123106,1.0,0.252595,0.00189394,-0.820652,1237.0,19.3744,1237.0,9.99016,0.0,0.0,2.0,0.0,5.0,0.0,5.0,5.0,0.0,5.0,0.0,3.9589,63.847,18.8687,0.910745,1.83925,3.58313,302.0,2.56798,2.20079,3.0329,529.0,703.152,1321.9,17.0,1237.0,1237.0,0.0,2.0,0.153846,285.0,109.0,438.0,0.899543,0.829545,1734.0,27965.0,8264.51
train-scheduling,2024,trains18,4.24802,16.2095,3.24475,0.0,0.0,0.0,1.94119,2.97021,0.533801,0.0,1.79388,4.38795,2.33762,1623.16,3042.12,67.0,391.82,8.4397,1.0,2.0,1.0,1012.0,0.0,1.1864,3230.0,16404.0,3283.69,6.0,224.0,464.0,0.0,0.0,607.0,389.0,0.00592885,0.221344,0.543962,0.0,0.0,0.599802,0.456038,0.0533597,0.0,54.0,0.0,3.0,97.0,0.0309278,0.0958498,1.0,0.198418,0.000988142,-0.763462,968.0,49.3842,968.0,18.2621,0.0,0.0,2.0,0.0,5.0,0.0,5.0,5.0,0.0,5.0,0.0,5.03986,19.6014,5.97261,1.04993,2.64943,6.35356,607.0,2.7338,1.97327,2.82614,1044.0,1476.54,2138.78,18.0,968.0,968.0,0.0,2.0,0.111111,682.0,236.0,853.0,1.0762,0.842885,4299.0,16720.0,5094.64
traveling-tppv,2014,circ14bnonbal,3.62679,8.81653,2.00166,0.0,0.0,0.0,1.35078,1.97109,0.0,0.0,1.37176,2.85903,1.74657,4023.24,6135.15,197.0,598.423,3.70044,2.0,2.0,1.0,2591.0,0.0,1.28458,8097.0,22843.6,5186.3,0.0,728.0,1092.0,0.0,0.0,1094.0,925.0,0.0,0.280973,0.541398,0.0,0.0,0.422231,0.458602,0.0,0.0,0.0,0.0,4.0,769.0,0.00520156,0.296797,1.0,0.214643,0.000385951,-0.74687,1373.0,257.206,1373.0,44.5845,0.0,0.0,2.0,0.0,5.0,5.0,5.0,5.0,0.0,0.0,0.0,4.6589,5.33813,2.00168,1.05153,5.74653,15.2597,1639.0,2.05982,1.25052,1.83454,2940.0,3601.59,3637.9,21.0,1373.0,1373.0,0.0,2.0,0.4,1862.0,1010.0,2017.0,1.4239,0.778464,9397.0,10767.0,4037.38
traveling-tppv,2014,circ20gnonbal,4.08562,11.7845,2.20705,0.0,0.0,0.0,1.765,2.42994,0.453093,0.0,1.3421,2.82644,1.79522,8532.1,13428.0,401.0,1395.74,4.24793,2.0,2.0,1.0,5361.0,0.0,1.28223,16765.0,63176.7,11832.0,0.0,1520.0,2280.0,0.0,0.0,2282.0,1901.0,0.0,0.283529,0.545324,0.0,0.0,0.425667,0.454676,0.0,0.0,0.0,0.0,4.0,1559.0,0.00256575,0.290804,1.0,0.190887,0.000186532,-0.639008,4001.0,575.227,4001.0,64.3866,0.0,0.0,2.0,0.0,5.0,5.0,5.0,5.0,0.0,0.0,0.0,5.2387,6.95551,2.53858,1.2662,8.91843,24.369,3401.0,2.06112,1.2436,1.83703,6480.0,7664.51,8229.93,26.0,4001.0,4001.0,0.0,2.0,0.4,4240.0,1216.0,4181.0,1.30495,0.779892,21903.0,29081.0,10613.8
traveling-tppv,2014,circ8bbal,3.14981,5.80696,1.66424,0.0,0.0,0.0,0.839971,1.30014,0.0,0.0,1.44229,2.91986,1.53421,1194.93,1691.61,65.0,156.609,2.80735,2.0,2.0,1.0,801.0,0.0,1.29822,2485.0,4651.37,1333.06,0.0,224.0,336.0,0.0,0.0,338.0,281.0,0.0,0.27965,0.544571,0.0,0.0,0.421973,0.455429,0.0,0.0,0.0,0.0,4.0,239.0,0.0167364,0.298377,1.0,0.24455,0.00124844,-0.976872,257.0,69.762,257.0,24.489,0.0,0.0,2.0,0.0,5.0,5.0,5.0,5.0,0.0,0.0,0.0,4.08914,3.68395,1.41578,0.773335,2.80787,7.27204,497.0,2.15691,1.25602,1.42885,960.0,1071.04,947.301,14.0,257.0,257.0,0.0,2.0,0.4,640.0,80.0,617.0,1.16694,0.770287,2523.0,2273.0,873.538
traveling-tppv,2014,circ8cbal,3.14981,5.80696,1.66424,0.0,0.0,0.0,0.839971,1.30014,0.0,0.0,1.44229,2.91986,1.53421,1194.93,1691.61,65.0,156.609,2.80735,2.0,2.0,1.0,801.0,0.0,1.29822,2485.0,4651.37,1333.06,0.0,224.0,336.0,0.0,0.0,338.0,281.0,0.0,0.27965,0.544571,0.0,0.0,0.421973,0.455429,0.0,0.0,0.0,0.0,4.0,239.0,0.0167364,0.298377,1.0,0.24455,0.00124844,-0.976872,257.0,69.762,257.0,24.489,0.0,0.0,2.0,0.0,5.0,5.0,5.0,5.0,0.0,0.0,0.0,4.08914,3.68395,1.41578,0.773335,2.80787,7.27204,497.0,2.15691,1.25602,1.42885,960.0,1071.04,947.301,14.0,257.0,257.0,0.0,2.0,0.4,640.0,80.0,617.0,1.16694,0.770287,2523.0,2273.0,873.538
traveling-tppv,2014,circ8ebal,3.14981,5.80696,1.66424,0.0,0.0,0.0,0.839971,1.30014,0.0,0.0,1.44229,2.91986,1.53421,1194.93,1691.61,65.0,156.609,2.80735,2.0,2.0,1.0,801.0,0.0,1.29822,2485.0,4651.37,1333.06,0.0,224.0,336.0,0.0,0.0,338.0,281.0,0.0,0.27965,0.544571,0.0,0.0,0.421973,0.455429,0.0,0.0,0.0,0.0,4.0,239.0,0.0167364,0.298377,1.0,0.24455,0.00124844,-0.976872,257.0,69.762,257.0,24.489,0.0,0.0,2.0,0.0,5.0,5.0,5.0,5.0,0.0,0.0,0.0,4.08914,3.68395,1.41578,0.773335,2.80787,7.27204,497.0,2.15691,1.25602,1.42885,960.0,1071.04,947.301,14.0,257.0,257.0,0.0,2.0,0.4,640.0,80.0,617.0,1.16694,0.770287,2523.0,2273.0,873.538
traveling-tppv,2017,circ14anonbal,3.63562,8.82802,1.99433,0.0,0.0,0.0,1.34749,1.97178,0.0,0.0,1.37168,2.85406,1.74057,4009.24,6096.73,197.0,598.423,3.70044,2.0,2.0,1.0,2577.0,0.0,1.28657,8041.0,22749.8,5139.39,0.0,728.0,1092.0,0.0,0.0,1094.0,911.0,0.0,0.282499,0.545182,0.0,0.0,0.424525,0.454818,0.0,0.0,0.0,0.0,4.0,755.0,0.00529801,0.292976,1.0,0.21379,0.000388048,-0.750663,1373.0,258.106,1373.0,44.4202,0.0,0.0,2.0,0.0,5.0,5.0,5.0,5.0,0.0,0.0,0.0,4.67748,5.31952,1.97863,1.04735,5.78804,15.4871,1625.0,2.09175,1.24625,1.82202,2927.0,3594.75,3595.9,20.0,1373.0,1373.0,0.0,2.0,0.4,1863.0,815.0,2003.0,1.33699,0.77726,9369.0,10655.0,3963.19
traveling-tppv,2017,circ20hnonbal,4.08562,11.7845,2.20705,0.0,0.0,0.0,1.765,2.42994,0.453093,0.0,1.3421,2.82644,1.79522,8532.1,13428.0,401.0,1395.74,4.24793,2.0,2.0,1.0,5361.0,0.0,1.28223,16765.0,63176.7,11832.0,0.0,1520.0,2280.0,0.0,0.0,2282.0,1901.0,0.0,0.283529,0.545324,0.0,0.0,0.425667,0.454676,0.0,0.0,0.0,0.0,4.0,1559.0,0.00256575,0.290804,1.0,0.190887,0.000186532,-0.639008,4001.0,575.227,4001.0,64.3866,0.0,0.0,2.0,0.0,5.0,5.0,5.0,5.0,0.0,0.0,0.0,5.2387,6.95551,2.53858,1.2662,8.91843,24.369,3401.0,2.06112,1.2436,1.83703,6481.0,7664.51,8229.93,26.0,4001.0,4001.0,0.0,2.0,0.4,4241.0,1617.0,4181.0,1.4011,0.779892,21903.0,29081.0,10613.8
traveling-tppv,2017,circ20inonbal,4.08562,11.7845,2.20705,0.0,0.0,0.0,1.765,2.42994,0.453093,0.0,1.3421,2.82644,1.79522,8532.1,13428.0,401.0,1395.74,4.24793,2.0,2.0,1.0,5361.0,0.0,1.28223,16765.0,63176.7,11832.0,0.0,1520.0,2280.0,0.0,0.0,2282.0,1901.0,0.0,0.283529,0.545324,0.0,0.0,0.425667,0.454676,0.0,0.0,0.0,0.0,4.0,1559.0,0.00256575,0.290804,1.0,0.190887,0.000186532,-0.639008,4001.0,575.227,4001.0,64.3866,0.0,0.0,2.0,0.0,5.0,5.0,5.0,5.0,0.0,0.0,0.0,5.2387,6.95551,2.53858,1.2662,8.91843,24.369,3401.0,2.06112,1.2436,1.83703,6481.0,7664.51,8229.93,26.0,4001.0,4001.0,0.0,2.0,0.4,4241.0,1617.0,4181.0,1.4011,0.779892,21903.0,29081.0,10613.8
traveling-tppv,2017,circ8abal,3.14981,5.80696,1.66424,0.0,0.0,0.0,0.839971,1.30014,0.0,0.0,1.44229,2.91986,1.53421,1194.93,1691.61,65.0,156.609,2.80735,2.0,2.0,1.0,801.0,0.0,1.29822,2485.0,4651.37,1333.06,0.0,224.0,336.0,0.0,0.0,338.0,281.0,0.0,0.27965,0.544571,0.0,0.0,0.421973,0.455429,0.0,0.0,0.0,0.0,4.0,239.0,0.0167364,0.298377,1.0,0.24455,0.00124844,-0.976872,257.0,69.762,257.0,24.489,0.0,0.0,2.0,0.0,5.0,5.0,5.0,5.0,0.0,0.0,0.0,4.08914,3.68395,1.41578,0.773335,2.80787,7.27204,497.0,2.15691,1.25602,1.42885,961.0,1071.04,947.301,14.0,257.0,257.0,0.0,2.0,0.4,641.0,145.0,617.0,1.27391,0.770287,2523.0,2273.0,873.538
traveling-tppv,2017,circ8dbal,3.14981,5.80696,1.66424,0.0,0.0,0.0,0.839971,1.30014,0.0,0.0,1.44229,2.91986,1.53421,1194.93,1691.61,65.0,156.609,2.80735,2.0,2.0,1.0,801.0,0.0,1.29822,2485.0,4651.37,1333.06,0.0,224.0,336.0,0.0,0.0,338.0,281.0,0.0,0.27965,0.544571,0.0,0.0,0.421973,0.455429,0.0,0.0,0.0,0.0,4.0,239.0,0.0167364,0.298377,1.0,0.24455,0.00124844,-0.976872,257.0,69.762,257.0,24.489,0.0,0.0,2.0,0.0,5.0,5.0,5.0,5.0,0.0,0.0,0.0,4.08914,3.68395,1.41578,0.773335,2.80787,7.27204,497.0,2.15691,1.25602,1.42885,961.0,1071.04,947.301,14.0,257.0,257.0,0.0,2.0,0.4,641.0,145.0,617.0,1.27391,0.770287,2523.0,2273.0,873.538
traveling-tppv,2022,circ14cnonbal,3.62679,8.81653,2.00166,0.0,0.0,0.0,1.35078,1.97109,0.0,0.0,1.37176,2.85903,1.74657,4023.24,6135.15,197.0,598.423,3.70044,2.0,2.0,1.0,2591.0,0.0,1.28458,8097.0,22843.6,5186.3,0.0,728.0,1092.0,0.0,0.0,1094.0,925.0,0.0,0.280973,0.541398,0.0,0.0,0.422231,0.458602,0.0,0.0,0.0,0.0,4.0,769.0,0.00520156,0.296797,1.0,0.214643,0.000385951,-0.74687,1373.0,257.206,1373.0,44.5845,0.0,0.0,2.0,0.0,5.0,5.0,5.0,5.0,0.0,0.0,0.0,4.6589,5.33813,2.00168,1.05153,5.74653,15.2597,1639.0,2.05982,1.25052,1.83454,2941.0,3601.59,3637.9,21.0,1373.0,1373.0,0.0,2.0,0.4,1863.0,1207.0,2017.0,1.52206,0.778464,9397.0,10767.0,4037.38
traveling-tppv,2022,circ14enonbal,3.62679,8.81653,2.00166,0.0,0.0,0.0,1.35078,1.97109,0.0,0.0,1.37176,2.85903,1.74657,4023.24,6135.15,197.0,598.423,3.70044,2.0,2.0,1.0,2591.0,0.0,1.28458,8097.0,22843.6,5186.3,0.0,728.0,1092.0,0.0,0.0,1094.0,925.0,0.0,0.280973,0.541398,0.0,0.0,0.422231,0.458602,0.0,0.0,0.0,0.0,4.0,769.0,0.00520156,0.296797,1.0,0.214643,0.000385951,-0.74687,1373.0,257.206,1373.0,44.5845,0.0,0.0,2.0,0.0,5.0,5.0,5.0,5.0,0.0,0.0,0.0,4.6589,5.33813,2.00168,1.05153,5.74653,15.2597,1639.0,2.05982,1.25052,1.83454,2941.0,3601.59,3637.9,21.0,1373.0,1373.0,0.0,2.0,0.4,1863.0,1207.0,2017.0,1.52206,0.778464,9397.0,10767.0,4037.38
traveling-tppv,2022,circ20bnonbal,4.08562,11.7845,2.20705,0.0,0.0,0.0,1.765,2.42994,0.453093,0.0,1.3421,2.82644,1.79522,8532.1,13428.0,401.0,1395.74,4.24793,2.0,2.0,1.0,5361.0,0.0,1.28223,16765.0,63176.7,11832.0,0.0,1520.0,2280.0,0.0,0.0,2282.0,1901.0,0.0,0.283529,0.545324,0.0,0.0,0.425667,0.454676,0.0,0.0,0.0,0.0,4.0,1559.0,0.00256575,0.290804,1.0,0.190887,0.000186532,-0.639008,4001.0,575.227,4001.0,64.3866,0.0,0.0,2.0,0.0,5.0,5.0,5.0,5.0,0.0,0.0,0.0,5.2387,6.95551,2.53858,1.2662,8.91843,24.369,3401.0,2.06112,1.2436,1.83703,6481.0,7664.51,8229.93,26.0,4001.0,4001.0,0.0,2.0,0.4,4241.0,1617.0,4181.0,1.4011,0.779892,21903.0,29081.0,10613.8
traveling-tppv,2022,circ20fnonbal,4.08562,11.7845,2.20705,0.0,0.0,0.0,1.765,2.42994,0.453093,0.0,1.3421,2.82644,1.79522,8532.1,13428.0,401.0,1395.74,4.24793,2.0,2.0,1.0,5361.0,0.0,1.28223,16765.0,63176.7,11832.0,0.0,1520.0,2280.0,0.0,0.0,2282.0,1901.0,0.0,0.283529,0.545324,0.0,0.0,0.425667,0.454676,0.0,0.0,0.0,0.0,4.0,1559.0,0.00256575,0.290804,1.0,0.190887,0.000186532,-0.639008,4001.0,575.227,4001.0,64.3866,0.0,0.0,2.0,0.0,5.0,5.0,5.0,5.0,0.0,0.0,0.0,5.2387,6.95551,2.53858,1.2662,8.91843,24.369,3401.0,2.06112,1.2436,1.83703,6481.0,7664.51,8229.93,26.0,4001.0,4001.0,0.0,2.0,0.4,4241.0,1617.0,4181.0,1.4011,0.779892,21903.0,29081.0,10613.8
traveling-tppv,2022,circ20jnonbal,4.08562,11.7845,2.20705,0.0,0.0,0.0,1.765,2.42994,0.453093,0.0,1.3421,2.82644,1.79522,8532.1,13428.0,401.0,1395.74,4.24793,2.0,2.0,1.0,5361.0,0.0,1.28223,16765.0,63176.7,11832.0,0.0,1520.0,2280.0,0.0,0.0,2282.0,1901.0,0.0,0.283529,0.545324,0.0,0.0,0.425667,0.454676,0.0,0.0,0.0,0.0,4.0,1559.0,0.00256575,0.290804,1.0,0.190887,0.000186532,-0.639008,4001.0,575.227,4001.0,64.3866,0.0,0.0,2.0,0.0,5.0,5.0,5.0,5.0,0.0,0.0,0.0,5.2387,6.95551,2.53858,1.2662,8.91843,24.369,3401.0,2.06112,1.2436,1.83703,6481.0,7664.51,8229.93,26.0,4001.0,4001.0,0.0,2.0,0.4,4241.0,1617.0,4181.0,1.4011,0.779892,21903.0,29081.0,10613.8
travelling-thief,2023,n10_k15_c5000_l10000_u11000_r49,6.3266,9.45449,2.05427,0.0,0.0,0.0,3.28147,2.59082,1.28793,0.0,1.16486,2.35688,0.841078,9209.66,11654.3,137.0,223.672,13.2115,1.0,2.0,1.0,5597.0,0.0,3.72141,13234.0,52916.8,11497.7,0.0,4234.0,500.0,0.0,0.0,245.0,1004.0,0.0,0.756477,0.332447,0.0,0.0,0.0437735,0.667553,0.0,0.0,0.0,0.0,4.0,847.0,0.00472255,0.151331,1.0,0.0424739,0.000178667,-0.375003,69232000.0,1413.5,69232000.0,0.0,0.0,0.0,3.0,0.0,5.0,5.0,5.0,5.0,0.0,0.0,0.0,23.5439,48979.1,47832.7,2.55338,0.0,0.0,1350.0,3.15259,2.67592,3.2482,1922.0,2683.87,8086.61,342.0,69232000.0,69232000.0,0.0,2.0,0.00584795,744.0,531.0,1504.0,0.847739,0.268715,35410.0,73664600.0,71940300.0
travelling-thief,2023,n10_k3_c5000_l10000_u10100_r46,4.94561,16.9779,4.61613,0.0,0.0,0.0,1.34124,1.35085,0.866526,0.0,1.97227,4.12886,2.11331,819.318,1527.26,29.0,152.131,13.0275,1.0,2.0,1.0,478.0,0.0,1.25131,1508.0,8115.45,2206.51,0.0,129.0,134.0,0.0,0.0,107.0,248.0,0.0,0.269874,0.350785,0.0,0.0,0.223849,0.649215,0.0,0.0,0.0,0.0,4.0,187.0,0.0213904,0.391213,1.0,0.161591,0.00209205,-0.432373,14081200.0,352.64,14081200.0,0.0,0.0,0.0,3.0,0.0,5.0,5.0,5.0,5.0,0.0,0.0,0.0,6.18848,39930.8,38366.6,1.93909,0.0,0.0,336.0,2.82166,2.72361,3.22383,424.0,576.475,2040.63,68.0,14081200.0,14081200.0,0.0,2.0,0.0294118,152.0,293.0,382.0,1.16492,0.799163,2364.0,15253600.0,14656000.0
travelling-thief,2023,n20_k15_c5000_l100_u200_r32,6.48035,8.53788,1.6471,0.0,0.0,0.0,4.73114,3.93896,1.35758,0.0,0.715594,1.38069,0.52563,39990.5,46098.9,306.0,363.894,15.3591,2.0,2.0,1.0,24451.0,0.0,7.21694,53590.0,208760.0,40273.3,0.0,21384.0,1254.0,0.0,0.0,729.0,2134.0,0.0,0.874565,0.37013,0.0,0.0,0.0298147,0.62987,0.0,0.0,0.0,0.0,4.0,1767.0,0.00226372,0.072267,1.0,0.021382,4.08981e-05,-0.361728,153584000.0,3141.6,153584000.0,0.0,0.0,0.0,3.0,0.0,5.0,5.0,5.0,5.0,0.0,0.0,0.0,46.7683,48887.2,47051.8,2.70539,0.0,0.0,3064.0,3.69822,2.59853,3.22389,4256.0,7293.37,18021.8,739.0,153584000.0,153584000.0,0.0,2.0,0.00270636,1554.0,4349.0,3388.0,1.74233,0.138563,158451.0,165630000.0,159412000.0
travelling-thief,2023,n20_k20_c1000_l1000_u2000_r46,6.69571,8.23983,1.49919,0.0,0.0,0.0,5.48948,4.71752,1.33406,0.0,0.643202,1.20152,0.431708,65420.0,73174.1,401.0,427.519,15.5826,2.0,2.0,1.0,40317.0,0.0,9.21742,86610.0,332205.0,60442.7,0.0,36359.0,1556.0,0.0,0.0,855.0,2818.0,0.0,0.901828,0.355738,0.0,0.0,0.0212069,0.644262,0.0,0.0,0.0,0.0,4.0,2342.0,0.00170794,0.0580896,1.0,0.0162029,2.48034e-05,-0.362441,192314000.0,4050.1,192314000.0,0.0,0.0,0.0,3.0,0.0,5.0,5.0,5.0,5.0,0.0,0.0,0.0,61.7172,47483.7,45721.2,2.71437,0.0,0.0,3955.0,3.63198,2.61363,3.21931,5532.0,9391.03,23747.7,998.0,192314000.0,192314000.0,0.0,2.0,0.00200401,2034.0,5497.0,4374.0,1.72176,0.10849,269951.0,207694000.0,199984000.0
travelling-thief,2023,n20_k3_c10000_l100_u200_r81,5.64315,18.726,4.43246,0.0,0.0,0.0,1.94119,2.03348,1.00895,0.0,1.3837,3.12879,1.93436,2966.21,5136.15,78.0,338.715,15.3961,2.0,2.0,1.0,1701.0,0.0,1.70612,4904.0,31852.9,7539.62,0.0,797.0,459.0,0.0,0.0,402.0,538.0,0.0,0.468548,0.460381,0.0,0.0,0.236332,0.539619,0.0,0.0,0.0,0.0,4.0,387.0,0.0103359,0.227513,1.0,0.103865,0.000587889,-0.351646,28000900.0,839.252,28000900.0,0.0,0.0,0.0,3.0,0.0,5.0,5.0,5.0,5.0,0.0,0.0,0.0,9.62788,33364.1,29425.2,2.5484,0.0,0.0,901.0,3.08089,2.45859,3.17681,1079.0,1677.15,4745.26,154.0,28000900.0,28000900.0,0.0,2.0,0.012987,312.0,663.0,997.0,0.977934,0.586126,9599.0,33264000.0,29336900.0
triangular,2015,n10,3.10685,3.11649,1.00017,0.0,0.0,0.0,0.719721,0.785976,0.0,0.0,0.0209585,0.0209585,0.0,790.364,790.482,56.0,60.7814,1.08538,3.0,3.0,1.0,496.0,0.0,8.85714,1488.0,1545.78,496.085,0.0,0.0,0.0,0.0,0.0,496.0,56.0,0.0,0.0,0.0,0.0,0.0,1.0,1.0,0.0,0.0,0.0,0.0,0.0,0.0,0.0,0.0,1.0,0.03634,0.00201613,-3.48197,55.0,18.6667,55.0,7.43622,0.0,0.0,3.0,1.0,0.0,1.0,1.0,1.0,0.0,0.0,0.0,27.5179,2.94643,1.05963,0.276757,2.37576,6.80531,1.0,3.20757,0.129234,0.129234,55.0,261.174,60.7814,37.0,55.0,55.0,0.0,2.0,0.0540541,110.0,48.0,56.0,2.82143,0.112903,1541.0,165.0,59.3392
triangular,2015,n16,3.04378,3.04577,1.00001,0.0,0.0,0.0,0.734636,0.804228,0.0,0.0,0.00425425,0.00425425,-1.77636e-15,4857.08,4857.15,137.0,143.087,1.04443,3.0,3.0,1.0,3061.0,0.0,22.3431,9183.0,9323.09,3061.04,0.0,0.0,0.0,0.0,0.0,3061.0,137.0,0.0,0.0,0.0,0.0,0.0,1.0,1.0,0.0,0.0,0.0,0.0,0.0,0.0,0.0,0.0,1.0,0.0147043,0.000326691,-3.68863,136.0,45.6667,136.0,11.6668,0.0,0.0,3.0,1.0,0.0,1.0,1.0,1.0,0.0,0.0,0.0,68.0073,2.9781,1.02538,0.267117,3.82853,11.2471,1.0,4.26613,0.0623025,0.0623025,136.0,820.315,143.087,91.0,136.0,136.0,0.0,2.0,0.021978,272.0,123.0,137.0,2.88321,0.0447566,9317.0,408.0,140.477
triangular,2015,n22,3.02362,3.02428,1.0,0.0,0.0,0.0,0.739534,0.809942,0.0,0.0,0.00139438,0.00139438,-1.77636e-15,16849.8,16849.8,254.0,260.983,1.02749,3.0,3.0,1.0,10627.0,0.0,41.8386,31881.0,32139.0,10627.0,0.0,0.0,0.0,0.0,0.0,10627.0,254.0,0.0,0.0,0.0,0.0,0.0,1.0,1.0,0.0,0.0,0.0,0.0,0.0,0.0,0.0,0.0,1.0,0.00790489,9.40999e-05,-3.7704,253.0,84.6667,253.0,15.9079,0.0,0.0,3.0,1.0,0.0,1.0,1.0,1.0,0.0,0.0,0.0,126.504,2.98819,1.01393,0.263127,5.25945,15.5942,1.0,4.99888,0.0371202,0.0371202,253.0,1750.62,260.983,169.0,253.0,253.0,0.0,2.0,0.0118343,506.0,237.0,254.0,2.9252,0.0239014,32132.0,759.0,257.537
triangular,2015,n28,3.01474,3.01502,1.0,0.0,0.0,0.0,0.741711,0.812429,0.0,0.0,0.000590559,0.000590559,1.77636e-15,43444.6,43444.6,407.0,414.665,1.01883,3.0,3.0,1.0,27406.0,0.0,67.3366,82218.0,82629.7,27406.0,0.0,0.0,0.0,0.0,0.0,27406.0,407.0,0.0,0.0,0.0,0.0,0.0,1.0,1.0,0.0,0.0,0.0,0.0,0.0,0.0,0.0,0.0,1.0,0.00492605,3.64884e-05,-3.80798,406.0,135.667,406.0,20.1504,0.0,0.0,3.0,1.0,0.0,1.0,1.0,1.0,0.0,0.0,0.0,203.002,2.99263,1.00877,0.261313,6.68309,19.9002,1.0,5.59164,0.0248398,0.0248398,406.0,3084.86,414.665,271.0,406.0,406.0,0.0,2.0,0.00738007,812.0,387.0,407.0,2.94595,0.0148508,82622.0,1218.0,410.571
triangular,2015,n37,3.00852,3.00863,1.0,0.0,0.0,0.0,0.743245,0.814156,0.0,0.0,0.000216049,0.000216049,0.0,130374.0,130374.0,704.0,712.457,1.01201,3.0,3.0,1.0,82252.0,0.0,116.835,246756.0,247465.0,82252.0,0.0,0.0,0.0,0.0,0.0,82252.0,704.0,0.0,0.0,0.0,0.0,0.0,1.0,1.0,0.0,0.0,0.0,0.0,0.0,0.0,0.0,0.0,1.0,0.00284494,1.21578e-05,-3.83503,703.0,234.667,703.0,26.5146,0.0,0.0,3.0,1.0,0.0,1.0,1.0,1.0,0.0,0.0,0.0,351.501,2.99574,1.00511,0.260012,8.81277,26.3229,1.0,6.30323,0.0154845,0.0154845,703.0,5896.48,712.457,469.0,703.0,703.0,0.0,2.0,0.00426439,1406.0,681.0,704.0,2.96449,0.00855906,247457.0,2109.0,707.601
triangular,2019,n10,3.10685,3.11649,1.00017,0.0,0.0,0.0,0.719721,0.785976,0.0,0.0,0.0209585,0.0209585,0.0,790.364,790.482,56.0,60.7814,1.08538,3.0,3.0,1.0,496.0,0.0,8.85714,1488.0,1545.78,496.085,0.0,0.0,0.0,0.0,0.0,496.0,56.0,0.0,0.0,0.0,0.0,0.0,1.0,1.0,0.0,0.0,0.0,0.0,0.0,0.0,0.0,0.0,1.0,0.03634,0.00201613,-3.48197,55.0,18.6667,55.0,7.43622,0.0,0.0,3.0,1.0,0.0,1.0,1.0,1.0,0.0,0.0,0.0,27.5179,2.94643,1.05963,0.276757,2.37576,6.80531,1.0,3.20757,0.129234,0.129234,111.0,261.174,60.7814,37.0,55.0,55.0,0.0,2.0,0.0540541,166.0,104.0,56.0,4.82143,0.112903,1541.0,165.0,59.3392
triangular,2019,n17,3.03895,3.04056,1.00001,0.0,0.0,0.0,0.735803,0.805604,0.0,0.0,0.0034468,0.0034468,0.0,6150.58,6150.64,154.0,160.257,1.04063,3.0,3.0,1.0,3877.0,0.0,25.1753,11631.0,11788.3,3877.04,0.0,0.0,0.0,0.0,0.0,3877.0,154.0,0.0,0.0,0.0,0.0,0.0,1.0,1.0,0.0,0.0,0.0,0.0,0.0,0.0,0.0,0.0,1.0,0.0130708,0.000257931,-3.71094,153.0,51.3333,153.0,12.3734,0.0,0.0,3.0,1.0,0.0,1.0,1.0,1.0,0.0,0.0,0.0,76.5065,2.98052,1.02266,0.265951,4.06787,11.976,1.0,4.82027,0.0565246,0.0565246,307.0,948.571,160.257,102.0,153.0,153.0,0.0,2.0,0.0196078,460.0,293.0,154.0,4.88961,0.0397214,11782.0,459.0,157.49
triangular,2019,n23,3.02166,3.02222,1.0,0.0,0.0,0.0,0.740013,0.810493,0.0,0.0,0.00119118,0.00119118,1.77636e-15,20057.9,20057.9,277.0,284.109,1.02566,3.0,3.0,1.0,12651.0,0.0,45.6715,37953.0,38234.1,12651.0,0.0,0.0,0.0,0.0,0.0,12651.0,277.0,0.0,0.0,0.0,0.0,0.0,1.0,1.0,0.0,0.0,0.0,0.0,0.0,0.0,0.0,0.0,1.0,0.00724619,7.90451e-05,-3.7795,276.0,92.3333,276.0,16.6149,0.0,0.0,3.0,1.0,0.0,1.0,1.0,1.0,0.0,0.0,0.0,138.004,2.98917,1.0128,0.262668,5.49707,16.314,1.0,5.52176,0.0344904,0.0344904,553.0,1944.19,284.109,184.0,276.0,276.0,0.0,2.0,0.0108696,829.0,536.0,277.0,4.9278,0.0218955,38227.0,828.0,280.544
triangular,2019,n29,3.01376,3.01401,1.0,0.0,0.0,0.0,0.741953,0.812702,0.0,0.0,0.000520695,0.000520695,0.0,49879.6,49879.6,436.0,443.765,1.01781,3.0,3.0,1.0,31466.0,0.0,72.1697,94398.0,94838.8,31466.0,0.0,0.0,0.0,0.0,0.0,31466.0,436.0,0.0,0.0,0.0,0.0,0.0,1.0,1.0,0.0,0.0,0.0,0.0,0.0,0.0,0.0,0.0,1.0,0.00459765,3.17803e-05,-3.81239,435.0,145.333,435.0,20.8575,0.0,0.0,3.0,1.0,0.0,1.0,1.0,1.0,0.0,0.0,0.0,217.502,2.99312,1.0082,0.261096,6.91998,20.6155,1.0,6.15293,0.0234157,0.0234157,871.0,3348.33,443.765,290.0,435.0,435.0,0.0,2.0,0.00689655,1306.0,851.0,436.0,4.94725,0.0138562,94831.0,1305.0,439.576
triangular,2019,n37,3.00852,3.00863,1.0,0.0,0.0,0.0,0.743245,0.814156,0.0,0.0,0.000216049,0.000216049,0.0,130374.0,130374.0,704.0,712.457,1.01201,3.0,3.0,1.0,82252.0,0.0,116.835,246756.0,247465.0,82252.0,0.0,0.0,0.0,0.0,0.0,82252.0,704.0,0.0,0.0,0.0,0.0,0.0,1.0,1.0,0.0,0.0,0.0,0.0,0.0,0.0,0.0,0.0,1.0,0.00284494,1.21578e-05,-3.83503,703.0,234.667,703.0,26.5146,0.0,0.0,3.0,1.0,0.0,1.0,1.0,1.0,0.0,0.0,0.0,351.501,2.99574,1.00511,0.260012,8.81277,26.3229,1.0,6.30323,0.0154845,0.0154845,1407.0,5896.48,712.457,469.0,703.0,703.0,0.0,2.0,0.00426439,2110.0,1385.0,704.0,4.96449,0.00855906,247457.0,2109.0,707.601
triangular,2022,n10,3.10685,3.11649,1.00017,0.0,0.0,0.0,0.719721,0.785976,0.0,0.0,0.0209585,0.0209585,0.0,790.364,790.482,56.0,60.7814,1.08538,3.0,3.0,1.0,496.0,0.0,8.85714,1488.0,1545.78,496.085,0.0,0.0,0.0,0.0,0.0,496.0,56.0,0.0,0.0,0.0,0.0,0.0,1.0,1.0,0.0,0.0,0.0,0.0,0.0,0.0,0.0,0.0,1.0,0.03634,0.00201613,-3.48197,55.0,18.6667,55.0,7.43622,0.0,0.0,3.0,1.0,0.0,1.0,1.0,1.0,0.0,0.0,0.0,27.5179,2.94643,1.05963,0.276757,2.37576,6.80531,1.0,3.20757,0.129234,0.129234,111.0,261.174,60.7814,37.0,55.0,55.0,0.0,2.0,0.0540541,166.0,104.0,56.0,4.82143,0.112903,1541.0,165.0,59.3392
triangular,2022,n18,3.03487,3.0362,1.00001,0.0,0.0,0.0,0.736791,0.806762,0.0,0.0,0.002824,0.002824,0.0,7686.57,7686.62,172.0,178.418,1.03731,3.0,3.0,1.0,4846.0,0.0,28.1744,14538.0,14713.4,4846.04,0.0,0.0,0.0,0.0,0.0,4846.0,172.0,0.0,0.0,0.0,0.0,0.0,1.0,1.0,0.0,0.0,0.0,0.0,0.0,0.0,0.0,0.0,1.0,0.0116951,0.000206356,-3.72739,171.0,57.3333,171.0,13.0801,0.0,0.0,3.0,1.0,0.0,1.0,1.0,1.0,0.0,0.0,0.0,85.5058,2.98256,1.02036,0.265147,4.30678,12.7029,1.0,4.89549,0.0515393,0.0515393,343.0,1087.34,178.418,114.0,171.0,171.0,0.0,2.0,0.0175439,514.0,328.0,172.0,4.89535,0.0354932,14707.0,513.0,175.502
triangular,2022,n24,3.01993,3.02042,1.0,0.0,0.0,0.0,0.740437,0.810978,0.0,0.0,0.00102405,0.00102405,0.0,23703.4,23703.5,301.0,308.229,1.02402,3.0,3.0,1.0,14951.0,0.0,49.6711,44853.0,45158.2,14951.0,0.0,0.0,0.0,0.0,0.0,14951.0,301.0,0.0,0.0,0.0,0.0,0.0,1.0,1.0,0.0,0.0,0.0,0.0,0.0,0.0,0.0,0.0,1.0,0.00666652,6.68852e-05,-3.78591,300.0,100.333,300.0,17.322,0.0,0.0,3.0,1.0,0.0,1.0,1.0,1.0,0.0,0.0,0.0,150.003,2.99003,1.0118,0.262376,5.73453,17.0328,1.0,5.66965,0.0321393,0.0321393,601.0,2149.13,308.229,200.0,300.0,300.0,0.0,2.0,0.01,901.0,583.0,301.0,4.93023,0.0201324,45151.0,900.0,304.551
triangular,2022,n30,3.01288,3.01309,1.0,0.0,0.0,0.0,0.742171,0.812948,0.0,0.0,0.000460967,0.000460967,-1.77636e-15,57004.1,57004.1,466.0,473.861,1.01687,3.0,3.0,1.0,35961.0,0.0,77.1695,107883.0,108354.0,35961.0,0.0,0.0,0.0,0.0,0.0,35961.0,466.0,0.0,0.0,0.0,0.0,0.0,1.0,1.0,0.0,0.0,0.0,0.0,0.0,0.0,0.0,0.0,1.0,0.00430104,2.78079e-05,-3.8162,465.0,155.333,465.0,21.5646,0.0,0.0,3.0,1.0,0.0,1.0,1.0,1.0,0.0,0.0,0.0,232.502,2.99356,1.00768,0.260914,7.15679,21.3303,1.0,6.19938,0.0221144,0.0221144,931.0,3623.81,473.861,310.0,465.0,465.0,0.0,2.0,0.00645161,1396.0,910.0,466.0,4.9485,0.0129585,108346.0,1395.0,469.579
triangular,2022,n39,3.00768,3.00777,1.0,0.0,0.0,0.0,0.743452,0.814388,0.0,0.0,0.000178438,0.000178438,0.0,160519.0,160519.0,781.0,789.607,1.01102,3.0,3.0,1.0,101271.0,0.0,129.668,303813.0,304600.0,101271.0,0.0,0.0,0.0,0.0,0.0,101271.0,781.0,0.0,0.0,0.0,0.0,0.0,1.0,1.0,0.0,0.0,0.0,0.0,0.0,0.0,0.0,0.0,1.0,0.00256409,9.8745e-06,-3.83872,780.0,260.333,780.0,27.9288,0.0,0.0,3.0,1.0,0.0,1.0,1.0,1.0,0.0,0.0,0.0,390.001,2.99616,1.00462,0.259835,9.28551,27.7466,1.0,6.90837,0.0141497,0.0141497,1561.0,6659.0,789.607,520.0,780.0,780.0,0.0,2.0,0.00384615,2341.0,1537.0,781.0,4.96543,0.00771198,304591.0,2340.0,784.606
triangular,2024,n11,3.08939,3.09643,1.00011,0.0,0.0,0.0,0.723791,0.791069,0.0,0.0,0.0152591,0.0152591,0.0,1139.31,1139.42,67.0,72.0444,1.07529,3.0,3.0,1.0,716.0,0.0,10.6866,2148.0,2217.04,716.075,0.0,0.0,0.0,0.0,0.0,716.0,67.0,0.0,0.0,0.0,0.0,0.0,1.0,1.0,0.0,0.0,0.0,0.0,0.0,0.0,0.0,0.0,1.0,0.0302893,0.00139665,-3.53546,66.0,22.3333,66.0,8.13905,0.0,0.0,3.0,1.0,0.0,1.0,1.0,1.0,0.0,0.0,0.0,33.0149,2.95522,1.05034,0.274282,2.62111,7.55683,1.0,3.78836,0.11191,0.11191,133.0,330.358,72.0444,44.0,66.0,66.0,0.0,2.0,0.0454545,199.0,125.0,67.0,4.83582,0.0935754,2212.0,198.0,70.3729
triangular,2024,n14,3.05656,3.0597,1.00003,0.0,0.0,0.0,0.731563,0.800565,0.0,0.0,0.0067396,0.0067396,0.0,2891.36,2891.44,106.0,111.714,1.05391,3.0,3.0,1.0,1821.0,0.0,17.1792,5463.0,5571.71,1821.05,0.0,0.0,0.0,0.0,0.0,1821.0,106.0,0.0,0.0,0.0,0.0,0.0,1.0,1.0,0.0,0.0,0.0,0.0,0.0,0.0,0.0,0.0,1.0,0.0190442,0.000549149,-3.64227,105.0,35.3333,105.0,10.2542,0.0,0.0,3.0,1.0,0.0,1.0,1.0,1.0,0.0,0.0,0.0,52.5094,2.9717,1.03249,0.269326,3.34821,9.78166,1.0,4.28749,0.0770169,0.0770169,211.0,594.647,111.714,70.0,105.0,105.0,0.0,2.0,0.0285714,316.0,200.0,106.0,4.86792,0.0582098,5566.0,315.0,109.444
triangular,2024,n20,3.02843,3.02935,1.0,0.0,0.0,0.0,0.738359,0.808586,0.0,0.0,0.00195181,0.00195181,0.0,11601.7,11601.8,211.0,217.714,1.03182,3.0,3.0,1.0,7316.0,0.0,34.673,21948.0,22162.7,7316.03,0.0,0.0,0.0,0.0,0.0,7316.0,211.0,0.0,0.0,0.0,0.0,0.0,1.0,1.0,0.0,0.0,0.0,0.0,0.0,0.0,0.0,0.0,1.0,0.00952338,0.000136687,-3.75051,210.0,70.3333,210.0,14.4939,0.0,0.0,3.0,1.0,0.0,1.0,1.0,1.0,0.0,0.0,0.0,105.005,2.98578,1.01669,0.264091,4.78362,14.1513,1.0,5.19453,0.0434141,0.0434141,421.0,1397.04,217.714,140.0,210.0,210.0,0.0,2.0,0.0142857,631.0,404.0,211.0,4.90521,0.0288409,22156.0,630.0,214.521
triangular,2024,n31,3.01207,3.01227,1.0,0.0,0.0,0.0,0.742369,0.813172,0.0,0.0,0.000409649,0.000409649,0.0,64865.6,64865.6,497.0,504.954,1.016,3.0,3.0,1.0,40921.0,0.0,82.336,122763.0,123265.0,40921.0,0.0,0.0,0.0,0.0,0.0,40921.0,497.0,0.0,0.0,0.0,0.0,0.0,1.0,1.0,0.0,0.0,0.0,0.0,0.0,0.0,0.0,0.0,1.0,0.00403223,2.44373e-05,-3.81952,496.0,165.667,496.0,22.2717,0.0,0.0,3.0,1.0,0.0,1.0,1.0,1.0,0.0,0.0,0.0,248.002,2.99396,1.00721,0.260758,7.39352,22.0447,1.0,5.86331,0.0209222,0.0209222,993.0,3911.42,504.954,331.0,496.0,496.0,0.0,2.0,0.0060423,1489.0,971.0,497.0,4.9497,0.0121454,123257.0,1488.0,500.583
triangular,2024,n9,3.12991,3.14348,1.0003,0.0,0.0,0.0,0.714419,0.779229,0.0,0.0,0.0296411,0.0296411,0.0,528.561,528.696,46.0,50.4919,1.09765,3.0,3.0,1.0,331.0,0.0,7.19565,993.0,1040.49,331.098,0.0,0.0,0.0,0.0,0.0,331.0,46.0,0.0,0.0,0.0,0.0,0.0,1.0,1.0,0.0,0.0,0.0,0.0,0.0,0.0,0.0,0.0,1.0,0.0444015,0.00302115,-3.40289,45.0,15.3333,45.0,6.73583,0.0,0.0,3.0,1.0,0.0,1.0,1.0,1.0,0.0,0.0,0.0,22.5217,2.93478,1.07169,0.28082,2.12793,6.0472,1.0,3.32088,0.151097,0.151097,91.0,201.025,50.4919,30.0,45.0,45.0,0.0,2.0,0.0666667,136.0,85.0,46.0,4.80435,0.138973,1036.0,135.0,49.2978
tsptw,2025,n100w120.003,27.495,190.846,7.49332,0.0,0.0,0.0,1.57446,1.55631,0.133452,1.0,1.52252,5.65863,1.9974,1041.65,2209.84,102.0,702.136,8.67601,2.0,11.7026,5.8513,404.0,0.0,0.801587,1413.0,77101.9,3027.3,0.0,0.0,0.0,0.0,0.0,201.0,504.0,0.0,0.0,0.0,0.0,0.0,0.497525,1.0,0.0,0.0,0.0,0.0,2.0,203.0,0.00985222,0.502475,1.0,0.0453727,0.00247525,-0.528976,1034.0,2.21092,1034.0,1.22116,0.0,5.0,2.0,0.0,5.0,0.0,5.0,5.0,0.0,0.0,0.0,22.0397,467.679,220.138,1.80467,0.991616,1.11834,303.0,1.38827,3.8815,2.7172,403.0,1129.32,3946.5,102.0,1034.0,1034.0,0.0,33.0,0.598039,403.0,10205.0,504.0,21.0476,1.24752,11108.0,235710.0,110950.0
tsptw,2025,n20w140.005,7.47619,50.7192,6.75029,0.0,0.0,0.0,1.15063,1.15707,0.148142,1.0,1.58116,4.9609,1.63258,172.325,401.823,22.0,151.056,8.00328,2.0,9.47978,4.39232,84.0,0.0,0.807692,293.0,4260.41,567.024,0.0,0.0,0.0,0.0,0.0,41.0,104.0,0.0,0.0,0.0,0.0,0.0,0.488095,1.0,0.0,0.0,0.0,0.0,2.0,43.0,0.0465116,0.511905,1.0,0.165605,0.0119048,-0.650463,385.0,1.99532,385.0,1.18605,0.0,5.0,2.0,0.0,5.0,0.0,5.0,5.0,0.0,0.0,0.0,6.03846,192.952,86.8859,1.28277,0.839187,1.06851,63.0,1.43277,3.46279,2.95886,83.0,184.473,707.627,22.0,385.0,385.0,0.0,21.0,3.0,83.0,445.0,104.0,5.07692,1.2381,628.0,20067.0,9036.14
tsptw,2025,n20w160.001,7.47619,52.4543,6.93928,0.0,0.0,0.0,1.15063,1.16245,0.144107,1.0,1.58116,4.88948,1.58116,172.325,404.852,22.0,156.788,8.29656,2.0,9.56224,4.39232,84.0,0.0,0.807692,293.0,4406.16,582.899,0.0,0.0,0.0,0.0,0.0,41.0,104.0,0.0,0.0,0.0,0.0,0.0,0.488095,1.0,0.0,0.0,0.0,0.0,2.0,43.0,0.0465116,0.511905,1.0,0.165605,0.0119048,-0.650463,487.0,2.03922,487.0,1.18703,0.0,5.0,2.0,0.0,5.0,0.0,5.0,5.0,0.0,0.0,0.0,6.03846,238.817,108.084,1.28277,0.875476,1.09873,63.0,1.43277,3.46279,2.88393,83.0,184.473,726.744,22.0,487.0,487.0,0.0,21.0,3.31818,83.0,445.0,104.0,5.07692,1.2381,628.0,24837.0,11240.8
tsptw,2025,n20w180.004,7.47619,52.7936,6.94437,0.0,0.0,0.0,1.15063,1.16734,0.144002,1.0,1.58116,4.88049,1.58116,172.325,404.851,22.0,158.275,8.34021,2.0,9.2503,4.39232,84.0,0.0,0.807692,293.0,4434.66,583.327,0.0,0.0,0.0,0.0,0.0,41.0,104.0,0.0,0.0,0.0,0.0,0.0,0.488095,1.0,0.0,0.0,0.0,0.0,2.0,43.0,0.0465116,0.511905,1.0,0.165605,0.0119048,-0.650463,484.0,2.02919,484.0,1.18289,0.0,5.0,2.0,0.0,5.0,0.0,5.0,5.0,0.0,0.0,0.0,6.03846,238.519,107.261,1.28277,0.870059,1.10131,63.0,1.43277,3.4363,2.94674,83.0,184.473,726.035,22.0,484.0,484.0,0.0,21.0,3.5,83.0,445.0,104.0,5.07692,1.2381,628.0,24806.0,11155.1
tsptw,2025,n80w180.003,22.4938,167.063,7.58254,0.0,0.0,0.0,1.53938,1.53242,0.131882,1.0,1.52709,5.68883,1.97158,810.684,1753.02,82.0,607.855,8.86441,2.0,11.3399,5.66993,324.0,0.0,0.80198,1133.0,54128.5,2456.74,0.0,0.0,0.0,0.0,0.0,161.0,404.0,0.0,0.0,0.0,0.0,0.0,0.496914,1.0,0.0,0.0,0.0,0.0,2.0,163.0,0.0122699,0.503086,1.0,0.0554336,0.00308642,-0.536165,862.0,2.12226,862.0,1.2141,0.0,5.0,2.0,0.0,5.0,0.0,5.0,5.0,0.0,0.0,0.0,18.0396,406.171,184.766,1.76171,0.924353,1.10925,243.0,1.39176,3.96845,2.74315,323.0,878.986,3141.85,82.0,862.0,862.0,0.0,32.0,0.792683,323.0,6484.0,404.0,16.849,1.24691,7288.0,164093.0,74645.5
unit-commitment,2023,L10-T48G10L10,2.80512,10.0273,2.99766,0.0,0.0,0.0,6.41685,9.50295,0.943545,0.0,1.02684,2.04925,1.30318,6298.65,10947.5,1279.0,6725.0,11.0515,2.0,1.0,0.5,5121.0,0.0,1.07924,12749.0,51349.9,15351.0,930.0,1294.0,2694.0,0.0,0.0,1683.0,2051.0,0.181605,0.252685,0.567756,0.0,0.0,0.328647,0.432244,0.0,0.0,0.0,0.0,0.0,0.0,0.0,0.0,1.0,0.330317,0.000195274,-1.43359,2147480000.0,4742.21,2147480000.0,0.0,5.0,0.0,2.0,0.0,0.0,0.0,0.0,5.0,5.0,5.0,0.0,3.0274,452845.0,452619.0,0.467138,0.0,0.0,3439.0,1.90658,1.30155,1.35529,4948.0,6918.91,11328.8,8.0,2147480000.0,2147480000.0,0.0,1.0,0.5,4512.0,402.0,4745.0,1.03562,0.926577,14365.0,2148750000.0,2147680000.0
unit-commitment,2023,L12-T48G15L10,2.89245,9.23186,2.82269,0.0,0.0,0.0,6.44019,10.3411,1.00203,0.0,1.25718,2.21911,1.2337,10840.7,17825.9,1699.0,8632.72,11.5512,1.0,1.0,0.5,8424.0,0.0,1.16498,20627.0,77769.2,23778.3,1707.0,2367.0,4368.0,0.0,0.0,2528.0,2863.0,0.202635,0.280983,0.604066,0.0,0.0,0.300095,0.395934,0.0,0.0,0.0,0.0,0.0,0.0,0.0,0.0,1.0,0.296766,0.000118708,-1.18483,2147480000.0,7224.67,2147480000.0,0.0,5.0,0.0,2.0,0.0,0.0,0.0,0.0,5.0,5.0,5.0,0.0,3.36966,297243.0,297021.0,0.593532,0.0,0.0,5486.0,2.23767,1.06656,1.56509,7500.0,11227.1,15936.3,11.0,2147480000.0,2147480000.0,0.0,1.0,0.181818,6330.0,517.0,7231.0,0.946895,0.858381,24366.0,2149370000.0,2147760000.0
unit-commitment,2023,L15-T48G30L15,2.89708,9.10189,2.80839,0.0,0.0,0.0,8.39847,13.5721,1.00714,0.0,1.27783,2.21265,1.21069,21849.8,35836.2,3151.0,15851.0,11.5512,1.0,1.0,0.5,16965.0,0.0,1.18297,41525.0,154414.0,47644.3,3498.0,4758.0,8850.0,0.0,0.0,5063.0,5491.0,0.206189,0.28046,0.617112,0.0,0.0,0.298438,0.382888,0.0,0.0,0.0,0.0,0.0,0.0,0.0,0.0,1.0,0.291786,5.89449e-05,-1.21358,2147480000.0,14315.5,2147480000.0,0.0,5.0,0.0,2.0,0.0,0.0,0.0,0.0,5.0,5.0,5.0,0.0,3.42717,150011.0,149784.0,0.583572,0.0,0.0,11087.0,2.26187,0.925844,1.45565,14866.0,22534.5,30713.7,11.0,2147480000.0,2147480000.0,0.0,1.0,0.181818,12178.0,971.0,14341.0,0.916882,0.845329,49149.0,2151300000.0,2148050000.0
unit-commitment,2023,L3-T6G5L5,2.67391,9.96135,3.16232,0.0,0.0,0.0,1.29552,2.41349,0.894414,0.0,1.25127,2.35117,1.54122,342.57,620.522,59.0,350.34,10.9665,1.0,1.0,0.5,276.0,0.0,1.104,701.0,2749.33,872.801,45.0,68.0,138.0,0.0,0.0,106.0,112.0,0.163043,0.246377,0.552,0.0,0.0,0.384058,0.448,0.0,0.0,0.0,0.0,0.0,0.0,0.0,0.0,1.0,0.338753,0.00362319,-1.38027,116206000.0,249.89,116206000.0,0.0,5.0,0.0,2.0,0.0,0.0,0.0,0.0,5.0,5.0,5.0,0.0,2.952,465029.0,464861.0,0.47907,0.0,0.0,171.0,1.90076,1.49959,1.63171,275.0,358.271,675.549,8.0,116206000.0,116206000.0,0.0,1.0,0.5,248.0,88.0,250.0,1.344,0.905797,738.0,116257000.0,116215000.0
unit-commitment,2023,L7-T12G5L5,2.73356,9.50264,2.96343,0.0,0.0,0.0,1.86534,3.12174,0.892801,0.0,1.14522,2.2466,1.41079,726.97,1255.49,123.0,661.66,10.3061,2.0,1.0,0.5,578.0,0.0,1.07435,1445.0,5492.53,1712.86,105.0,144.0,304.0,0.0,0.0,200.0,234.0,0.181661,0.249135,0.565056,0.0,0.0,0.346021,0.434944,0.0,0.0,0.0,0.0,0.0,0.0,0.0,0.0,1.0,0.340506,0.0017301,-1.36953,187412000.0,537.717,187412000.0,0.0,5.0,0.0,2.0,0.0,0.0,0.0,0.0,5.0,5.0,5.0,0.0,2.9368,348533.0,348381.0,0.481549,0.0,0.0,379.0,1.95364,1.41829,1.51225,573.0,761.671,1302.53,8.0,187412000.0,187412000.0,0.0,1.0,0.5,528.0,114.0,538.0,1.19331,0.930796,1580.0,187511000.0,187429000.0
vaccine,2022,v11,3.03297,8.5942,2.68267,0.0,0.0,0.0,1.43717,2.27419,0.527165,0.0,1.20365,4.28343,2.37764,1785.53,3405.8,41.0,228.951,7.46224,2.0,2.0,1.0,1395.0,0.0,1.2389,3615.0,11988.9,3742.33,5.0,260.0,300.0,0.0,0.0,525.0,616.0,0.00358423,0.18638,0.26643,0.0,0.0,0.376344,0.547069,0.358423,0.186501,500.0,210.0,1.0,5.0,0.2,0.00358423,1.0,0.266131,0.000716846,-0.736986,140.0,3.36924,140.0,0.370457,0.0,0.0,3.0,1.0,0.0,1.0,1.0,1.0,0.0,0.0,0.0,3.75755,41.5524,18.2947,0.995771,6.39545,7.23629,746.0,2.59444,3.0257,3.05772,1726.0,1642.74,3084.15,25.0,2827.0,1413.5,0.0,2.0,0.181818,645.0,61.0,1126.0,0.626998,0.807168,4231.0,46788.0,20599.8
vaccine,2022,v7,3.03297,8.57496,2.67869,0.0,0.0,0.0,1.43717,2.27929,0.527949,0.0,1.20365,4.30017,2.36778,1785.53,3396.58,41.0,228.951,8.4113,2.0,2.0,1.0,1395.0,0.0,1.2389,3615.0,11962.1,3736.78,5.0,260.0,300.0,0.0,0.0,525.0,616.0,0.00358423,0.18638,0.26643,0.0,0.0,0.376344,0.547069,0.358423,0.186501,500.0,210.0,1.0,5.0,0.2,0.00358423,1.0,0.266131,0.000716846,-0.736986,83.0,2.00253,83.0,0.156412,0.0,0.0,3.0,1.0,0.0,1.0,1.0,1.0,0.0,0.0,0.0,3.75755,41.4476,18.3567,0.995771,6.40953,7.20896,746.0,2.59444,3.05058,3.05426,1726.0,1642.74,3085.05,25.0,2827.0,1413.5,0.0,2.0,0.181818,645.0,61.0,1126.0,0.626998,0.807168,4231.0,46670.0,20669.7
vaccine,2022,v8,3.59433,13.2047,3.82991,0.0,0.0,0.0,2.2773,2.80919,0.73851,0.0,1.25546,4.28786,2.60411,7045.54,14885.6,81.0,447.436,9.56151,2.0,2.0,1.0,5359.0,0.0,1.23908,13912.0,70763.9,20524.5,9.0,1057.0,1137.0,0.0,0.0,1964.0,2368.0,0.00167942,0.197238,0.26289,0.0,0.0,0.366486,0.547514,0.36574,0.189595,1960.0,820.0,1.0,9.0,0.111111,0.00167942,1.0,0.224535,0.000186602,-0.601202,256.0,1.64362,256.0,0.185302,0.0,0.0,3.0,1.0,0.0,1.0,1.0,1.0,0.0,0.0,0.0,4.45364,155.754,74.1167,1.28986,3.47335,3.64513,2876.0,2.47716,3.1532,3.02852,8245.0,6498.68,16254.5,49.0,5653.0,2826.5,0.0,2.0,0.153846,4009.0,101.0,4325.0,0.950289,0.807054,19262.0,673635.0,320555.0
vaccine,2022,v857,3.1705,10.0146,2.90282,0.0,0.0,0.0,1.37483,2.33325,0.596678,0.0,1.2602,4.43748,2.39752,1652.13,3189.78,33.0,215.225,8.05412,2.0,2.0,1.0,1261.0,0.0,1.29069,3292.0,12628.5,3660.46,6.0,256.0,288.0,0.0,0.0,545.0,553.0,0.00475813,0.203013,0.29478,0.0,0.0,0.432197,0.566018,0.279144,0.139202,352.0,136.0,1.0,6.0,0.166667,0.00475813,1.0,0.244372,0.000793021,-0.857599,265.0,3.53092,265.0,0.482065,0.0,0.0,3.0,1.0,0.0,1.0,1.0,1.0,0.0,0.0,0.0,4.09212,75.0512,33.3024,0.881096,5.25017,5.91617,677.0,2.50509,3.40725,3.50238,1519.0,1550.24,3019.59,22.0,3211.0,1605.5,0.0,2.0,0.2,580.0,53.0,977.0,0.647902,0.774782,3998.0,73325.0,32536.5
vaccine,2022,v946,3.01948,9.09514,2.77512,0.0,0.0,0.0,1.40509,2.40384,0.509605,0.0,1.16053,4.29086,2.33774,1575.44,3046.81,37.0,242.255,9.76728,2.0,2.0,1.0,1232.0,0.0,1.25331,3197.0,11205.2,3418.94,5.0,233.0,269.0,0.0,0.0,485.0,543.0,0.00405844,0.189123,0.273652,0.0,0.0,0.393669,0.552391,0.336039,0.173957,414.0,171.0,1.0,5.0,0.2,0.00405844,1.0,0.264247,0.000811688,-0.803768,156.0,2.53179,156.0,0.244025,0.0,0.0,3.0,1.0,0.0,1.0,1.0,1.0,0.0,0.0,0.0,3.78433,61.6165,27.8814,0.91538,6.27718,6.95035,656.0,2.60917,3.1404,3.17459,1415.0,1463.26,2864.3,23.0,3855.0,1927.5,0.0,2.0,0.222222,473.0,57.0,983.0,0.539166,0.79789,3720.0,60569.0,27407.5
valve-network,2023,horizon12,2.98185,4.02818,1.48881,0.0,0.0,0.0,1.49978,1.57008,1.16338,0.0,1.33917,1.78433,0.675977,12058.2,14563.0,166.0,176.208,31.929,2.0,2.0,1.0,8596.0,0.0,1.29069,21729.0,34626.2,12797.8,1318.0,5750.0,6430.0,0.0,0.0,1319.0,210.0,0.153327,0.668916,0.965465,0.0,0.0,0.153443,0.0315315,0.00255933,0.003003,22.0,20.0,1.0,22.0,0.0454545,0.00255933,1.0,0.259831,0.000116333,-0.377313,2365.0,2.73235e-12,2365.0,0.0,0.0,0.0,3.0,1.0,0.0,1.0,1.0,1.0,0.0,0.0,0.0,3.84865,865557000000000.0,432778000000000.0,1.96168,0.0,0.0,5978.0,2.18084,0.0635804,0.741868,6659.0,10946.2,7917.08,120.0,2.8823e+17,1.44115e+17,0.0,2.0,0.0166667,1342.0,118.0,6660.0,0.219219,0.774779,25632.0,5.76461e+18,2.8823e+18
valve-network,2023,horizon19,2.98199,4.03663,1.49219,0.0,0.0,0.0,1.57291,1.62448,1.16075,0.0,1.33754,1.78334,0.676856,19790.1,23901.3,271.0,281.87,31.929,2.0,2.0,1.0,14105.0,0.0,1.28966,35673.0,56936.6,21047.3,2158.0,9446.0,10560.0,0.0,0.0,2159.0,343.0,0.152995,0.669692,0.96553,0.0,0.0,0.153066,0.0313614,0.00255229,0.00310871,36.0,34.0,1.0,36.0,0.0277778,0.00255229,1.0,0.260027,7.08968e-05,-0.376929,3744.0,4.17845e-12,3744.0,0.0,0.0,0.0,3.0,1.0,0.0,1.0,1.0,1.0,0.0,0.0,0.0,3.84575,896026000000000.0,448013000000000.0,1.96316,0.0,0.0,9821.0,2.16943,0.0636015,0.752894,10936.0,17987.1,13060.8,120.0,2.8823e+17,1.44115e+17,0.0,2.0,0.0166667,2196.0,176.0,10937.0,0.216878,0.775399,42061.0,9.79983e+18,4.89992e+18
valve-network,2023,horizon20,2.982,4.03732,1.49247,0.0,0.0,0.0,1.57291,1.6242,1.16053,0.0,1.3374,1.78326,0.676928,20894.7,25235.3,286.0,296.944,31.929,2.0,2.0,1.0,14892.0,0.0,1.28957,37665.0,60123.8,22225.8,2278.0,9974.0,11150.0,0.0,0.0,2279.0,362.0,0.152968,0.669756,0.965535,0.0,0.0,0.153035,0.0313474,0.00255171,0.00311742,38.0,36.0,1.0,38.0,0.0263158,0.00255171,1.0,0.260043,6.71501e-05,-0.376898,3941.0,4.38602e-12,3941.0,0.0,0.0,0.0,3.0,1.0,0.0,1.0,1.0,1.0,0.0,0.0,0.0,3.84551,898536000000000.0,449268000000000.0,1.96328,0.0,0.0,10370.0,2.16833,0.0636009,0.753789,11547.0,18993.0,13795.5,120.0,2.8823e+17,1.44115e+17,0.0,2.0,0.0166667,2318.0,176.0,11548.0,0.215968,0.77545,44408.0,1.03763e+19,5.18815e+18
valve-network,2023,horizon28,2.98207,4.04102,1.49395,0.0,0.0,0.0,1.64281,1.67837,1.33873,0.0,1.33666,1.78281,0.677309,29730.9,35907.3,406.0,417.43,31.929,2.0,2.0,1.0,21188.0,0.0,1.28912,53601.0,85621.1,31653.8,3238.0,14198.0,15870.0,0.0,0.0,3239.0,514.0,0.152822,0.670096,0.965563,0.0,0.0,0.15287,0.0312728,0.00254861,0.00316379,54.0,52.0,1.0,54.0,0.0185185,0.00254861,1.0,0.260129,4.71965e-05,-0.376729,5517.0,6.05001e-12,5517.0,0.0,0.0,0.0,3.0,1.0,0.0,1.0,1.0,1.0,0.0,0.0,0.0,3.84424,911899000000000.0,455950000000000.0,1.96393,0.0,0.0,14762.0,2.16195,0.0635901,0.758517,16493.0,27039.7,19673.8,120.0,2.8823e+17,1.44115e+17,0.0,2.0,0.0166667,3352.0,176.0,16436.0,0.214651,0.775722,63184.0,1.4988e+19,7.49399e+18
valve-network,2023,horizon6,2.98141,4.0017,1.47829,0.0,0.0,0.0,1.42303,1.52004,1.17166,0.0,1.34407,1.78711,0.67313,5430.29,6558.37,76.0,85.2082,31.929,2.0,2.0,1.0,3874.0,0.0,1.29392,9777.0,15502.6,5726.9,598.0,2582.0,2890.0,0.0,0.0,599.0,96.0,0.154362,0.666495,0.965264,0.0,0.0,0.154621,0.0320641,0.00258131,0.00267201,10.0,8.0,1.0,10.0,0.1,0.00258131,1.0,0.259221,0.000258131,-0.375236,1183.0,1.53606e-12,1183.0,0.0,0.0,0.0,3.0,1.0,0.0,1.0,1.0,1.0,0.0,0.0,0.0,3.85772,770155000000000.0,385077000000000.0,1.97417,0.0,0.0,2684.0,2.2002,0.063298,0.705433,2993.0,4911.18,3507.79,120.0,2.8823e+17,1.44115e+17,0.0,2.0,0.0166667,610.0,118.0,2994.0,0.243153,0.772845,11550.0,2.30584e+18,1.15292e+18
vrp,2012,A-n38-k5.vrp,5.8318,16.1563,4.43793,0.0,0.0,0.0,6.53628,2.34141,0.0,0.0,0.32076,7.20444,0.35589,2517.62,5465.35,1407.0,1422.11,4.75774,3.0,13.4767,1.0,1409.0,0.0,0.975087,4227.0,22764.2,6253.04,0.0,0.0,0.0,0.0,0.0,1409.0,1445.0,0.0,0.0,0.0,0.0,0.0,1.0,1.0,0.0,0.0,0.0,0.0,0.0,0.0,0.0,0.0,1.0,0.175855,0.000709723,-0.437019,70951.0,1331.12,70951.0,37.999,0.0,1.0,2.0,0.0,1.0,0.0,1.0,1.0,0.0,0.0,0.0,5.68651,53.3017,49.6281,1.88583,35.0041,37.5962,1.0,0.477766,0.285883,0.00826232,1482.0,3010.57,1661.95,72.0,70951.0,70951.0,0.0,2.0,0.5,2852.0,115.0,1445.0,2.05329,1.02555,8217.0,77021.0,71712.6
vrp,2012,A-n62-k8.vrp,5.89934,16.4818,4.52603,0.0,0.0,0.0,10.5533,3.76563,0.0,0.0,0.215465,7.38235,0.252651,6548.31,14658.9,3783.0,3799.65,4.76257,3.0,13.4576,1.0,3785.0,0.0,0.984395,11355.0,62383.8,17131.0,0.0,0.0,0.0,0.0,0.0,3785.0,3845.0,0.0,0.0,0.0,0.0,0.0,1.0,1.0,0.0,0.0,0.0,0.0,0.0,0.0,0.0,0.0,1.0,0.172198,0.000264201,-0.331734,206169.0,3617.03,206169.0,61.9997,0.0,1.0,2.0,0.0,1.0,0.0,1.0,1.0,0.0,0.0,0.0,5.80728,56.9995,54.1291,2.49538,58.3234,61.4167,1.0,0.326702,0.187385,0.00347237,3906.0,7935.69,4195.3,120.0,206169.0,206169.0,0.0,2.0,0.5,7628.0,190.0,3845.0,2.03329,1.01585,22329.0,219163.0,208127.0
vrp,2012,B-n51-k7.vrp,5.87348,16.3259,4.482,0.0,0.0,0.0,8.6931,3.11365,0.0,0.0,0.252615,7.64108,0.483524,4470.2,9885.65,2543.0,2559.37,4.73821,3.0,13.1115,1.0,2553.0,0.0,0.981168,7659.0,41680.0,11442.6,0.0,0.0,0.0,0.0,0.0,2553.0,2602.0,0.0,0.0,0.0,0.0,0.0,1.0,1.0,0.0,0.0,0.0,0.0,0.0,0.0,0.0,0.0,1.0,0.173525,0.000391696,-0.369671,169729.0,2464.52,169729.0,50.9997,0.0,1.0,2.0,0.0,1.0,0.0,1.0,1.0,0.0,0.0,0.0,5.76287,68.8689,65.7446,2.23571,48.3046,50.6008,1.0,0.394746,0.225282,0.00491461,2652.0,5386.91,2890.5,98.0,169729.0,169729.0,0.0,2.0,0.5,5153.0,157.0,2602.0,2.04074,1.01919,14995.0,179197.0,171068.0
vrp,2012,P-n20-k2.vrp,5.66319,16.7219,4.6758,0.0,0.0,0.0,3.49609,1.15341,0.213867,0.0,0.538572,6.27462,0.490952,720.696,1526.18,381.0,393.104,5.18408,3.0,15.0558,1.0,383.0,0.0,0.955112,1149.0,6404.5,1790.83,0.0,0.0,0.0,0.0,0.0,383.0,401.0,0.0,0.0,0.0,0.0,0.0,1.0,1.0,0.0,0.0,0.0,0.0,0.0,0.0,0.0,0.0,1.0,0.184878,0.00261097,-0.650068,8805.0,286.684,8805.0,19.9523,0.0,1.0,2.0,0.0,1.0,0.0,1.0,1.0,0.0,0.0,0.0,5.40898,30.7132,22.6401,1.2539,14.3184,19.3956,1.0,0.76956,0.476487,0.300151,420.0,843.457,530.421,36.0,8805.0,8805.0,0.0,2.0,0.5,782.0,61.0,401.0,2.10224,1.047,2169.0,12316.0,9078.69
vrp,2012,P-n60-k15.vrp,5.89585,15.4419,4.18052,0.0,0.0,0.0,10.219,3.89093,0.0,0.0,0.221304,8.03554,0.214804,6141.5,13333.7,3541.0,3556.8,4.49225,3.0,12.0444,1.0,3543.0,0.0,0.983893,10629.0,54710.6,14811.6,0.0,0.0,0.0,0.0,0.0,3543.0,3601.0,0.0,0.0,0.0,0.0,0.0,1.0,1.0,0.0,0.0,0.0,0.0,0.0,0.0,0.0,0.0,1.0,0.172387,0.000282247,-0.337789,113803.0,3290.81,113803.0,59.9995,0.0,1.0,2.0,0.0,1.0,0.0,1.0,1.0,0.0,0.0,0.0,5.80089,34.5821,32.1092,2.45009,54.8306,59.0542,1.0,0.335247,0.198986,0.0469514,3660.0,7436.65,3908.23,116.0,113803.0,113803.0,0.0,2.0,0.37931,7142.0,184.0,3601.0,2.03443,1.01637,20889.0,124530.0,115625.0
vrp,2013,A-n33-k6.vrp,5.80453,15.8898,4.35715,0.0,0.0,0.0,5.69564,2.0615,0.0,0.0,0.35957,6.38229,0.698907,1912.42,4090.95,1057.0,1071.64,4.75774,3.0,12.3581,1.0,1059.0,0.0,0.97156,3177.0,16827.3,4614.22,0.0,0.0,0.0,0.0,0.0,1059.0,1090.0,0.0,0.0,0.0,0.0,0.0,1.0,1.0,0.0,0.0,0.0,0.0,0.0,0.0,0.0,0.0,1.0,0.177322,0.000944287,-0.473512,51177.0,996.444,51177.0,32.9987,0.0,1.0,2.0,0.0,1.0,0.0,1.0,1.0,0.0,0.0,0.0,5.63945,51.3596,47.4863,1.7374,30.1662,32.6279,1.0,0.531798,0.310165,0.0665766,1122.0,2276.97,1276.67,62.0,51177.0,51177.0,0.0,2.0,0.5,2147.0,100.0,1090.0,2.06147,1.02927,6147.0,55982.0,51760.1
vrp,2013,A-n63-k10.vrp,5.901,16.3818,4.49219,0.0,0.0,0.0,10.7205,3.85009,0.0,0.0,0.212671,7.00102,0.471626,6756.53,15093.2,3907.0,3923.6,4.76257,3.0,12.4767,1.0,3909.0,0.0,0.984635,11727.0,64036.5,17560.0,0.0,0.0,0.0,0.0,0.0,3909.0,3970.0,0.0,0.0,0.0,0.0,0.0,1.0,1.0,0.0,0.0,0.0,0.0,0.0,0.0,0.0,0.0,1.0,0.172107,0.00025582,-0.328827,198003.0,3722.87,198003.0,62.9997,0.0,1.0,2.0,0.0,1.0,0.0,1.0,1.0,0.0,0.0,0.0,5.81033,53.1856,50.3832,2.51771,59.0776,62.3641,1.0,0.322606,0.181665,0.00674925,4032.0,8191.24,4322.27,122.0,198003.0,198003.0,0.0,2.0,0.311475,7877.0,193.0,3970.0,2.03275,1.01561,23067.0,211147.0,200021.0
vrp,2013,B-n52-k7.vrp,5.87533,16.3952,4.50461,0.0,0.0,0.0,8.85548,3.15932,0.0,0.0,0.248656,7.20914,0.249074,4643.01,10295.9,2643.0,2659.14,4.75774,3.0,13.4767,1.0,2655.0,0.0,0.981516,7965.0,43529.3,11959.7,0.0,0.0,0.0,0.0,0.0,2655.0,2705.0,0.0,0.0,0.0,0.0,0.0,1.0,1.0,0.0,0.0,0.0,0.0,0.0,0.0,0.0,0.0,1.0,0.173409,0.000376648,-0.365591,144217.0,2532.04,144217.0,51.9995,0.0,1.0,2.0,0.0,1.0,0.0,1.0,1.0,0.0,0.0,0.0,5.76673,56.9567,53.8292,2.26097,48.6744,51.503,1.0,0.391922,0.217161,0.00474819,2756.0,5597.35,3000.28,100.0,144217.0,144217.0,0.0,2.0,0.5,5358.0,160.0,2705.0,2.03993,1.01883,15599.0,154068.0,145608.0
vrp,2013,P-n16-k8.vrp,5.5679,10.9869,2.79094,0.0,0.0,0.0,2.8112,1.42465,0.0,0.0,0.644161,5.75927,1.26199,465.962,803.713,241.0,252.367,3.58829,3.0,5.90689,1.0,243.0,0.0,0.945525,729.0,2669.82,678.197,0.0,0.0,0.0,0.0,0.0,243.0,257.0,0.0,0.0,0.0,0.0,0.0,1.0,1.0,0.0,0.0,0.0,0.0,0.0,0.0,0.0,0.0,1.0,0.189948,0.00411523,-0.75388,5281.0,224.074,5281.0,15.9985,0.0,1.0,2.0,0.0,1.0,0.0,1.0,1.0,0.0,0.0,0.0,5.26459,23.5681,21.0798,1.07451,13.9434,15.5953,1.0,0.901338,0.56202,0.152416,272.0,540.659,314.99,28.0,5281.0,5281.0,0.0,2.0,0.178571,498.0,49.0,257.0,2.1284,1.05761,1353.0,6057.0,5417.5
vrp,2013,P-n51-k10.vrp,5.87662,15.519,4.21214,0.0,0.0,0.0,8.71509,3.28692,0.0,0.0,0.252615,7.87543,0.274263,4470.21,9663.67,2551.0,2566.33,4.51111,3.0,11.9944,1.0,2553.0,0.0,0.981168,7659.0,39620.1,10753.6,0.0,0.0,0.0,0.0,0.0,2553.0,2602.0,0.0,0.0,0.0,0.0,0.0,1.0,1.0,0.0,0.0,0.0,0.0,0.0,0.0,0.0,0.0,1.0,0.173432,0.000391696,-0.369909,82611.0,2362.49,82611.0,50.9993,0.0,1.0,2.0,0.0,1.0,0.0,1.0,1.0,0.0,0.0,0.0,5.76595,34.9677,32.2587,2.23451,46.3045,50.194,1.0,0.380738,0.227878,0.00982901,2652.0,5390.23,2868.37,98.0,82611.0,82611.0,0.0,2.0,0.408163,5153.0,157.0,2602.0,2.04074,1.01919,15003.0,90986.0,83937.1
vrp-submission,2021,A_1v_7l_w_reload,8.53521,58.1483,6.61455,0.0,0.0,0.0,0.868895,1.03084,0.370319,0.0,2.43556,4.13864,1.9529,320.414,691.026,18.0,175.4,10.1662,1.0,4.0,4.0,142.0,0.0,1.16393,527.0,8257.05,939.266,0.0,0.0,0.0,0.0,0.0,37.0,122.0,0.0,0.0,0.0,0.0,0.0,0.260563,1.0,0.0,0.0,0.0,0.0,2.0,105.0,0.0190476,0.739437,1.0,0.10066,0.00704225,-1.09151,1149.0,1.76092,1149.0,0.960249,0.0,5.0,2.0,0.0,0.0,0.0,5.0,5.0,5.0,0.0,0.0,9.93443,652.5,297.401,0.823938,0.792419,1.3221,45.0,2.54201,3.26817,3.59316,45.0,301.407,972.893,21.0,1149.0,1149.0,0.0,16.0,0.761905,62.0,141.0,122.0,1.66393,0.859155,1212.0,79605.0,36283.0
vrp-submission,2021,A_4v_22l,17.6478,106.455,6.01376,0.0,0.0,0.0,0.714511,0.997277,0.470326,0.0,2.67261,4.70721,2.47378,818.678,1401.7,32.0,317.528,10.102,1.0,2.0,2.0,247.0,0.0,1.05106,935.0,26294.3,1485.4,0.0,0.0,0.0,0.0,0.0,49.0,235.0,0.0,0.0,0.0,0.0,0.0,0.198381,1.0,0.0,0.0,0.0,0.0,2.0,198.0,0.010101,0.801619,1.0,0.0539114,0.00404858,-1.14234,1099.0,1.97588,1099.0,1.07945,0.0,5.0,2.0,0.0,0.0,0.0,5.0,5.0,5.0,0.0,0.0,18.5489,556.209,244.038,0.828203,0.904055,1.50339,75.0,2.7434,3.81104,4.19976,78.0,735.81,1778.58,45.0,1099.0,1099.0,0.0,4.0,0.0888889,134.0,631.0,235.0,3.25532,0.951417,4359.0,130709.0,57348.8
vrp-submission,2021,A_7v_48l,35.2305,227.152,6.48751,0.0,0.0,0.0,0.764276,0.971351,0.407822,0.0,2.63002,5.05186,2.26637,2066.13,3404.24,64.0,641.29,10.1357,1.0,2.80735,2.80735,525.0,0.0,1.05847,1992.0,119255.0,3405.95,0.0,0.0,0.0,0.0,0.0,104.0,496.0,0.0,0.0,0.0,0.0,0.0,0.198095,1.0,0.0,0.0,0.0,0.0,2.0,421.0,0.00475059,0.801905,1.0,0.0268166,0.00190476,-1.10122,1125.0,1.9904,1125.0,1.11754,0.0,5.0,2.0,0.0,0.0,0.0,5.0,5.0,5.0,0.0,0.0,37.2903,565.212,245.69,0.883728,0.886238,1.52771,159.0,2.7074,4.05389,4.32714,180.0,1842.76,3899.86,97.0,1125.0,1125.0,0.0,7.0,0.0721649,297.0,2901.0,496.0,6.44758,0.944762,18496.0,280345.0,121862.0
vrp-submission,2021,D_3v_25l_w_reload,26.6014,200.919,7.64388,0.0,0.0,0.0,0.902208,1.27018,0.555037,0.0,2.48582,4.24938,2.53191,2016.46,3516.94,58.0,834.81,18.8131,1.0,1.58496,1.58496,567.0,0.0,1.19873,2089.0,113921.0,4334.08,0.0,0.0,0.0,0.0,0.0,175.0,473.0,0.0,0.0,0.0,0.0,0.0,0.308642,1.0,0.0,0.0,0.0,0.0,2.0,392.0,0.00510204,0.691358,1.0,0.0313598,0.00176367,-0.994834,460586.0,3.4243,460586.0,0.0,0.0,5.0,2.0,0.0,0.0,0.0,5.0,5.0,5.0,0.0,0.0,31.8879,134505.0,78960.6,0.97367,0.0,0.0,179.0,2.66533,3.47976,3.75487,181.0,1613.46,4803.76,101.0,460586.0,460586.0,0.0,3.0,0.029703,266.0,1205.0,473.0,3.10994,0.834215,15083.0,63620900.0,37348300.0
vrp-submission,2021,toy_D_2v_4l_w_reload,6.90291,50.3558,6.89917,0.0,0.0,0.0,0.679484,1.17385,0.695132,0.0,2.40323,4.03439,3.09595,245.239,493.184,14.0,209.22,18.8131,2.0,5.9542,1.51699,103.0,0.0,1.13187,377.0,5186.64,710.614,0.0,0.0,0.0,0.0,0.0,31.0,91.0,0.0,0.0,0.0,0.0,0.0,0.300971,1.0,0.0,0.0,0.0,0.0,2.0,72.0,0.0277778,0.699029,1.0,0.127989,0.00970874,-1.16845,460589.0,3.13648,460589.0,0.0,0.0,5.0,2.0,0.0,0.0,0.0,5.0,5.0,5.0,0.0,0.0,7.81319,146849.0,84447.6,0.746296,0.0,0.0,33.0,2.8254,3.17742,3.69735,34.0,212.013,880.646,17.0,460589.0,460589.0,0.0,2.0,0.117647,52.0,81.0,91.0,1.46154,0.883495,711.0,13363300.0,7684730.0
vrplc,2018,vrplc11_5_15_s3,13.3608,77.1818,5.20759,0.0,0.0,0.0,1.44938,1.7318,0.271568,0.0,2.12152,4.59516,2.34211,1018.35,1994.95,62.0,447.45,7.2384,2.0,2.0,1.0,424.0,0.0,1.05211,1487.0,32725.1,2208.02,0.0,14.0,28.0,0.0,0.0,179.0,375.0,0.0,0.0330189,0.0694789,0.0,0.0,0.42217,0.930521,0.0,0.0,0.0,0.0,3.0,231.0,0.012987,0.544811,1.0,0.0711386,0.00235849,-0.694958,1031.0,14.4033,1031.0,12.4906,0.0,5.0,2.0,0.0,5.0,0.0,5.0,5.0,0.0,0.0,0.0,14.0571,71.5806,21.2756,1.33657,1.07308,2.65385,194.0,2.36848,3.18088,3.52242,283.0,1001.81,2146.96,47.0,1031.0,1031.0,0.0,2.0,0.333333,359.0,608.0,403.0,2.3995,0.950472,5665.0,28847.0,8574.08
vrplc,2018,vrplc13_11_15_s3,13.2313,76.5406,5.23657,0.0,0.0,0.0,1.45966,1.74083,0.270065,0.0,2.07069,4.79712,2.3441,1019.45,2008.72,62.0,447.45,7.2384,2.0,2.0,1.0,428.0,0.0,1.06203,1503.0,32759.4,2241.25,0.0,14.0,28.0,0.0,0.0,179.0,375.0,0.0,0.0327103,0.0694789,0.0,0.0,0.418224,0.930521,0.0,0.0,0.0,0.0,3.0,235.0,0.012766,0.549065,1.0,0.0711637,0.00233645,-0.693712,1309.0,17.9578,1309.0,14.4163,0.0,5.0,2.0,0.0,5.0,0.0,5.0,5.0,0.0,0.0,0.0,14.0521,72.8933,22.2024,1.33894,1.17629,3.1094,194.0,2.36411,3.22159,3.46106,281.0,1000.64,2162.04,47.0,1309.0,1309.0,0.0,2.0,0.333333,357.0,950.0,403.0,3.24318,0.941589,5663.0,29376.0,8947.58
vrplc,2018,vrplc9_5_10_s1,9.59507,54.3242,5.09044,0.0,0.0,0.0,1.34278,1.6411,0.277818,0.0,2.12196,4.4663,2.33374,630.811,1273.82,42.0,302.097,7.2384,2.0,2.0,1.0,284.0,0.0,1.0597,987.0,15428.1,1445.68,0.0,9.0,18.0,0.0,0.0,119.0,250.0,0.0,0.0316901,0.0671642,0.0,0.0,0.419014,0.932836,0.0,0.0,0.0,0.0,3.0,156.0,0.0192308,0.549296,1.0,0.0983486,0.00352113,-0.748557,819.0,11.6882,819.0,9.85774,0.0,5.0,2.0,0.0,5.0,0.0,5.0,5.0,0.0,0.0,0.0,10.1679,70.0709,21.8085,1.20452,1.08424,2.52403,129.0,2.38256,3.09514,3.3858,188.0,625.81,1415.01,32.0,819.0,819.0,0.0,2.0,0.333333,239.0,368.0,268.0,2.26493,0.943662,2725.0,18779.0,5844.69
vrplc,2018,vrplc9_5_10_s3,9.59507,54.3242,5.09044,0.0,0.0,0.0,1.34278,1.6411,0.277818,0.0,2.12196,4.4663,2.33374,630.811,1273.82,42.0,302.097,7.2384,2.0,2.0,1.0,284.0,0.0,1.0597,997.0,15428.1,1445.68,0.0,9.0,18.0,0.0,0.0,119.0,250.0,0.0,0.0316901,0.0671642,0.0,0.0,0.419014,0.932836,0.0,0.0,0.0,0.0,3.0,156.0,0.0192308,0.549296,1.0,0.0983486,0.00352113,-0.748557,819.0,11.6882,819.0,9.85774,0.0,5.0,2.0,0.0,5.0,0.0,5.0,5.0,0.0,0.0,0.0,10.1679,70.0709,21.8085,1.20452,1.08424,2.52403,129.0,2.38256,3.09514,3.3858,188.0,625.81,1415.01,32.0,819.0,819.0,0.0,2.0,0.333333,239.0,408.0,268.0,2.41418,0.943662,2725.0,18779.0,5844.69
vrplc,2018,vrplc9_5_15_s3,13.3608,77.2515,5.22546,0.0,0.0,0.0,1.44938,1.73043,0.270639,0.0,2.1168,4.50183,2.34309,1018.2,1996.79,62.0,447.45,7.2384,2.0,2.0,1.0,424.0,0.0,1.05211,1487.0,32754.7,2215.59,0.0,14.0,28.0,0.0,0.0,179.0,375.0,0.0,0.0330189,0.0694789,0.0,0.0,0.42217,0.930521,0.0,0.0,0.0,0.0,3.0,231.0,0.012987,0.544811,1.0,0.0711386,0.00235849,-0.694958,1225.0,16.9252,1225.0,13.9012,0.0,5.0,2.0,0.0,5.0,0.0,5.0,5.0,0.0,0.0,0.0,14.0571,72.3772,21.8621,1.33657,1.1456,2.98162,194.0,2.36848,3.13805,3.34075,283.0,1001.81,2156.98,47.0,1225.0,1225.0,0.0,2.0,0.333333,359.0,604.0,403.0,2.38958,0.950472,5665.0,29168.0,8810.41
vrplc,2023,vrplc10_5_20_s3,17.1188,100.093,5.26253,0.0,0.0,0.0,1.51091,1.7805,0.190023,0.0,2.0879,4.52587,2.0719,1425.47,2735.22,82.0,592.633,7.2384,2.0,2.0,1.0,564.0,0.0,1.04833,1977.0,56452.5,2968.06,0.0,19.0,38.0,0.0,0.0,239.0,500.0,0.0,0.0336879,0.070632,0.0,0.0,0.423759,0.929368,0.0,0.0,0.0,0.0,3.0,306.0,0.00980392,0.542553,1.0,0.0557224,0.00177305,-0.668289,984.0,13.5724,984.0,12.6281,0.0,5.0,2.0,0.0,5.0,0.0,5.0,5.0,0.0,0.0,0.0,17.9461,72.5,20.5107,1.41298,0.995591,2.38103,259.0,2.3604,3.09138,3.80924,378.0,1395.12,2867.53,62.0,984.0,984.0,0.0,2.0,0.262295,479.0,804.0,538.0,2.38476,0.953901,9655.0,39005.0,11034.7
vrplc,2023,vrplc11_5_15_s4,13.3608,77.1818,5.20759,0.0,0.0,0.0,1.44938,1.7318,0.271568,0.0,2.12152,4.59516,2.34211,1018.35,1994.95,62.0,447.45,7.2384,2.0,2.0,1.0,424.0,0.0,1.05211,1487.0,32725.1,2208.02,0.0,14.0,28.0,0.0,0.0,179.0,375.0,0.0,0.0330189,0.0694789,0.0,0.0,0.42217,0.930521,0.0,0.0,0.0,0.0,3.0,231.0,0.012987,0.544811,1.0,0.0711386,0.00235849,-0.694958,1031.0,14.4033,1031.0,12.4906,0.0,5.0,2.0,0.0,5.0,0.0,5.0,5.0,0.0,0.0,0.0,14.0571,71.5806,21.2756,1.33657,1.07308,2.65385,194.0,2.36848,3.18088,3.52242,283.0,1001.81,2146.96,47.0,1031.0,1031.0,0.0,2.0,0.333333,359.0,608.0,403.0,2.3995,0.950472,5665.0,28847.0,8574.08
vrplc,2023,vrplc13_11_20_s4,16.9386,99.2787,5.32991,0.0,0.0,0.0,1.52242,1.78834,0.18762,0.0,2.08183,4.83245,2.02426,1430.53,2764.4,82.0,592.633,7.2384,2.0,2.0,1.0,570.0,0.0,1.05948,2001.0,56588.9,3038.05,0.0,19.0,38.0,0.0,0.0,239.0,500.0,0.0,0.0333333,0.070632,0.0,0.0,0.419298,0.929368,0.0,0.0,0.0,0.0,3.0,312.0,0.00961538,0.547368,1.0,0.0557224,0.00175439,-0.668289,1747.0,23.2346,1747.0,17.8836,0.0,5.0,2.0,0.0,5.0,0.0,5.0,5.0,0.0,0.0,0.0,17.9461,75.1896,22.3527,1.41298,1.24329,3.51836,259.0,2.3604,3.25221,3.65522,378.0,1395.12,2913.55,62.0,1747.0,1747.0,0.0,2.0,0.262295,479.0,1275.0,538.0,3.26022,0.94386,9655.0,40452.0,12025.7
vrplc,2023,vrplc9_5_10_s2,9.59507,54.3242,5.09044,0.0,0.0,0.0,1.34278,1.6411,0.277818,0.0,2.12196,4.4663,2.33374,630.811,1273.82,42.0,302.097,7.2384,2.0,2.0,1.0,284.0,0.0,1.0597,997.0,15428.1,1445.68,0.0,9.0,18.0,0.0,0.0,119.0,250.0,0.0,0.0316901,0.0671642,0.0,0.0,0.419014,0.932836,0.0,0.0,0.0,0.0,3.0,156.0,0.0192308,0.549296,1.0,0.0983486,0.00352113,-0.748557,819.0,11.6882,819.0,9.85774,0.0,5.0,2.0,0.0,5.0,0.0,5.0,5.0,0.0,0.0,0.0,10.1679,70.0709,21.8085,1.20452,1.08424,2.52403,129.0,2.38256,3.09514,3.3858,188.0,625.81,1415.01,32.0,819.0,819.0,0.0,2.0,0.333333,239.0,408.0,268.0,2.41418,0.943662,2725.0,18779.0,5844.69
vrplc,2023,vrplc9_5_15_s2,13.3608,77.2515,5.22546,0.0,0.0,0.0,1.44938,1.73043,0.270639,0.0,2.1168,4.50183,2.34309,1018.2,1996.79,62.0,447.45,7.2384,2.0,2.0,1.0,424.0,0.0,1.05211,1487.0,32754.7,2215.59,0.0,14.0,28.0,0.0,0.0,179.0,375.0,0.0,0.0330189,0.0694789,0.0,0.0,0.42217,0.930521,0.0,0.0,0.0,0.0,3.0,231.0,0.012987,0.544811,1.0,0.0711386,0.00235849,-0.694958,1225.0,16.9252,1225.0,13.9012,0.0,5.0,2.0,0.0,5.0,0.0,5.0,5.0,0.0,0.0,0.0,14.0571,72.3772,21.8621,1.33657,1.1456,2.98162,194.0,2.36848,3.13805,3.34075,283.0,1001.81,2156.98,47.0,1225.0,1225.0,0.0,2.0,0.333333,359.0,604.0,403.0,2.38958,0.950472,5665.0,29168.0,8810.41
whirlpool,2020,d12,3.04284,9.43212,2.83167,0.0,0.0,0.0,1.54146,3.36772,0.706298,0.0,1.4643,1.4643,1.01493,1570.07,2718.05,144.0,1032.47,7.16993,2.0,2.0,1.0,1097.0,0.0,0.886107,3289.0,10347.0,3106.34,0.0,0.0,484.0,0.0,0.0,612.0,754.0,0.0,0.0,0.390953,0.0,0.0,0.557885,0.609047,0.0,0.0,0.0,0.0,1.0,1.0,1.0,0.000911577,0.0,0.0,0.0,0.0,0.0,0.0,0.0,0.0,0.0,1.0,1.0,0.0,1.0,0.0,1.0,1.0,0.0,0.0,0.0,2.69628,18.517,3.26117,0.741762,2.45824,1.96344,1094.0,1.61748,0.51868,1.15129,1402.0,1470.8,2126.47,10.0,144.0,36.0,0.0,2.0,0.666667,452.0,14.0,1238.0,0.376414,1.12853,3338.0,22924.0,4037.33
whirlpool,2020,d21,3.02602,10.9615,3.30472,0.0,0.0,0.0,2.55979,5.92354,0.741209,0.0,1.43429,1.43429,0.999548,5134.58,9351.8,441.0,3874.02,8.78463,2.0,2.0,1.0,3613.0,0.0,0.891879,10837.0,39603.8,11940.0,0.0,0.0,1600.0,0.0,0.0,2012.0,2451.0,0.0,0.0,0.394964,0.0,0.0,0.556878,0.605036,0.0,0.0,0.0,0.0,1.0,1.0,1.0,0.000276778,0.0,0.0,0.0,0.0,0.0,0.0,0.0,0.0,0.0,1.0,1.0,0.0,1.0,0.0,1.0,1.0,0.0,0.0,0.0,2.69884,49.7904,7.04054,0.741059,2.74618,2.53682,3610.0,1.53195,0.496474,1.07565,4525.0,4791.95,7484.02,11.0,441.0,110.25,0.0,2.0,0.666667,1356.0,23.0,4051.0,0.34041,1.12123,10933.0,201701.0,28521.2
whirlpool,2020,d29,3.01895,11.8557,3.58,0.0,0.0,0.0,3.45826,8.22986,0.790064,0.0,1.42272,1.42272,0.995734,10025.2,18714.8,841.0,8171.12,9.71596,2.0,2.0,1.0,7073.0,0.0,0.894072,21217.0,83855.2,25321.3,0.0,0.0,3136.0,0.0,0.0,3936.0,4775.0,0.0,0.0,0.39641,0.0,0.0,0.556482,0.60359,0.0,0.0,0.0,0.0,1.0,1.0,1.0,0.000141383,0.0,0.0,0.0,0.0,0.0,0.0,0.0,0.0,0.0,1.0,1.0,0.0,1.0,0.0,1.0,1.0,0.0,0.0,0.0,2.69915,91.1921,11.9091,0.740973,2.83581,2.73514,7070.0,1.49242,0.488677,1.04201,8801.0,9341.21,15241.1,11.0,841.0,210.25,0.0,2.0,0.666667,2572.0,31.0,7911.0,0.329036,1.11848,21353.0,721421.0,94212.7
whirlpool,2020,d30,3.01806,11.9503,3.60912,0.0,0.0,0.0,3.56863,8.51971,0.783688,0.0,1.42088,1.42088,0.995459,10749.1,20116.1,900.0,8832.4,9.81378,2.0,2.0,1.0,7586.0,0.0,0.894259,22756.0,90655.3,27378.8,0.0,0.0,3364.0,0.0,0.0,4221.0,5119.0,0.0,0.0,0.396558,0.0,0.0,0.55642,0.603442,0.0,0.0,0.0,0.0,1.0,1.0,1.0,0.000131822,0.0,0.0,0.0,0.0,0.0,0.0,0.0,0.0,0.0,1.0,1.0,0.0,1.0,0.0,1.0,1.0,0.0,0.0,0.0,2.69893,97.2729,12.6181,0.741035,2.843,2.75106,7583.0,1.48732,0.488022,1.03836,9439.0,10013.9,16415.4,10.0,900.0,225.0,0.0,2.0,0.666667,2756.0,32.0,8483.0,0.328657,1.11824,22895.0,825166.0,107039.0
whirlpool,2020,d8,3.0604,8.34004,2.49515,0.0,0.0,0.0,1.08372,2.24959,0.566784,0.0,1.5064,1.48613,1.04154,645.378,1067.77,64.0,384.0,6.0,2.0,2.0,1.0,447.0,0.0,0.879921,1339.0,3728.0,1115.33,0.0,0.0,196.0,0.0,0.0,250.0,312.0,0.0,0.0,0.385827,0.0,0.0,0.559284,0.614173,0.0,0.0,0.0,0.0,1.0,1.0,1.0,0.00223714,0.0,0.0,0.0,0.0,0.0,0.0,0.0,0.0,0.0,1.0,1.0,0.0,1.0,0.0,1.0,1.0,0.0,0.0,0.0,2.69291,9.81102,2.15486,0.74269,2.09631,1.3922,444.0,1.7004,0.546321,1.22395,568.0,606.765,828.0,10.0,64.0,16.0,0.0,2.0,0.666667,188.0,10.0,508.0,0.389764,1.13647,1368.0,4984.0,1094.67
wmsmc-int,2021,batch_0_case_115_instance_0_small_subset_elements_3_sumreqs_1295_candidates_41,30.25,276.05,9.08172,0.0,0.0,0.0,0.231405,0.256766,0.0,0.0,2.0,2.0,0.0,19.5357,32.2662,42.0,395.676,9.42086,24.0,215.248,8.96867,4.0,0.0,0.0952381,12.0,1104.2,36.3269,0.0,0.0,0.0,0.0,0.0,4.0,42.0,0.0,0.0,0.0,0.0,0.0,1.0,1.0,0.0,0.0,0.0,0.0,0.0,0.0,0.0,0.0,1.0,0.347107,0.25,0.0,261256000.0,41.9967,261256000.0,0.0,0.0,0.0,2.0,0.0,1.0,1.0,1.0,1.0,0.0,0.0,0.0,2.88095,6220870.0,6220550.0,0.0,0.0,0.0,1.0,0.949856,0.162326,0.949856,121.0,62.8887,395.676,4.0,261256000.0,261256000.0,0.0,501.0,125.25,162.0,121.0,42.0,6.7381,10.5,121.0,261277000.0,261263000.0
wmsmc-int,2021,batch_0_case_115_instance_1_base_full_elements_3_sumreqs_702_candidates_86,60.5,547.62,9.02631,0.0,0.0,0.0,0.276582,0.288735,0.0,0.0,2.0,2.0,0.0,23.4673,36.1635,87.0,800.335,9.19925,43.0,385.653,8.96867,4.0,0.0,0.045977,12.0,2190.48,36.1053,0.0,0.0,0.0,0.0,0.0,4.0,87.0,0.0,0.0,0.0,0.0,0.0,1.0,1.0,0.0,0.0,0.0,0.0,0.0,0.0,0.0,0.0,1.0,0.359504,0.25,0.0,547986000.0,86.9932,547986000.0,0.0,0.0,0.0,2.0,0.0,1.0,1.0,1.0,1.0,0.0,0.0,0.0,2.78161,6299180.0,6298870.0,0.0,0.0,0.0,1.0,1.19245,0.0905439,1.19245,242.0,125.513,800.335,4.0,547986000.0,547986000.0,0.0,501.0,125.25,328.0,242.0,87.0,6.55172,21.75,242.0,548029000.0,548002000.0
wmsmc-int,2021,batch_0_case_253_instance_6_small_cost_elements_4_sumreqs_472_candidates_16,10.0,89.0803,8.76249,0.0,0.0,0.0,0.458258,0.505038,0.0,0.0,2.32193,2.32193,0.721928,15.7168,31.3658,17.0,163.1,9.59411,4.0,34.2184,8.55459,5.0,0.0,0.294118,15.0,445.401,43.8125,0.0,0.0,0.0,0.0,0.0,5.0,17.0,0.0,0.0,0.0,0.0,0.0,1.0,1.0,0.0,0.0,0.0,0.0,0.0,0.0,0.0,0.0,1.0,0.34,0.2,0.0,78517100.0,16.9987,78517100.0,0.0,0.0,0.0,2.0,0.0,1.0,1.0,1.0,1.0,0.0,0.0,0.0,2.94118,4619010.0,4618780.0,0.0,0.0,0.0,1.0,1.43925,0.322757,1.43925,40.0,25.3415,163.1,5.0,78517100.0,78517100.0,0.0,376.0,75.2,56.0,50.0,17.0,6.23529,3.4,50.0,78523100.0,78519200.0
wmsmc-int,2021,batch_1_case_426_instance_3_base_full_elements_3_sumreqs_117_candidates_59,39.25,241.285,6.10415,0.0,0.0,0.0,0.333164,0.35952,0.0,0.0,1.5,1.5,0.0,20.8792,31.3168,60.0,380.97,6.3495,28.0,168.626,6.02237,4.0,0.0,0.0666667,12.0,965.14,24.4166,0.0,0.0,0.0,0.0,0.0,4.0,60.0,0.0,0.0,0.0,0.0,0.0,1.0,1.0,0.0,0.0,0.0,0.0,0.0,0.0,0.0,0.0,1.0,0.382166,0.25,0.0,52657700.0,59.9956,52657700.0,0.0,0.0,0.0,2.0,0.0,1.0,1.0,1.0,1.0,0.0,0.0,0.0,2.61667,877693.0,877654.0,0.0,0.0,0.0,1.0,1.04589,0.122292,1.04589,157.0,81.2286,380.97,3.0,52657700.0,52657700.0,0.0,65.0,21.6667,216.0,157.0,60.0,6.21667,15.0,157.0,52661600.0,52659200.0
wmsmc-int,2021,batch_2_case_710_instance_4_base_subset_elements_6_sumreqs_161_candidates_70,33.7143,210.189,6.18996,0.0,0.0,0.0,0.582747,0.601307,0.0,0.0,2.80735,2.80735,0.0,33.6081,52.0163,71.0,456.616,6.43121,9.0,55.3477,6.14975,7.0,0.0,0.0985915,21.0,1471.32,43.3297,0.0,0.0,0.0,0.0,0.0,7.0,71.0,0.0,0.0,0.0,0.0,0.0,1.0,1.0,0.0,0.0,0.0,0.0,0.0,0.0,0.0,0.0,1.0,0.300847,0.142857,0.0,73622400.0,70.9952,73622400.0,0.0,0.0,0.0,2.0,0.0,1.0,1.0,1.0,1.0,0.0,0.0,0.0,3.32394,1037010.0,1036960.0,0.0,0.0,0.0,1.0,1.26525,0.106792,1.26525,227.0,119.807,456.616,6.0,73622400.0,73622400.0,0.0,71.0,11.8333,297.0,236.0,71.0,7.50704,10.1429,236.0,73627400.0,73624000.0
word-equations,2024,word_equations_01_track_140-int,4.02935,11.6409,2.30956,0.0,0.0,0.0,1.3818,1.81621,0.0,0.0,1.35921,3.50669,1.93621,5832.33,9990.52,22.0,79.6061,4.39232,1.0,1.0,1.0,3986.0,0.0,1.39079,11304.0,46400.8,9205.9,227.0,982.0,1693.0,0.0,0.0,2368.0,1173.0,0.0569493,0.246362,0.590719,0.0,0.0,0.594079,0.409281,0.0150527,0.0,60.0,0.0,2.0,349.0,0.00573066,0.0875564,1.0,0.178445,0.000250878,-0.482628,37.0,5.06167,37.0,4.37758,0.0,0.0,3.0,1.0,0.0,1.0,1.0,1.0,0.0,0.0,0.0,5.60398,7.30984,2.46442,1.70225,0.927836,1.14771,2106.0,1.89799,1.60357,1.63903,3288.0,4911.63,6219.61,271.0,37.0,37.0,0.0,2.0,0.0588235,540.0,8.0,2866.0,0.191207,0.719017,16061.0,20950.0,7063.02
word-equations,2024,word_equations_02_track_8-int,4.41743,13.3275,2.41575,0.0,0.0,0.0,2.01207,2.48403,0.41395,0.0,1.22211,3.5276,2.01152,4250.64,7582.35,42.0,152.305,5.35755,1.0,1.0,1.0,3052.0,0.0,1.37477,8541.0,40675.4,7372.86,148.0,770.0,1381.0,0.0,0.0,1891.0,839.0,0.0484928,0.252294,0.622072,0.0,0.0,0.619594,0.377928,0.0262123,0.0,80.0,0.0,2.0,165.0,0.0121212,0.0540629,1.0,0.164664,0.000327654,-0.422748,25.0,2.76808,25.0,1.33071,0.0,0.0,3.0,1.0,0.0,1.0,1.0,1.0,0.0,0.0,0.0,6.07297,9.03153,3.1296,1.97597,1.32868,1.56537,1627.0,2.12134,1.57277,2.09036,2501.0,3810.8,4839.47,203.0,41.0,25.0,0.0,2.0,0.141176,439.0,8.0,2220.0,0.201351,0.727392,13482.0,20050.0,6947.71
word-equations,2024,word_equations_03_track_133-int,5.40314,17.0361,2.47684,0.0,0.0,0.0,2.43431,2.84129,0.40374,0.0,1.23349,3.53271,2.003,8184.66,14622.1,62.0,225.727,5.93074,1.0,1.0,1.0,5787.0,0.0,1.38115,16173.0,98588.1,14333.5,273.0,1479.0,2602.0,0.0,0.0,3618.0,1588.0,0.0471747,0.255573,0.621002,0.0,0.0,0.625194,0.378998,0.0207361,0.0,120.0,0.0,2.0,309.0,0.00647249,0.0533955,1.0,0.134003,0.000172801,-0.374364,37.0,3.40299,37.0,1.50097,0.0,0.0,3.0,1.0,0.0,1.0,1.0,1.0,0.0,0.0,0.0,7.46253,10.8728,3.81211,2.31325,1.60096,1.8549,3026.0,2.14,1.56479,2.01619,4732.0,7353.48,9336.12,364.0,61.0,37.0,0.0,2.0,0.096,894.0,14.0,4190.0,0.216706,0.724037,31268.0,45557.0,15972.7
word-equations,2024,word_equations_03_track_31-int,5.41185,17.2164,2.54807,0.0,0.0,0.0,2.45833,2.84316,0.392454,0.0,1.18374,3.62136,2.04974,21153.0,38387.1,62.0,225.727,5.93074,1.0,1.0,1.0,15049.0,0.0,1.35956,42139.0,259090.0,38345.8,690.0,3729.0,6725.0,0.0,0.0,9298.0,4344.0,0.0458502,0.247791,0.607553,0.0,0.0,0.617848,0.392447,0.0358828,0.0,540.0,0.0,2.0,794.0,0.00251889,0.052761,1.0,0.135911,6.64496e-05,-0.374634,109.0,9.16245,109.0,5.2128,0.0,0.0,3.0,1.0,0.0,1.0,1.0,1.0,0.0,0.0,0.0,7.35776,11.8964,4.36724,2.30649,1.56585,1.83182,8053.0,2.06037,1.64205,2.11668,12517.0,19333.7,25520.6,364.0,109.0,109.0,0.0,2.0,0.096,2519.0,15.0,11069.0,0.228928,0.735531,81443.0,131681.0,48341.0
wordpress,2022,Wordpress10_Offers500,3.54071,11.2268,3.73181,0.0,0.0,0.0,1.32471,1.64484,1.16804,0.0,1.18272,2.56488,2.02489,687.323,1191.81,47.0,339.704,14.4299,2.0,2.0,1.0,479.0,0.0,1.45593,1529.0,5377.62,1787.54,0.0,27.0,51.0,0.0,0.0,360.0,278.0,0.0,0.0563674,0.155015,0.0,0.0,0.751566,0.844985,0.0,0.0,0.0,0.0,1.0,92.0,0.0108696,0.192067,1.0,0.193986,0.00208768,-1.03875,368001.0,5.00801,368001.0,0.0,0.0,1.0,2.0,0.0,1.0,0.0,1.0,1.0,0.0,0.0,0.0,5.15502,73482.5,37291.5,0.775943,0.0,0.0,167.0,1.63875,2.09287,2.65178,604.0,629.509,1995.34,11.0,974301.0,487150.0,0.0,2.0,0.181818,621.0,2209.0,329.0,8.60182,0.686848,1696.0,24175700.0,12268900.0
wordpress,2022,Wordpress11_Offers500,3.54913,11.257,3.73828,0.0,0.0,0.0,1.38033,1.69018,1.16602,0.0,1.17094,2.5566,2.02849,742.717,1290.74,51.0,367.757,14.4299,2.0,2.0,1.0,519.0,0.0,1.45378,1657.0,5842.36,1940.17,0.0,29.0,55.0,0.0,0.0,390.0,302.0,0.0,0.0558767,0.154062,0.0,0.0,0.751445,0.845938,0.0,0.0,0.0,0.0,1.0,100.0,0.01,0.192678,1.0,0.193811,0.00192678,-1.03992,400001.0,5.43422,400001.0,0.0,0.0,1.0,2.0,0.0,1.0,0.0,1.0,1.0,0.0,0.0,0.0,5.15966,73607.7,37355.1,0.775244,0.0,0.0,181.0,1.63689,2.09323,2.65113,656.0,683.554,2166.84,11.0,974301.0,487150.0,0.0,2.0,0.181818,675.0,2225.0,357.0,8.12325,0.687861,1842.0,26278000.0,13335800.0
wordpress,2022,Wordpress12_Offers500,3.55288,11.2704,3.74116,0.0,0.0,0.0,1.40731,1.71363,1.16512,0.0,1.16563,2.55284,2.03008,770.369,1340.16,53.0,381.779,14.4299,2.0,2.0,1.0,539.0,0.0,1.45283,1721.0,6074.73,2016.48,0.0,30.0,57.0,0.0,0.0,405.0,314.0,0.0,0.0556586,0.153639,0.0,0.0,0.751391,0.846361,0.0,0.0,0.0,0.0,1.0,104.0,0.00961538,0.19295,1.0,0.193734,0.00185529,-1.04043,416001.0,5.64733,416001.0,0.0,0.0,1.0,2.0,0.0,1.0,0.0,1.0,1.0,0.0,0.0,0.0,5.16173,73663.3,37383.2,0.774935,0.0,0.0,188.0,1.63606,2.09338,2.65083,682.0,710.576,2252.59,11.0,974301.0,487150.0,0.0,2.0,0.181818,702.0,2233.0,371.0,7.91105,0.688312,1915.0,27329100.0,13869200.0
wordpress,2022,Wordpress7_Offers500,3.48589,11.0299,3.68973,0.0,0.0,0.0,1.07337,1.44208,1.14985,0.0,1.25416,2.61354,2.00131,464.036,794.383,31.0,227.361,14.4299,2.0,2.0,1.0,319.0,0.0,1.47005,1017.0,3518.52,1177.02,0.0,19.0,35.0,0.0,0.0,240.0,182.0,0.0,0.0595611,0.16129,0.0,0.0,0.752351,0.83871,0.0,0.0,0.0,0.0,1.0,60.0,0.0166667,0.188088,1.0,0.195144,0.0031348,-1.03111,240001.0,3.30316,240001.0,0.0,0.0,1.0,2.0,0.0,1.0,0.0,1.0,1.0,0.0,0.0,0.0,5.12442,72658.0,36873.1,0.780576,0.0,0.0,111.0,1.65027,2.08986,2.65521,396.0,413.332,1309.21,11.0,974301.0,487150.0,0.0,2.0,0.181818,405.0,2145.0,217.0,11.7512,0.680251,1112.0,15766800.0,8001460.0
wordpress,2022,Wordpress8_Offers500,3.5188,11.1481,3.71498,0.0,0.0,0.0,1.20571,1.54588,1.14204,0.0,1.21228,2.58534,2.0155,576.091,993.507,39.0,283.565,14.4299,2.0,2.0,1.0,399.0,0.0,1.46154,1273.0,4448.1,1482.28,0.0,23.0,43.0,0.0,0.0,300.0,230.0,0.0,0.0576441,0.157509,0.0,0.0,0.75188,0.842491,0.0,0.0,0.0,0.0,1.0,76.0,0.0131579,0.190476,1.0,0.194444,0.00250627,-1.03571,304001.0,4.15559,304001.0,0.0,0.0,1.0,2.0,0.0,1.0,0.0,1.0,1.0,0.0,0.0,0.0,5.14286,73154.8,37125.2,0.777778,0.0,0.0,139.0,1.64346,2.0918,2.65331,500.0,521.421,1652.31,11.0,974301.0,487150.0,0.0,2.0,0.181818,513.0,2177.0,273.0,9.85348,0.684211,1404.0,19971300.0,10135200.0
work-task-variation,2025,generated-seed-1-length-16-open-14-workers-12-block-15,2.53408,8.36793,3.17958,0.0,0.0,0.0,1.76479,10.5563,1.08948,0.0,1.25609,3.14473,2.32183,9474.71,17454.7,356.0,7866.36,22.0965,1.0,2.0,1.0,7995.0,0.0,1.05824,22995.0,66901.6,25420.8,1360.0,1220.0,4245.0,0.0,0.0,3149.0,3310.0,0.170106,0.152595,0.56188,0.0,0.0,0.393871,0.43812,0.0,0.0,0.0,0.0,4.0,892.0,0.0044843,0.11157,1.0,0.372902,0.000125078,-0.840834,20000000.0,24.6814,20000000.0,0.0,0.0,1.0,2.0,0.0,1.0,0.0,1.0,1.0,0.0,0.0,0.0,2.68167,810326.0,271990.0,0.745805,0.0,0.0,6470.0,1.28884,1.38659,1.57514,8468.0,9034.96,25816.2,10.0,20000000.0,20000000.0,0.0,2.0,0.2,816.0,2725.0,7555.0,0.468696,0.944966,20260.0,6122020000.0,2054890000.0
work-task-variation,2025,generated-seed-10-length-12-open-10-workers-12-block-5,2.59794,8.37436,3.05926,0.0,0.0,0.0,2.93147,17.7229,1.17857,0.0,1.1584,2.92655,2.09845,28440.7,50476.0,975.0,22819.9,23.405,1.0,2.0,1.0,23745.0,0.0,1.05025,65828.0,198849.0,72642.1,4395.0,3660.0,13365.0,0.0,0.0,9339.0,9244.0,0.185092,0.154138,0.591136,0.0,0.0,0.393304,0.408864,0.0,0.0,0.0,0.0,4.0,1932.0,0.00207039,0.0813645,1.0,0.366506,4.21141e-05,-0.864235,20000000.0,24.67,20000000.0,0.0,0.0,1.0,2.0,0.0,1.0,0.0,1.0,1.0,0.0,0.0,0.0,2.72847,810702.0,270977.0,0.733011,0.0,0.0,19592.0,1.14638,1.19828,1.32691,23860.0,27599.7,72787.4,10.0,20000000.0,20000000.0,0.0,2.0,0.2,2637.0,5980.0,22609.0,0.381131,0.952158,61688.0,18329200000.0,6126520000.0
work-task-variation,2025,generated-seed-3-length-10-open-8-workers-12-block-15,2.5681,7.8676,2.84755,0.0,0.0,0.0,1.69732,10.7933,1.16473,0.0,1.26654,3.02586,2.19147,7963.57,13778.6,318.0,6878.38,21.6301,1.0,2.0,1.0,6615.0,0.0,1.06061,18443.0,52044.2,18836.6,1180.0,1056.0,3679.0,0.0,0.0,2599.0,2558.0,0.178382,0.159637,0.589867,0.0,0.0,0.392895,0.410133,0.0,0.0,0.0,0.0,4.0,582.0,0.00687285,0.0879819,1.0,0.367142,0.000151172,-0.861873,20000000.0,23.5328,20000000.0,0.0,0.0,1.0,2.0,0.0,1.0,0.0,1.0,1.0,0.0,0.0,0.0,2.72375,849877.0,286002.0,0.734283,0.0,0.0,5434.0,1.12579,1.27877,1.39563,6609.0,7628.65,18865.0,10.0,20000000.0,20000000.0,0.0,2.0,0.2,708.0,1577.0,6237.0,0.366362,0.942857,16988.0,5300690000.0,1783800000.0
work-task-variation,2025,generated-seed-4-length-14-open-12-workers-12-block-15,2.56685,8.08005,2.964,0.0,0.0,0.0,1.90856,11.7834,1.16873,0.0,1.24647,3.02449,2.23744,10348.0,18248.9,399.0,8821.74,22.1096,1.0,2.0,1.0,8646.0,0.0,1.05813,24232.0,69860.1,25626.7,1530.0,1368.0,4780.0,0.0,0.0,3397.0,3391.0,0.17696,0.158223,0.584996,0.0,0.0,0.392898,0.415004,0.0,0.0,0.0,0.0,4.0,788.0,0.00507614,0.0911404,1.0,0.368179,0.00011566,-0.858035,20000000.0,23.817,20000000.0,0.0,0.0,1.0,2.0,0.0,1.0,0.0,1.0,1.0,0.0,0.0,0.0,2.71607,839738.0,281613.0,0.736358,0.0,0.0,7093.0,1.1677,1.2803,1.41347,8766.0,9946.85,25721.3,10.0,20000000.0,20000000.0,0.0,2.0,0.2,924.0,2038.0,8171.0,0.362502,0.945061,22193.0,6861500000.0,2301060000.0
work-task-variation,2025,generated-seed-8-length-12-open-10-workers-10-block-15,2.55018,8.0115,2.94945,0.0,0.0,0.0,1.56852,9.7424,1.12449,0.0,1.25251,3.08366,2.2397,7250.83,12829.3,267.0,6044.68,22.6393,1.0,2.0,1.0,6058.0,0.0,1.06337,17061.0,48533.7,17867.8,1055.0,952.0,3305.0,0.0,0.0,2390.0,2392.0,0.17415,0.157148,0.58013,0.0,0.0,0.39452,0.41987,0.0,0.0,0.0,0.0,4.0,581.0,0.00688468,0.0959062,1.0,0.368762,0.000165071,-0.855889,20000000.0,23.8327,20000000.0,0.0,0.0,1.0,2.0,0.0,1.0,0.0,1.0,1.0,0.0,0.0,0.0,2.71178,839184.0,282124.0,0.737523,0.0,0.0,4920.0,1.20157,1.30328,1.45231,6121.0,6924.39,17922.9,10.0,20000000.0,20000000.0,0.0,2.0,0.2,636.0,1684.0,5697.0,0.407232,0.940409,15449.0,4780830000.0,1607260000.0
yumi-dynamic,2021,p_10_SSSSSS_SSSS_yumi_grid_setup_3_3_zones,6.995,36.2515,3.15671,0.0,0.0,0.0,3.87311,6.40905,0.950356,12.0,1.83408,4.57896,2.20474,8128.38,14095.6,519.0,4581.36,12.9851,1.0,1.0,1.0,4799.0,0.0,1.19885,13522.0,173971.0,15149.1,3.0,48.0,235.0,0.0,0.0,1920.0,3768.0,0.00062513,0.0100021,0.058706,0.0,0.0,0.400083,0.941294,0.0102105,0.0,49.0,0.0,8.0,2646.0,0.00302343,0.551365,141.0,16.8138,0.0293811,6.04668,6135.0,7.36579,43.5106,1.93098,0.0,0.0,2.0,0.0,5.0,0.0,5.0,5.0,0.0,5.0,0.0,8.38596,832.905,95.1129,2.61529,3.29666,4.0568,2216.0,1.84039,2.51998,2.05869,17798.0,6908.19,11209.1,203.0,12879.0,3372.5,0.0,2.0,0.0206186,15542.0,63593.0,4003.0,19.7689,0.834132,33569.0,3334120.0,380737.0
yumi-dynamic,2021,p_4_GG_GG_yumi_grid_setup_3_4_zones,5.7621,28.172,2.89999,0.0,0.0,0.0,3.27909,5.46493,0.975322,16.0,2.02687,4.32816,2.27108,2839.07,4674.83,199.0,1613.21,11.6235,1.0,1.0,1.0,1673.0,0.0,1.15379,4386.0,47131.7,4851.69,3.0,20.0,77.0,0.0,0.0,484.0,1373.0,0.00179319,0.0119546,0.0531034,0.0,0.0,0.289301,0.946897,0.0125523,0.0,21.0,0.0,8.0,1114.0,0.00718133,0.66587,57.0,8.57365,0.0340705,4.00577,2398.0,6.74161,42.0702,1.85624,0.0,0.0,2.0,0.0,5.0,0.0,5.0,5.0,0.0,5.0,0.0,6.64828,355.701,37.931,1.89069,3.09314,4.10445,563.0,1.76372,2.03231,1.84048,5709.0,2456.36,3664.49,75.0,5011.0,1307.0,0.0,2.0,0.0266667,5146.0,209652.0,1450.0,148.137,0.866707,9640.0,515767.0,54999.9
yumi-dynamic,2021,p_4_GG_GG_yumi_grid_setup_7_7_zones,6.38843,33.1733,2.54383,0.0,0.0,0.0,3.62738,5.75306,0.879016,47.0,1.78753,3.54228,2.04674,5751.22,9089.65,199.0,1623.03,11.6982,1.0,1.0,1.0,3285.0,0.0,1.0838,7672.0,108974.0,8356.49,3.0,20.0,77.0,0.0,0.0,484.0,2954.0,0.000913242,0.00608828,0.0254042,0.0,0.0,0.147336,0.974596,0.00639269,0.0,21.0,0.0,8.0,2726.0,0.0029347,0.829833,57.0,8.23249,0.0173516,2.49138,2531.0,14.031,44.4035,2.85913,0.0,0.0,2.0,0.0,5.0,0.0,5.0,5.0,0.0,5.0,0.0,6.92379,180.386,14.2378,2.903,4.55769,7.5093,563.0,0.999179,1.19203,1.01169,14141.0,4314.14,5294.98,168.0,5277.0,1373.5,0.0,2.0,0.0119048,13485.0,12303000.0,3031.0,4063.51,0.922679,20986.0,546750.0,43154.8
yumi-dynamic,2021,p_4_SG_SG_yumi_grid_setup_3_4_zones,5.87157,29.0357,2.94168,0.0,0.0,0.0,3.40198,5.64159,0.961501,16.0,1.94294,4.47398,2.25731,3186.83,5290.84,221.0,1805.96,11.7901,1.0,1.0,1.0,1861.0,0.0,1.13406,4876.0,54035.5,5474.47,3.0,22.0,81.0,0.0,0.0,548.0,1560.0,0.00161204,0.0118216,0.0493601,0.0,0.0,0.294465,0.95064,0.0123589,0.0,23.0,0.0,8.0,1234.0,0.00648298,0.663084,63.0,9.46124,0.0338528,4.39951,2697.0,6.96258,42.8095,1.88981,0.0,0.0,2.0,0.0,5.0,0.0,5.0,5.0,0.0,5.0,0.0,6.65874,387.356,40.1913,1.92322,3.15513,4.16607,652.0,1.74577,2.18203,1.85018,6382.0,2762.05,4161.63,77.0,5624.0,1464.0,0.0,2.0,0.025974,5740.0,230224.0,1641.0,143.793,0.881784,10927.0,635652.0,65953.9
yumi-dynamic,2021,p_7_SGSG_GSG_yumi_grid_setup_5_5_zones,6.46454,33.7907,2.76856,0.0,0.0,0.0,4.18522,6.87529,0.955641,27.0,1.82893,4.20185,2.20807,7111.56,11667.2,337.0,2898.82,12.5196,1.0,1.0,1.0,4131.0,0.0,1.11891,10451.0,139589.0,11436.9,3.0,32.0,142.0,0.0,0.0,1049.0,3550.0,0.000726216,0.00774631,0.0384615,0.0,0.0,0.253934,0.961538,0.00798838,0.0,33.0,0.0,8.0,2942.0,0.00271924,0.712176,93.0,12.8574,0.0225127,4.76482,4480.0,10.411,48.172,2.39529,0.0,0.0,2.0,0.0,5.0,0.0,5.0,5.0,0.0,5.0,0.0,7.23321,430.313,36.6705,2.48852,3.92896,5.92911,1230.0,1.36066,1.86473,1.48274,16387.0,5756.97,7969.82,123.0,9325.0,2423.0,0.0,2.0,0.0163934,15108.0,2426350.0,3692.0,661.282,0.89373,26705.0,1588720.0,135388.0
yumi-dynamic,2024,p_4_GG_GG_yumi_grid_setup_5_5_zones,6.08731,30.8302,2.69606,0.0,0.0,0.0,3.48483,5.68255,0.98134,27.0,1.92834,3.96175,2.154,3872.41,6213.63,199.0,1629.33,11.7466,1.0,1.0,1.0,2245.0,0.0,1.11636,5552.0,69213.8,6052.66,3.0,20.0,77.0,0.0,0.0,484.0,1934.0,0.0013363,0.00890869,0.0382894,0.0,0.0,0.21559,0.961711,0.00935412,0.0,21.0,0.0,8.0,1686.0,0.00474496,0.751002,57.0,8.38775,0.0253898,3.24745,2621.0,9.38096,45.9825,2.27132,0.0,0.0,2.0,0.0,5.0,0.0,5.0,5.0,0.0,5.0,0.0,6.79562,279.396,24.8658,2.27494,3.6899,5.53446,563.0,1.37953,1.60946,1.41047,8701.0,3148.75,4262.14,108.0,5457.0,1418.5,0.0,2.0,0.0185185,8105.0,1942540.0,2011.0,969.989,0.895768,13666.0,561865.0,50005.2
yumi-dynamic,2024,p_5_GG_GGG_yumi_grid_setup_5_5_zones,6.18128,31.4735,2.69957,0.0,0.0,0.0,3.68912,6.05544,0.980063,27.0,1.91959,3.99877,2.13439,4691.48,7547.71,234.0,1946.23,11.9783,1.0,1.0,1.0,2725.0,0.0,1.12186,6800.0,85765.3,7356.34,3.0,23.0,98.0,0.0,0.0,625.0,2331.0,0.00110092,0.00844037,0.0403458,0.0,0.0,0.229358,0.959654,0.00880734,0.0,24.0,0.0,8.0,2004.0,0.00399202,0.735413,66.0,9.51757,0.0242202,3.64908,3074.0,9.67693,46.5758,2.30672,0.0,0.0,2.0,0.0,5.0,0.0,5.0,5.0,0.0,5.0,0.0,6.93454,317.663,28.1713,2.33417,3.76158,5.65887,727.0,1.36637,1.65724,1.4292,10647.0,3799.39,5168.68,113.0,6408.0,1667.5,0.0,2.0,0.0176991,9874.0,2081700.0,2429.0,861.082,0.891376,16844.0,771603.0,68428.1
yumi-dynamic,2024,p_5_GSS_SG_yumi_grid_setup_3_4_zones,6.03831,30.2206,2.96529,0.0,0.0,0.0,3.60937,6.00198,0.953845,16.0,1.92025,4.5189,2.17615,3972.09,6638.69,267.0,2223.14,12.0711,1.0,1.0,1.0,2323.0,0.0,1.1404,6135.0,70202.5,6888.37,3.0,26.0,100.0,0.0,0.0,713.0,1937.0,0.00129143,0.0111924,0.0490918,0.0,0.0,0.306931,0.950908,0.0116229,0.0,27.0,0.0,8.0,1512.0,0.00529101,0.650882,75.0,10.8915,0.0322858,4.9157,3268.0,7.18032,43.5733,1.91783,0.0,0.0,2.0,0.0,5.0,0.0,5.0,5.0,0.0,5.0,0.0,6.88611,455.133,46.7882,2.01223,3.22257,4.26222,842.0,1.729,2.24123,1.85988,8051.0,3430.2,5194.93,85.0,6834.0,1783.5,0.0,2.0,0.0246914,7219.0,275759.0,2037.0,138.919,0.876883,14027.0,927106.0,95307.5
yumi-dynamic,2024,p_7_SSSS_SSS_yumi_grid_setup_3_3_zones,6.40363,32.3673,3.14565,0.0,0.0,0.0,3.7152,6.20774,0.953699,12.0,1.88643,4.60304,2.30357,5333.14,9172.86,381.0,3266.77,12.5374,1.0,1.0,1.0,3139.0,0.0,1.17522,8677.0,101601.0,9874.18,3.0,36.0,150.0,0.0,0.0,1165.0,2521.0,0.000955718,0.0114686,0.0561587,0.0,0.0,0.371137,0.943841,0.0117872,0.0,37.0,0.0,8.0,1826.0,0.00438116,0.581714,105.0,13.9523,0.0334501,5.9878,4512.0,6.68594,42.9714,1.82573,0.0,0.0,2.0,0.0,5.0,0.0,5.0,5.0,0.0,5.0,0.0,7.52565,674.849,77.3678,2.16311,3.11433,3.83129,1358.0,1.88913,2.50754,2.05053,10631.0,4647.48,7514.74,127.0,9442.0,2465.5,0.0,2.0,0.0246914,9289.0,64327.0,2671.0,27.5612,0.850908,20101.0,1802520.0,206649.0
yumi-dynamic,2024,p_9_GSGS_GSGSG_yumi_grid_setup_7_7_zones,6.82728,37.1981,2.66107,0.0,0.0,0.0,4.80238,7.69458,0.840288,47.0,1.71961,3.84132,2.12619,13175.9,21566.4,418.0,3655.51,12.7847,1.0,1.0,1.0,7602.0,0.0,1.0935,18323.0,282780.0,20229.5,3.0,39.0,198.0,0.0,0.0,1490.0,6754.0,0.000394633,0.00513023,0.028481,0.0,0.0,0.196001,0.971519,0.00526177,0.0,40.0,0.0,8.0,5916.0,0.00135227,0.778216,114.0,15.27,0.0149961,4.55925,5360.0,15.7377,47.0175,3.00948,0.0,0.0,2.0,0.0,5.0,0.0,5.0,5.0,0.0,5.0,0.0,7.46562,340.583,25.1846,3.1299,4.8971,8.27493,1738.0,1.02267,1.48241,1.12653,33706.0,9917.69,12605.4,193.0,11208.0,2924.5,0.0,2.0,0.0103627,31814.0,19022900.0,6952.0,2740.9,0.914496,51901.0,2367740.0,175083.0
yumi-static,2022,example_instance_4_GS_SG_yumi_grid_setup_7_7,4.94793,21.8075,3.51116,0.0,0.0,0.0,1.34061,2.16738,0.900636,1.0,1.83876,4.75358,2.49823,1540.52,2833.4,25.0,282.63,11.5976,1.0,1.0,1.0,941.0,0.0,1.28904,2949.0,20520.8,3304.0,3.0,22.0,81.0,0.0,0.0,491.0,649.0,0.0031881,0.0233794,0.110959,0.0,0.0,0.521785,0.889041,0.0244421,0.0,23.0,0.0,7.0,371.0,0.0188679,0.394261,6.0,0.940722,0.0063762,-0.0374357,2857.0,6.26697,476.167,2.22391,0.0,0.0,2.0,0.0,5.0,0.0,5.0,5.0,0.0,5.0,0.0,6.37808,455.882,167.654,1.58347,2.36834,3.03722,595.0,2.14966,3.07287,2.87558,1558.0,1284.34,2651.33,69.0,3099.0,3098.0,0.0,2.0,0.0625,1031.0,123412.0,730.0,170.47,0.77577,4656.0,332794.0,122388.0
yumi-static,2022,p_10_GGGGG_GGGGG_yumi_grid_setup_5_5,6.32279,29.1918,3.22858,0.0,0.0,0.0,1.78235,2.62568,0.87606,1.0,1.71968,4.28027,2.35288,4250.76,7550.6,41.0,505.698,12.5164,1.0,1.0,1.0,2593.0,0.0,1.36402,8227.0,75694.4,8371.7,3.0,38.0,215.0,0.0,0.0,1429.0,1686.0,0.00115696,0.0146548,0.113098,0.0,0.0,0.551099,0.886902,0.0150405,0.0,39.0,0.0,7.0,951.0,0.00736067,0.366757,6.0,0.6957,0.00231392,-0.113252,5383.0,8.9171,897.167,2.71052,0.0,0.0,2.0,0.0,5.0,0.0,5.0,5.0,0.0,5.0,0.0,8.62441,603.672,228.123,2.68694,2.92087,3.70851,1658.0,1.88996,2.60496,2.72409,7393.0,3276.56,6065.25,193.0,5859.0,5858.0,0.0,2.0,0.037037,5699.0,21905.0,1901.0,14.5208,0.733128,16395.0,1147580.0,433661.0
yumi-static,2022,p_4_GG_GG_yumi_grid_setup_3_3,4.73554,19.8331,3.39902,0.0,0.0,0.0,1.28449,2.12606,0.882608,1.0,1.96033,4.52056,2.33528,1356.47,2471.67,23.0,252.918,11.3083,1.0,1.0,1.0,847.0,0.0,1.33386,2653.0,16798.7,2878.97,3.0,20.0,77.0,0.0,0.0,433.0,558.0,0.00354191,0.0236128,0.12126,0.0,0.0,0.511216,0.87874,0.0247934,0.0,21.0,0.0,7.0,339.0,0.020649,0.400236,6.0,0.949888,0.00708383,-0.0321393,2320.0,5.87131,386.667,2.12618,0.0,0.0,2.0,0.0,5.0,0.0,5.0,5.0,0.0,5.0,0.0,6.31654,395.142,148.392,1.55922,2.29111,2.94215,512.0,2.21172,2.73412,2.9158,1389.0,1126.54,2259.24,67.0,2536.0,2535.0,0.0,2.0,0.0666667,931.0,2926.0,635.0,6.07402,0.749705,4011.0,250915.0,94229.1
yumi-static,2022,p_4_GS_SG_yumi_grid_setup_3_3,4.94793,21.1534,3.43787,0.0,0.0,0.0,1.34061,2.1981,0.872633,1.0,1.83876,4.73203,2.35322,1540.52,2807.43,25.0,279.771,11.4788,1.0,1.0,1.0,941.0,0.0,1.28904,2949.0,19905.3,3235.04,3.0,22.0,81.0,0.0,0.0,491.0,649.0,0.0031881,0.0233794,0.110959,0.0,0.0,0.521785,0.889041,0.0244421,0.0,23.0,0.0,7.0,371.0,0.0188679,0.394261,6.0,0.940722,0.0063762,-0.0374357,2624.0,6.27108,437.333,2.21729,0.0,0.0,2.0,0.0,5.0,0.0,5.0,5.0,0.0,5.0,0.0,6.37808,418.429,153.831,1.58347,2.37727,3.04926,595.0,2.14966,3.06525,2.79217,1558.0,1284.34,2582.12,69.0,2854.0,2853.0,0.0,2.0,0.0625,1031.0,3818.0,730.0,6.64247,0.77577,4656.0,305453.0,112297.0
yumi-static,2022,p_8_SSSSS_SSS_yumi_grid_setup_3_4,6.48866,30.8454,3.46352,0.0,0.0,0.0,1.81699,2.67635,0.86617,1.0,1.67132,4.57537,2.48559,3885.59,7165.52,43.0,528.983,12.4735,1.0,1.0,1.0,2337.0,0.0,1.32483,7411.0,72085.7,8094.26,3.0,40.0,177.0,0.0,0.0,1287.0,1587.0,0.0012837,0.017116,0.10034,0.0,0.0,0.550706,0.89966,0.0175439,0.0,41.0,0.0,7.0,875.0,0.008,0.374412,6.0,0.697969,0.00256739,-0.134435,5199.0,8.23925,866.5,2.58289,0.0,0.0,2.0,0.0,5.0,0.0,5.0,5.0,0.0,5.0,0.0,8.59637,631.004,227.003,2.24667,2.80277,3.57445,1513.0,1.95035,2.9962,2.69805,5758.0,3130.27,6026.28,151.0,5687.0,5686.0,0.0,2.0,0.037037,4311.0,8444.0,1764.0,7.23073,0.754814,15164.0,1113090.0,400434.0
yumi-static,2023,p_4_GG_GG_yumi_grid_setup_7_7,4.73554,20.3734,3.46884,0.0,0.0,0.0,1.28449,2.09915,0.911624,1.0,1.96033,4.54587,2.43021,1356.47,2493.31,23.0,255.475,11.4236,1.0,1.0,1.0,847.0,0.0,1.33386,2653.0,17256.3,2938.11,3.0,20.0,77.0,0.0,0.0,433.0,558.0,0.00354191,0.0236128,0.12126,0.0,0.0,0.511216,0.87874,0.0247934,0.0,21.0,0.0,7.0,339.0,0.020649,0.400236,6.0,0.949888,0.00708383,-0.0321393,2531.0,5.88764,421.833,2.14345,0.0,0.0,2.0,0.0,5.0,0.0,5.0,5.0,0.0,5.0,0.0,6.31654,429.883,161.513,1.55922,2.28027,2.92707,512.0,2.21172,2.82346,2.95706,1389.0,1126.54,2321.81,67.0,2747.0,2746.0,0.0,2.0,0.0666667,931.0,88468.0,635.0,140.786,0.749705,4011.0,272976.0,102561.0
yumi-static,2023,p_4_SG_SG_yumi_grid_setup_3_3,4.94793,21.1432,3.43558,0.0,0.0,0.0,1.34061,2.19763,0.873214,1.0,1.83876,4.74019,2.35286,1540.52,2807.15,25.0,279.524,11.4686,1.0,1.0,1.0,941.0,0.0,1.28904,2949.0,19895.8,3232.88,3.0,22.0,81.0,0.0,0.0,491.0,649.0,0.0031881,0.0233794,0.110959,0.0,0.0,0.521785,0.889041,0.0244421,0.0,23.0,0.0,7.0,371.0,0.0188679,0.394261,6.0,0.940722,0.0063762,-0.0374357,2603.0,6.26544,433.833,2.21474,0.0,0.0,2.0,0.0,5.0,0.0,5.0,5.0,0.0,5.0,0.0,6.37808,415.453,152.73,1.58347,2.37745,3.04971,595.0,2.14966,3.06966,2.78876,1558.0,1284.34,2580.24,69.0,2834.0,2833.0,0.0,2.0,0.0625,1031.0,3818.0,730.0,6.64247,0.77577,4656.0,303281.0,111493.0
yumi-static,2023,p_5_GG_GGG_yumi_grid_setup_7_7,5.04608,21.9048,3.40281,0.0,0.0,0.0,1.38721,2.20741,0.881625,1.0,1.90742,4.48005,2.48397,1753.53,3187.25,26.0,295.774,11.6573,1.0,1.0,1.0,1085.0,0.0,1.33951,3408.0,23766.7,3692.05,3.0,23.0,98.0,0.0,0.0,565.0,712.0,0.00276498,0.0211982,0.120988,0.0,0.0,0.520737,0.879012,0.0221198,0.0,24.0,0.0,7.0,424.0,0.0165094,0.390783,6.0,0.887671,0.00552995,-0.0632716,2969.0,6.44623,494.833,2.25683,0.0,0.0,2.0,0.0,5.0,0.0,5.0,5.0,0.0,5.0,0.0,6.75926,460.579,173.351,1.77534,2.41322,3.08828,667.0,2.12395,2.78714,2.87163,2045.0,1427.82,2871.49,86.0,3230.0,3229.0,0.0,2.0,0.0571429,1421.0,88564.0,810.0,111.093,0.746544,5475.0,373069.0,140415.0
yumi-static,2023,p_7_GGG_GGGG_yumi_grid_setup_3_4,5.58204,24.4608,3.28346,0.0,0.0,0.0,1.572,2.41756,0.913672,1.0,1.81565,4.38189,2.34614,2631.06,4705.87,32.0,375.576,11.9654,1.0,1.0,1.0,1615.0,0.0,1.35033,5098.0,39504.2,5302.78,3.0,29.0,140.0,0.0,0.0,865.0,1056.0,0.00185759,0.0179567,0.117057,0.0,0.0,0.535604,0.882943,0.0185759,0.0,30.0,0.0,7.0,612.0,0.0114379,0.378947,6.0,0.796007,0.00371517,-0.0951766,3656.0,7.4178,609.333,2.43546,0.0,0.0,2.0,0.0,5.0,0.0,5.0,5.0,0.0,5.0,0.0,7.53763,492.869,185.861,2.14331,2.63515,3.36001,1013.0,2.01978,2.69808,2.83882,3663.0,2090.98,3983.81,124.0,3999.0,3998.0,0.0,2.0,0.0465116,2671.0,6100.0,1196.0,7.33361,0.740557,9015.0,589471.0,222289.0
yumi-static,2023,p_9_GGGG_GGGGG_yumi_grid_setup_3_4,6.09471,27.4911,3.2266,0.0,0.0,0.0,1.71301,2.56259,0.876597,1.0,1.74809,4.31086,2.32032,3684.26,6540.88,38.0,458.76,12.2662,1.0,1.0,1.0,2249.0,0.0,1.35973,7124.0,61827.5,7256.62,3.0,35.0,190.0,0.0,0.0,1229.0,1464.0,0.00133393,0.0155625,0.114873,0.0,0.0,0.546465,0.885127,0.0160071,0.0,36.0,0.0,7.0,832.0,0.00841346,0.369942,6.0,0.72401,0.00266785,-0.109411,4503.0,8.41191,750.5,2.61614,0.0,0.0,2.0,0.0,5.0,0.0,5.0,5.0,0.0,5.0,0.0,8.28718,535.313,202.164,2.52252,2.83314,3.6017,1431.0,1.9255,2.62844,2.72225,6009.0,2861.72,5305.45,170.0,4926.0,4925.0,0.0,2.0,0.0392157,4561.0,6382.0,1654.0,6.61608,0.735438,13707.0,885407.0,334380.0
zephyrus,2015,zephyrus-FH-2-15,3.53866,27.1652,5.56111,0.0,0.0,0.0,3.42625,6.97601,0.899101,0.0,1.57987,2.17838,1.62624,2698.75,5784.6,460.0,7640.44,16.6097,2.0,2.0,1.0,1914.0,0.0,0.81033,5058.0,51994.2,10644.0,456.0,0.0,1368.0,0.0,0.0,926.0,994.0,0.238245,0.0,0.57917,0.0,0.0,0.483804,0.42083,0.0,0.0,0.0,0.0,0.0,0.0,0.0,0.0,1.0,0.348738,0.000522466,-1.32051,99996.0,5.11188,99996.0,2.02782,0.0,1.0,2.0,0.0,1.0,0.0,1.0,1.0,0.0,0.0,0.0,2.86749,19561.5,3255.73,0.493189,2.02774,2.26046,1906.0,1.09374,0.728444,0.913584,3739.0,3160.0,9573.66,7.0,100001.0,100001.0,0.0,2.0,0.666667,1838.0,623.0,2362.0,1.04191,1.23406,6773.0,46204300.0,7690040.0
zephyrus,2015,zephyrus_15_10,3.53866,27.1652,5.56111,0.0,0.0,0.0,3.42625,6.97601,0.899101,0.0,1.57987,2.17838,1.62624,2698.75,5784.6,460.0,7640.44,16.6097,2.0,2.0,1.0,1914.0,0.0,0.81033,5058.0,51994.2,10644.0,456.0,0.0,1368.0,0.0,0.0,926.0,994.0,0.238245,0.0,0.57917,0.0,0.0,0.483804,0.42083,0.0,0.0,0.0,0.0,0.0,0.0,0.0,0.0,1.0,0.348738,0.000522466,-1.32051,99988.0,5.11147,99988.0,2.02762,0.0,1.0,2.0,0.0,1.0,0.0,1.0,1.0,0.0,0.0,0.0,2.86749,19561.5,3255.73,0.493189,2.02774,2.26045,1906.0,1.09374,0.728444,0.913584,3740.0,3160.0,9573.66,7.0,100001.0,100001.0,0.0,2.0,0.666667,1839.0,623.0,2362.0,1.04234,1.23406,6773.0,46204200.0,7690030.0
zephyrus,2015,zephyrus_20_20,3.54391,27.1951,5.55522,0.0,0.0,0.0,3.95043,8.01463,0.900054,0.0,1.56722,2.16563,1.62082,3562.56,7654.15,610.0,10131.9,16.6097,2.0,2.0,1.0,2539.0,0.0,0.809372,6708.0,69048.3,14104.7,606.0,0.0,1818.0,0.0,0.0,1226.0,1319.0,0.238677,0.0,0.579535,0.0,0.0,0.482867,0.420465,0.0,0.0,0.0,0.0,0.0,0.0,0.0,0.0,1.0,0.348633,0.000393856,-1.32112,99978.0,5.12422,99978.0,2.03063,0.0,1.0,2.0,0.0,1.0,0.0,1.0,1.0,0.0,0.0,0.0,2.86835,19510.9,3210.59,0.493042,2.031,2.21474,2531.0,1.09122,0.724122,0.907694,4965.0,4198.49,12690.1,7.0,100001.0,100001.0,0.0,2.0,0.666667,2439.0,823.0,3137.0,1.03985,1.23553,8998.0,61205600.0,10071600.0
zephyrus,2015,zephyrus_5_20,3.49849,26.9365,5.6061,0.0,0.0,0.0,2.00086,4.18733,0.891885,0.0,1.66143,2.26075,1.66014,961.112,2035.47,160.0,2657.54,16.6097,2.0,2.0,1.0,664.0,0.0,0.817734,1758.0,17885.8,3722.45,156.0,0.0,468.0,0.0,0.0,326.0,344.0,0.23494,0.0,0.576355,0.0,0.0,0.490964,0.423645,0.0,0.0,0.0,0.0,0.0,0.0,0.0,0.0,1.0,0.349548,0.00150602,-1.31581,99978.0,5.0108,99978.0,2.00251,0.0,1.0,2.0,0.0,1.0,0.0,1.0,1.0,0.0,0.0,0.0,2.86084,19952.5,3604.48,0.494336,2.00288,2.5097,656.0,1.11051,0.758261,0.95374,1290.0,1083.03,3340.76,7.0,100001.0,100001.0,0.0,2.0,0.666667,639.0,223.0,812.0,1.06158,1.22289,2323.0,16201400.0,2926840.0
zephyrus,2015,zephyrus_5_4,3.49849,26.9365,5.6061,0.0,0.0,0.0,2.00086,4.18733,0.891885,0.0,1.66143,2.26075,1.66014,961.112,2035.47,160.0,2657.54,16.6097,2.0,2.0,1.0,664.0,0.0,0.817734,1758.0,17885.8,3722.45,156.0,0.0,468.0,0.0,0.0,326.0,344.0,0.23494,0.0,0.576355,0.0,0.0,0.490964,0.423645,0.0,0.0,0.0,0.0,0.0,0.0,0.0,0.0,1.0,0.349548,0.00150602,-1.31581,99994.0,5.0116,99994.0,2.00291,0.0,1.0,2.0,0.0,1.0,0.0,1.0,1.0,0.0,0.0,0.0,2.86084,19952.5,3604.5,0.494336,2.00288,2.50974,656.0,1.11051,0.758261,0.95374,1290.0,1083.03,3340.76,7.0,100001.0,100001.0,0.0,2.0,0.666667,639.0,223.0,812.0,1.06158,1.22289,2323.0,16201500.0,2926850.0
zephyrus,2016,12__6__8__3,4.29238,21.0039,3.57223,0.0,0.0,0.0,1.09273,1.92336,0.740644,0.0,1.85601,2.38821,1.40496,1816.16,3142.15,49.0,588.017,12.0004,2.0,2.0,1.0,1050.0,0.0,1.59574,2643.0,22054.1,3750.84,273.0,370.0,409.0,0.0,0.0,446.0,249.0,0.26,0.352381,0.621581,0.0,0.0,0.424762,0.378419,0.0,0.0,0.0,0.0,0.0,0.0,0.0,0.0,1.0,0.145995,0.000952381,-0.948921,11701.0,17.7076,11701.0,7.128,0.0,0.0,2.0,0.0,5.0,5.0,5.0,5.0,0.0,0.0,0.0,6.84954,660.79,63.4383,0.899974,2.34394,7.42661,397.0,2.76455,0.642,1.68059,1551.0,1437.85,1803.55,57.0,11701.0,11701.0,0.0,2.0,0.0350877,1072.0,793.0,658.0,2.83435,0.626667,4507.0,434800.0,41742.4
zephyrus,2016,12__8__6__3,4.34615,21.4774,3.584,0.0,0.0,0.0,1.07921,1.90955,0.738213,0.0,1.8519,2.35323,1.40467,1769.78,3054.48,49.0,588.017,12.0004,2.0,2.0,1.0,1014.0,0.0,1.63023,2535.0,21778.1,3634.17,273.0,358.0,373.0,0.0,0.0,422.0,249.0,0.269231,0.353057,0.599678,0.0,0.0,0.416174,0.400322,0.0,0.0,0.0,0.0,0.0,0.0,0.0,0.0,1.0,0.141139,0.000986193,-1.0142,11701.0,16.7416,11701.0,6.94278,0.0,0.0,2.0,0.0,5.0,5.0,5.0,5.0,0.0,0.0,0.0,7.08521,698.92,67.2101,0.846835,2.26733,7.20675,361.0,2.85025,0.664346,1.7189,1515.0,1400.66,1767.55,45.0,11701.0,11701.0,0.0,2.0,0.0444444,1072.0,793.0,622.0,2.99839,0.613412,4407.0,434728.0,41804.7
zephyrus,2016,14__10__8__3,4.40046,21.8457,3.5891,0.0,0.0,0.0,1.11329,1.93128,0.737163,0.0,1.82689,2.28594,1.38233,2301.32,3961.33,57.0,684.02,12.0004,2.0,2.0,1.0,1306.0,0.0,1.76011,3219.0,28530.5,4687.37,373.0,478.0,453.0,0.0,0.0,494.0,289.0,0.285605,0.366003,0.610512,0.0,0.0,0.378254,0.389488,0.0,0.0,0.0,0.0,0.0,0.0,0.0,0.0,1.0,0.129111,0.000765697,-0.963612,13651.0,20.1598,13651.0,8.23073,0.0,0.0,2.0,0.0,5.0,5.0,5.0,5.0,0.0,0.0,0.0,7.74528,677.14,59.7611,0.903776,2.32784,8.57205,437.0,2.8755,0.649665,1.69956,1731.0,1710.84,2063.78,57.0,13651.0,13651.0,0.0,2.0,0.0350877,1248.0,817.0,742.0,2.78302,0.568147,5747.0,502438.0,44342.8
zephyrus,2016,14__6__8__3,4.41163,21.9709,3.58142,0.0,0.0,0.0,1.11047,1.93103,0.738744,0.0,1.80074,2.25872,1.36995,2276.48,3913.45,57.0,684.02,12.0004,2.0,2.0,1.0,1290.0,0.0,1.7867,3171.0,28342.5,4620.03,373.0,470.0,433.0,0.0,0.0,486.0,289.0,0.289147,0.364341,0.599723,0.0,0.0,0.376744,0.400277,0.0,0.0,0.0,0.0,0.0,0.0,0.0,0.0,1.0,0.126867,0.000775194,-0.99337,13651.0,19.618,13651.0,8.12802,0.0,0.0,2.0,0.0,5.0,5.0,5.0,5.0,0.0,0.0,0.0,7.88227,695.842,61.6031,0.87896,2.29059,8.43057,421.0,2.87016,0.660505,1.69426,1711.0,1689.71,2043.78,57.0,13651.0,13651.0,0.0,2.0,0.0350877,1248.0,817.0,722.0,2.86011,0.55969,5691.0,502398.0,44477.5
zephyrus,2016,14__8__6__3,4.45853,22.3815,3.5912,0.0,0.0,0.0,1.09879,1.91915,0.736732,0.0,1.79185,2.22027,1.3686,2230.1,3825.77,57.0,684.02,12.0004,2.0,2.0,1.0,1254.0,0.0,1.82799,3063.0,28066.5,4503.36,373.0,458.0,397.0,0.0,0.0,462.0,289.0,0.297448,0.365231,0.578717,0.0,0.0,0.368421,0.421283,0.0,0.0,0.0,0.0,0.0,0.0,0.0,0.0,1.0,0.122697,0.000797448,-1.05423,13651.0,18.6424,13651.0,7.94011,0.0,0.0,2.0,0.0,5.0,5.0,5.0,5.0,0.0,0.0,0.0,8.15015,732.254,64.9268,0.832173,2.22194,8.20378,385.0,2.93642,0.681015,1.72439,1675.0,1652.53,2007.78,45.0,13651.0,13651.0,0.0,2.0,0.0444444,1248.0,817.0,686.0,3.0102,0.547049,5591.0,502326.0,44539.8
zephyrus,2019,12__10__8__3,4.28049,20.865,3.58178,0.0,0.0,0.0,1.09577,1.92307,0.73867,0.0,1.88302,2.41519,1.41861,1841.0,3190.03,49.0,588.017,12.0004,2.0,2.0,1.0,1066.0,0.0,1.57227,2691.0,22242.1,3818.18,273.0,378.0,429.0,0.0,0.0,454.0,249.0,0.256098,0.354597,0.632743,0.0,0.0,0.425891,0.367257,0.0,0.0,0.0,0.0,0.0,0.0,0.0,0.0,1.0,0.148586,0.000938086,-0.917548,11701.0,18.2441,11701.0,7.22899,0.0,0.0,2.0,0.0,5.0,5.0,5.0,5.0,0.0,0.0,0.0,6.73009,641.357,61.3683,0.927922,2.38541,7.56263,413.0,2.77688,0.630265,1.68369,1571.0,1458.97,1823.55,57.0,11701.0,11701.0,0.0,2.0,0.0350877,1072.0,793.0,678.0,2.75074,0.636023,4563.0,434840.0,41607.7
zephyrus,2019,12__6__6__3,4.367,21.6061,3.5615,0.0,0.0,0.0,1.07406,1.90999,0.742875,0.0,1.831,2.32269,1.3972,1751.26,3008.24,49.0,588.017,12.0004,2.0,2.0,1.0,1000.0,0.0,1.65017,2493.0,21606.1,3561.5,273.0,354.0,357.0,0.0,0.0,412.0,249.0,0.273,0.354,0.589109,0.0,0.0,0.412,0.410891,0.0,0.0,0.0,0.0,0.0,0.0,0.0,0.0,1.0,0.138768,0.001,-1.04905,11701.0,16.3121,11701.0,6.85897,0.0,0.0,2.0,0.0,5.0,5.0,5.0,5.0,0.0,0.0,0.0,7.20627,717.32,69.1578,0.820963,2.23242,7.09544,347.0,2.88608,0.674817,1.71901,1499.0,1387.1,1751.55,45.0,11701.0,11701.0,0.0,2.0,0.0444444,1072.0,793.0,606.0,3.07756,0.606,4367.0,434696.0,41909.6
zephyrus,2019,12__8__6__3,4.34615,21.4774,3.584,0.0,0.0,0.0,1.07921,1.90955,0.738213,0.0,1.8519,2.35323,1.40467,1769.78,3054.48,49.0,588.017,12.0004,2.0,2.0,1.0,1014.0,0.0,1.63023,2535.0,21778.1,3634.17,273.0,358.0,373.0,0.0,0.0,422.0,249.0,0.269231,0.353057,0.599678,0.0,0.0,0.416174,0.400322,0.0,0.0,0.0,0.0,0.0,0.0,0.0,0.0,1.0,0.141139,0.000986193,-1.0142,11701.0,16.7416,11701.0,6.94278,0.0,0.0,2.0,0.0,5.0,5.0,5.0,5.0,0.0,0.0,0.0,7.08521,698.92,67.2101,0.846835,2.26733,7.20675,361.0,2.85025,0.664346,1.7189,1515.0,1400.66,1767.55,45.0,11701.0,11701.0,0.0,2.0,0.0444444,1072.0,793.0,622.0,2.99839,0.613412,4407.0,434728.0,41804.7
zephyrus,2019,14__10__6__3,4.45246,22.3142,3.59511,0.0,0.0,0.0,1.10029,1.9192,0.735931,0.0,1.79932,2.23559,1.37508,2242.42,3849.62,57.0,684.02,12.0004,2.0,2.0,1.0,1262.0,0.0,1.81322,3087.0,28160.5,4537.03,373.0,462.0,407.0,0.0,0.0,466.0,289.0,0.295563,0.366086,0.58477,0.0,0.0,0.369255,0.41523,0.0,0.0,0.0,0.0,0.0,0.0,0.0,0.0,1.0,0.123865,0.000792393,-1.03174,13651.0,18.9135,13651.0,7.99271,0.0,0.0,2.0,0.0,5.0,5.0,5.0,5.0,0.0,0.0,0.0,8.07328,721.761,63.9142,0.849179,2.24122,8.27383,393.0,2.93928,0.675185,1.7278,1685.0,1663.24,2017.78,45.0,13651.0,13651.0,0.0,2.0,0.0444444,1248.0,817.0,696.0,2.96695,0.551506,5619.0,502346.0,44484.3
zephyrus,2019,14__6__6__3,4.47661,22.4955,3.57314,0.0,0.0,0.0,1.11692,1.91923,0.740456,0.0,1.77203,2.19065,1.36193,2211.58,3779.54,57.0,684.02,12.0004,2.0,2.0,1.0,1240.0,0.0,1.85075,3021.0,27894.5,4430.69,373.0,454.0,381.0,0.0,0.0,452.0,289.0,0.300806,0.366129,0.568657,0.0,0.0,0.364516,0.431343,0.0,0.0,0.0,0.0,0.0,0.0,0.0,0.0,1.0,0.120699,0.000806452,-1.07413,13651.0,18.2088,13651.0,7.85529,0.0,0.0,2.0,0.0,5.0,5.0,5.0,5.0,0.0,0.0,0.0,8.28507,749.693,66.6338,0.81862,2.19073,8.08844,371.0,2.96862,0.690567,1.72202,1659.0,1638.97,1991.78,45.0,13651.0,13651.0,0.0,2.0,0.0444444,1248.0,817.0,670.0,3.08209,0.540323,5551.0,502294.0,44644.7
