flatzinc,best_solver,min_time,max_time,OR-Tools CP-SAT 9.14 (complete),SCIP 2025-06-13 (complete),Exact 2025-06-02 (complete),SCIP-NaPS 1.00a2 (complete),UWrMaxSat-SCIP 2025-06-04 (complete),Sat4j CP 2025-06-06 (complete),Picat 2025-06-16 (complete),CASHWMaxSATDisjCom-S 2025-06-01 (complete)
data/selected-PB25/PB24/normalized-PB06/DEC-LIN/submitted-PB05/aloul/FPGA_SAT05/normalized-chnl10_11_pb.cnf.cr.fzn,SCIP 2025-06-13 (complete),0.008427,359.399,0.010657,0.008427,359.399,0.152197,1.90621,0.832175,0.711041,4.53415
data/selected-PB25/PB24/normalized-PB06/DEC-LIN/submitted-PB05/aloul/FPGA_SAT05/normalized-chnl20_25_pb.cnf.cr.fzn,OR-Tools CP-SAT 9.14 (complete),0.017401,1800.0,0.017401,0.023078,359.195,0.174264,300.404,1.07843,1800.0,1800.0
data/selected-PB25/PB24/normalized-PB06/DEC-LIN/submitted-PB05/aloul/FPGA_SAT05/normalized-chnl30_40_pb.cnf.cr.fzn,OR-Tools CP-SAT 9.14 (complete),0.045338,1800.0,0.045338,0.055247,359.126,0.224679,300.469,1.09561,1800.0,1800.0
data/selected-PB25/PB24/normalized-PB06/DEC-LIN/submitted-PB05/aloul/FPGA_SAT05/normalized-chnl35_40_pb.cnf.cr.fzn,OR-Tools CP-SAT 9.14 (complete),0.055653,1800.0,0.055653,0.066325,359.364,0.243669,300.34,1.11086,1800.0,1800.0
data/selected-PB25/PB24/normalized-PB06/DEC-LIN/submitted-PB05/aloul/FPGA_SAT05/normalized-chnl40_45_pb.cnf.cr.fzn,OR-Tools CP-SAT 9.14 (complete),0.076327,1800.0,0.076327,0.086853,359.403,0.288385,300.56,1.04162,1800.0,1800.0
data/selected-PB25/PB24/normalized-PB06/DEC-LIN/submitted-PB05/aloul/FPGA_SAT05/normalized-chnl40_50_pb.cnf.cr.fzn,OR-Tools CP-SAT 9.14 (complete),0.085889,1800.0,0.085889,0.097458,359.259,0.3192,300.357,1.28964,1800.0,1800.0
data/selected-PB25/PB24/normalized-PB06/DEC-LIN/submitted-PB05/aloul/FPGA_SAT05/normalized-fpga11_10_sat_pb.cnf.cr.fzn,CASHWMaxSATDisjCom-S 2025-06-01 (complete),0.003524,359.181,0.010978,0.011566,359.181,0.157358,0.009474,0.969708,0.013953,0.003524
data/selected-PB25/PB24/normalized-PB06/DEC-LIN/submitted-PB05/aloul/FPGA_SAT05/normalized-fpga12_11_sat_pb.cnf.cr.fzn,CASHWMaxSATDisjCom-S 2025-06-01 (complete),0.005476,359.335,0.012273,0.013256,359.335,0.145976,0.215813,2.68084,0.013457,0.005476
data/selected-PB25/PB24/normalized-PB06/DEC-LIN/submitted-PB05/aloul/FPGA_SAT05/normalized-fpga14_12_sat_pb.cnf.cr.fzn,SCIP 2025-06-13 (complete),0.016214,359.296,0.017623,0.016214,359.296,0.162575,0.077785,38.5098,0.023527,0.017567
data/selected-PB25/PB24/normalized-PB06/DEC-LIN/submitted-PB05/aloul/FPGA_SAT05/normalized-fpga15_13_sat_pb.cnf.cr.fzn,CASHWMaxSATDisjCom-S 2025-06-01 (complete),0.005955,1800.0,0.015675,0.017828,359.359,0.16561,0.251548,1800.0,0.017881,0.005955
data/selected-PB25/PB24/normalized-PB06/DEC-LIN/submitted-PB05/aloul/FPGA_SAT05/normalized-fpga15_15_sat_pb.cnf.cr.fzn,CASHWMaxSATDisjCom-S 2025-06-01 (complete),0.00696,359.34,0.021268,0.021129,359.34,0.159429,0.00951,1.34989,0.159455,0.00696
data/selected-PB25/PB24/normalized-PB06/DEC-LIN/submitted-PB05/aloul/FPGA_SAT05/normalized-fpga20_20_sat_pb.cnf.cr.fzn,CASHWMaxSATDisjCom-S 2025-06-01 (complete),0.019395,358.981,0.038086,0.039097,358.981,0.181018,0.239532,13.0584,0.293257,0.019395
data/selected-PB25/PB24/normalized-PB06/DEC-LIN/submitted-PB05/aloul/FPGA_SAT05/normalized-fpga45_44_sat_pb.cnf.cr.fzn,OR-Tools CP-SAT 9.14 (complete),0.247886,1800.0,0.247886,0.432439,363.464,0.487639,1.74194,1800.0,0.804439,3.02217
data/selected-PB25/PB24/normalized-PB06/DEC-LIN/submitted-PB05/aloul/FPGA_SAT05/normalized-fpga45_45_sat_pb.cnf.cr.fzn,OR-Tools CP-SAT 9.14 (complete),0.255704,1800.0,0.255704,0.439436,359.342,0.513205,1.39736,1800.0,0.869922,0.699868
data/selected-PB25/PB24/normalized-PB06/DEC-LIN/submitted-PB06/liu/dbst/normalized-dbst_v30_e350_d15_mw10_1.opb.PB06.fzn,Sat4j CP 2025-06-06 (complete),4.17458,368.526,8.729,8.86806,368.526,10.0997,4.25766,4.17458,9.84525,20.7724
data/selected-PB25/PB24/normalized-PB06/DEC-LIN/submitted-PB06/liu/dbst/normalized-dbst_v30_e350_d15_mw10_2.opb.PB06.fzn,UWrMaxSat-SCIP 2025-06-04 (complete),4.03107,369.943,7.2215,9.32419,369.943,10.2995,4.03107,4.27465,10.2601,20.6691
data/selected-PB25/PB24/normalized-PB06/DEC-LIN/submitted-PB06/liu/dbst/normalized-dbst_v30_e350_d15_mw10_3.opb.PB06.fzn,UWrMaxSat-SCIP 2025-06-04 (complete),4.10108,368.571,7.86021,8.24323,368.571,9.57265,4.10108,4.66507,11.5895,20.8342
data/selected-PB25/PB24/normalized-PB06/DEC-LIN/submitted-PB06/liu/dbst/normalized-dbst_v30_e350_d15_mw10_8.opb.PB06.fzn,Sat4j CP 2025-06-06 (complete),4.70808,366.858,7.56751,8.09392,366.858,9.68425,11.8392,4.70808,9.36657,20.8012
data/selected-PB25/PB24/normalized-PB06/DEC-LIN/submitted-PB06/liu/dbst/normalized-dbst_v30_e350_d15_mw10_9.opb.PB06.fzn,UWrMaxSat-SCIP 2025-06-04 (complete),4.05454,367.692,8.66892,8.47347,367.692,9.6596,4.05454,4.80426,10.2465,21.0775
data/selected-PB25/PB24/normalized-PB06/DEC-LIN/submitted-PB06/liu/dbst/normalized-dbst_v40_e600_d20_mw10_0.opb.PB06.fzn,Sat4j CP 2025-06-06 (complete),7.13835,390.172,28.7388,29.7243,390.172,32.9017,12.0471,7.13835,25.4516,31.9397
data/selected-PB25/PB24/normalized-PB06/DEC-LIN/submitted-PB06/liu/dbst/normalized-dbst_v40_e600_d20_mw10_2.opb.PB06.fzn,Sat4j CP 2025-06-06 (complete),8.10722,392.769,28.9112,30.5195,392.769,32.5383,10.6244,8.10722,36.862,31.7482
data/selected-PB25/PB24/normalized-PB06/DEC-LIN/submitted-PB06/liu/dbst/normalized-dbst_v40_e600_d20_mw10_5.opb.PB06.fzn,Sat4j CP 2025-06-06 (complete),7.28563,389.526,30.1361,31.7802,389.526,32.7014,12.1162,7.28563,28.3516,33.1475
data/selected-PB25/PB24/normalized-PB06/DEC-LIN/submitted-PB06/liu/dbst/normalized-dbst_v40_e600_d20_mw10_6.opb.PB06.fzn,Sat4j CP 2025-06-06 (complete),6.974,391.618,30.142,30.6353,391.618,33.0415,10.3686,6.974,25.9341,52.1176
data/selected-PB25/PB24/normalized-PB06/DEC-LIN/submitted-PB06/liu/dbst/normalized-dbst_v40_e600_d20_mw10_9.opb.PB06.fzn,Sat4j CP 2025-06-06 (complete),6.93223,395.636,30.048,30.9226,395.636,32.753,10.7633,6.93223,38.3054,32.291
data/selected-PB25/PB24/normalized-PB06/DEC-LIN/submitted-PB06/liu/dbst/normalized-dbst_v50_e1000_d25_mw10_1.opb.PB06.fzn,Sat4j CP 2025-06-06 (complete),16.9648,463.318,72.6479,102.553,463.318,107.593,33.4005,16.9648,72.2391,110.303
data/selected-PB25/PB24/normalized-PB06/DEC-LIN/submitted-PB06/liu/dbst/normalized-dbst_v50_e1000_d25_mw10_3.opb.PB06.fzn,Sat4j CP 2025-06-06 (complete),16.4643,455.574,71.7612,99.3254,455.574,104.412,31.9056,16.4643,80.8233,122.906
data/selected-PB25/PB24/normalized-PB06/DEC-LIN/submitted-PB06/liu/dbst/normalized-dbst_v50_e1000_d25_mw10_5.opb.PB06.fzn,Sat4j CP 2025-06-06 (complete),15.8672,459.572,72.7179,100.362,459.572,103.378,33.1422,15.8672,86.5643,115.561
data/selected-PB25/PB24/normalized-PB06/DEC-LIN/submitted-PB06/liu/dbst/normalized-dbst_v50_e1000_d25_mw10_6.opb.PB06.fzn,Sat4j CP 2025-06-06 (complete),17.1027,460.831,75.5303,100.149,460.831,102.751,31.1094,17.1027,58.3929,118.38
data/selected-PB25/PB24/normalized-PB06/DEC-LIN/submitted-PB06/liu/dbst/normalized-dbst_v50_e1000_d25_mw10_9.opb.PB06.fzn,Sat4j CP 2025-06-06 (complete),15.2457,470.857,76.4067,100.846,470.857,103.179,33.5627,15.2457,94.3102,109.277
data/selected-PB25/PB24/normalized-PB06/DEC-LIN/submitted-PB06/liu/vdw/normalized-vdw_k3_l5_n550.fzn,Picat 2025-06-16 (complete),2.09121,1893.9,10.7269,1800.0,1893.9,537.05,15.6492,1800.0,2.09121,52.2616
data/selected-PB25/PB24/normalized-PB06/DEC-LIN/submitted-PB06/liu/vdw/normalized-vdw_k3_l6_n1500.fzn,Sat4j CP 2025-06-06 (complete),6.85523,1800.0,24.6575,1800.0,366.714,511.316,8.87697,6.85523,11.5939,37.4375
data/selected-PB25/PB24/normalized-PB06/DEC-LIN/submitted-PB06/liu/vdw/normalized-vdw_k4_l4_n360.fzn,Picat 2025-06-16 (complete),22.682,1800.0,99.058,1800.0,1800.0,538.649,212.413,1800.0,22.682,1007.8
data/selected-PB25/PB24/normalized-PB06/DEC-LIN/submitted-PB06/liu/vdw/normalized-vdw_k5_l4_n750.fzn,Picat 2025-06-16 (complete),27.7832,1800.0,33.3229,1800.0,1163.35,583.919,145.757,1800.0,27.7832,37.1703
data/selected-PB25/PB24/normalized-PB06/DEC-LIN/submitted-PB06/liu/vdw/normalized-vdw_k6_l3_n170.fzn,OR-Tools CP-SAT 9.14 (complete),104.888,1971.47,104.888,1800.0,1800.0,1971.47,1800.0,1800.0,1800.0,1800.0
data/selected-PB25/PB24/normalized-PB06/DEC-LIN/submitted-PB06/manquiho/Aardal_1/normalized-cuww1.fzn,OR-Tools CP-SAT 9.14 (complete),0.005466,1198.09,0.005466,0.012463,359.167,0.148938,300.298,0.31293,296.95,1198.09
data/selected-PB25/PB24/normalized-PB06/DEC-LIN/submitted-PB06/manquiho/Aardal_1/normalized-cuww2.fzn,OR-Tools CP-SAT 9.14 (complete),0.065349,1967.78,0.065349,1800.0,359.287,1967.78,0.17894,1800.0,833.134,0.507987
data/selected-PB25/PB24/normalized-PB06/DEC-LIN/submitted-PB06/manquiho/Aardal_1/normalized-cuww3.fzn,SCIP 2025-06-13 (complete),0.013638,1800.0,0.152555,0.013638,359.665,0.156808,300.265,1800.0,1615.15,1800.0
data/selected-PB25/PB24/normalized-PB06/DEC-LIN/submitted-PB06/manquiho/Aardal_1/normalized-cuww4.fzn,OR-Tools CP-SAT 9.14 (complete),0.005377,1800.0,0.005377,1800.0,359.279,1800.0,0.202689,1800.0,1800.0,0.554667
data/selected-PB25/PB24/normalized-PB06/DEC-LIN/submitted-PB06/manquiho/Aardal_1/normalized-cuww5.fzn,OR-Tools CP-SAT 9.14 (complete),0.113567,1800.0,0.113567,1800.0,359.342,1800.0,1800.0,1800.0,0.975919,1800.0
data/selected-PB25/PB24/normalized-PB06/DEC-LIN/submitted-PB06/manquiho/Aardal_1/normalized-prob1.fzn,OR-Tools CP-SAT 9.14 (complete),0.080772,1800.0,0.080772,1800.0,1141.55,139.495,34.1754,1800.0,182.712,2.61281
data/selected-PB25/PB24/normalized-PB06/DEC-LIN/submitted-PB06/manquiho/Aardal_1/normalized-prob10.fzn,OR-Tools CP-SAT 9.14 (complete),0.03463,3140.37,0.03463,1800.0,359.412,1087.34,50.4204,3140.37,4.51257,44.2612
data/selected-PB25/PB24/normalized-PB06/DEC-LIN/submitted-PB06/manquiho/Aardal_1/normalized-prob2.fzn,OR-Tools CP-SAT 9.14 (complete),0.043014,1800.0,0.043014,1800.0,590.319,1800.0,310.676,1800.0,169.681,1127.0
data/selected-PB25/PB24/normalized-PB06/DEC-LIN/submitted-PB06/manquiho/Aardal_1/normalized-prob3.fzn,OR-Tools CP-SAT 9.14 (complete),42.2706,1800.0,42.2706,1800.0,1800.0,1800.0,1800.0,1800.0,1800.0,1800.0
data/selected-PB25/PB24/normalized-PB06/DEC-LIN/submitted-PB06/manquiho/Aardal_1/normalized-prob4.fzn,OR-Tools CP-SAT 9.14 (complete),0.041079,1800.0,0.041079,1800.0,1800.0,669.9,45.515,1800.0,103.382,1800.0
data/selected-PB25/PB24/normalized-PB06/DEC-LIN/submitted-PB06/manquiho/Aardal_1/normalized-prob5.fzn,OR-Tools CP-SAT 9.14 (complete),0.037607,3370.25,0.037607,105.478,1132.04,137.999,224.095,3370.25,11.013,10.2321
data/selected-PB25/PB24/normalized-PB06/DEC-LIN/submitted-PB06/manquiho/Aardal_1/normalized-prob6.fzn,OR-Tools CP-SAT 9.14 (complete),0.110226,1800.0,0.110226,1.53109,359.421,16.0761,1800.0,23.5933,16.6533,983.388
data/selected-PB25/PB24/normalized-PB06/DEC-LIN/submitted-PB06/manquiho/Aardal_1/normalized-prob7.fzn,OR-Tools CP-SAT 9.14 (complete),0.039555,3314.29,0.039555,1800.0,1800.0,3314.29,44.8741,1800.0,191.717,467.506
data/selected-PB25/PB24/normalized-PB06/DEC-LIN/submitted-PB06/manquiho/Aardal_1/normalized-prob8.fzn,OR-Tools CP-SAT 9.14 (complete),0.095811,2678.08,0.095811,1800.0,1800.0,2678.08,1800.0,1800.0,1193.44,1800.0
data/selected-PB25/PB24/normalized-PB06/DEC-LIN/submitted-PB06/namasivayam/tsp/normalized-t3002.11tsp11.1900547353.fzn,CASHWMaxSATDisjCom-S 2025-06-01 (complete),0.13149,1800.0,0.92691,4.10895,359.313,2.51024,0.206866,1800.0,0.226329,0.13149
data/selected-PB25/PB24/normalized-PB06/DEC-LIN/submitted-PB06/namasivayam/tsp/normalized-t3002.11tsp11.1900547461.fzn,UWrMaxSat-SCIP 2025-06-04 (complete),0.269333,1800.0,0.791885,7.61606,359.285,16.7369,0.269333,1800.0,1.69162,0.427267
data/selected-PB25/PB24/normalized-PB06/DEC-LIN/submitted-PB06/namasivayam/tsp/normalized-t3002.11tsp11.1900551347.fzn,UWrMaxSat-SCIP 2025-06-04 (complete),0.961718,1800.0,12.4771,14.4072,376.991,16.4219,0.961718,1800.0,2.20572,1.74878
data/selected-PB25/PB24/normalized-PB06/DEC-LIN/submitted-PB06/namasivayam/tsp/normalized-t3002.11tsp11.1900557574.fzn,UWrMaxSat-SCIP 2025-06-04 (complete),0.838279,1800.0,23.7339,20.7338,367.333,13.3515,0.838279,1800.0,3.11565,1.24467
data/selected-PB25/PB24/normalized-PB06/DEC-LIN/submitted-PB06/namasivayam/tsp/normalized-t3002.11tsp11.1900559641.fzn,CASHWMaxSATDisjCom-S 2025-06-01 (complete),0.293855,359.382,0.373925,1.92451,359.382,3.37522,0.416134,266.708,0.910593,0.293855
data/selected-PB25/PB24/normalized-PB06/DEC-LIN/submitted-PB06/namasivayam/tsp/normalized-t3002.11tsp11.1900559676.fzn,UWrMaxSat-SCIP 2025-06-04 (complete),6.9631,1800.0,50.6043,30.8315,564.256,28.6726,6.9631,1800.0,34.9478,10.4386
data/selected-PB25/PB24/normalized-PB06/DEC-LIN/submitted-PB06/namasivayam/tsp/normalized-t3002.11tsp11.1900561384.fzn,UWrMaxSat-SCIP 2025-06-04 (complete),0.03694,1800.0,0.038128,2.46822,359.375,1.62058,0.03694,1800.0,0.732389,0.250514
data/selected-PB25/PB24/normalized-PB06/DEC-LIN/submitted-PB06/namasivayam/tsp/normalized-t3002.11tsp11.1900564281.fzn,UWrMaxSat-SCIP 2025-06-04 (complete),0.721205,1800.0,6.75619,11.2069,372.453,11.1115,0.721205,1800.0,1.92693,1.22297
data/selected-PB25/PB24/normalized-PB06/DEC-LIN/submitted-PB06/namasivayam/tsp/normalized-t3002.11tsp11.1900567003.fzn,OR-Tools CP-SAT 9.14 (complete),0.047796,359.018,0.047796,5.9945,359.018,12.2351,0.709978,334.317,0.759003,0.246266
data/selected-PB25/PB24/normalized-PB06/DEC-LIN/submitted-PB06/namasivayam/tsp/normalized-t3002.11tsp11.1900574974.fzn,UWrMaxSat-SCIP 2025-06-04 (complete),0.058048,459.451,0.064735,1.64198,359.221,1.59449,0.058048,459.451,0.309976,0.093181
data/selected-PB25/PB24/normalized-PB06/DEC-LIN/submitted-PB06/namasivayam/tsp/normalized-t3002.11tsp11.1900577940.fzn,UWrMaxSat-SCIP 2025-06-04 (complete),2.10138,1800.0,46.5396,42.8857,610.361,38.9864,2.10138,1800.0,44.3008,4.64302
data/selected-PB25/PB24/normalized-PB06/DEC-LIN/submitted-PB06/namasivayam/tsp/normalized-t3002.11tsp11.1900579996.fzn,UWrMaxSat-SCIP 2025-06-04 (complete),4.6504,432.241,35.4601,24.9235,432.241,29.5175,4.6504,88.8831,36.0265,8.75751
data/selected-PB25/PB24/normalized-PB06/DEC-LIN/submitted-PB06/namasivayam/tsp/normalized-t3002.11tsp11.1900582300.fzn,UWrMaxSat-SCIP 2025-06-04 (complete),2.1325,1800.0,38.4181,20.3006,528.934,29.5034,2.1325,1800.0,28.7122,8.2988
data/selected-PB25/PB24/normalized-PB06/DEC-LIN/submitted-PB06/namasivayam/tsp/normalized-t3002.11tsp11.1900582376.fzn,UWrMaxSat-SCIP 2025-06-04 (complete),0.051083,1800.0,0.415966,6.90191,359.22,10.203,0.051083,1800.0,1.12412,0.16197
data/selected-PB25/PB24/normalized-PB06/DEC-LIN/submitted-PB06/namasivayam/tsp/normalized-t3002.11tsp11.1900584219.fzn,UWrMaxSat-SCIP 2025-06-04 (complete),0.892307,1800.0,12.1204,11.3018,371.603,11.9148,0.892307,1800.0,2.47422,2.2345
data/selected-PB25/PB24/normalized-PB06/DEC-LIN/submitted-PB06/namasivayam/wnqueen/normalized-t2001.13queen13.1110967142.fzn,SCIP 2025-06-13 (complete),0.940275,1800.0,2.58117,0.940275,360.03,0.969828,1.23803,1800.0,20.3269,2.49616
data/selected-PB25/PB24/normalized-PB06/DEC-LIN/submitted-PB06/namasivayam/wnqueen/normalized-t2001.13queen13.1110968094.fzn,SCIP 2025-06-13 (complete),0.304978,1800.0,0.565809,0.304978,359.245,0.433252,0.514046,1800.0,13.4248,0.872286
data/selected-PB25/PB24/normalized-PB06/DEC-LIN/submitted-PB06/namasivayam/wnqueen/normalized-t2001.13queen13.1110969933.fzn,OR-Tools CP-SAT 9.14 (complete),0.019169,1800.0,0.019169,0.026712,359.451,0.169058,0.159936,1800.0,0.385088,0.250153
data/selected-PB25/PB24/normalized-PB06/DEC-LIN/submitted-PB06/namasivayam/wnqueen/normalized-t2001.13queen13.1110973163.fzn,SCIP 2025-06-13 (complete),0.11631,1800.0,0.182986,0.11631,359.21,0.234062,0.667747,1800.0,18.7848,1.32052
data/selected-PB25/PB24/normalized-PB06/DEC-LIN/submitted-PB06/namasivayam/wnqueen/normalized-t2001.13queen13.1110973364.fzn,SCIP 2025-06-13 (complete),0.340295,1800.0,2.45718,0.340295,359.321,0.398306,0.379795,1800.0,13.4721,0.700496
data/selected-PB25/PB24/normalized-PB06/DEC-LIN/submitted-PB06/namasivayam/wnqueen/normalized-t2001.13queen13.1110973670.fzn,UWrMaxSat-SCIP 2025-06-04 (complete),0.443003,1800.0,1.02058,0.625208,359.375,2.09781,0.443003,1800.0,21.0792,0.923235
data/selected-PB25/PB24/normalized-PB06/DEC-LIN/submitted-PB06/namasivayam/wnqueen/normalized-t2001.13queen13.1110973863.fzn,OR-Tools CP-SAT 9.14 (complete),0.171581,1800.0,0.171581,0.268964,359.514,0.484102,0.267849,1800.0,2.29441,0.625011
data/selected-PB25/PB24/normalized-PB06/DEC-LIN/submitted-PB06/namasivayam/wnqueen/normalized-t2001.13queen13.1110974180.fzn,SCIP 2025-06-13 (complete),0.292107,2070.43,0.509888,0.292107,359.331,1.95564,0.367524,2070.43,20.2417,0.77198
data/selected-PB25/PB24/normalized-PB06/DEC-LIN/submitted-PB06/namasivayam/wnqueen/normalized-t2001.13queen13.1110974372.fzn,OR-Tools CP-SAT 9.14 (complete),0.014261,1484.07,0.014261,0.016133,359.138,0.148689,0.302347,1484.07,18.2264,0.168818
data/selected-PB25/PB24/normalized-PB06/DEC-LIN/submitted-PB06/namasivayam/wnqueen/normalized-t2001.13queen13.1110977780.fzn,OR-Tools CP-SAT 9.14 (complete),0.013335,1800.0,0.013335,0.021671,359.26,0.156924,0.207848,1800.0,17.1394,0.367693
data/selected-PB25/PB24/normalized-PB06/DEC-LIN/submitted-PB06/namasivayam/wnqueen/normalized-t2001.13queen13.1110978113.fzn,SCIP-NaPS 1.00a2 (complete),0.833175,1800.0,3.38853,0.897871,359.482,0.833175,0.95981,1800.0,21.8923,1.81459
data/selected-PB25/PB24/normalized-PB06/DEC-LIN/submitted-PB06/namasivayam/wnqueen/normalized-t2001.13queen13.1111219348.fzn,SCIP 2025-06-13 (complete),0.363524,1845.82,1.10914,0.363524,359.328,0.885611,0.415045,1845.82,20.101,0.780663
data/selected-PB25/PB24/normalized-PB06/DEC-LIN/submitted-PB06/namasivayam/wnqueen/normalized-t2001.13queen13.1111223689.fzn,UWrMaxSat-SCIP 2025-06-04 (complete),0.022071,359.421,0.023786,0.440596,359.421,0.6885,0.022071,107.608,1.57589,0.115344
data/selected-PB25/PB24/normalized-PB06/DEC-LIN/submitted-PB06/namasivayam/wnqueen/normalized-t2001.13queen13.1111224255.fzn,UWrMaxSat-SCIP 2025-06-04 (complete),0.390992,1800.0,1.31023,0.444092,359.424,0.527081,0.390992,1800.0,22.0365,1.33183
data/selected-PB25/PB24/normalized-PB06/DEC-LIN/submitted-PB06/namasivayam/wnqueen/normalized-t2001.13queen13.1111226284.fzn,UWrMaxSat-SCIP 2025-06-04 (complete),0.050574,1800.0,0.053954,0.739524,359.253,0.166643,0.050574,1800.0,2.87884,0.590838
data/selected-PB25/PB24/normalized-PB06/DEC-LIN/submitted-PB06/prestwich/armies/normalized-army10.14bt.fzn,OR-Tools CP-SAT 9.14 (complete),0.279403,1800.0,0.279403,13.683,359.527,20.1757,1.26802,1800.0,2.898,5.3901
data/selected-PB25/PB24/normalized-PB06/DEC-LIN/submitted-PB06/prestwich/armies/normalized-army10.14ls.fzn,OR-Tools CP-SAT 9.14 (complete),0.078094,679.257,0.078094,0.911508,361.088,9.31792,0.665932,679.257,0.180348,1.42166
data/selected-PB25/PB24/normalized-PB06/DEC-LIN/submitted-PB06/prestwich/armies/normalized-army11.17bt.fzn,OR-Tools CP-SAT 9.14 (complete),0.419446,1800.0,0.419446,97.0926,359.449,337.114,6.18574,1800.0,1.28671,63.1923
data/selected-PB25/PB24/normalized-PB06/DEC-LIN/submitted-PB06/prestwich/armies/normalized-army11.17ls.fzn,OR-Tools CP-SAT 9.14 (complete),0.315325,1800.0,0.315325,5.8148,363.632,17.0904,1.5178,1800.0,1.18208,10.0068
data/selected-PB25/PB24/normalized-PB06/DEC-LIN/submitted-PB06/prestwich/armies/normalized-army12.21bt.fzn,OR-Tools CP-SAT 9.14 (complete),13.6689,1800.0,13.6689,1800.0,359.653,707.974,47.0447,1800.0,30.8658,686.066
data/selected-PB25/PB24/normalized-PB06/DEC-LIN/submitted-PB06/prestwich/armies/normalized-army12.21ls.fzn,OR-Tools CP-SAT 9.14 (complete),0.054091,3398.16,0.054091,3398.16,359.703,88.3316,13.4566,1800.0,20.6264,112.75
data/selected-PB25/PB24/normalized-PB06/DEC-LIN/submitted-PB06/prestwich/armies/normalized-army13.24bt.fzn,OR-Tools CP-SAT 9.14 (complete),5.2978,1800.0,5.2978,1800.0,359.416,1348.41,47.5471,1800.0,13.7684,144.017
data/selected-PB25/PB24/normalized-PB06/DEC-LIN/submitted-PB06/prestwich/armies/normalized-army13.24ls.fzn,OR-Tools CP-SAT 9.14 (complete),0.213272,1800.0,0.213272,1800.0,359.776,22.5803,7.41313,1800.0,9.67639,26.6443
data/selected-PB25/PB24/normalized-PB06/DEC-LIN/submitted-PB06/prestwich/armies/normalized-army8.9bt.fzn,CASHWMaxSATDisjCom-S 2025-06-01 (complete),0.077668,359.099,0.104839,0.506903,359.099,2.08634,0.166233,3.5729,0.585238,0.077668
data/selected-PB25/PB24/normalized-PB06/DEC-LIN/submitted-PB06/prestwich/armies/normalized-army8.9ls.fzn,UWrMaxSat-SCIP 2025-06-04 (complete),0.014447,359.496,0.035933,0.450864,359.496,0.477173,0.014447,10.5528,0.181171,0.018439
data/selected-PB25/PB24/normalized-PB06/DEC-LIN/submitted-PB06/prestwich/armies/normalized-army9.12bt.fzn,OR-Tools CP-SAT 9.14 (complete),0.482825,1800.0,0.482825,50.2702,359.436,51.1547,2.72518,1800.0,3.23129,11.1555
data/selected-PB25/PB24/normalized-PB06/DEC-LIN/submitted-PB06/prestwich/armies/normalized-army9.12ls.fzn,OR-Tools CP-SAT 9.14 (complete),0.157611,359.595,0.157611,7.73671,359.595,43.4288,0.634781,7.33967,1.59701,3.72489
data/selected-PB25/PB24/normalized-PB06/DEC-LIN/submitted-PB06/prestwich/robin/normalized-robin10.fzn,UWrMaxSat-SCIP 2025-06-04 (complete),0.372929,359.716,5.06216,4.75497,359.716,13.817,0.372929,5.7161,1.19087,0.464662
data/selected-PB25/PB24/normalized-PB06/DEC-LIN/submitted-PB06/prestwich/robin/normalized-robin12.fzn,UWrMaxSat-SCIP 2025-06-04 (complete),6.07709,370.298,68.3982,31.6853,370.298,8.26892,6.07709,366.881,6.75495,30.7416
data/selected-PB25/PB24/normalized-PB06/DEC-LIN/submitted-PB06/prestwich/robin/normalized-robin8.fzn,CASHWMaxSATDisjCom-S 2025-06-01 (complete),0.061371,359.215,0.087814,1.24238,359.215,3.38556,0.085764,2.56559,0.195316,0.061371
data/selected-PB25/PB24/normalized-PB06/DEC-LIN/submitted-PB06/roussel/normalized-pigeon-cardinality-11-10.fzn,OR-Tools CP-SAT 9.14 (complete),0.00376,359.0,0.00376,0.011155,359.0,0.363102,2.44902,0.829652,0.538684,4.57463
data/selected-PB25/PB24/normalized-PB06/DEC-LIN/submitted-PB06/roussel/normalized-pigeon-cardinality-15-10.fzn,OR-Tools CP-SAT 9.14 (complete),0.003701,359.188,0.003701,0.013382,359.188,0.153514,1.89248,0.779742,0.660031,3.51192
data/selected-PB25/PB24/normalized-PB06/DEC-LIN/submitted-PB06/roussel/normalized-pigeon-cardinality-31-30.fzn,OR-Tools CP-SAT 9.14 (complete),0.009575,1800.0,0.009575,0.038327,359.2,0.470166,300.125,1.12207,1800.0,1800.0
data/selected-PB25/PB24/normalized-PB06/DEC-LIN/submitted-PB06/roussel/normalized-pigeon-cardinality-35-30.fzn,OR-Tools CP-SAT 9.14 (complete),0.010057,1800.0,0.010057,0.040623,359.278,0.192152,300.362,1.02514,1800.0,1800.0
data/selected-PB25/PB24/normalized-PB06/DEC-LIN/submitted-PB06/roussel/normalized-pigeon-cardinality-41-40.fzn,OR-Tools CP-SAT 9.14 (complete),0.017421,1800.0,0.017421,0.073554,359.299,0.228422,300.283,1.35253,1800.0,1800.0
data/selected-PB25/PB24/normalized-PB06/DEC-LIN/submitted-PB06/roussel/normalized-pigeon-cardinality-45-40.fzn,OR-Tools CP-SAT 9.14 (complete),0.017431,1800.0,0.017431,0.082428,359.08,0.229029,300.403,1.00961,1800.0,1800.0
data/selected-PB25/PB24/normalized-PB06/DEC-LIN/submitted-PB06/roussel/normalized-pigeon-clauses-21-20.fzn,OR-Tools CP-SAT 9.14 (complete),0.109137,1800.0,0.109137,0.60947,1800.0,0.815379,300.788,1800.0,1800.0,1800.0
data/selected-PB25/PB24/normalized-PB06/DEC-LIN/submitted-PB06/roussel/normalized-pigeon-clauses-35-30.fzn,OR-Tools CP-SAT 9.14 (complete),0.298985,1800.0,0.298985,2.0984,1800.0,6.40002,305.304,1800.0,1800.0,1800.0
data/selected-PB25/PB24/normalized-PB06/DEC-LIN/submitted-PB06/roussel/normalized-pigeon-clauses-45-40.fzn,OR-Tools CP-SAT 9.14 (complete),0.614396,1800.0,0.614396,8.5045,1800.0,48.2249,359.966,1800.0,1800.0,1800.0
data/selected-PB25/PB24/normalized-PB06/DEC-LIN/submitted-PB06/roussel/normalized-pigeon-clauses-55-50.fzn,OR-Tools CP-SAT 9.14 (complete),1.08692,1800.0,1.08692,1800.0,1800.0,1800.0,1800.0,1800.0,1800.0,1800.0
data/selected-PB25/PB24/normalized-PB06/DEC-LIN/submitted-PB06/roussel/normalized-pigeon-clauses-61-60.fzn,OR-Tools CP-SAT 9.14 (complete),1.49326,1800.0,1.49326,1800.0,1800.0,1800.0,1800.0,1800.0,1800.0,1800.0
data/selected-PB25/PB24/normalized-PB06/DEC-LIN/web/uclid_pb_benchmarks/normalized-blast-floppy1-8.ucl.fzn,OR-Tools CP-SAT 9.14 (complete),0.040366,359.288,0.040366,0.053985,359.288,0.519446,0.062173,1.2573,0.287966,0.063237
data/selected-PB25/PB24/normalized-PB06/DEC-LIN/web/uclid_pb_benchmarks/normalized-blast-tlan2.ucl.fzn,OR-Tools CP-SAT 9.14 (complete),0.030393,359.145,0.030393,0.040359,359.145,0.471528,0.169968,1.18458,5.44272,0.162273
data/selected-PB25/PB24/normalized-PB06/DEC-LIN/web/uclid_pb_benchmarks/normalized-ooo.burch_dill.4.accl.ucl.fzn,CASHWMaxSATDisjCom-S 2025-06-01 (complete),0.215593,359.091,1.52878,1.18142,359.091,3.7252,0.224065,1.03428,0.376096,0.215593
data/selected-PB25/PB24/normalized-PB06/DEC-LIN/web/uclid_pb_benchmarks/normalized-ooo.rf6.ucl.fzn,CASHWMaxSATDisjCom-S 2025-06-01 (complete),0.053573,359.258,0.292465,1.52134,359.258,0.83242,0.063238,1.58749,0.088537,0.053573
data/selected-PB25/PB24/normalized-PB06/DEC-LIN/web/uclid_pb_benchmarks/normalized-ooo.rf7.ucl.fzn,CASHWMaxSATDisjCom-S 2025-06-01 (complete),0.118645,359.334,2.28729,10.2353,359.334,10.4627,0.138302,1.3635,0.198108,0.118645
"data/selected-PB25/PB24/normalized-PB06/DEC-LIN/web/www.ps.uni-sb.de/~walser/benchmarks/ppp-problems/normalized-ppp:1,3-13,19.fzn",CASHWMaxSATDisjCom-S 2025-06-01 (complete),0.596051,2458.38,8.03558,2458.38,359.423,500.826,3.74727,1800.0,0.994936,0.596051
"data/selected-PB25/PB24/normalized-PB06/DEC-LIN/web/www.ps.uni-sb.de/~walser/benchmarks/ppp-problems/normalized-ppp:1-11,19,21.fzn",OR-Tools CP-SAT 9.14 (complete),26.2497,1800.0,26.2497,1800.0,359.728,526.914,105.179,1800.0,29.6027,1800.0
"data/selected-PB25/PB24/normalized-PB06/DEC-LIN/web/www.ps.uni-sb.de/~walser/benchmarks/ppp-problems/normalized-ppp:1-12,16.fzn",CASHWMaxSATDisjCom-S 2025-06-01 (complete),0.432695,1800.0,1.86587,444.324,359.747,310.209,0.475238,1800.0,0.996255,0.432695
data/selected-PB25/PB24/normalized-PB06/DEC-LIN/web/www.ps.uni-sb.de/~walser/benchmarks/ppp-problems/normalized-ppp:1-13.fzn,CASHWMaxSATDisjCom-S 2025-06-01 (complete),0.58581,2541.52,4.21003,2541.52,359.513,502.636,7.87709,1800.0,2.04119,0.58581
"data/selected-PB25/PB24/normalized-PB06/DEC-LIN/web/www.ps.uni-sb.de/~walser/benchmarks/ppp-problems/normalized-ppp:1-9,16-19.fzn",Picat 2025-06-16 (complete),174.327,1800.0,448.616,1800.0,1800.0,518.171,1800.0,1800.0,174.327,1800.0
"data/selected-PB25/PB24/normalized-PB06/DEC-LIN/web/www.ps.uni-sb.de/~walser/benchmarks/ppp-problems/normalized-ppp:3-13,25,26.fzn",Picat 2025-06-16 (complete),3.86965,1800.0,5.63991,1800.0,359.621,500.33,6.1054,1800.0,3.86965,91.4867
data/selected-PB25/PB24/normalized-PB06/OPT-LIN/mps-v2-20-10/MIPLIB/miplib/normalized-mps-v2-20-10-bell3a.fzn,CASHWMaxSATDisjCom-S 2025-06-01 (complete),1800.0,1800.0,1800.0,1800.0,1800.0,1800.0,1800.0,1800.0,1800.0,1800.0
data/selected-PB25/PB24/normalized-PB06/OPT-LIN/mps-v2-20-10/MIPLIB/miplib/normalized-mps-v2-20-10-misc01.fzn,UWrMaxSat-SCIP 2025-06-04 (complete),0.144815,359.111,1.07304,0.344296,359.111,1.63339,0.144815,5.30765,2.73794,31.1597
data/selected-PB25/PB24/normalized-PB06/OPT-LIN/mps-v2-20-10/MIPLIB/miplib2003/normalized-mps-v2-20-10-pp08aCUTS.fzn,CASHWMaxSATDisjCom-S 2025-06-01 (complete),1800.0,3587.56,1800.0,3587.56,1800.0,1800.0,1800.0,1800.0,1800.0,1800.0
data/selected-PB25/PB24/normalized-PB06/OPT-LIN/mps-v2-20-10/www.csit.fsu.edu/~burkardt/datasets/mps/normalized-mps-v2-20-10-maros.fzn,SCIP 2025-06-13 (complete),0.060434,359.227,0.14182,0.060434,359.227,0.575193,16.8508,2.28716,15.1071,55.7326
data/selected-PB25/PB24/normalized-PB06/OPT-LIN/mps-v2-20-10/www.csit.fsu.edu/~burkardt/datasets/mps/normalized-mps-v2-20-10-nazareth.fzn,SCIP 2025-06-13 (complete),0.004584,359.342,0.010808,0.004584,359.342,0.164804,0.017523,0.848369,0.317642,0.019664
data/selected-PB25/PB24/normalized-PB06/OPT-LIN/mps-v2-20-10/www.csit.fsu.edu/~burkardt/datasets/mps/normalized-mps-v2-20-10-testprob.fzn,SCIP 2025-06-13 (complete),0.00654,359.087,0.018149,0.00654,359.087,0.165946,0.008415,0.573118,1.75808,0.019042
data/selected-PB25/PB24/normalized-PB06/OPT-LIN/submitted-PB05/manquinho/logic-synthesis/normalized-alu4.b.fzn,SCIP 2025-06-13 (complete),1.71932,1800.0,5.78403,1.71932,752.092,2.49076,301.854,1800.0,1800.0,3.01092
data/selected-PB25/PB24/normalized-PB06/OPT-LIN/submitted-PB05/manquinho/logic-synthesis/normalized-count.b.fzn,OR-Tools CP-SAT 9.14 (complete),0.128082,1800.0,0.128082,0.188322,359.195,1.67206,0.159199,1800.0,45.1684,0.395644
data/selected-PB25/PB24/normalized-PB06/OPT-LIN/submitted-PB05/manquinho/logic-synthesis/normalized-sao2.b.fzn,UWrMaxSat-SCIP 2025-06-04 (complete),0.049084,1800.0,0.272173,1.05803,359.277,1.24326,0.049084,1800.0,397.66,2.77755
data/selected-PB25/PB24/normalized-PB06/OPT-LIN/submitted-PB05/manquinho/primes-dimacs-cnf/normalized-aim-100-6_0-yes1-1.fzn,UWrMaxSat-SCIP 2025-06-04 (complete),0.010693,359.054,2.05606,0.155449,359.054,0.67632,0.010693,1.11194,0.057771,0.489329
data/selected-PB25/PB24/normalized-PB06/OPT-LIN/submitted-PB05/manquinho/primes-dimacs-cnf/normalized-aim-200-2_0-yes1-2.fzn,UWrMaxSat-SCIP 2025-06-04 (complete),0.010581,359.307,2.41876,0.218757,359.307,1.0248,0.010581,1.23188,0.112946,0.100071
data/selected-PB25/PB24/normalized-PB06/OPT-LIN/submitted-PB05/manquinho/primes-dimacs-cnf/normalized-aim-50-2_0-yes1-1.fzn,UWrMaxSat-SCIP 2025-06-04 (complete),0.00478,359.349,0.34111,0.030326,359.349,0.468627,0.00478,0.871873,0.023845,0.014172
data/selected-PB25/PB24/normalized-PB06/OPT-LIN/submitted-PB05/manquinho/primes-dimacs-cnf/normalized-aim-50-6_0-yes1-3.fzn,UWrMaxSat-SCIP 2025-06-04 (complete),0.006185,359.162,0.008449,0.007658,359.162,0.398696,0.006185,0.899586,0.027149,0.029993
data/selected-PB25/PB24/normalized-PB06/OPT-LIN/submitted-PB05/manquinho/primes-dimacs-cnf/normalized-f1000.fzn,CASHWMaxSATDisjCom-S 2025-06-01 (complete),1800.0,1800.0,1800.0,1800.0,1800.0,1800.0,1800.0,1800.0,1800.0,1800.0
data/selected-PB25/PB24/normalized-PB06/OPT-LIN/submitted-PB05/manquinho/primes-dimacs-cnf/normalized-g125.18.fzn,CASHWMaxSATDisjCom-S 2025-06-01 (complete),1800.0,1800.0,1800.0,1800.0,1800.0,1800.0,1800.0,1800.0,1800.0,1800.0
data/selected-PB25/PB24/normalized-PB06/OPT-LIN/submitted-PB05/manquinho/primes-dimacs-cnf/normalized-ii16d2.fzn,UWrMaxSat-SCIP 2025-06-04 (complete),1.82693,360.428,71.4342,93.7421,360.428,101.096,1.82693,16.0366,13.3781,196.322
data/selected-PB25/PB24/normalized-PB06/OPT-LIN/submitted-PB05/manquinho/primes-dimacs-cnf/normalized-ii32c2.fzn,UWrMaxSat-SCIP 2025-06-04 (complete),1.5157,1800.0,143.318,11.4685,1444.33,15.3287,1.5157,1800.0,75.7869,27.4927
data/selected-PB25/PB24/normalized-PB06/OPT-LIN/submitted-PB05/manquinho/primes-dimacs-cnf/normalized-ssa7552-159.fzn,OR-Tools CP-SAT 9.14 (complete),0.122041,1800.0,0.122041,0.329375,360.695,1.32397,0.187995,1800.0,13.3258,0.7272
data/selected-PB25/PB24/normalized-PB06/OPT-LIN/submitted-PB05/manquinho/routing/normalized-s3-3-3-1pb.fzn,UWrMaxSat-SCIP 2025-06-04 (complete),0.013884,359.286,0.015983,0.019574,359.286,0.425374,0.013884,1.18961,0.297017,0.388872
data/selected-PB25/PB24/normalized-PB06/OPT-LIN/submitted-PB05/manquinho/routing/normalized-s3-3-3-2pb.fzn,UWrMaxSat-SCIP 2025-06-04 (complete),0.014739,359.232,0.018777,0.021253,359.232,0.44666,0.014739,1.54317,0.418741,0.333801
data/selected-PB25/PB24/normalized-PB06/OPT-LIN/submitted-PB05/manquinho/routing/normalized-s3-3-3-3pb.fzn,UWrMaxSat-SCIP 2025-06-04 (complete),0.014668,359.039,0.017491,0.020929,359.039,0.15709,0.014668,1.53742,0.394349,0.403233
data/selected-PB25/PB24/normalized-PB06/OPT-LIN/submitted-PB05/manquinho/routing/normalized-s3-3-3-4pb.fzn,UWrMaxSat-SCIP 2025-06-04 (complete),0.014104,359.025,0.01702,0.021213,359.025,0.43144,0.014104,1.68118,0.475716,0.381856
data/selected-PB25/PB24/normalized-PB06/OPT-LIN/submitted-PB05/manquinho/routing/normalized-s3-3-3-5pb.fzn,OR-Tools CP-SAT 9.14 (complete),0.01699,359.212,0.01699,0.020595,359.212,0.411382,0.017094,1.91183,0.450558,0.439101
data/selected-PB25/PB24/normalized-PB06/OPT-LIN/submitted-PB05/manquinho/routing/normalized-s4-4-3-1pb.fzn,SCIP 2025-06-13 (complete),0.061267,860.204,0.132376,0.061267,359.297,0.885065,0.314582,860.204,5.61973,3.66677
data/selected-PB25/PB24/normalized-PB06/OPT-LIN/submitted-PB05/manquinho/routing/normalized-s4-4-3-2pb.fzn,OR-Tools CP-SAT 9.14 (complete),0.080112,1800.0,0.080112,0.20929,359.21,0.343974,0.996709,1800.0,9.87777,3.82094
data/selected-PB25/PB24/normalized-PB06/OPT-LIN/submitted-PB05/manquinho/routing/normalized-s4-4-3-4pb.fzn,OR-Tools CP-SAT 9.14 (complete),0.100833,476.548,0.100833,0.573312,359.119,0.317453,0.586207,476.548,7.06718,2.99715
data/selected-PB25/PB24/normalized-PB06/OPT-LIN/submitted-PB05/manquinho/routing/normalized-s4-4-3-7pb.fzn,SCIP 2025-06-13 (complete),0.067876,359.091,0.077383,0.067876,359.091,0.573322,0.300987,10.2607,6.62386,2.56274
data/selected-PB25/PB24/normalized-PB06/OPT-LIN/submitted-PB05/manquinho/routing/normalized-s4-4-3-8pb.fzn,OR-Tools CP-SAT 9.14 (complete),0.042354,359.176,0.042354,0.086928,359.176,0.195538,0.19239,20.7857,1.98611,3.07955
data/selected-PB25/PB24/normalized-PB06/OPT-LIN/submitted-PB05/manquinho/synthesis-ptl-cmos-circuits/normalized-9symml.fzn,OR-Tools CP-SAT 9.14 (complete),0.125111,1800.0,0.125111,0.329011,380.345,1.07591,1.12718,1800.0,1800.0,0.508111
data/selected-PB25/PB24/normalized-PB06/OPT-LIN/submitted-PB05/manquinho/synthesis-ptl-cmos-circuits/normalized-cc.fzn,UWrMaxSat-SCIP 2025-06-04 (complete),0.008801,1800.0,0.012139,0.014041,359.114,0.15013,0.008801,1800.0,303.222,0.037628
data/selected-PB25/PB24/normalized-PB06/OPT-LIN/submitted-PB05/manquinho/ttp/normalized-circ10_3.fzn,CASHWMaxSATDisjCom-S 2025-06-01 (complete),1800.0,1800.0,1800.0,1800.0,1800.0,1800.0,1800.0,1800.0,1800.0,1800.0
data/selected-PB25/PB24/normalized-PB06/OPT-LIN/submitted-PB05/manquinho/ttp/normalized-circ4_3.fzn,UWrMaxSat-SCIP 2025-06-04 (complete),0.021849,359.19,0.283445,1.06703,359.19,0.693314,0.021849,1.92772,0.456247,1.12125
data/selected-PB25/PB24/normalized-PB06/OPT-LIN/submitted-PB05/manquinho/ttp/normalized-circ6_3.fzn,CASHWMaxSATDisjCom-S 2025-06-01 (complete),1800.0,3586.78,1800.0,3586.78,1800.0,1800.0,1800.0,1800.0,1800.0,1800.0
data/selected-PB25/PB24/normalized-PB06/OPT-LIN/submitted-PB05/manquinho/ttp/normalized-circ8_3.fzn,CASHWMaxSATDisjCom-S 2025-06-01 (complete),1800.0,3585.96,1800.0,3585.96,1800.0,1800.0,1800.0,1800.0,1800.0,1800.0
data/selected-PB25/PB24/normalized-PB06/OPT-LIN/submitted-PB05/manquinho/ttp/normalized-data10_3.fzn,CASHWMaxSATDisjCom-S 2025-06-01 (complete),1800.0,3587.45,1800.0,3587.45,1800.0,1800.0,1800.0,1800.0,1800.0,1800.0
data/selected-PB25/PB24/normalized-PB06/OPT-LIN/submitted-PB05/manquinho/ttp/normalized-data4_3.fzn,UWrMaxSat-SCIP 2025-06-04 (complete),0.206916,359.292,1.44997,1.5658,359.292,2.54075,0.206916,1.92053,3.11087,2.37311
data/selected-PB25/PB24/normalized-PB06/OPT-LIN/submitted-PB05/manquinho/ttp/normalized-data6_3.fzn,CASHWMaxSATDisjCom-S 2025-06-01 (complete),1800.0,3587.55,1800.0,3587.55,1800.0,1800.0,1800.0,1800.0,1800.0,1800.0
data/selected-PB25/PB24/normalized-PB06/OPT-LIN/submitted-PB05/manquinho/ttp/normalized-data8_3.fzn,CASHWMaxSATDisjCom-S 2025-06-01 (complete),1800.0,3587.77,1800.0,3587.77,1800.0,1800.0,1800.0,1800.0,1800.0,1800.0
data/selected-PB25/PB24/normalized-PB06/OPT-LIN/submitted-PB05/sorensson/garden/normalized-g15x15.fzn,UWrMaxSat-SCIP 2025-06-04 (complete),8.60126,3356.97,3356.97,38.2745,1800.0,32.233,8.60126,1800.0,1018.85,66.054
data/selected-PB25/PB24/normalized-PB06/OPT-LIN/submitted-PB05/sorensson/garden/normalized-g2x2.fzn,UWrMaxSat-SCIP 2025-06-04 (complete),0.003295,359.306,0.00405,0.004754,359.306,0.14066,0.003295,0.309165,0.00692,0.008389
data/selected-PB25/PB24/normalized-PB06/OPT-LIN/submitted-PB05/sorensson/garden/normalized-g4x4.fzn,UWrMaxSat-SCIP 2025-06-04 (complete),0.003622,359.182,0.005443,0.005297,359.182,0.141645,0.003622,0.326609,0.010376,0.009691
data/selected-PB25/PB24/normalized-PB06/OPT-LIN/submitted-PB05/sorensson/garden/normalized-g7x7.fzn,UWrMaxSat-SCIP 2025-06-04 (complete),0.00602,359.196,0.021784,0.095064,359.196,0.237212,0.00602,0.872264,0.082798,0.208645
data/selected-PB25/PB24/normalized-PB06/OPT-LIN/submitted-PB05/sorensson/garden/normalized-g9x3.fzn,UWrMaxSat-SCIP 2025-06-04 (complete),0.003979,359.301,0.007618,0.010151,359.301,0.367098,0.003979,0.376549,0.021842,0.022211
data/selected-PB25/PB24/normalized-PB06/OPT-LIN/submitted-PB05/sorensson/garden/normalized-g9x9.fzn,UWrMaxSat-SCIP 2025-06-04 (complete),0.034019,1800.0,0.273047,0.410284,359.244,0.559503,0.034019,1800.0,0.87383,1.11122
data/selected-PB25/PB24/normalized-PB06/OPT-LIN/submitted-PB06/liu/domset/normalized-domset_v500_e2000_w30_mw19_13.opb.PB06.fzn,CASHWMaxSATDisjCom-S 2025-06-01 (complete),1800.0,3586.72,1800.0,3586.72,1800.0,1800.0,1800.0,1800.0,1800.0,1800.0
data/selected-PB25/PB24/normalized-PB06/OPT-LIN/submitted-PB06/liu/domset/normalized-domset_v500_e2000_w30_mw19_14.opb.PB06.fzn,CASHWMaxSATDisjCom-S 2025-06-01 (complete),1800.0,3586.71,1800.0,3586.71,1800.0,1800.0,1800.0,1800.0,1800.0,1800.0
data/selected-PB25/PB24/normalized-PB06/OPT-LIN/submitted-PB06/liu/domset/normalized-domset_v500_e2000_w30_mw19_16.opb.PB06.fzn,CASHWMaxSATDisjCom-S 2025-06-01 (complete),1800.0,3588.01,1800.0,3588.01,1800.0,1800.0,1800.0,1800.0,1800.0,1800.0
data/selected-PB25/PB24/normalized-PB06/OPT-LIN/submitted-PB06/liu/domset/normalized-domset_v500_e2000_w30_mw19_17.opb.PB06.fzn,CASHWMaxSATDisjCom-S 2025-06-01 (complete),1800.0,3587.05,1800.0,3587.05,1800.0,1800.0,1800.0,1800.0,1800.0,1800.0
data/selected-PB25/PB24/normalized-PB06/OPT-LIN/submitted-PB06/liu/domset/normalized-domset_v500_e2000_w30_mw19_18.opb.PB06.fzn,CASHWMaxSATDisjCom-S 2025-06-01 (complete),1800.0,3585.23,1800.0,3585.23,1800.0,1800.0,1800.0,1800.0,1800.0,1800.0
data/selected-PB25/PB24/normalized-PB06/OPT-LIN/submitted-PB06/liu/domset/normalized-domset_v500_e2000_w30_mw19_19.opb.PB06.fzn,CASHWMaxSATDisjCom-S 2025-06-01 (complete),1800.0,3587.22,1800.0,3587.22,1800.0,1800.0,1800.0,1800.0,1800.0,1800.0
data/selected-PB25/PB24/normalized-PB06/OPT-LIN/submitted-PB06/liu/domset/normalized-domset_v500_e2000_w30_mw19_20.opb.PB06.fzn,CASHWMaxSATDisjCom-S 2025-06-01 (complete),1800.0,3587.22,1800.0,3587.22,1800.0,1800.0,1800.0,1800.0,1800.0,1800.0
data/selected-PB25/PB24/normalized-PB06/OPT-LIN/submitted-PB06/liu/domset/normalized-domset_v500_e2000_w30_mw19_21.opb.PB06.fzn,CASHWMaxSATDisjCom-S 2025-06-01 (complete),1800.0,3587.31,1800.0,3587.31,1800.0,1800.0,1800.0,1800.0,1800.0,1800.0
data/selected-PB25/PB24/normalized-PB06/OPT-LIN/submitted-PB06/liu/domset/normalized-domset_v500_e2000_w30_mw19_22.opb.PB06.fzn,CASHWMaxSATDisjCom-S 2025-06-01 (complete),1800.0,3586.81,1800.0,3586.81,1800.0,1800.0,1800.0,1800.0,1800.0,1800.0
data/selected-PB25/PB24/normalized-PB06/OPT-LIN/submitted-PB06/liu/domset/normalized-domset_v500_e2000_w30_mw19_23.opb.PB06.fzn,CASHWMaxSATDisjCom-S 2025-06-01 (complete),1800.0,3587.47,1800.0,3587.47,1800.0,1800.0,1800.0,1800.0,1800.0,1800.0
data/selected-PB25/PB24/normalized-PB06/OPT-LIN/submitted-PB06/liu/vtxcov/normalized-vtxcov_v2000_e4000_1.opb.PB06.fzn,CASHWMaxSATDisjCom-S 2025-06-01 (complete),1800.0,3588.22,1800.0,3588.22,1800.0,1800.0,1800.0,1800.0,1800.0,1800.0
data/selected-PB25/PB24/normalized-PB06/OPT-LIN/submitted-PB06/liu/vtxcov/normalized-vtxcov_v2000_e4000_11.opb.PB06.fzn,CASHWMaxSATDisjCom-S 2025-06-01 (complete),1800.0,3587.81,1800.0,3587.81,1800.0,1800.0,1800.0,1800.0,1800.0,1800.0
data/selected-PB25/PB24/normalized-PB06/OPT-LIN/submitted-PB06/liu/vtxcov/normalized-vtxcov_v2000_e4000_12.opb.PB06.fzn,CASHWMaxSATDisjCom-S 2025-06-01 (complete),1800.0,3587.44,1800.0,3587.44,1800.0,1800.0,1800.0,1800.0,1800.0,1800.0
data/selected-PB25/PB24/normalized-PB06/OPT-LIN/submitted-PB06/liu/vtxcov/normalized-vtxcov_v2000_e4000_2.opb.PB06.fzn,CASHWMaxSATDisjCom-S 2025-06-01 (complete),1800.0,3587.04,1800.0,3587.04,1800.0,1800.0,1800.0,1800.0,1800.0,1800.0
data/selected-PB25/PB24/normalized-PB06/OPT-LIN/submitted-PB06/liu/vtxcov/normalized-vtxcov_v2000_e4000_21.opb.PB06.fzn,CASHWMaxSATDisjCom-S 2025-06-01 (complete),1800.0,3587.98,1800.0,3587.98,1800.0,1800.0,1800.0,1800.0,1800.0,1800.0
data/selected-PB25/PB24/normalized-PB06/OPT-LIN/submitted-PB06/liu/vtxcov/normalized-vtxcov_v2000_e4000_33.opb.PB06.fzn,CASHWMaxSATDisjCom-S 2025-06-01 (complete),1800.0,3587.75,1800.0,3587.75,1800.0,1800.0,1800.0,1800.0,1800.0,1800.0
data/selected-PB25/PB24/normalized-PB06/OPT-LIN/submitted-PB06/liu/vtxcov/normalized-vtxcov_v2000_e4000_34.opb.PB06.fzn,CASHWMaxSATDisjCom-S 2025-06-01 (complete),1800.0,3586.92,1800.0,3586.92,1800.0,1800.0,1800.0,1800.0,1800.0,1800.0
data/selected-PB25/PB24/normalized-PB06/OPT-LIN/submitted-PB06/liu/vtxcov/normalized-vtxcov_v2000_e4000_36.opb.PB06.fzn,CASHWMaxSATDisjCom-S 2025-06-01 (complete),1800.0,3587.25,1800.0,3587.25,1800.0,1800.0,1800.0,1800.0,1800.0,1800.0
data/selected-PB25/PB24/normalized-PB06/OPT-LIN/submitted-PB06/liu/vtxcov/normalized-vtxcov_v2000_e4000_6.opb.PB06.fzn,CASHWMaxSATDisjCom-S 2025-06-01 (complete),1800.0,3587.24,1800.0,3587.24,1800.0,1800.0,1800.0,1800.0,1800.0,1800.0
data/selected-PB25/PB24/normalized-PB06/OPT-LIN/submitted-PB06/liu/vtxcov/normalized-vtxcov_v2000_e4000_7.opb.PB06.fzn,CASHWMaxSATDisjCom-S 2025-06-01 (complete),1800.0,3587.52,1800.0,3587.52,1800.0,1800.0,1800.0,1800.0,1800.0,1800.0
data/selected-PB25/PB24/normalized-PB06/OPT-LIN/submitted-PB06/manquiho/bounded_golomb_rulers/normalized-bogr_12.fzn,CASHWMaxSATDisjCom-S 2025-06-01 (complete),1800.0,3586.13,1800.0,3586.13,1800.0,1800.0,1800.0,1800.0,1800.0,1800.0
data/selected-PB25/PB24/normalized-PB06/OPT-LIN/submitted-PB06/manquiho/bounded_golomb_rulers/normalized-bogr_14.fzn,CASHWMaxSATDisjCom-S 2025-06-01 (complete),1800.0,1800.0,1800.0,1800.0,1800.0,1800.0,1800.0,1800.0,1800.0,1800.0
data/selected-PB25/PB24/normalized-PB06/OPT-LIN/submitted-PB06/manquiho/bounded_golomb_rulers/normalized-bogr_4.fzn,UWrMaxSat-SCIP 2025-06-04 (complete),0.007367,359.248,0.204083,0.021422,359.248,0.158812,0.007367,0.81275,0.018036,0.105094
data/selected-PB25/PB24/normalized-PB06/OPT-LIN/submitted-PB06/manquiho/bounded_golomb_rulers/normalized-bogr_5.fzn,UWrMaxSat-SCIP 2025-06-04 (complete),0.02807,359.16,0.117731,0.040549,359.16,0.178005,0.02807,1.07735,0.136718,3.27255
data/selected-PB25/PB24/normalized-PB06/OPT-LIN/submitted-PB06/manquiho/bounded_golomb_rulers/normalized-bogr_6.fzn,UWrMaxSat-SCIP 2025-06-04 (complete),0.131801,359.208,1.64511,0.303992,359.208,0.74243,0.131801,1.8696,0.976374,100.907
data/selected-PB25/PB24/normalized-PB06/OPT-LIN/submitted-PB06/manquiho/golomb-rulers/normalized-OGR_11.fzn,CASHWMaxSATDisjCom-S 2025-06-01 (complete),1800.0,3586.36,1800.0,3586.36,1800.0,1800.0,1800.0,1800.0,1800.0,1800.0
data/selected-PB25/PB24/normalized-PB06/OPT-LIN/submitted-PB06/manquiho/golomb-rulers/normalized-OGR_13.fzn,CASHWMaxSATDisjCom-S 2025-06-01 (complete),1800.0,1800.0,1800.0,1800.0,1800.0,1800.0,1800.0,1800.0,1800.0,1800.0
data/selected-PB25/PB24/normalized-PB06/OPT-LIN/submitted-PB06/manquiho/golomb-rulers/normalized-OGR_7.fzn,UWrMaxSat-SCIP 2025-06-04 (complete),1.1822,1373.46,6.66623,10.1138,359.692,11.1622,1.1822,4.08989,7.45744,1373.46
data/selected-PB25/PB24/normalized-PB06/OPT-LIN/submitted-PB06/manquiho/logic_synthesis/normalized-addm4.r.fzn,SCIP 2025-06-13 (complete),0.094687,1800.0,0.288277,0.094687,360.476,0.401622,0.253944,1800.0,1800.0,0.130829
data/selected-PB25/PB24/normalized-PB06/OPT-LIN/submitted-PB06/manquiho/logic_synthesis/normalized-ex6inp.r.fzn,OR-Tools CP-SAT 9.14 (complete),0.01203,359.351,0.01203,0.031713,359.351,0.169469,0.03493,1.01602,0.062959,0.029277
data/selected-PB25/PB24/normalized-PB06/OPT-LIN/submitted-PB06/manquiho/logic_synthesis/normalized-m100_300_10_20.r.fzn,SCIP 2025-06-13 (complete),10.609,1800.0,11.7003,10.609,540.468,10.9014,310.677,1800.0,1800.0,12.4396
data/selected-PB25/PB24/normalized-PB06/OPT-LIN/submitted-PB06/manquiho/logic_synthesis/normalized-m100_50_40_40.r.fzn,UWrMaxSat-SCIP 2025-06-04 (complete),0.012198,359.279,0.015838,0.013594,359.279,0.150951,0.012198,1.13442,0.021339,0.016311
data/selected-PB25/PB24/normalized-PB06/OPT-LIN/submitted-PB06/manquiho/logic_synthesis/normalized-max1024.r.fzn,SCIP 2025-06-13 (complete),3.54006,2400.31,7.19389,3.54006,2400.31,12.517,64.3926,1800.0,1800.0,4.82404
data/selected-PB25/PB24/normalized-PB06/OPT-LIN/submitted-PB06/manquiho/market-split/normalized-market-split_4_30_3.fzn,OR-Tools CP-SAT 9.14 (complete),17.4851,1800.0,17.4851,37.3293,378.408,27.4329,119.617,1800.0,344.227,255.53
data/selected-PB25/PB24/normalized-PB06/OPT-LIN/submitted-PB06/manquiho/market-split/normalized-market-split_6_50_1.fzn,CASHWMaxSATDisjCom-S 2025-06-01 (complete),1800.0,1800.0,1800.0,1800.0,1800.0,1800.0,1800.0,1800.0,1800.0,1800.0
data/selected-PB25/PB24/normalized-PB06/OPT-LIN/submitted-PB06/manquiho/market-split/normalized-market-split_7_60_2.fzn,CASHWMaxSATDisjCom-S 2025-06-01 (complete),1800.0,1800.0,1800.0,1800.0,1800.0,1800.0,1800.0,1800.0,1800.0,1800.0
data/selected-PB25/PB24/normalized-PB06/OPT-LIN/submitted-PB06/manquiho/market-split/normalized-opt-market-split_4_30_3.fzn,SCIP 2025-06-13 (complete),23.4644,2830.32,42.6992,23.4644,413.15,26.0857,338.119,1800.0,1242.0,2830.32
data/selected-PB25/PB24/normalized-PB06/OPT-LIN/submitted-PB06/manquiho/market-split/normalized-opt-market-split_5_40_3.fzn,SCIP 2025-06-13 (complete),391.29,3520.78,1665.18,391.29,3520.78,730.484,1800.0,1800.0,1800.0,1800.0
data/selected-PB25/PB24/normalized-PB06/OPT-LIN/submitted-PB06/manquiho/market-split/normalized-opt-market-split_5_40_4.fzn,CASHWMaxSATDisjCom-S 2025-06-01 (complete),1800.0,3583.79,1800.0,3583.79,1800.0,1800.0,1800.0,1800.0,1800.0,1800.0
data/selected-PB25/PB24/normalized-PB06/OPT-LIN/submitted-PB06/manquiho/market-split/normalized-opt-market-split_7_60_2.fzn,CASHWMaxSATDisjCom-S 2025-06-01 (complete),1800.0,3589.75,1800.0,3589.75,1800.0,1800.0,1800.0,1800.0,1800.0,1800.0
data/selected-PB25/PB24/normalized-PB06/OPT-LIN/submitted-PB06/manquiho/market-split/normalized-opt-market-split_8_70_1.fzn,CASHWMaxSATDisjCom-S 2025-06-01 (complete),1800.0,3588.31,1800.0,3588.31,1800.0,1800.0,1800.0,1800.0,1800.0,1800.0
data/selected-PB25/PB24/normalized-PB06/OPT-LIN/submitted-PB06/manquiho/market-split/normalized-opt-market-split_8_70_3.fzn,CASHWMaxSATDisjCom-S 2025-06-01 (complete),1800.0,3588.82,1800.0,3588.82,1800.0,1800.0,1800.0,1800.0,1800.0,1800.0
data/selected-PB25/PB24/normalized-PB06/OPT-LIN/submitted-PB06/manquiho/market-split/normalized-opt-market-split_8_70_4.fzn,CASHWMaxSATDisjCom-S 2025-06-01 (complete),1800.0,3589.22,1800.0,3589.22,1800.0,1800.0,1800.0,1800.0,1800.0,1800.0
data/selected-PB25/PB24/normalized-PB06/OPT-LIN/submitted-PB06/roussel/factor/normalized-factor-size=9-P=109-Q=419.fzn,UWrMaxSat-SCIP 2025-06-04 (complete),0.018876,359.182,0.150945,0.029604,359.182,0.165821,0.018876,9.76238,0.041822,3.13164
data/selected-PB25/PB24/normalized-PB06/OPT-LIN/submitted-PB06/roussel/factor/normalized-factor-size=9-P=131-Q=277.fzn,UWrMaxSat-SCIP 2025-06-04 (complete),0.017528,359.285,0.128771,0.024324,359.285,0.171571,0.017528,5.659,0.046795,3.21136
data/selected-PB25/PB24/normalized-PB06/OPT-LIN/submitted-PB06/roussel/factor/normalized-factor-size=9-P=149-Q=509.fzn,UWrMaxSat-SCIP 2025-06-04 (complete),0.020291,359.352,0.131505,0.022707,359.352,0.197008,0.020291,0.346659,0.046363,2.09218
data/selected-PB25/PB24/normalized-PB06/OPT-LIN/submitted-PB06/roussel/factor/normalized-factor-size=9-P=223-Q=383.fzn,UWrMaxSat-SCIP 2025-06-04 (complete),0.015316,358.994,0.118372,0.058463,358.994,0.265664,0.015316,3.95268,0.045177,3.43283
data/selected-PB25/PB24/normalized-PB06/OPT-LIN/submitted-PB06/roussel/factor/normalized-factor-size=9-P=229-Q=239.fzn,UWrMaxSat-SCIP 2025-06-04 (complete),0.017346,359.375,0.104037,0.028114,359.375,0.164523,0.017346,12.1673,0.051049,3.63839
data/selected-PB25/PB24/normalized-PB06/OPT-LIN/submitted-PB06/roussel/factor/normalized-factor-size=9-P=331-Q=379.fzn,UWrMaxSat-SCIP 2025-06-04 (complete),0.018645,359.328,0.175051,0.02747,359.328,0.164281,0.018645,6.77865,0.04092,5.40083
data/selected-PB25/PB24/normalized-PB06/OPT-LIN/submitted-PB06/roussel/factor/normalized-factor-size=9-P=71-Q=409.fzn,UWrMaxSat-SCIP 2025-06-04 (complete),0.015358,359.376,0.08583,0.027311,359.376,0.166687,0.015358,108.244,0.036219,3.32779
data/selected-PB25/PB24/normalized-PB06/OPT-LIN/web/www.nlsde.buaa.edu.cn/~kexu/benchmarks/frb35-17-opb/normalized-frb35-17-2.fzn,UWrMaxSat-SCIP 2025-06-04 (complete),15.1367,3585.31,1800.0,3585.31,1800.0,1042.74,15.1367,1800.0,56.5251,1800.0
data/selected-PB25/PB24/normalized-PB06/OPT-LIN/web/www.nlsde.buaa.edu.cn/~kexu/benchmarks/frb35-17-opb/normalized-frb35-17-3.fzn,UWrMaxSat-SCIP 2025-06-04 (complete),5.43009,2063.93,1459.75,2063.93,1800.0,1006.37,5.43009,1800.0,6.59336,1800.0
data/selected-PB25/PB24/normalized-PB06/OPT-LIN/web/www.nlsde.buaa.edu.cn/~kexu/benchmarks/frb35-17-opb/normalized-frb35-17-4.fzn,UWrMaxSat-SCIP 2025-06-04 (complete),16.6529,3585.77,1800.0,3585.77,1800.0,1010.71,16.6529,1800.0,20.1204,1800.0
data/selected-PB25/PB24/normalized-PB06/OPT-LIN/web/www.nlsde.buaa.edu.cn/~kexu/benchmarks/frb45-21-opb/normalized-frb45-21-3.fzn,Picat 2025-06-16 (complete),436.925,3588.0,1800.0,3588.0,1800.0,3389.97,1800.0,1800.0,436.925,1800.0
data/selected-PB25/PB24/normalized-PB06/OPT-LIN/web/www.nlsde.buaa.edu.cn/~kexu/benchmarks/frb50-23-opb/normalized-frb50-23-4.fzn,Picat 2025-06-16 (complete),594.01,3586.71,1800.0,3586.71,1800.0,1981.37,1596.47,1800.0,594.01,1800.0
data/selected-PB25/PB24/normalized-PB06/OPT-LIN/web/www.nlsde.buaa.edu.cn/~kexu/benchmarks/frb50-23-opb/normalized-frb50-23-5.fzn,CASHWMaxSATDisjCom-S 2025-06-01 (complete),1800.0,3596.98,1800.0,3586.75,1800.0,1800.0,3596.98,1800.0,1902.39,1800.0
data/selected-PB25/PB24/normalized-PB06/OPT-LIN/web/www.nlsde.buaa.edu.cn/~kexu/benchmarks/frb53-24-opb/normalized-frb53-24-1.fzn,CASHWMaxSATDisjCom-S 2025-06-01 (complete),1800.0,3586.86,1800.0,3586.86,1800.0,1800.0,1800.0,1800.0,1800.0,1800.0
data/selected-PB25/PB24/normalized-PB06/OPT-LIN/web/www.nlsde.buaa.edu.cn/~kexu/benchmarks/frb53-24-opb/normalized-frb53-24-3.fzn,CASHWMaxSATDisjCom-S 2025-06-01 (complete),1800.0,3587.17,1800.0,3587.17,1800.0,1800.0,1827.29,1800.0,1800.0,1800.0
data/selected-PB25/PB24/normalized-PB06/OPT-LIN/web/www.nlsde.buaa.edu.cn/~kexu/benchmarks/frb56-25-opb/normalized-frb56-25-3.fzn,CASHWMaxSATDisjCom-S 2025-06-01 (complete),1800.0,3586.78,1800.0,3586.78,1800.0,1800.0,1800.0,1800.0,1800.0,1800.0
data/selected-PB25/PB24/normalized-PB06/OPT-LIN/web/www.nlsde.buaa.edu.cn/~kexu/benchmarks/frb56-25-opb/normalized-frb56-25-4.fzn,CASHWMaxSATDisjCom-S 2025-06-01 (complete),1800.0,3586.37,1800.0,3586.37,1800.0,1800.0,1800.0,1800.0,1800.0,1800.0
data/selected-PB25/PB24/normalized-PB06/OPT-LIN/web/www.ps.uni-sb.de/~walser/benchmarks/course-ass/normalized-ss97-4.fzn,SCIP 2025-06-13 (complete),0.159842,1796.04,0.351605,0.159842,362.257,0.677884,0.775929,245.083,65.2448,1796.04
data/selected-PB25/PB24/normalized-PB06/OPT-LIN/web/www.ps.uni-sb.de/~walser/benchmarks/course-ass/normalized-ss97-6.fzn,SCIP 2025-06-13 (complete),0.015168,359.113,0.034159,0.015168,359.113,0.152288,0.016884,0.464107,1.38845,2.89561
data/selected-PB25/PB24/normalized-PB06/OPT-LIN/web/www.ps.uni-sb.de/~walser/benchmarks/course-ass/normalized-ws97-3.fzn,SCIP 2025-06-13 (complete),0.399534,1800.0,0.650179,0.399534,1800.0,1.46304,300.887,1800.0,1800.0,1800.0
data/selected-PB25/PB24/normalized-PB06/OPT-LIN/web/www.ps.uni-sb.de/~walser/benchmarks/course-ass/normalized-ws97-5.fzn,SCIP 2025-06-13 (complete),0.045582,1800.0,0.125867,0.045582,359.514,0.186162,300.24,6.4275,1164.31,1800.0
data/selected-PB25/PB24/normalized-PB06/OPT-LIN/web/www.ps.uni-sb.de/~walser/benchmarks/radar/normalized-10:10:4.5:0.5:100.fzn,SCIP 2025-06-13 (complete),0.577044,1800.0,1.25109,0.577044,359.393,1.58132,300.284,1800.0,1800.0,1800.0
data/selected-PB25/PB24/normalized-PB06/OPT-LIN/web/www.ps.uni-sb.de/~walser/benchmarks/radar/normalized-10:10:4.5:0.95:100.fzn,SCIP 2025-06-13 (complete),0.873387,1800.0,1.58239,0.873387,359.867,2.24617,300.271,1800.0,1800.0,1800.0
data/selected-PB25/PB24/normalized-PB06/OPT-LIN/web/www.ps.uni-sb.de/~walser/benchmarks/radar/normalized-10:20:4.5:0.95:100.fzn,OR-Tools CP-SAT 9.14 (complete),1.72158,1800.0,1.72158,3.44254,878.616,4.93287,302.778,1800.0,1800.0,1800.0
data/selected-PB25/PB24/normalized-PB06/OPT-LIN/web/www.ps.uni-sb.de/~walser/benchmarks/radar/normalized-10:20:4.5:0.95:98.fzn,OR-Tools CP-SAT 9.14 (complete),2.2393,1800.0,2.2393,3.09559,1153.25,4.18389,302.963,1800.0,1800.0,1800.0
data/selected-PB25/PB24/normalized-PB06/OPT-LIN/web/www.ps.uni-sb.de/~walser/benchmarks/radar/normalized-30:30:4.5:0.5:100.fzn,SCIP-NaPS 1.00a2 (complete),25.3086,1800.0,52.35,28.9323,1800.0,25.3086,330.561,1800.0,1800.0,1800.0
data/selected-PB25/PB24/normalized-PB06/OPT-LIN/web/www.ps.uni-sb.de/~walser/benchmarks/radar/normalized-30:30:4.5:0.95:100.fzn,SCIP 2025-06-13 (complete),21.2933,1800.0,159.959,21.2933,1800.0,23.3444,349.227,1800.0,1800.0,1800.0
data/selected-PB25/PB24/normalized-PB06/OPT-LIN/web/www.ps.uni-sb.de/~walser/benchmarks/radar/normalized-30:30:4.5:0.95:98.fzn,SCIP-NaPS 1.00a2 (complete),15.9056,1800.0,156.613,16.4044,1800.0,15.9056,312.441,1800.0,1800.0,1800.0
data/selected-PB25/PB24/normalized-PB07/DEC-NLC/submittedPB07/manquinho/dbsg/normalized-dbsg_100_10_5_15.fzn,SCIP 2025-06-13 (complete),0.034781,359.117,0.095332,0.034781,359.117,,,0.919031,0.284549,
data/selected-PB25/PB24/normalized-PB07/DEC-NLC/submittedPB07/manquinho/dbsg/normalized-dbsg_200_25_1_40.fzn,Exact 2025-06-02 (complete),1800.0,1800.0,1800.0,1800.0,1800.0,,,1800.0,1800.0,
data/selected-PB25/PB24/normalized-PB07/DEC-NLC/submittedPB07/manquinho/dbsg/normalized-dbsg_200_25_4_15.fzn,SCIP 2025-06-13 (complete),0.136926,359.294,1.25375,0.136926,359.294,,,2.98289,1.02497,
data/selected-PB25/PB24/normalized-PB07/DEC-NLC/submittedPB07/manquinho/dbsg/normalized-dbsg_200_25_5_15.fzn,SCIP 2025-06-13 (complete),0.123143,359.437,1.24798,0.123143,359.437,,,2.81666,0.840693,
data/selected-PB25/PB24/normalized-PB07/DEC-NLC/submittedPB07/manquinho/dbsg/normalized-dbsg_500_10_1_15.fzn,SCIP 2025-06-13 (complete),0.176367,359.245,0.600323,0.176367,359.245,,,0.814888,1.66096,
data/selected-PB25/PB24/normalized-PB07/DEC-NLC/submittedPB07/manquinho/dbsg/normalized-dbsg_500_10_5_15.fzn,SCIP 2025-06-13 (complete),0.169961,359.36,0.608875,0.169961,359.36,,,0.759079,2.593,
data/selected-PB25/PB24/normalized-PB07/DEC-NLC/submittedPB07/manquinho/dbsg/normalized-dbsg_500_10_5_80.fzn,SCIP 2025-06-13 (complete),0.546241,359.48,0.608887,0.546241,359.48,,,6.08773,2.45336,
data/selected-PB25/PB24/normalized-PB07/DEC-NLC/submittedPB07/manquinho/dbsg/normalized-dbsg_500_25_4_15.fzn,SCIP 2025-06-13 (complete),0.355838,358.984,1.76032,0.355838,358.984,,,1.00939,2.18775,
data/selected-PB25/PB24/normalized-PB07/DEC-NLC/submittedPB07/manquinho/dbsg/normalized-dbsg_50_10_2_5.fzn,SCIP 2025-06-13 (complete),0.01729,359.088,0.061319,0.01729,359.088,,,0.412994,0.06939,
data/selected-PB25/PB24/normalized-PB07/DEC-NLC/submittedPB07/manquinho/dbsg/normalized-dbsg_50_10_5_15.fzn,Picat 2025-06-16 (complete),931.221,1800.0,1800.0,1544.99,1800.0,,,1800.0,931.221,
data/selected-PB25/PB24/normalized-PB07/OPT-LIN/submittedPB07/aksoy/area_delay/normalized-fir04_area_delay.fzn,UWrMaxSat-SCIP 2025-06-04 (complete),0.031906,1800.0,0.098221,0.856106,359.118,0.291115,0.031906,1800.0,0.764082,0.15894
data/selected-PB25/PB24/normalized-PB07/OPT-LIN/submittedPB07/aksoy/area_partials/normalized-fir04_area_partials.fzn,UWrMaxSat-SCIP 2025-06-04 (complete),0.00408,359.328,0.014116,0.00604,359.328,0.152261,0.00408,0.3284,0.008168,0.004146
data/selected-PB25/PB24/normalized-PB07/OPT-LIN/submittedPB07/aksoy/decomp/normalized-matrix_5x3_8.fzn,UWrMaxSat-SCIP 2025-06-04 (complete),5.96766,3587.11,1800.0,3587.11,455.147,1020.54,5.96766,1800.0,30.3565,1797.17
data/selected-PB25/PB24/normalized-PB07/OPT-LIN/submittedPB07/aksoy/trarea_ac/normalized-fir01_trarea_ac.fzn,UWrMaxSat-SCIP 2025-06-04 (complete),0.009934,359.221,0.024402,0.013696,359.221,0.156166,0.009934,1.84951,60.6877,0.015612
data/selected-PB25/PB24/normalized-PB07/OPT-LIN/submittedPB07/aksoy/trarea_ac/normalized-fir02_trarea_ac.fzn,OR-Tools CP-SAT 9.14 (complete),0.026224,1800.0,0.026224,0.030843,359.134,0.176254,0.031389,1800.0,1800.0,0.031101
data/selected-PB25/PB24/normalized-PB07/OPT-LIN/submittedPB07/aksoy/trarea_ac/normalized-fir03_trarea_ac.fzn,CASHWMaxSATDisjCom-S 2025-06-01 (complete),0.067111,1800.0,0.126397,0.069836,359.272,0.218116,0.099576,1800.0,1800.0,0.067111
data/selected-PB25/PB24/normalized-PB07/OPT-LIN/submittedPB07/aksoy/trarea_ac/normalized-fir04_trarea_ac.fzn,CASHWMaxSATDisjCom-S 2025-06-01 (complete),0.097136,1800.0,0.153766,0.098085,359.36,0.25755,0.13565,1800.0,1800.0,0.097136
data/selected-PB25/PB24/normalized-PB07/OPT-LIN/submittedPB07/aksoy/trarea_ac/normalized-fir05_trarea_ac.fzn,CASHWMaxSATDisjCom-S 2025-06-01 (complete),0.05035,1800.0,0.099932,0.052279,359.401,0.206694,0.082445,1800.0,1800.0,0.05035
data/selected-PB25/PB24/normalized-PB07/OPT-LIN/submittedPB07/aksoy/trarea_ac/normalized-fir06_trarea_ac.fzn,SCIP 2025-06-13 (complete),0.266295,1800.0,0.476879,0.266295,374.735,0.509919,2.05932,1800.0,1800.0,0.298195
data/selected-PB25/PB24/normalized-PB07/OPT-LIN/submittedPB07/aksoy/trarea_ac/normalized-fir07_trarea_ac.fzn,SCIP 2025-06-13 (complete),0.2166,1800.0,0.610872,0.2166,362.215,0.386783,0.66166,1800.0,1800.0,0.712057
data/selected-PB25/PB24/normalized-PB07/OPT-LIN/submittedPB07/aksoy/trarea_ac/normalized-fir09_trarea_ac.fzn,OR-Tools CP-SAT 9.14 (complete),4.19641,1800.0,4.19641,20.5117,411.468,21.0828,316.676,1800.0,1800.0,16.4398
data/selected-PB25/PB24/normalized-PB07/OPT-LIN/submittedPB07/manquinho/areaDelay/normalized-f20c10b_008_area_delay.fzn,UWrMaxSat-SCIP 2025-06-04 (complete),0.8842,1800.0,5.11081,15.4561,365.829,26.8547,0.8842,1800.0,6.0144,10.9475
data/selected-PB25/PB24/normalized-PB07/OPT-LIN/submittedPB07/poldner/PB/testset/normalized-10_20.fzn,SCIP 2025-06-13 (complete),0.014445,359.256,0.034211,0.014445,359.256,0.153128,3.8152,1.56562,259.23,0.034372
data/selected-PB25/PB24/normalized-PB07/OPT-LIN/submittedPB07/poldner/PB/testset/normalized-11_22.fzn,SCIP 2025-06-13 (complete),0.026981,1800.0,0.036743,0.026981,359.318,0.165862,47.4468,2.2466,1800.0,0.059744
data/selected-PB25/PB24/normalized-PB07/OPT-LIN/submittedPB07/poldner/PB/testset/normalized-5_10.fzn,UWrMaxSat-SCIP 2025-06-04 (complete),0.007023,359.334,0.0173,0.007622,359.334,0.143727,0.007023,0.917331,23.8627,0.008359
data/selected-PB25/PB24/normalized-PB07/OPT-LIN/submittedPB07/poldner/PB/testset/normalized-6_12.fzn,SCIP 2025-06-13 (complete),0.010052,359.208,0.021711,0.010052,359.208,0.146545,0.024608,0.934269,38.2248,0.011536
data/selected-PB25/PB24/normalized-PB07/OPT-LIN/submittedPB07/poldner/PB/testset/normalized-7_14.fzn,SCIP 2025-06-13 (complete),0.009415,359.228,0.02202,0.009415,359.228,0.14665,0.017559,1.05309,65.2189,0.013124
data/selected-PB25/PB24/normalized-PB07/OPT-LIN/submittedPB07/poldner/PB/testset/normalized-8_16.fzn,SCIP 2025-06-13 (complete),0.055546,1800.0,0.066856,0.055546,359.265,0.195251,0.32096,2.36618,1800.0,0.056203
data/selected-PB25/PB24/normalized-PB07/OPT-NLC/submittedPB07/manquinho/bsg/normalized-bsg_1000_60_2.fzn,Exact 2025-06-02 (complete),1800.0,3587.11,1800.0,3587.11,1800.0,,,1800.0,1800.0,
data/selected-PB25/PB24/normalized-PB07/OPT-NLC/submittedPB07/manquinho/bsg/normalized-bsg_1000_60_4.fzn,Exact 2025-06-02 (complete),1800.0,3587.68,1800.0,3587.68,1800.0,,,1800.0,1800.0,
data/selected-PB25/PB24/normalized-PB07/OPT-NLC/submittedPB07/manquinho/bsg/normalized-bsg_100_25_4.fzn,Exact 2025-06-02 (complete),1800.0,3587.45,1800.0,3587.45,1800.0,,,1800.0,1800.0,
data/selected-PB25/PB24/normalized-PB07/OPT-NLC/submittedPB07/manquinho/bsg/normalized-bsg_100_25_5.fzn,Exact 2025-06-02 (complete),1800.0,3587.97,1800.0,3587.97,1800.0,,,1800.0,1800.0,
data/selected-PB25/PB24/normalized-PB07/OPT-NLC/submittedPB07/manquinho/bsg/normalized-bsg_10_4_2.fzn,Picat 2025-06-16 (complete),0.018957,359.165,0.050924,0.042961,359.165,,,1.30203,0.018957,
data/selected-PB25/PB24/normalized-PB07/OPT-NLC/submittedPB07/manquinho/bsg/normalized-bsg_10_4_4.fzn,Picat 2025-06-16 (complete),0.020216,358.739,0.290949,0.028578,358.739,,,0.365443,0.020216,
data/selected-PB25/PB24/normalized-PB07/OPT-NLC/submittedPB07/manquinho/bsg/normalized-bsg_200_10_2.fzn,Exact 2025-06-02 (complete),1800.0,3587.42,1800.0,3587.42,1800.0,,,1800.0,1800.0,
data/selected-PB25/PB24/normalized-PB07/OPT-NLC/submittedPB07/manquinho/bsg/normalized-bsg_200_10_4.fzn,Exact 2025-06-02 (complete),1800.0,3587.09,1800.0,3587.09,1800.0,,,1800.0,1800.0,
data/selected-PB25/PB24/normalized-PB07/OPT-NLC/submittedPB07/manquinho/bsg/normalized-bsg_500_10_4.fzn,Exact 2025-06-02 (complete),1800.0,3586.32,1800.0,3586.32,1800.0,,,1800.0,1800.0,
data/selected-PB25/PB24/normalized-PB07/OPT-NLC/submittedPB07/manquinho/bsg/normalized-bsg_500_60_4.fzn,Exact 2025-06-02 (complete),1800.0,3587.73,1800.0,3587.73,1800.0,,,1800.0,1800.0,
data/selected-PB25/PB24/normalized-PB07/OPT-NLC/submittedPB07/manquinho/mds/normalized-mds_100_10_1.fzn,SCIP 2025-06-13 (complete),18.0806,1800.0,44.1606,18.0806,1800.0,,,1800.0,1800.0,
data/selected-PB25/PB24/normalized-PB07/OPT-NLC/submittedPB07/manquinho/mds/normalized-mds_100_10_2.fzn,OR-Tools CP-SAT 9.14 (complete),4.03638,2855.3,4.03638,16.0134,2855.3,,,1800.0,888.536,
data/selected-PB25/PB24/normalized-PB07/OPT-NLC/submittedPB07/manquinho/mds/normalized-mds_100_10_4.fzn,OR-Tools CP-SAT 9.14 (complete),7.17507,2216.54,7.17507,12.548,1800.0,,,1800.0,2216.54,
data/selected-PB25/PB24/normalized-PB07/OPT-NLC/submittedPB07/manquinho/mds/normalized-mds_10_4_4.fzn,SCIP 2025-06-13 (complete),0.005318,359.327,0.006157,0.005318,359.327,,,0.366665,0.02271,
data/selected-PB25/PB24/normalized-PB07/OPT-NLC/submittedPB07/manquinho/mds/normalized-mds_200_10_3.fzn,Exact 2025-06-02 (complete),1800.0,3587.47,1800.0,3587.47,1800.0,,,1800.0,1800.0,
data/selected-PB25/PB24/normalized-PB07/OPT-NLC/submittedPB07/manquinho/mds/normalized-mds_200_25_3.fzn,Exact 2025-06-02 (complete),1800.0,3589.73,1800.0,3589.73,1800.0,,,1800.0,1800.0,
data/selected-PB25/PB24/normalized-PB07/OPT-NLC/submittedPB07/manquinho/mds/normalized-mds_200_25_5.fzn,SCIP 2025-06-13 (complete),1464.18,1800.0,1800.0,1464.18,1800.0,,,1800.0,1800.0,
data/selected-PB25/PB24/normalized-PB07/OPT-NLC/submittedPB07/manquinho/mds/normalized-mds_500_10_1.fzn,Exact 2025-06-02 (complete),1800.0,3586.62,1800.0,3586.62,1800.0,,,1800.0,1800.0,
data/selected-PB25/PB24/normalized-PB07/OPT-NLC/submittedPB07/manquinho/mds/normalized-mds_500_10_2.fzn,Exact 2025-06-02 (complete),1800.0,3588.56,1800.0,3588.56,1800.0,,,1800.0,1800.0,
data/selected-PB25/PB24/normalized-PB07/OPT-NLC/submittedPB07/manquinho/mds/normalized-mds_500_25_2.fzn,Exact 2025-06-02 (complete),1800.0,3587.05,1800.0,3587.05,1800.0,,,1800.0,1800.0,
data/selected-PB25/PB24/normalized-PB07/OPT-NLC/submittedPB07/manquinho/mis/normalized-mis_1000_25_3.fzn,Exact 2025-06-02 (complete),1800.0,3588.42,1800.0,3588.42,1800.0,,,1800.0,1800.0,
data/selected-PB25/PB24/normalized-PB07/OPT-NLC/submittedPB07/manquinho/mis/normalized-mis_1000_25_4.fzn,Exact 2025-06-02 (complete),1800.0,3587.56,1800.0,3587.56,1800.0,,,1800.0,1800.0,
data/selected-PB25/PB24/normalized-PB07/OPT-NLC/submittedPB07/manquinho/mis/normalized-mis_1000_60_4.fzn,Exact 2025-06-02 (complete),1800.0,3587.7,1800.0,3587.7,1800.0,,,1800.0,1800.0,
data/selected-PB25/PB24/normalized-PB07/OPT-NLC/submittedPB07/manquinho/mis/normalized-mis_100_10_2.fzn,SCIP 2025-06-13 (complete),4.31615,1800.0,4.5963,4.31615,509.334,,,1800.0,73.6889,
data/selected-PB25/PB24/normalized-PB07/OPT-NLC/submittedPB07/manquinho/mis/normalized-mis_200_10_1.fzn,SCIP 2025-06-13 (complete),1057.5,1800.0,1800.0,1057.5,1800.0,,,1800.0,1800.0,
data/selected-PB25/PB24/normalized-PB07/OPT-NLC/submittedPB07/manquinho/mis/normalized-mis_200_10_2.fzn,SCIP 2025-06-13 (complete),1264.59,1800.0,1800.0,1264.59,1800.0,,,1800.0,1800.0,
data/selected-PB25/PB24/normalized-PB07/OPT-NLC/submittedPB07/manquinho/mis/normalized-mis_200_25_1.fzn,Exact 2025-06-02 (complete),1800.0,2638.54,1800.0,2638.54,1800.0,,,1800.0,1800.0,
data/selected-PB25/PB24/normalized-PB07/OPT-NLC/submittedPB07/manquinho/mis/normalized-mis_500_10_2.fzn,Exact 2025-06-02 (complete),1800.0,3587.46,1800.0,3587.46,1800.0,,,1800.0,1800.0,
data/selected-PB25/PB24/normalized-PB07/OPT-NLC/submittedPB07/manquinho/mis/normalized-mis_500_10_5.fzn,Exact 2025-06-02 (complete),1800.0,3587.19,1800.0,3587.19,1800.0,,,1800.0,1800.0,
data/selected-PB25/PB24/normalized-PB07/OPT-NLC/submittedPB07/manquinho/mis/normalized-mis_500_25_5.fzn,Exact 2025-06-02 (complete),1800.0,3587.44,1800.0,3587.44,1800.0,,,1800.0,1800.0,
data/selected-PB25/PB24/normalized-PB07/OPT-NLC/submittedPB07/roussel/factor-mod-B/factor-mod-size=5-P0=2-P1=23-P2=17-B.fzn,SCIP 2025-06-13 (complete),0.020606,359.203,0.024241,0.020606,359.203,,,0.379051,0.03768,
data/selected-PB25/PB24/normalized-PB07/OPT-NLC/submittedPB07/roussel/factor-mod-B/factor-mod-size=5-P0=3-P1=7-P2=31-P3=29-B.fzn,SCIP 2025-06-13 (complete),0.008757,359.319,0.052747,0.008757,359.319,,,4.59777,0.036036,
data/selected-PB25/PB24/normalized-PB07/OPT-NLC/submittedPB07/roussel/factor-mod-B/factor-mod-size=6-P0=29-P1=59-P2=11-P3=29-P4=29-P5=11-P6=41-P7=53-B.fzn,Picat 2025-06-16 (complete),0.08986,1800.0,0.660308,0.483189,359.408,,,1800.0,0.08986,
data/selected-PB25/PB24/normalized-PB07/OPT-NLC/submittedPB07/roussel/factor-mod-B/factor-mod-size=7-P0=11-P1=71-P2=127-P3=19-P4=89-P5=17-B.fzn,Picat 2025-06-16 (complete),0.063328,1800.0,0.147697,0.787495,359.163,,,1800.0,0.063328,
data/selected-PB25/PB24/normalized-PB07/OPT-NLC/submittedPB07/roussel/factor-mod-B/factor-mod-size=7-P0=71-P1=131-P2=37-P3=29-P4=71-P5=79-P6=47-P7=41-B.fzn,Picat 2025-06-16 (complete),0.079974,1800.0,0.624532,1.16697,359.428,,,1800.0,0.079974,
data/selected-PB25/PB24/normalized-PB07/OPT-NLC/submittedPB07/roussel/factor-mod-B/factor-mod-size=7-P0=97-P1=43-P2=127-P3=89-P4=59-P5=127-P6=43-P7=127-P8=67-P9=17-B.fzn,Picat 2025-06-16 (complete),0.09838,1800.0,0.640899,1.9441,359.211,,,1800.0,0.09838,
data/selected-PB25/PB24/normalized-PB07/OPT-NLC/submittedPB07/roussel/factor-mod-B/factor-mod-size=8-P0=29-P1=61-P2=43-P3=131-P4=2-P5=59-P6=41-B.fzn,Picat 2025-06-16 (complete),0.099509,1800.0,2.48884,4.83262,359.214,,,1800.0,0.099509,
data/selected-PB25/PB24/normalized-PB07/OPT-NLC/submittedPB07/roussel/factor-mod-B/factor-mod-size=8-P0=37-P1=223-P2=197-P3=97-P4=11-P5=157-P6=97-P7=127-P8=79-P9=11-B.fzn,Picat 2025-06-16 (complete),0.160322,1800.0,0.219103,6.24431,359.329,,,1800.0,0.160322,
data/selected-PB25/PB24/normalized-PB07/OPT-NLC/submittedPB07/roussel/factor-mod-B/factor-mod-size=8-P0=5-P1=173-B.fzn,SCIP 2025-06-13 (complete),0.016369,359.36,0.049819,0.016369,359.36,,,0.45114,0.03819,
data/selected-PB25/PB24/normalized-PB07/OPT-NLC/submittedPB07/roussel/factor-mod-B/factor-mod-size=9-P0=103-P1=127-P2=263-P3=461-P4=191-P5=277-B.fzn,Picat 2025-06-16 (complete),0.203343,1800.0,0.327063,4.15643,359.436,,,1800.0,0.203343,
data/selected-PB25/PB24/normalized-PB09/OPT-LIN/aries-da_nrp/normalized-aries-da_network_20_2__17_12.fzn,UWrMaxSat-SCIP 2025-06-04 (complete),0.005002,358.903,0.018035,0.008531,358.903,0.142802,0.005002,0.326787,0.326048,0.028534
data/selected-PB25/PB24/normalized-PB09/OPT-LIN/aries-da_nrp/normalized-aries-da_network_50_2__8_45.fzn,SCIP 2025-06-13 (complete),0.009331,359.017,0.025656,0.009331,359.017,0.360758,0.021397,0.908549,0.886237,0.024483
data/selected-PB25/PB24/normalized-PB09/OPT-LIN/featureSubscription/normalized-50-250-false-45-90-4-1000opt.fzn,UWrMaxSat-SCIP 2025-06-04 (complete),0.701531,3586.63,1800.0,3586.63,373.62,1004.0,0.701531,1800.0,7.54559,1059.24
data/selected-PB25/PB24/normalized-PB09/OPT-LIN/featureSubscription/normalized-50-250-false-45-90-4-2000opt.fzn,UWrMaxSat-SCIP 2025-06-04 (complete),2.47123,3587.08,1800.0,3587.08,600.062,1011.11,2.47123,1800.0,27.4447,2175.08
data/selected-PB25/PB24/normalized-PB09/OPT-LIN/featureSubscription/normalized-50-250-false-45-90-4-3000opt.fzn,UWrMaxSat-SCIP 2025-06-04 (complete),2.42425,3586.08,1800.0,3586.08,431.007,1009.39,2.42425,1800.0,15.0389,2654.71
data/selected-PB25/PB24/normalized-PB09/OPT-LIN/featureSubscription/normalized-50-250-false-45-90-4-4000opt.fzn,UWrMaxSat-SCIP 2025-06-04 (complete),2.4865,3589.84,1800.0,3587.04,423.827,1008.6,2.4865,1800.0,17.0408,3589.84
data/selected-PB25/PB24/normalized-PB09/OPT-LIN/featureSubscription/normalized-50-250-false-45-90-4-5000opt.fzn,UWrMaxSat-SCIP 2025-06-04 (complete),1.29424,3590.77,1800.0,3585.93,403.186,1010.44,1.29424,1800.0,15.0735,3590.77
data/selected-PB25/PB24/normalized-PB09/OPT-LIN/featureSubscription/normalized-50-250-false-45-90-4-6000opt.fzn,UWrMaxSat-SCIP 2025-06-04 (complete),2.31081,3591.21,1800.0,3587.71,437.839,1017.65,2.31081,1800.0,14.762,3591.21
data/selected-PB25/PB24/normalized-PB09/OPT-LIN/featureSubscription/normalized-50-250-false-45-90-4-8000opt.fzn,UWrMaxSat-SCIP 2025-06-04 (complete),4.99836,3592.39,1800.0,3587.38,1008.48,1036.28,4.99836,1800.0,23.6771,3592.39
data/selected-PB25/PB24/normalized-PB09/OPT-LIN/featureSubscription/normalized-50-750-false-45-90-4-2000opt.fzn,UWrMaxSat-SCIP 2025-06-04 (complete),2.73067,3587.11,1800.0,3587.11,443.786,1000.83,2.73067,1800.0,7.85026,577.787
data/selected-PB25/PB24/normalized-PB09/OPT-LIN/featureSubscription/normalized-50-750-false-45-90-4-3000opt.fzn,UWrMaxSat-SCIP 2025-06-04 (complete),1.75868,3586.47,1800.0,3586.47,433.052,1000.35,1.75868,1800.0,6.90007,264.849
data/selected-PB25/PB24/normalized-PB09/OPT-LIN/featureSubscription/normalized-50-750-false-45-90-4-8000opt.fzn,UWrMaxSat-SCIP 2025-06-04 (complete),1.95662,3586.8,1800.0,3586.8,438.987,1004.21,1.95662,1800.0,5.0154,253.955
data/selected-PB25/PB24/normalized-PB09/OPT-LIN/flexray/normalized-fx30.fzn,SCIP 2025-06-13 (complete),128.046,1800.0,1800.0,128.046,1800.0,135.085,1800.0,1800.0,1306.19,1800.0
data/selected-PB25/PB24/normalized-PB09/OPT-LIN/flexray/normalized-fx49.fzn,CASHWMaxSATDisjCom-S 2025-06-01 (complete),1800.0,2432.12,1800.0,2432.12,1800.0,1800.0,1800.0,1800.0,1800.0,1800.0
data/selected-PB25/PB24/normalized-PB09/OPT-LIN/flexray/normalized-fx57.fzn,OR-Tools CP-SAT 9.14 (complete),2.68338,1024.02,2.68338,74.503,359.55,14.6542,6.72178,1024.02,12.7035,3.67684
data/selected-PB25/PB24/normalized-PB09/OPT-LIN/flexray/normalized-fx60.fzn,UWrMaxSat-SCIP 2025-06-04 (complete),19.9944,1800.0,178.113,107.88,361.087,504.669,19.9944,1800.0,212.623,31.1644
data/selected-PB25/PB24/normalized-PB09/OPT-LIN/flexray/normalized-fx63.fzn,CASHWMaxSATDisjCom-S 2025-06-01 (complete),1800.0,1800.0,1800.0,1800.0,1800.0,1800.0,1800.0,1800.0,1800.0,1800.0
data/selected-PB25/PB24/normalized-PB09/OPT-LIN/flexray/normalized-fx75.fzn,CASHWMaxSATDisjCom-S 2025-06-01 (complete),1800.0,1800.0,1800.0,1800.0,1800.0,1800.0,1800.0,1800.0,1800.0,1800.0
data/selected-PB25/PB24/normalized-PB10/DEC-LIN/leberre/opb-paranoid/misc2010/datasets/caixa/normalized-1096.cudf.paranoid.fzn,CASHWMaxSATDisjCom-S 2025-06-01 (complete),0.002277,359.263,0.004115,0.004026,359.263,0.142466,0.003162,0.304831,0.00627,0.002277
data/selected-PB25/PB24/normalized-PB10/DEC-LIN/oliveras/j30/normalized-j3013_3-sat.fzn,CASHWMaxSATDisjCom-S 2025-06-01 (complete),1.54069,991.516,21.6755,991.516,359.866,24.3303,1.69162,232.141,3.39928,1.54069
data/selected-PB25/PB24/normalized-PB10/DEC-LIN/oliveras/j30/normalized-j3022_10-unsat.fzn,OR-Tools CP-SAT 9.14 (complete),0.035175,359.186,0.035175,0.071638,359.186,0.216042,0.049155,0.5547,0.353183,0.112299
data/selected-PB25/PB24/normalized-PB10/OPT-LIN/leberre/opb-trendy/misc2010/datasets/caixa/normalized-1021.cudf.trendy.fzn,CASHWMaxSATDisjCom-S 2025-06-01 (complete),0.003421,0.90568,0.010882,0.008026,0.003472,0.359449,0.00383,0.90568,0.010642,0.003421
data/selected-PB25/PB24/normalized-PB10/OPT-LIN/leberre/opb-trendy/misc2010/datasets/caixa/normalized-1077.cudf.trendy.fzn,Exact 2025-06-02 (complete),0.013254,0.949179,0.014487,0.027394,0.013254,0.382138,0.01779,0.949179,0.029959,0.017444
data/selected-PB25/PB24/normalized-PB10/OPT-LIN/leberre/opb-trendy/misc2010/datasets/caixa/normalized-1098.cudf.trendy.fzn,UWrMaxSat-SCIP 2025-06-04 (complete),0.03213,359.04,0.10243,0.047349,359.04,0.51538,0.03213,1.35789,0.294074,0.035377
data/selected-PB25/PB24/normalized-PB10/OPT-LIN/leberre/opb-trendy/misc2010/datasets/caixa/normalized-121.cudf.trendy.fzn,Exact 2025-06-02 (complete),0.036387,1.2483,0.064564,0.082724,0.036387,0.55867,0.049609,1.2483,0.077338,0.049861
data/selected-PB25/PB24/normalized-PB10/OPT-LIN/leberre/opb-trendy/misc2010/datasets/caixa/normalized-990.cudf.trendy.fzn,UWrMaxSat-SCIP 2025-06-04 (complete),0.05258,359.047,0.166731,0.075385,359.047,0.603272,0.05258,1.75897,0.682318,0.089847
data/selected-PB25/PB24/normalized-PB10/OPT-NLC/oren/keeloq_tasca_instances/normalized-90_rounds_0_errors.fzn,OR-Tools CP-SAT 9.14 (complete),0.390416,1800.0,0.390416,3.21649,359.516,,,1.81556,1800.0,
data/selected-PB25/PB24/normalized-PB10/OPT-NLC/oren/keeloq_tasca_instances/normalized-90_rounds_10_errors.fzn,OR-Tools CP-SAT 9.14 (complete),0.711418,1800.0,0.711418,16.6164,359.453,,,1800.0,1800.0,
data/selected-PB25/PB24/normalized-PB10/OPT-NLC/oren/keeloq_tasca_instances/normalized-90_rounds_15_errors.fzn,SCIP 2025-06-13 (complete),26.1603,1800.0,234.636,26.1603,360.323,,,1800.0,1800.0,
data/selected-PB25/PB24/normalized-PB10/OPT-NLC/oren/keeloq_tasca_instances/normalized-90_rounds_5_errors.fzn,OR-Tools CP-SAT 9.14 (complete),1.71526,1800.0,1.71526,3.03342,359.466,,,185.748,1800.0,
data/selected-PB25/PB24/normalized-PB11/DEC-LIN/heinz/normalized-neos-820146.fzn,CASHWMaxSATDisjCom-S 2025-06-01 (complete),1800.0,1800.0,1800.0,1800.0,1800.0,1800.0,1800.0,1800.0,1800.0,1800.0
data/selected-PB25/PB24/normalized-PB11/DEC-LIN/heinz/normalized-neos-820157.fzn,CASHWMaxSATDisjCom-S 2025-06-01 (complete),1800.0,1800.0,1800.0,1800.0,1800.0,1800.0,1800.0,1800.0,1800.0,1800.0
data/selected-PB25/PB24/normalized-PB11/DEC-LIN/heinz/normalized-neos-849702.fzn,UWrMaxSat-SCIP 2025-06-04 (complete),1.07304,1800.0,882.313,965.781,377.324,509.202,1.07304,1800.0,9.89596,22.7435
data/selected-PB25/PB24/normalized-PB11/DEC-LIN/lopes/normalized-185.fzn,Picat 2025-06-16 (complete),3.75057,1800.0,1768.23,1800.0,418.351,540.624,37.5207,1800.0,3.75057,22.2556
data/selected-PB25/PB24/normalized-PB11/DEC-LIN/lopes/normalized-188.fzn,UWrMaxSat-SCIP 2025-06-04 (complete),0.580211,1800.0,69.4536,121.446,360.285,159.535,0.580211,1800.0,1.10716,0.755153
data/selected-PB25/PB24/normalized-PB11/OPT-LIN/heinz/normalized-bnatt350.fzn,CASHWMaxSATDisjCom-S 2025-06-01 (complete),0.131176,491.468,13.5044,491.468,361.447,454.09,0.380856,25.0248,0.332752,0.131176
data/selected-PB25/PB24/normalized-PB11/OPT-LIN/heinz/normalized-hanoi5.fzn,UWrMaxSat-SCIP 2025-06-04 (complete),0.616511,3591.68,1733.6,1800.0,361.571,1006.95,0.616511,1308.22,24.1979,3591.68
data/selected-PB25/PB24/normalized-PB11/OPT-LIN/heinz/normalized-macrophage.fzn,UWrMaxSat-SCIP 2025-06-04 (complete),0.257601,1800.0,356.087,146.126,360.788,177.387,0.257601,1800.0,1800.0,208.26
data/selected-PB25/PB24/normalized-PB11/OPT-LIN/heinz/normalized-neos-1616732.fzn,CASHWMaxSATDisjCom-S 2025-06-01 (complete),1800.0,3104.2,1800.0,3104.2,1800.0,1800.0,1800.0,1800.0,1800.0,1800.0
data/selected-PB25/PB24/normalized-PB11/OPT-LIN/heinz/normalized-neos-538867.fzn,UWrMaxSat-SCIP 2025-06-04 (complete),34.12,1800.0,96.3427,67.021,397.281,73.9353,34.12,1800.0,1800.0,177.536
data/selected-PB25/PB24/normalized-PB11/OPT-LIN/heinz/normalized-opm2-z9-s14.fzn,CASHWMaxSATDisjCom-S 2025-06-01 (complete),1800.0,3585.88,1800.0,3585.88,1800.0,1800.0,1800.0,1800.0,1800.0,1800.0
data/selected-PB25/PB24/normalized-PB11/OPT-LIN/heinz/normalized-protfold.fzn,CASHWMaxSATDisjCom-S 2025-06-01 (complete),1800.0,3587.66,1800.0,3587.66,1800.0,1800.0,1800.0,1800.0,1800.0,1800.0
data/selected-PB25/PB24/normalized-PB11/OPT-LIN/kullmann/normalized-sbox_4_shg.fzn,UWrMaxSat-SCIP 2025-06-04 (complete),0.235497,1800.0,0.592674,1.93744,360.217,1.27441,0.235497,1800.0,1800.0,1.36327
data/selected-PB25/PB24/normalized-PB12/DEC-LIN/sroussel/ShortestPathBA/normalized-BeauxArts_K69.fzn,Picat 2025-06-16 (complete),8.08757,1800.0,669.036,1800.0,515.552,519.024,9.63683,1800.0,8.08757,46.869
data/selected-PB25/PB24/normalized-PB12/DEC-LIN/sroussel/ShortestPathBA/normalized-BeauxArts_K71.fzn,Picat 2025-06-16 (complete),1.42493,1800.0,360.811,1800.0,505.694,518.705,2.58092,1800.0,1.42493,11.7567
data/selected-PB25/PB24/normalized-PB12/DEC-LIN/sroussel/ShortestPathBA/normalized-BeauxArts_K72.fzn,Picat 2025-06-16 (complete),2.61141,1800.0,393.216,1800.0,504.097,516.209,3.36031,1800.0,2.61141,8.17403
data/selected-PB25/PB24/normalized-PB12/DEC-LIN/sroussel/ShortestPathBA/normalized-BeauxArts_K75.fzn,Picat 2025-06-16 (complete),1.68382,1800.0,122.441,1800.0,390.796,501.301,6.20503,79.0935,1.68382,4.48068
data/selected-PB25/PB24/normalized-PB12/DEC-LIN/sroussel/ShortestPathBA/normalized-BeauxArts_K76.fzn,UWrMaxSat-SCIP 2025-06-04 (complete),0.734086,1800.0,72.0275,1800.0,375.678,503.192,0.734086,1800.0,2.16838,0.973588
data/selected-PB25/PB24/normalized-PB12/OPT-LIN/zahidi/IC/normalized-minisat15_5_3_3_ic.fzn,UWrMaxSat-SCIP 2025-06-04 (complete),3.65323,1800.0,5.6499,30.0022,362.5,27.0368,3.65323,1800.0,299.654,66.398
data/selected-PB25/PB24/normalized-PB15eval/DEC-LIN/3COL-FromCNF/normalized-3col-almost3reg-l050-r049-n1.cnf-extracted.pb.metafix.fzn,UWrMaxSat-SCIP 2025-06-04 (complete),9.95733,3427.96,59.4332,3427.96,1813.55,500.522,9.95733,1800.0,16.2651,17.6136
data/selected-PB25/PB24/normalized-PB15eval/DEC-LIN/3COL-FromCNF/normalized-3col-almost3reg-l060-r059-n1.cnf-plain.pb.metafix.fzn,SCIP-NaPS 1.00a2 (complete),591.843,2358.97,1800.0,1800.0,1800.0,591.843,2358.97,1800.0,650.642,718.309
data/selected-PB25/PB24/normalized-PB15eval/DEC-LIN/3COL-FromCNF/normalized-3col-almost3reg-l090-r089-n1.cnf-plain.pb.metafix.fzn,CASHWMaxSATDisjCom-S 2025-06-01 (complete),1800.0,1800.0,1800.0,1800.0,1800.0,1800.0,1800.0,1800.0,1800.0,1800.0
data/selected-PB25/PB24/normalized-PB15eval/DEC-LIN/3COL-FromCNF/normalized-3col-left3reg-l030-r029-n1.cnf-extracted.pb.metafix.fzn,CASHWMaxSATDisjCom-S 2025-06-01 (complete),0.080866,359.739,20.4705,31.4855,359.739,30.7207,0.177524,6.55314,0.413035,0.080866
data/selected-PB25/PB24/normalized-PB15eval/DEC-LIN/3COL-FromCNF/normalized-3col-left3reg-l040-r039-n1.cnf-plain.pb.metafix.fzn,CASHWMaxSATDisjCom-S 2025-06-01 (complete),0.093145,359.676,23.9888,73.4321,359.676,60.7258,0.227048,2.23641,0.483876,0.093145
data/selected-PB25/PB24/normalized-PB15eval/DEC-LIN/3COL/normalized-3col-left3reg-l010-r010-n1.fzn,CASHWMaxSATDisjCom-S 2025-06-01 (complete),0.016429,359.244,0.07317,1.44286,359.244,3.05248,0.021438,1.57165,0.024816,0.016429
data/selected-PB25/PB24/normalized-PB15eval/DEC-LIN/3COL/normalized-3col-left3reg-l020-r019-n1.fzn,CASHWMaxSATDisjCom-S 2025-06-01 (complete),0.037014,359.393,0.126813,10.0491,359.393,13.836,0.055184,3.02747,0.063408,0.037014
data/selected-PB25/PB24/normalized-PB15eval/DEC-LIN/ECGRID-FromCNF/normalized-ECgrid3x20split.cnf-extracted.pb.metafix.fzn,UWrMaxSat-SCIP 2025-06-04 (complete),0.02181,363.251,0.669452,1.67157,363.251,1.85825,0.02181,6.02611,0.033707,0.029144
data/selected-PB25/PB24/normalized-PB15eval/DEC-LIN/ECGRID-FromCNF/normalized-ECgrid3x50split.cnf-extracted.pb.metafix.fzn,UWrMaxSat-SCIP 2025-06-04 (complete),0.071521,1800.0,2.95672,1.47008,1800.0,7.25464,0.071521,1800.0,0.102673,0.073968
data/selected-PB25/PB24/normalized-PB15eval/DEC-LIN/ECGRID-FromCNF/normalized-ECgrid3x70split.cnf-plain.pb.metafix.fzn,UWrMaxSat-SCIP 2025-06-04 (complete),0.094467,1800.0,72.5215,1800.0,359.598,499.482,0.094467,6.87552,0.466162,0.136768
data/selected-PB25/PB24/normalized-PB15eval/DEC-LIN/ECGRID-FromCNF/normalized-ECgrid3x80split.cnf-extracted.pb.metafix.fzn,CASHWMaxSATDisjCom-S 2025-06-01 (complete),0.118591,1800.0,7.61689,1800.0,365.828,499.368,0.125718,1800.0,0.197663,0.118591
data/selected-PB25/PB24/normalized-PB15eval/DEC-LIN/ECGRID-FromCNF/normalized-ECgrid3x90split.cnf-extracted.pb.metafix.fzn,CASHWMaxSATDisjCom-S 2025-06-01 (complete),0.128611,1800.0,9.70316,1800.0,1800.0,499.436,0.140749,1800.0,0.203586,0.128611
data/selected-PB25/PB24/normalized-PB15eval/DEC-LIN/ECGRID-FromCNF/normalized-ECgrid3x90split.cnf-plain.pb.metafix.fzn,UWrMaxSat-SCIP 2025-06-04 (complete),0.126056,1800.0,111.043,1800.0,359.728,499.281,0.126056,12.8629,0.681902,0.168918
data/selected-PB25/PB24/normalized-PB15eval/DEC-LIN/ECGRID-FromCNF/normalized-ECgrid5x100split.cnf-plain.pb.metafix.fzn,CASHWMaxSATDisjCom-S 2025-06-01 (complete),201.671,2032.35,1800.0,1800.0,1800.0,780.207,1800.0,1800.0,2032.35,201.671
data/selected-PB25/PB24/normalized-PB15eval/DEC-LIN/ECGRID-FromCNF/normalized-ECgrid5x10split.cnf-plain.pb.metafix.fzn,UWrMaxSat-SCIP 2025-06-04 (complete),0.630711,1800.0,50.7172,1800.0,361.777,501.299,0.630711,27.1651,5.94447,1.29599
data/selected-PB25/PB24/normalized-PB15eval/DEC-LIN/ECGRID-FromCNF/normalized-ECgrid5x20split.cnf-plain.pb.metafix.fzn,Picat 2025-06-16 (complete),10.6603,1800.0,358.587,1800.0,426.313,502.849,1266.47,230.618,10.6603,12.5397
data/selected-PB25/PB24/normalized-PB15eval/DEC-LIN/ECGRID-FromCNF/normalized-ECgrid5x30split.cnf-plain.pb.metafix.fzn,CASHWMaxSATDisjCom-S 2025-06-01 (complete),15.0513,1800.0,932.796,1800.0,1800.0,506.905,144.18,1287.16,49.5592,15.0513
data/selected-PB25/PB24/normalized-PB15eval/DEC-LIN/ECGRID-FromCNF/normalized-ECgrid5x50split.cnf-extracted.pb.metafix.fzn,SCIP-NaPS 1.00a2 (complete),1.75057,1800.0,1800.0,5.59745,415.014,1.75057,301.454,1800.0,250.41,48.2546
data/selected-PB25/PB24/normalized-PB15eval/DEC-LIN/ECGRID-FromCNF/normalized-ECgrid5x60split.cnf-extracted.pb.metafix.fzn,SCIP-NaPS 1.00a2 (complete),17.18,1800.0,1800.0,1800.0,370.186,17.18,347.096,1800.0,458.424,77.2744
data/selected-PB25/PB24/normalized-PB15eval/DEC-LIN/ECGRID-FromCNF/normalized-ECgrid5x70split.cnf-extracted.pb.metafix.fzn,SCIP-NaPS 1.00a2 (complete),8.17924,1800.0,1800.0,121.436,410.666,8.17924,328.201,1800.0,848.93,91.6872
data/selected-PB25/PB24/normalized-PB15eval/DEC-LIN/ECGRID-FromCNF/normalized-ECgrid5x70split.cnf-plain.pb.metafix.fzn,CASHWMaxSATDisjCom-S 2025-06-01 (complete),87.3212,1800.0,1800.0,1800.0,1800.0,527.322,1800.0,1800.0,841.913,87.3212
data/selected-PB25/PB24/normalized-PB15eval/DEC-LIN/ECGRID-FromCNF/normalized-ECgrid5x90split.cnf-extracted.pb.metafix.fzn,CASHWMaxSATDisjCom-S 2025-06-01 (complete),135.469,3393.8,1800.0,1800.0,1297.69,3393.8,1800.0,1800.0,2164.15,135.469
data/selected-PB25/PB24/normalized-PB15eval/DEC-LIN/EC_ODD_GRIDS/normalized-ECgrid3x100split.fzn,UWrMaxSat-SCIP 2025-06-04 (complete),0.144458,1800.0,12.3582,528.836,400.246,499.561,0.144458,1800.0,0.26962,0.15966
data/selected-PB25/PB24/normalized-PB15eval/DEC-LIN/EC_ODD_GRIDS/normalized-ECgrid3x10split.fzn,CASHWMaxSATDisjCom-S 2025-06-01 (complete),0.00791,359.125,0.257093,0.032407,359.125,0.435048,0.009348,0.762219,0.035098,0.00791
data/selected-PB25/PB24/normalized-PB15eval/DEC-LIN/EC_ODD_GRIDS/normalized-ECgrid3x20split.fzn,UWrMaxSat-SCIP 2025-06-04 (complete),0.015353,1800.0,0.613645,0.033002,360.062,0.421489,0.015353,1800.0,0.0911,0.024474
data/selected-PB25/PB24/normalized-PB15eval/DEC-LIN/EC_ODD_GRIDS/normalized-ECgrid3x30split.fzn,SCIP 2025-06-13 (complete),0.033024,359.199,1.26302,0.033024,359.199,0.436266,0.040745,2.06906,0.040262,0.040031
data/selected-PB25/PB24/normalized-PB15eval/DEC-LIN/EC_ODD_GRIDS/normalized-ECgrid3x40split.fzn,SCIP 2025-06-13 (complete),0.034746,1800.0,2.02215,0.034746,1800.0,0.174709,0.057047,7.52637,0.06245,0.05917
data/selected-PB25/PB24/normalized-PB15eval/DEC-LIN/EC_ODD_GRIDS/normalized-ECgrid3x50split.fzn,SCIP 2025-06-13 (complete),0.039329,1800.0,3.62899,0.039329,595.577,0.460291,0.066175,1800.0,0.352559,0.07416
data/selected-PB25/PB24/normalized-PB15eval/DEC-LIN/EC_ODD_GRIDS/normalized-ECgrid3x60split.fzn,SCIP 2025-06-13 (complete),0.039338,1800.0,7.67836,0.039338,425.498,0.174583,0.090778,1800.0,0.124563,0.10497
data/selected-PB25/PB24/normalized-PB15eval/DEC-LIN/EC_ODD_GRIDS/normalized-ECgrid3x80split.fzn,UWrMaxSat-SCIP 2025-06-04 (complete),0.101614,1800.0,7.93645,2.90598,584.327,9.52095,0.101614,1800.0,0.58818,0.148419
data/selected-PB25/PB24/normalized-PB15eval/DEC-LIN/EC_ODD_GRIDS/normalized-ECgrid5x100split.fzn,SCIP-NaPS 1.00a2 (complete),12.2487,1800.0,1800.0,533.385,875.373,12.2487,23.6072,1800.0,263.869,140.021
data/selected-PB25/PB24/normalized-PB15eval/DEC-LIN/EC_ODD_GRIDS/normalized-ECgrid5x20split.fzn,SCIP 2025-06-13 (complete),0.036054,1800.0,400.958,0.036054,362.625,0.173976,3.00683,1800.0,11.757,3.43432
data/selected-PB25/PB24/normalized-PB15eval/DEC-LIN/EC_ODD_GRIDS/normalized-ECgrid5x30split.fzn,SCIP 2025-06-13 (complete),0.054925,1800.0,1307.92,0.054925,480.158,0.191625,4.20457,1800.0,41.2896,13.4826
data/selected-PB25/PB24/normalized-PB15eval/DEC-LIN/EC_ODD_GRIDS/normalized-ECgrid5x40split.fzn,SCIP 2025-06-13 (complete),0.047082,1800.0,1800.0,0.047082,364.544,0.444484,5.4974,1800.0,47.4509,23.8198
data/selected-PB25/PB24/normalized-PB15eval/DEC-LIN/EC_ODD_GRIDS/normalized-ECgrid5x50split.fzn,SCIP-NaPS 1.00a2 (complete),4.37263,1800.0,1800.0,4.41751,1800.0,4.37263,10.3251,1800.0,33.3583,39.051
data/selected-PB25/PB24/normalized-PB15eval/DEC-LIN/EC_ODD_GRIDS/normalized-ECgrid5x60split.fzn,SCIP 2025-06-13 (complete),0.296384,1800.0,1800.0,0.296384,367.403,0.442244,14.3474,1800.0,77.6538,54.393
data/selected-PB25/PB24/normalized-PB15eval/DEC-LIN/EC_ODD_GRIDS/normalized-ECgrid5x80split.fzn,UWrMaxSat-SCIP 2025-06-04 (complete),17.9476,1800.0,1800.0,41.0464,440.883,212.835,17.9476,1800.0,155.728,120.669
data/selected-PB25/PB24/normalized-PB15eval/DEC-LIN/ProofComplexity-Extracted-Cardinality-Constraints/ProofComplexity/normalized-fixed-bandwidth-46.cnf.gz-plain.pb.metafix.fzn,UWrMaxSat-SCIP 2025-06-04 (complete),69.8416,1800.0,1800.0,1800.0,1800.0,581.369,69.8416,1800.0,1800.0,1248.65
data/selected-PB25/PB24/normalized-PB15eval/DEC-LIN/ProofComplexity-Extracted-Cardinality-Constraints/ProofComplexity/normalized-pmg-14-UNSAT.shuffled-as.sat05-3942.cnf.gz-plain.pb.metafix.fzn,CASHWMaxSATDisjCom-S 2025-06-01 (complete),1800.0,1800.0,1800.0,1800.0,1800.0,1800.0,1800.0,1800.0,1800.0,1800.0
data/selected-PB25/PB24/normalized-PB15eval/DEC-LIN/ProofComplexity-Extracted-Cardinality-Constraints/ProofComplexity/normalized-regular-n17-d4-i3.cnf.gz-extracted.pb.metafix.fzn,SCIP 2025-06-13 (complete),0.006846,359.426,0.016476,0.006846,359.426,0.14606,2.51191,0.821814,2.90714,3.60342
data/selected-PB25/PB24/normalized-PB15eval/DEC-LIN/ProofComplexity-Extracted-Cardinality-Constraints/ProofComplexity/normalized-regular-n30-d4-i1.cnf.gz-plain.pb.metafix.fzn,CASHWMaxSATDisjCom-S 2025-06-01 (complete),1800.0,1800.0,1800.0,1800.0,1800.0,1800.0,1800.0,1800.0,1800.0,1800.0
data/selected-PB25/PB24/normalized-PB15eval/DEC-LIN/ProofComplexity-Extracted-Cardinality-Constraints/ProofComplexity/normalized-subsetCardinalitySigma-41-3.cnf.gz-extracted.pb.metafix.fzn,OR-Tools CP-SAT 9.14 (complete),0.00973,1800.0,0.00973,0.010661,359.248,0.144332,300.2,0.871595,1800.0,1800.0
data/selected-PB25/PB24/normalized-PB15eval/DEC-LIN/ProofComplexity-Extracted-Cardinality-Constraints/ProofComplexity/normalized-tseitin-regular-n134-d3-i3-f.cnf.gz-plain.pb.metafix.fzn,CASHWMaxSATDisjCom-S 2025-06-01 (complete),1800.0,1800.0,1800.0,1800.0,1800.0,1800.0,1800.0,1800.0,1800.0,1800.0
data/selected-PB25/PB24/normalized-PB15eval/DEC-LIN/ProofComplexity-Extracted-Cardinality-Constraints/ProofComplexity/normalized-tseitin-regular-n182-d3-i1-r2.cnf.gz-plain.pb.metafix.fzn,CASHWMaxSATDisjCom-S 2025-06-01 (complete),1800.0,1800.0,1800.0,1800.0,1800.0,1800.0,1800.0,1800.0,1800.0,1800.0
data/selected-PB25/PB24/normalized-PB15eval/DEC-LIN/ProofComplexity-Extracted-Cardinality-Constraints/ProofComplexity/normalized-tseitin-regular-n184-d3-i1-r2.cnf.gz-plain.pb.metafix.fzn,CASHWMaxSATDisjCom-S 2025-06-01 (complete),1800.0,1800.0,1800.0,1800.0,1800.0,1800.0,1800.0,1800.0,1800.0,1800.0
data/selected-PB25/PB24/normalized-PB15eval/DEC-LIN/ProofComplexity-Extracted-Cardinality-Constraints/ProofComplexity/normalized-tseitin-regular-n230-d3-i1-r2.cnf.gz-plain.pb.metafix.fzn,CASHWMaxSATDisjCom-S 2025-06-01 (complete),1800.0,1800.0,1800.0,1800.0,1800.0,1800.0,1800.0,1800.0,1800.0,1800.0
data/selected-PB25/PB24/normalized-PB15eval/DEC-LIN/ProofComplexity-Extracted-Cardinality-Constraints/ProofComplexity/normalized-tseitin-regular-n232-d3-i1-f.cnf.gz-plain.pb.metafix.fzn,CASHWMaxSATDisjCom-S 2025-06-01 (complete),1800.0,1800.0,1800.0,1800.0,1800.0,1800.0,1800.0,1800.0,1800.0,1800.0
data/selected-PB25/PB24/normalized-PB15eval/DEC-LIN/ProofComplexity-Extracted-Cardinality-Constraints/ProofComplexity/normalized-tseitin-regular-n258-d3-i1-r2.cnf.gz-plain.pb.metafix.fzn,CASHWMaxSATDisjCom-S 2025-06-01 (complete),1800.0,1800.0,1800.0,1800.0,1800.0,1800.0,1800.0,1800.0,1800.0,1800.0
data/selected-PB25/PB24/normalized-PB15eval/DEC-LIN/ProofComplexity-Extracted-Cardinality-Constraints/ProofComplexity/normalized-tseitin-regular-n32-d3-i1-r2.cnf.gz-plain.pb.metafix.fzn,CASHWMaxSATDisjCom-S 2025-06-01 (complete),0.008437,359.236,0.950052,8.12936,359.236,6.06367,0.029913,1.64646,0.022562,0.008437
data/selected-PB25/PB24/normalized-PB15eval/DEC-LIN/ProofComplexity-Extracted-Cardinality-Constraints/ProofComplexity/normalized-tseitin-regular-n34-d3-i2-r2.cnf.gz-plain.pb.metafix.fzn,CASHWMaxSATDisjCom-S 2025-06-01 (complete),0.007252,359.201,0.033504,5.06189,359.201,8.90366,0.011051,1.59535,0.015959,0.007252
data/selected-PB25/PB24/normalized-PB15eval/DEC-LIN/ProofComplexity-Extracted-Cardinality-Constraints/ProofComplexity/normalized-tseitin-regular-n48-d3-i1-f.cnf.gz-plain.pb.metafix.fzn,CASHWMaxSATDisjCom-S 2025-06-01 (complete),0.012217,1800.0,1.36,1800.0,359.5,499.279,0.154603,3.59121,0.117001,0.012217
data/selected-PB25/PB24/normalized-PB15eval/DEC-LIN/ProofComplexity-Extracted-Cardinality-Constraints/ProofComplexity/normalized-tseitin-regular-n98-d3-i3-r1.cnf.gz-plain.pb.metafix.fzn,OR-Tools CP-SAT 9.14 (complete),631.304,1800.0,631.304,1800.0,1800.0,770.596,1695.58,1451.32,924.941,771.031
data/selected-PB25/PB24/normalized-PB15eval/DEC-LIN/SUMINEQ/normalized-sumineqArity3pyramidP0032.fzn,OR-Tools CP-SAT 9.14 (complete),0.011546,1800.0,0.011546,0.034245,359.22,0.442949,0.095747,1800.0,0.365187,0.052421
data/selected-PB25/PB24/normalized-PB15eval/DEC-LIN/SUMINEQ/normalized-sumineqArity4pyramidP0032.fzn,OR-Tools CP-SAT 9.14 (complete),0.012457,1800.0,0.012457,0.135297,359.18,6.05454,0.25898,1800.0,0.894837,0.088245
data/selected-PB25/PB24/normalized-PB15eval/OPT-LIN/dt-problems/normalized-lo_10x10_002.opb.metafix.fzn,SCIP 2025-06-13 (complete),0.008866,358.712,0.020171,0.008866,358.712,0.15007,0.0588,0.897243,0.176316,3.79036
data/selected-PB25/PB24/normalized-PB15eval/OPT-LIN/dt-problems/normalized-lo_10x10_004.opb.metafix.fzn,SCIP 2025-06-13 (complete),0.007606,359.133,0.013962,0.007606,359.133,0.140251,0.431803,4.00528,1.33425,12.3404
data/selected-PB25/PB24/normalized-PB15eval/OPT-LIN/dt-problems/normalized-lo_10x10_008.opb.metafix.fzn,SCIP 2025-06-13 (complete),0.008619,359.18,0.016269,0.008619,359.18,0.141333,0.356075,9.62243,1.44816,20.302
data/selected-PB25/PB24/normalized-PB15eval/OPT-LIN/dt-problems/normalized-lo_12x12_000.opb.metafix.fzn,SCIP 2025-06-13 (complete),0.010492,1800.0,0.018996,0.010492,359.091,0.153972,17.1079,1800.0,36.5983,568.955
data/selected-PB25/PB24/normalized-PB15eval/OPT-LIN/dt-problems/normalized-lo_14x14_007.opb.metafix.fzn,OR-Tools CP-SAT 9.14 (complete),0.116326,1800.0,0.116326,0.256832,359.178,0.401018,300.404,1800.0,1800.0,1800.0
data/selected-PB25/PB24/normalized-PB15eval/OPT-LIN/dt-problems/normalized-lo_16x16_009.opb.metafix.fzn,SCIP 2025-06-13 (complete),0.02085,1800.0,0.021897,0.02085,359.234,0.161886,300.244,1800.0,188.963,1800.0
data/selected-PB25/PB24/normalized-PB15eval/OPT-LIN/dt-problems/normalized-lo_6x6_000.opb.metafix.fzn,UWrMaxSat-SCIP 2025-06-04 (complete),0.003727,359.312,0.004516,0.004409,359.312,0.137051,0.003727,0.319916,0.007317,0.00886
data/selected-PB25/PB24/normalized-PB15eval/OPT-LIN/dt-problems/normalized-lo_6x6_004.opb.metafix.fzn,UWrMaxSat-SCIP 2025-06-04 (complete),0.003692,359.241,0.004274,0.004422,359.241,0.146503,0.003692,0.323452,0.007209,0.008849
data/selected-PB25/PB24/normalized-PB15eval/OPT-LIN/dt-problems/normalized-lo_8x8_000.opb.metafix.fzn,UWrMaxSat-SCIP 2025-06-04 (complete),0.004082,359.266,0.00452,0.004777,359.266,0.137004,0.004082,0.338267,0.012364,0.010367
data/selected-PB25/PB24/normalized-PB15eval/OPT-LIN/dt-problems/normalized-lo_8x8_005.opb.metafix.fzn,OR-Tools CP-SAT 9.14 (complete),0.004754,359.362,0.004754,0.004963,359.362,0.138919,0.005376,0.346541,0.026256,0.015585
data/selected-PB25/PB24/normalized-PB15eval/OPT-LIN/minlplib2-pb-0.1.0/opb/normalized-edgecross14-019.lin.fzn,UWrMaxSat-SCIP 2025-06-04 (complete),0.037084,1800.0,0.278172,0.920579,367.601,1.55014,0.037084,1800.0,1800.0,0.810253
data/selected-PB25/PB24/normalized-PB15eval/OPT-LIN/minlplib2-pb-0.1.0/opb/normalized-graphpart_2pm-0055-0055.lin.fzn,UWrMaxSat-SCIP 2025-06-04 (complete),0.017041,1800.0,0.370307,0.910086,363.346,1.02855,0.017041,1800.0,0.625609,0.461506
data/selected-PB25/PB24/normalized-PB15eval/OPT-LIN/minlplib2-pb-0.1.0/opb/normalized-graphpart_2pm-0088-0888.lin.fzn,UWrMaxSat-SCIP 2025-06-04 (complete),0.023558,1800.0,2.92211,0.702361,1800.0,0.826653,0.023558,1800.0,2.40317,1.92674
data/selected-PB25/PB24/normalized-PB15eval/OPT-LIN/minlplib2-pb-0.1.0/opb/normalized-graphpart_clique-40.lin.fzn,OR-Tools CP-SAT 9.14 (complete),143.851,1800.0,143.851,312.294,1800.0,313.422,465.461,1800.0,1800.0,386.006
data/selected-PB25/PB24/normalized-PB15eval/OPT-LIN/minlplib2-pb-0.1.0/opb/normalized-sporttournament18.lin.fzn,UWrMaxSat-SCIP 2025-06-04 (complete),2.03794,1800.0,20.634,2.65847,1800.0,2.84293,2.03794,1800.0,1800.0,3.26359
data/selected-PB25/PB24/normalized-PB15eval/OPT-LIN/minlplib2-pb-0.1.0/opb/normalized-sporttournament26.lin.fzn,CASHWMaxSATDisjCom-S 2025-06-01 (complete),557.758,1800.0,1800.0,608.437,1800.0,806.598,921.608,1800.0,1800.0,557.758
data/selected-PB25/PB24/normalized-PB15eval/OPT-LIN/pbfvmc-formulae/hw32/normalized-hw32-vm25p-opt.opb.negationfix.fzn,SCIP 2025-06-13 (complete),0.600623,359.265,0.799096,0.600623,359.265,0.636235,42.2339,97.8498,39.1601,6.24113
data/selected-PB25/PB24/normalized-PB15eval/OPT-NLC/minlplib2-pb-0.1.0/opb/normalized-autocorr_bern25-03.fzn,OR-Tools CP-SAT 9.14 (complete),0.004686,359.245,0.004686,0.02241,359.245,,,0.438506,0.170421,
data/selected-PB25/PB24/normalized-PB15eval/OPT-NLC/minlplib2-pb-0.1.0/opb/normalized-autocorr_bern30-08.fzn,Exact 2025-06-02 (complete),1800.0,3587.44,1800.0,3587.44,1800.0,,,1800.0,1800.0,
data/selected-PB25/PB24/normalized-PB15eval/OPT-NLC/minlplib2-pb-0.1.0/opb/normalized-autocorr_bern45-23.fzn,Exact 2025-06-02 (complete),1800.0,3587.76,1800.0,3587.76,1800.0,,,1800.0,1800.0,
data/selected-PB25/PB24/normalized-PB15eval/OPT-NLC/minlplib2-pb-0.1.0/opb/normalized-edgecross10-070.fzn,SCIP 2025-06-13 (complete),219.955,1800.0,616.156,219.955,1800.0,,,1800.0,1800.0,
data/selected-PB25/PB24/normalized-PB15eval/OPT-NLC/minlplib2-pb-0.1.0/opb/normalized-edgecross14-176.fzn,SCIP 2025-06-13 (complete),1496.62,1800.0,1800.0,1496.62,1800.0,,,1800.0,1800.0,
data/selected-PB25/PB24/normalized-PB15eval/OPT-NLC/minlplib2-pb-0.1.0/opb/normalized-edgecross20-080.fzn,Exact 2025-06-02 (complete),1800.0,3587.82,1800.0,3587.82,1800.0,,,1800.0,1800.0,
data/selected-PB25/PB24/normalized-PB15eval/OPT-NLC/minlplib2-pb-0.1.0/opb/normalized-faclay60.fzn,Exact 2025-06-02 (complete),1800.0,3586.98,1800.0,3586.98,1800.0,,,1800.0,1800.0,
data/selected-PB25/PB24/normalized-PB15eval/OPT-NLC/minlplib2-pb-0.1.0/opb/normalized-graphpart_3g-0344-0344.fzn,SCIP 2025-06-13 (complete),4.25384,1800.0,6.91906,4.25384,1131.81,,,1800.0,1317.21,
data/selected-PB25/PB24/normalized-PB15eval/OPT-NLC/minlplib2-pb-0.1.0/opb/normalized-graphpart_clique-40.fzn,OR-Tools CP-SAT 9.14 (complete),255.025,1800.0,255.025,352.227,1800.0,,,1800.0,1800.0,
data/selected-PB25/PB24/normalized-PB15eval/OPT-NLC/minlplib2-pb-0.1.0/opb/normalized-sporttournament28.fzn,SCIP 2025-06-13 (complete),253.947,1800.0,1800.0,253.947,1800.0,,,1800.0,1800.0,
data/selected-PB25/PB24/normalized-PB16/DEC-LIN/elffers/EC_ODD_GRIDS/normalized-ECgrid5x110split.fzn,SCIP-NaPS 1.00a2 (complete),26.048,1800.0,1800.0,263.297,503.398,26.048,28.4118,1800.0,392.71,220.892
data/selected-PB25/PB24/normalized-PB16/DEC-LIN/elffers/EC_ODD_GRIDS/normalized-ECgrid5x120split.fzn,UWrMaxSat-SCIP 2025-06-04 (complete),40.5573,1800.0,1800.0,1800.0,606.898,1800.0,40.5573,1800.0,520.506,183.846
data/selected-PB25/PB24/normalized-PB16/DEC-LIN/elffers/EC_ODD_GRIDS/normalized-ECgrid5x130split.fzn,UWrMaxSat-SCIP 2025-06-04 (complete),52.6237,1800.0,1800.0,1800.0,1073.32,1800.0,52.6237,1800.0,857.405,209.765
data/selected-PB25/PB24/normalized-PB16/DEC-LIN/elffers/EC_ODD_GRIDS/normalized-ECgrid5x140split.fzn,UWrMaxSat-SCIP 2025-06-04 (complete),55.1096,1800.0,1800.0,1800.0,1373.89,1800.0,55.1096,1800.0,1478.93,254.189
data/selected-PB25/PB24/normalized-PB16/DEC-LIN/elffers/EC_ODD_GRIDS/normalized-ECgrid5x150split.fzn,UWrMaxSat-SCIP 2025-06-04 (complete),58.5291,2145.54,1800.0,1800.0,2145.54,1800.0,58.5291,1800.0,1844.37,273.456
data/selected-PB25/PB24/normalized-PB16/DEC-LIN/elffers/EC_RANDOM_GRAPHS/normalized-ECrand4regsplit-v070-n1.fzn,SCIP 2025-06-13 (complete),0.047798,2734.4,2734.4,0.047798,359.235,0.181566,300.223,1800.0,1800.0,1800.0
data/selected-PB25/PB24/normalized-PB16/DEC-LIN/elffers/EC_RANDOM_GRAPHS/normalized-ECrand4regsplit-v090-n1.fzn,SCIP 2025-06-13 (complete),0.270125,1800.0,1800.0,0.270125,359.464,0.439025,300.569,1800.0,1800.0,1800.0
data/selected-PB25/PB24/normalized-PB16/DEC-LIN/elffers/EC_RANDOM_GRAPHS/normalized-ECrand6reg-v011-n1.fzn,OR-Tools CP-SAT 9.14 (complete),0.007849,359.205,0.007849,0.023741,359.205,0.170302,0.751822,2.46759,0.397918,0.555402
data/selected-PB25/PB24/normalized-PB16/DEC-LIN/elffers/EC_RANDOM_GRAPHS/normalized-ECrand6reg-v041-n1.fzn,OR-Tools CP-SAT 9.14 (complete),0.0288,1800.0,0.0288,0.03547,359.158,0.186524,300.153,1800.0,1800.0,1800.0
data/selected-PB25/PB24/normalized-PB16/DEC-LIN/elffers/EC_RANDOM_GRAPHS/normalized-ECrand6reg-v051-n1.fzn,SCIP 2025-06-13 (complete),0.037443,1800.0,1800.0,0.037443,359.352,0.18377,300.03,1800.0,1800.0,1800.0
data/selected-PB25/PB24/normalized-PB16/DEC-LIN/elffers/EC_RANDOM_GRAPHS/normalized-ECrand6reg-v091-n1.fzn,SCIP 2025-06-13 (complete),0.043045,1800.0,1800.0,0.043045,359.427,0.210387,300.319,1800.0,1800.0,1800.0
data/selected-PB25/PB24/normalized-PB16/DEC-LIN/elffers/Instances3col_OPB/normalized-3col-almost3reg-l010-r009-n1.fzn,CASHWMaxSATDisjCom-S 2025-06-01 (complete),0.015454,359.345,2.1934,1.99671,359.345,2.19786,0.059201,0.905411,0.026028,0.015454
data/selected-PB25/PB24/normalized-PB16/DEC-LIN/elffers/Instances3col_OPB/normalized-3col-almost3reg-l025-r024-n1.fzn,CASHWMaxSATDisjCom-S 2025-06-01 (complete),0.087257,359.817,0.430118,18.5875,359.817,22.6697,0.440132,34.4692,0.156462,0.087257
data/selected-PB25/PB24/normalized-PB16/DEC-LIN/elffers/Instances3col_OPB/normalized-3col-almost3reg-l035-r034-n1.fzn,Picat 2025-06-16 (complete),0.826313,1800.0,3.91179,72.1498,365.974,73.9228,1.02041,1800.0,0.826313,1.18206
data/selected-PB25/PB24/normalized-PB16/DEC-LIN/elffers/Instances3col_OPB/normalized-3col-almost3reg-l045-r044-n1.fzn,Picat 2025-06-16 (complete),2.8019,1800.0,24.4934,821.699,396.047,501.509,4.17256,1800.0,2.8019,4.62909
data/selected-PB25/PB24/normalized-PB16/DEC-LIN/elffers/Instances3col_OPB/normalized-3col-almost3reg-l060-r059-n1.fzn,UWrMaxSat-SCIP 2025-06-04 (complete),111.567,1800.0,426.983,1800.0,1800.0,530.33,111.567,1800.0,144.902,147.828
data/selected-PB25/PB24/normalized-PB16/DEC-LIN/elffers/Instances3col_OPB/normalized-3col-almost3reg-l080-r079-n1.fzn,CASHWMaxSATDisjCom-S 2025-06-01 (complete),1800.0,1800.0,1800.0,1800.0,1800.0,1800.0,1800.0,1800.0,1800.0,1800.0
data/selected-PB25/PB24/normalized-PB16/DEC-LIN/elffers/rand6reg/normalized-rand6reg-v011-n3.fzn,CASHWMaxSATDisjCom-S 2025-06-01 (complete),0.002371,359.374,0.018365,0.018175,359.374,0.382689,0.01205,0.695603,0.007364,0.002371
data/selected-PB25/PB24/normalized-PB16/DEC-LIN/elffers/rand6reg/normalized-rand6reg-v021-n1.fzn,SCIP 2025-06-13 (complete),0.029397,359.305,0.080987,0.029397,359.305,0.437179,0.287662,1.64084,0.178728,0.138795
data/selected-PB25/PB24/normalized-PB16/DEC-LIN/elffers/rand6reg/normalized-rand6reg-v041-n2.fzn,SCIP 2025-06-13 (complete),0.050207,1800.0,0.27945,0.050207,359.099,0.497465,300.06,1800.0,525.14,761.007
data/selected-PB25/PB24/normalized-PB16/DEC-LIN/elffers/rand6reg/normalized-rand6reg-v051-n2.fzn,OR-Tools CP-SAT 9.14 (complete),0.062868,1800.0,0.062868,0.066879,359.31,0.563706,300.127,1800.0,1800.0,1800.0
data/selected-PB25/PB24/normalized-PB16/DEC-LIN/elffers/rand6reg/normalized-rand6reg-v061-n3.fzn,SCIP 2025-06-13 (complete),0.086462,1800.0,0.19167,0.086462,359.159,0.610082,300.228,1800.0,1800.0,1800.0
data/selected-PB25/PB24/normalized-PB16/DEC-LIN/elffers/rand6reg/normalized-rand6reg-v071-n1.fzn,SCIP 2025-06-13 (complete),0.064579,1800.0,1800.0,0.064579,359.258,0.564173,299.957,1800.0,1800.0,1800.0
data/selected-PB25/PB24/normalized-PB16/DEC-LIN/elffers/rand6reg/normalized-rand6reg-v071-n2.fzn,SCIP 2025-06-13 (complete),0.225524,1800.0,0.352052,0.225524,359.318,0.966547,300.562,1800.0,1800.0,1800.0
data/selected-PB25/PB24/normalized-PB16/DEC-LIN/elffers/rand6reg/normalized-rand6reg-v091-n1.fzn,OR-Tools CP-SAT 9.14 (complete),0.386688,1800.0,0.386688,2.29686,359.353,3.40317,300.49,1800.0,1800.0,1800.0
data/selected-PB25/PB24/normalized-PB16/DEC-LIN/elffers/rand6reg/normalized-rand6reg-v091-n3.fzn,SCIP 2025-06-13 (complete),0.105862,1800.0,1800.0,0.105862,359.32,0.647569,300.525,1800.0,1800.0,1800.0
data/selected-PB25/PB24/normalized-PB16/DEC-LIN/elffers/subsetcard/normalized-subsetcard-geq-random4regular-75.fzn,SCIP 2025-06-13 (complete),0.012708,1800.0,0.085229,0.012708,359.193,0.154,300.114,0.356696,1800.0,1800.0
data/selected-PB25/PB24/normalized-PB16/DEC-LIN/nossum/normalized-sha1-size112-round23-0.fzn,CASHWMaxSATDisjCom-S 2025-06-01 (complete),1800.0,1800.0,1800.0,1800.0,1800.0,1800.0,1800.0,1800.0,1800.0,1800.0
data/selected-PB25/PB24/normalized-PB16/DEC-LIN/nossum/normalized-sha1-size112-round23-6.fzn,Exact 2025-06-02 (complete),1800.0,2263.43,1800.0,1800.0,1800.0,1800.0,1800.0,1800.0,1800.0,2263.43
data/selected-PB25/PB24/normalized-PB16/DEC-LIN/nossum/normalized-sha1-size128-round21-3.fzn,CASHWMaxSATDisjCom-S 2025-06-01 (complete),15.9226,1800.0,1800.0,1800.0,416.879,519.898,1800.0,1800.0,17.4868,15.9226
data/selected-PB25/PB24/normalized-PB16/DEC-LIN/nossum/normalized-sha1-size128-round22-0.fzn,CASHWMaxSATDisjCom-S 2025-06-01 (complete),1800.0,2769.92,1800.0,1800.0,1800.0,2769.92,1800.0,1800.0,1800.0,1800.0
data/selected-PB25/PB24/normalized-PB16/DEC-LIN/nossum/normalized-sha1-size128-round22-4.fzn,CASHWMaxSATDisjCom-S 2025-06-01 (complete),454.603,1800.0,1800.0,1800.0,1800.0,732.351,1800.0,1800.0,1107.26,454.603
data/selected-PB25/PB24/normalized-PB16/DEC-LIN/nossum/normalized-sha1-size128-round23-3.fzn,CASHWMaxSATDisjCom-S 2025-06-01 (complete),1800.0,1800.0,1800.0,1800.0,1800.0,1800.0,1800.0,1800.0,1800.0,1800.0
data/selected-PB25/PB24/normalized-PB16/DEC-LIN/nossum/normalized-sha1-size128-round23-6.fzn,CASHWMaxSATDisjCom-S 2025-06-01 (complete),1800.0,1800.0,1800.0,1800.0,1800.0,1800.0,1800.0,1800.0,1800.0,1800.0
data/selected-PB25/PB24/normalized-PB16/DEC-LIN/nossum/normalized-sha1-size144-round21-2.fzn,CASHWMaxSATDisjCom-S 2025-06-01 (complete),0.895312,1800.0,1800.0,1800.0,660.577,526.035,6.24203,1800.0,98.6259,0.895312
data/selected-PB25/PB24/normalized-PB16/DEC-LIN/nossum/normalized-sha1-size144-round22-2.fzn,CASHWMaxSATDisjCom-S 2025-06-01 (complete),49.4654,3312.31,1800.0,1800.0,1800.0,2539.76,1800.0,1800.0,3312.31,49.4654
data/selected-PB25/PB24/normalized-PB16/DEC-LIN/nossum/normalized-sha1-size144-round23-2.fzn,CASHWMaxSATDisjCom-S 2025-06-01 (complete),1800.0,1800.0,1800.0,1800.0,1800.0,1800.0,1800.0,1800.0,1800.0,1800.0
data/selected-PB25/PB24/normalized-PB16/DEC-LIN/nossum/normalized-sha1-size144-round23-4.fzn,CASHWMaxSATDisjCom-S 2025-06-01 (complete),1800.0,1800.0,1800.0,1800.0,1800.0,1800.0,1800.0,1800.0,1800.0,1800.0
data/selected-PB25/PB24/normalized-PB16/DEC-LIN/nossum/normalized-sha1-size144-round23-6.fzn,CASHWMaxSATDisjCom-S 2025-06-01 (complete),1800.0,1800.0,1800.0,1800.0,1800.0,1800.0,1800.0,1800.0,1800.0,1800.0
data/selected-PB25/PB24/normalized-PB16/DEC-LIN/nossum/normalized-sha1-size160-round22-1.fzn,SCIP-NaPS 1.00a2 (complete),595.932,1800.0,1800.0,1800.0,1800.0,595.932,1800.0,1800.0,1339.62,1800.0
data/selected-PB25/PB24/normalized-PB16/DEC-LIN/nossum/normalized-sha1-size80-round23-5.fzn,CASHWMaxSATDisjCom-S 2025-06-01 (complete),1800.0,1800.0,1800.0,1800.0,1800.0,1800.0,1800.0,1800.0,1800.0,1800.0
data/selected-PB25/PB24/normalized-PB16/DEC-LIN/nossum/normalized-sha1-size96-round21-6.fzn,UWrMaxSat-SCIP 2025-06-04 (complete),4.04258,1800.0,1800.0,1800.0,379.587,509.998,4.04258,1800.0,16.7263,5.73317
data/selected-PB25/PB24/normalized-PB16/DEC-LIN/quimper/SyncCodes/d-equals-n_k/normalized-compression32_10.fzn,UWrMaxSat-SCIP 2025-06-04 (complete),15.0846,1800.0,1800.0,1800.0,1800.0,515.703,15.0846,1800.0,25.8844,24.119
data/selected-PB25/PB24/normalized-PB16/DEC-LIN/quimper/SyncCodes/d-equals-n_k/normalized-compression32_15.fzn,Picat 2025-06-16 (complete),7.01938,1800.0,1800.0,1800.0,359.904,535.228,19.7741,1800.0,7.01938,16.8783
data/selected-PB25/PB24/normalized-PB16/DEC-LIN/quimper/SyncCodes/d_n_k/normalized-2_4_1.fzn,CASHWMaxSATDisjCom-S 2025-06-01 (complete),0.001102,0.297977,0.007578,0.004215,0.001813,0.137339,0.003669,0.297977,0.006811,0.001102
data/selected-PB25/PB24/normalized-PB16/DEC-LIN/quimper/SyncCodes/d_n_k/normalized-3_4_3.fzn,CASHWMaxSATDisjCom-S 2025-06-01 (complete),0.001792,359.267,0.008622,0.004948,359.267,0.139978,0.005827,0.324134,0.007677,0.001792
data/selected-PB25/PB24/normalized-PB16/DEC-LIN/quimper/SyncCodes/d_n_k/normalized-3_6_5.fzn,CASHWMaxSATDisjCom-S 2025-06-01 (complete),0.00289,359.174,0.012657,0.006297,359.174,0.143891,0.01495,0.390053,0.009926,0.00289
data/selected-PB25/PB24/normalized-PB16/DEC-LIN/quimper/SyncCodes/d_n_k/normalized-4_5_19.fzn,CASHWMaxSATDisjCom-S 2025-06-01 (complete),0.118804,360.004,100.582,83.1851,360.004,92.94,0.463362,16.1906,0.415245,0.118804
data/selected-PB25/PB24/normalized-PB16/DEC-LIN/quimper/SyncCodes/d_n_k/normalized-5_6_11.fzn,CASHWMaxSATDisjCom-S 2025-06-01 (complete),0.014982,359.259,6.8753,2.47943,359.259,2.60445,0.021051,1.72178,0.049944,0.014982
data/selected-PB25/PB24/normalized-PB16/DEC-LIN/quimper/SyncCodes/d_n_k/normalized-5_6_18.fzn,UWrMaxSat-SCIP 2025-06-04 (complete),1.76126,2862.22,669.836,462.47,377.013,481.939,1.76126,2862.22,3.8231,3.29159
data/selected-PB25/PB24/normalized-PB16/DEC-LIN/quimper/SyncCodes/d_n_k/normalized-5_6_36.fzn,SCIP-NaPS 1.00a2 (complete),1414.35,2525.72,1800.0,1800.0,1800.0,1414.35,2525.72,1800.0,2280.25,1800.0
data/selected-PB25/PB24/normalized-PB16/DEC-LIN/quimper/SyncCodes/d_n_k/normalized-6_6_33.fzn,UWrMaxSat-SCIP 2025-06-04 (complete),181.555,1800.0,1800.0,1800.0,1800.0,673.564,181.555,1800.0,310.601,1723.55
data/selected-PB25/PB24/normalized-PB16/DEC-LIN/quimper/SyncCodes/d_n_k/normalized-6_6_8.fzn,CASHWMaxSATDisjCom-S 2025-06-01 (complete),0.007687,359.204,2.01909,0.734794,359.204,0.924776,0.032606,0.549364,0.01834,0.007687
data/selected-PB25/PB24/normalized-PB16/DEC-LIN/quimper/SyncCodes/d_n_k/normalized-7_7_15.fzn,Picat 2025-06-16 (complete),1.05082,368.4,292.303,147.953,368.4,178.856,1.38311,340.755,1.05082,1.07725
data/selected-PB25/PB24/normalized-PB16/DEC-LIN/quimper/SyncCodes/d_n_k/normalized-7_7_6.fzn,CASHWMaxSATDisjCom-S 2025-06-01 (complete),0.006537,359.2,1.63416,0.534811,359.2,0.715266,0.028469,0.565381,0.015932,0.006537
data/selected-PB25/PB24/normalized-PB16/OPT-LIN/lion9-single-obj/normalized-single-obj-f12-ACDoubleLoss.seq-B-3-combined-EDCBAir.fzn,OR-Tools CP-SAT 9.14 (complete),0.110139,1800.0,0.110139,0.791051,373.406,1.12949,49.2281,1800.0,46.2302,2.98045
data/selected-PB25/PB24/normalized-PB16/OPT-LIN/lion9-single-obj/normalized-single-obj-f13-ACDoubleLoss.seq-B-2-2-irEDCBA.fzn,UWrMaxSat-SCIP 2025-06-04 (complete),0.062834,359.255,0.116955,1.54637,359.255,2.44144,0.062834,4.40012,2.45533,0.225002
data/selected-PB25/PB24/normalized-PB16/OPT-LIN/lion9-single-obj/normalized-single-obj-f3-DataDisplay_1_order6.seq-B-2-2-irabcde.fzn,UWrMaxSat-SCIP 2025-06-04 (complete),0.037151,1800.0,0.626961,2.46612,359.117,2.50305,0.037151,1800.0,1.0538,1.13959
data/selected-PB25/PB24/normalized-PB16/OPT-LIN/lion9-single-obj/normalized-single-obj-f37-AC_TotalLoss.seq-B-2-2-abcdeir.fzn,UWrMaxSat-SCIP 2025-06-04 (complete),0.100181,1800.0,2.80869,8.69857,359.176,9.20326,0.100181,1800.0,3.12939,3.36081
data/selected-PB25/PB24/normalized-PB16/OPT-LIN/lion9-single-obj/normalized-single-obj-f4-DataDisplay_2_order9.seq-A-3-2-irabcde.fzn,UWrMaxSat-SCIP 2025-06-04 (complete),1.87431,1800.0,1800.0,1097.79,400.875,1011.66,1.87431,1800.0,44.8497,1133.48
data/selected-PB25/PB24/normalized-PB24/DEC-LIN/devriendt/bitvector_multiplication_selection/equalities/array_comm/normalized-16arraycomm_teq_tvars_greater.fzn,OR-Tools CP-SAT 9.14 (complete),0.097806,1800.0,0.097806,1800.0,373.609,1800.0,1800.0,1.30596,1800.0,1800.0
data/selected-PB25/PB24/normalized-PB24/DEC-LIN/devriendt/bitvector_multiplication_selection/equalities/array_comm/normalized-20arraycomm_teq_tvars_less.fzn,Sat4j CP 2025-06-06 (complete),1.4272,1800.0,1800.0,1800.0,1800.0,1800.0,300.286,1.4272,1800.0,1800.0
data/selected-PB25/PB24/normalized-PB24/DEC-LIN/devriendt/bitvector_multiplication_selection/equalities/array_comm/normalized-9arraycomm_teq_tvars_greater.fzn,OR-Tools CP-SAT 9.14 (complete),0.03631,852.535,0.03631,0.050382,359.149,0.151076,300.077,1.03098,485.26,852.535
data/selected-PB25/PB24/normalized-PB24/DEC-LIN/devriendt/bitvector_multiplication_selection/equalities/array_diag/normalized-11array_diag_less.fzn,OR-Tools CP-SAT 9.14 (complete),0.063535,361.567,0.063535,0.083325,361.567,0.165808,110.417,1.15455,118.81,347.124
data/selected-PB25/PB24/normalized-PB24/DEC-LIN/devriendt/bitvector_multiplication_selection/equalities/array_diag/normalized-13array_diag_greater.fzn,OR-Tools CP-SAT 9.14 (complete),0.271687,1800.0,0.271687,1800.0,862.128,4.67514,192.158,1.28665,1800.0,1066.61
data/selected-PB25/PB24/normalized-PB24/DEC-LIN/devriendt/bitvector_multiplication_selection/equalities/array_diag/normalized-15array_diag_greater.fzn,OR-Tools CP-SAT 9.14 (complete),0.113504,1800.0,0.113504,1.13913,1800.0,46.1767,300.179,1.31229,1800.0,1800.0
data/selected-PB25/PB24/normalized-PB24/DEC-LIN/devriendt/bitvector_multiplication_selection/equalities/array_diag/normalized-16array_diag_less.fzn,OR-Tools CP-SAT 9.14 (complete),0.122514,1800.0,0.122514,1800.0,1800.0,1.29025,1768.69,1.29622,1800.0,1800.0
data/selected-PB25/PB24/normalized-PB24/DEC-LIN/devriendt/bitvector_multiplication_selection/equalities/diag_spec/normalized-16diag_spec_greater.fzn,OR-Tools CP-SAT 9.14 (complete),0.095144,1800.0,0.095144,1800.0,1800.0,1800.0,1800.0,1.78814,1800.0,1800.0
data/selected-PB25/PB24/normalized-PB24/DEC-LIN/devriendt/bitvector_multiplication_selection/equalities/diag_spec/normalized-9diag_spec_less.fzn,OR-Tools CP-SAT 9.14 (complete),0.037011,359.008,0.037011,0.050392,359.008,0.15548,25.4468,1.0089,14.2182,41.0004
data/selected-PB25/PB24/normalized-PB24/DEC-LIN/devriendt/bitvector_multiplication_selection/inequalities/ineq10/normalized-13array_ineq10.fzn,Picat 2025-06-16 (complete),1.88082,1800.0,4.13453,4.68645,361.85,7.76842,2.62364,1800.0,1.88082,2.08058
data/selected-PB25/PB24/normalized-PB24/DEC-LIN/devriendt/bitvector_multiplication_selection/inequalities/ineq5/normalized-16array_alg_ineq5.fzn,OR-Tools CP-SAT 9.14 (complete),0.034052,1800.0,0.034052,154.303,361.422,26.8699,17.4207,1800.0,21.2918,19.1609
data/selected-PB25/PB24/normalized-PB24/DEC-LIN/devriendt/bitvector_multiplication_selection/inequalities/ineq8/normalized-21array_ineq8.fzn,CASHWMaxSATDisjCom-S 2025-06-01 (complete),1.96092,1800.0,7.64322,1800.0,383.841,314.495,2.60806,1800.0,561.011,1.96092
data/selected-PB25/PB24/normalized-PB24/DEC-LIN/devriendt/bitvector_multiplication_selection/inequalities/ineq8/normalized-22array_ineq8.fzn,CASHWMaxSATDisjCom-S 2025-06-01 (complete),1.96633,1800.0,11.4023,170.252,390.664,94.9564,3.3466,1800.0,632.922,1.96633
data/selected-PB25/PB24/normalized-PB24/DEC-LIN/devriendt/bitvector_multiplication_selection/inequalities/ineq8/normalized-27array_alg_ineq8.fzn,SCIP-NaPS 1.00a2 (complete),0.214415,1800.0,1.20894,1800.0,473.751,0.214415,9.24315,1800.0,8.45132,14.309
data/selected-PB25/PB24/normalized-PB24/DEC-LIN/devriendt/bitvector_multiplication_selection/inequalities/ineq8/normalized-28array_alg_ineq8.fzn,OR-Tools CP-SAT 9.14 (complete),0.763327,1800.0,0.763327,1800.0,442.444,72.3466,9.08658,774.017,1800.0,15.6497
data/selected-PB25/PB24/normalized-PB24/DEC-LIN/nordstrom/CombinatorialBenchmarksPBsolvers/domset/domset-fixedrows-r04_shuffle/normalized-domset-hexgrid_04_008.shuf-1.fzn,UWrMaxSat-SCIP 2025-06-04 (complete),0.00502,359.252,0.014546,0.005909,359.252,0.141778,0.00502,0.330272,0.013774,0.005388
data/selected-PB25/PB24/normalized-PB24/DEC-LIN/nordstrom/CombinatorialBenchmarksPBsolvers/domset/domset-fixedrows-r04_shuffle/normalized-domset-hexgrid_04_028.shuf-1.fzn,SCIP 2025-06-13 (complete),0.011228,1800.0,0.026302,0.011228,359.253,0.147728,1.98382,1800.0,147.518,5.24855
data/selected-PB25/PB24/normalized-PB24/DEC-LIN/nordstrom/CombinatorialBenchmarksPBsolvers/domset/domset-fixedrows-r04_shuffle/normalized-domset-hexgrid_04_064.shuf-1.fzn,SCIP 2025-06-13 (complete),0.024969,1800.0,0.07432,0.024969,359.304,0.162825,300.206,1800.0,1800.0,1800.0
data/selected-PB25/PB24/normalized-PB24/DEC-LIN/nordstrom/CombinatorialBenchmarksPBsolvers/domset/domset-fixedrows-r07_shuffle/normalized-domset-hexgrid_07_010.shuf-1.fzn,SCIP 2025-06-13 (complete),0.008055,358.971,0.025723,0.008055,358.971,0.141941,0.04659,2.45526,2.13233,0.140107
data/selected-PB25/PB24/normalized-PB24/DEC-LIN/nordstrom/CombinatorialBenchmarksPBsolvers/domset/domset-fixedrows-r10-tiling/normalized-domset-hexgrid_10_007.fzn,UWrMaxSat-SCIP 2025-06-04 (complete),0.006544,359.285,0.01146,0.009926,359.285,0.143707,0.006544,0.857504,0.012289,0.012484
data/selected-PB25/PB24/normalized-PB24/DEC-LIN/nordstrom/CombinatorialBenchmarksPBsolvers/domset/domset-hubgraph-opb/normalized-domset-hubgraph_068.fzn,UWrMaxSat-SCIP 2025-06-04 (complete),0.04449,1800.0,1.1479,0.271183,359.341,0.40945,0.04449,1800.0,0.204998,0.126079
data/selected-PB25/PB24/normalized-PB24/DEC-LIN/nordstrom/CombinatorialBenchmarksPBsolvers/domset/domset-stargrid-9-split/normalized-domset-stargod_09_009.fzn,OR-Tools CP-SAT 9.14 (complete),0.008597,359.212,0.008597,0.009228,359.212,0.14448,0.024098,0.46131,0.062139,0.090425
data/selected-PB25/PB24/normalized-PB24/DEC-LIN/nordstrom/CombinatorialBenchmarksPBsolvers/domset/domset_large/normalized-domset-hexgrid_07_054.fzn,SCIP 2025-06-13 (complete),0.040765,1800.0,0.139877,0.040765,359.273,0.173647,6.73264,1800.0,8.70189,11.2412
data/selected-PB25/PB24/normalized-PB24/DEC-LIN/nordstrom/CombinatorialBenchmarksPBsolvers/domset/domset_large/normalized-domset-hexgrid_08_020.fzn,SCIP 2025-06-13 (complete),0.009658,1800.0,0.057574,0.009658,359.207,0.145368,2.6629,1800.0,1.08089,8.57633
data/selected-PB25/PB24/normalized-PB24/DEC-LIN/nordstrom/CombinatorialBenchmarksPBsolvers/domset/domset_large_fixedcols_final/normalized-domset-hexgrid-fixedcols_03_058.fzn,SCIP 2025-06-13 (complete),0.015412,1800.0,0.116013,0.015412,359.353,0.14945,300.203,1800.0,1800.0,1800.0
data/selected-PB25/PB24/normalized-PB24/DEC-LIN/nordstrom/CombinatorialBenchmarksPBsolvers/domset/larger/domset_large-tiling/normalized-domset-hexgrid_03_094.fzn,SCIP 2025-06-13 (complete),0.009823,358.974,0.022039,0.009823,358.974,0.164033,0.022911,0.43201,0.020712,0.069407
data/selected-PB25/PB24/normalized-PB24/DEC-LIN/nordstrom/CombinatorialBenchmarksPBsolvers/domset/larger/domset_large-tiling/normalized-domset-hexgrid_05_100.fzn,Picat 2025-06-16 (complete),0.029959,359.292,0.032964,0.097752,359.292,0.251309,0.041052,0.526992,0.029959,0.131627
data/selected-PB25/PB24/normalized-PB24/DEC-LIN/nordstrom/CombinatorialBenchmarksPBsolvers/domset/larger/domset_large_fixedcols/normalized-domset-hexgrid-fixedcols_07_140.fzn,SCIP 2025-06-13 (complete),0.980711,1800.0,1800.0,0.980711,1800.0,1.10295,301.026,1800.0,1800.0,1800.0
data/selected-PB25/PB24/normalized-PB24/DEC-LIN/nordstrom/CombinatorialBenchmarksPBsolvers/domset/larger/domset_large_shuffle/normalized-domset-hexgrid_03_084.shuf-1.fzn,SCIP 2025-06-13 (complete),0.207353,1800.0,2.8131,0.207353,360.713,0.354832,300.236,1800.0,1800.0,1800.0
data/selected-PB25/PB24/normalized-PB24/DEC-LIN/nordstrom/CombinatorialBenchmarksPBsolvers/domset/larger/domset_large_shuffle/normalized-domset-hexgrid_05_110.shuf-2.fzn,SCIP 2025-06-13 (complete),0.116062,1800.0,0.156912,0.116062,389.486,0.275802,300.316,1800.0,1800.0,1800.0
data/selected-PB25/PB24/normalized-PB24/DEC-LIN/nordstrom/CombinatorialBenchmarksPBsolvers/even-colouring/ec-stargrid-04/normalized-ec_stargrid_04_021.fzn,SCIP 2025-06-13 (complete),11.9793,1800.0,1800.0,11.9793,359.567,19.1495,301.557,1800.0,1800.0,1800.0
data/selected-PB25/PB24/normalized-PB24/DEC-LIN/nordstrom/CombinatorialBenchmarksPBsolvers/even-colouring/ec-stargrid-04_shuffle/normalized-ec_stargrid_04_036.shuf-2.fzn,UWrMaxSat-SCIP 2025-06-04 (complete),417.902,1800.0,1800.0,647.682,468.609,500.706,417.902,1800.0,1800.0,1800.0
data/selected-PB25/PB24/normalized-PB24/DEC-LIN/nordstrom/CombinatorialBenchmarksPBsolvers/even-colouring/ec-stargrid-04_shuffle/normalized-ec_stargrid_04_066.shuf-1.fzn,SCIP-NaPS 1.00a2 (complete),472.667,1800.0,1800.0,1800.0,763.856,472.667,808.555,1800.0,1800.0,1800.0
data/selected-PB25/PB24/normalized-PB24/DEC-LIN/nordstrom/CombinatorialBenchmarksPBsolvers/even-colouring/ec-stargrid-05_shuffle/normalized-ec_stargrid_05_021.shuf-2.fzn,SCIP 2025-06-13 (complete),2.44518,1800.0,1800.0,2.44518,434.996,16.8015,316.935,1800.0,1800.0,1800.0
data/selected-PB25/PB24/normalized-PB24/DEC-LIN/nordstrom/CombinatorialBenchmarksPBsolvers/even-colouring/ec-stargrid-05_shuffle/normalized-ec_stargrid_05_075.shuf-3.fzn,CASHWMaxSATDisjCom-S 2025-06-01 (complete),1800.0,1908.47,1800.0,1800.0,1908.47,1800.0,1800.0,1800.0,1800.0,1800.0
data/selected-PB25/PB24/normalized-PB24/DEC-LIN/nordstrom/CombinatorialBenchmarksPBsolvers/even-colouring/ec-stargrid-06/normalized-ec_stargrid_06_012.fzn,SCIP-NaPS 1.00a2 (complete),2.84338,1800.0,1800.0,3.01897,359.401,2.84338,306.018,1800.0,1800.0,1800.0
data/selected-PB25/PB24/normalized-PB24/DEC-LIN/nordstrom/CombinatorialBenchmarksPBsolvers/even-colouring/ec-stargrid-06_shuffle/normalized-ec_stargrid_06_072.shuf-3.fzn,Exact 2025-06-02 (complete),379.005,1800.0,1800.0,1800.0,379.005,1800.0,1800.0,1800.0,1800.0,1800.0
data/selected-PB25/PB24/normalized-PB24/DEC-LIN/nordstrom/CombinatorialBenchmarksPBsolvers/even-colouring/grids_large_opb/normalized-ECgrid_split_4_250.fzn,SCIP 2025-06-13 (complete),0.149081,359.21,0.16668,0.149081,359.21,0.314619,1.81934,0.845934,16.8055,3.16862
data/selected-PB25/PB24/normalized-PB24/DEC-LIN/nordstrom/CombinatorialBenchmarksPBsolvers/extended-even-colouring/grids_norational_opb/normalized-ec_grid_norational_03_100.fzn,SCIP 2025-06-13 (complete),0.033295,1800.0,0.127492,0.033295,359.573,0.166912,7.00827,1800.0,0.548066,2.23007
data/selected-PB25/PB24/normalized-PB24/DEC-LIN/nordstrom/CombinatorialBenchmarksPBsolvers/extended-even-colouring/random_norational_opb/normalized-ec_random_norational_random4reg_split_350.fzn,SCIP 2025-06-13 (complete),0.040427,1800.0,0.170086,0.040427,361.389,0.174151,300.22,1800.0,1800.0,1800.0
data/selected-PB25/PB24/normalized-PB24/DEC-LIN/nordstrom/CombinatorialBenchmarksPBsolvers/php-exit/normalized-phpexit_v1_06_004.fzn,UWrMaxSat-SCIP 2025-06-04 (complete),0.004642,359.173,0.008368,0.008619,359.173,0.141077,0.004642,0.317477,0.007489,0.007357
data/selected-PB25/PB24/normalized-PB24/DEC-LIN/nordstrom/CombinatorialBenchmarksPBsolvers/php-exit/normalized-phpexit_v1_10_016.fzn,SCIP 2025-06-13 (complete),0.117178,1800.0,0.423961,0.117178,359.109,0.350369,300.391,0.655389,1800.0,1800.0
data/selected-PB25/PB24/normalized-PB24/DEC-LIN/nordstrom/CombinatorialBenchmarksPBsolvers/php-exit/normalized-phpexit_v2_02_004.fzn,UWrMaxSat-SCIP 2025-06-04 (complete),0.003589,359.104,0.004238,0.007174,359.104,0.140089,0.003589,0.306156,0.006896,0.003836
data/selected-PB25/PB24/normalized-PB24/DEC-LIN/nordstrom/CombinatorialBenchmarksPBsolvers/subsetcard/fixedbw_opb_shuffle/normalized-subsetcard-geq-fixedbandwidth-30.shuf-1.fzn,OR-Tools CP-SAT 9.14 (complete),0.020009,1800.0,0.020009,0.021998,359.151,0.364821,300.007,0.773497,1616.89,1800.0
data/selected-PB25/PB24/normalized-PB24/DEC-LIN/nordstrom/CombinatorialBenchmarksPBsolvers/subsetcard/fixedbw_opb_shuffle/normalized-subsetcard-geq-fixedbandwidth-40.shuf-3.fzn,OR-Tools CP-SAT 9.14 (complete),0.021854,3245.32,0.021854,0.02402,359.299,0.373488,71.3144,0.819864,1800.0,3245.32
data/selected-PB25/PB24/normalized-PB24/DEC-LIN/nordstrom/CombinatorialBenchmarksPBsolvers/subsetcard/larger/random4reg_opb_shuffle/normalized-subsetcard-eq-random4reg-1000.shuf-3.fzn,SCIP 2025-06-13 (complete),0.627749,1800.0,0.850472,0.627749,359.223,0.703398,300.497,3.01641,1800.0,1800.0
data/selected-PB25/PB24/normalized-PB24/DEC-LIN/nordstrom/CombinatorialBenchmarksPBsolvers/subsetcard/larger/random4reg_opb_shuffle/normalized-subsetcard-geq-random4reg-1000.shuf-2.fzn,SCIP 2025-06-13 (complete),0.788389,1800.0,1.77783,0.788389,359.248,0.951683,300.419,3.12224,1800.0,1800.0
data/selected-PB25/PB24/normalized-PB24/DEC-LIN/nordstrom/CombinatorialBenchmarksPBsolvers/subsetcard/random4reg_opb/normalized-subsetcard-geq-random4reg-60.fzn,OR-Tools CP-SAT 9.14 (complete),0.02657,1800.0,0.02657,0.02971,359.367,0.368622,300.102,0.951502,1800.0,1800.0
data/selected-PB25/PB24/normalized-PB24/DEC-LIN/nordstrom/CombinatorialBenchmarksPBsolvers/subsetcard/random4reg_opb_shuffle/normalized-subsetcard-geq-random4reg-15.shuf-1.fzn,OR-Tools CP-SAT 9.14 (complete),0.014,359.205,0.014,0.01715,359.205,0.366957,0.525048,0.86198,0.689095,0.751435
data/selected-PB25/PB24/normalized-PB24/DEC-LIN/nordstrom/CombinatorialBenchmarksPBsolvers/subsetcard/random4reg_opb_shuffle/normalized-subsetcard-geq-random4reg-15.shuf-2.fzn,OR-Tools CP-SAT 9.14 (complete),0.014058,359.457,0.014058,0.017142,359.457,0.358152,0.470461,0.845833,0.736619,0.663568
data/selected-PB25/PB24/normalized-PB24/DEC-LIN/nordstrom/CombinatorialBenchmarksPBsolvers/sumineq/sumineq_pyr_4/normalized-sumineqArity4pyramidP035.fzn,OR-Tools CP-SAT 9.14 (complete),0.041738,1800.0,0.041738,0.420251,359.253,9.31331,0.846577,1800.0,0.54228,0.109585
data/selected-PB25/PB24/normalized-PB24/DEC-LIN/nordstrom/CombinatorialBenchmarksPBsolvers/sumineq/sumineq_pyr_4_shuffle/normalized-sumineqArity4pyramidP015.shuf-1.fzn,CASHWMaxSATDisjCom-S 2025-06-01 (complete),0.024076,1800.0,0.027063,0.026773,359.091,0.521913,0.07657,1800.0,0.24164,0.024076
data/selected-PB25/PB24/normalized-PB24/DEC-LIN/nordstrom/CombinatorialBenchmarksPBsolvers/sumineq/sumineq_pyr_5_shuffle/normalized-sumineqArity5pyramidP015.shuf-3.fzn,CASHWMaxSATDisjCom-S 2025-06-01 (complete),0.041164,1800.0,0.109037,0.094325,359.003,0.434785,0.098183,1800.0,1.15907,0.041164
data/selected-PB25/PB24/normalized-PB24/DEC-LIN/nordstrom/CombinatorialBenchmarksPBsolvers/sumineq/sumineq_pyr_5_shuffle/normalized-sumineqArity5pyramidP025.shuf-1.fzn,SCIP 2025-06-13 (complete),0.103398,1800.0,0.340633,0.103398,358.995,0.612266,0.675737,1800.0,3.60054,0.161477
data/selected-PB25/PB24/normalized-PB24/DEC-LIN/nordstrom/CombinatorialBenchmarksPBsolvers/sumineq/sumineq_pyr_5_shuffle/normalized-sumineqArity5pyramidP035.shuf-2.fzn,CASHWMaxSATDisjCom-S 2025-06-01 (complete),0.381515,1800.0,0.749375,0.676718,359.25,0.387526,1.00398,1800.0,9.78,0.381515
data/selected-PB25/PB24/normalized-PB24/DEC-LIN/nordstrom/CombinatorialBenchmarksPBsolvers/vertex-cover/larger/vc-grids-v1_shuffle/normalized-grid8_161.shuf-2.fzn,SCIP 2025-06-13 (complete),1.73383,1800.0,17.0379,1.73383,367.245,2.13663,300.987,1800.0,1800.0,1800.0
data/selected-PB25/PB24/normalized-PB24/DEC-LIN/nordstrom/CombinatorialBenchmarksPBsolvers/vertex-cover/larger/vc-lines-v2_shuffle/normalized-grid4_121.shuf-1.fzn,SCIP 2025-06-13 (complete),0.326569,1800.0,1.7459,0.326569,364.129,0.621019,300.251,1800.0,1800.0,1800.0
data/selected-PB25/PB24/normalized-PB24/DEC-LIN/nordstrom/CombinatorialBenchmarksPBsolvers/vertex-cover/noverticaledges-v1/normalized-grid4_27.fzn,Picat 2025-06-16 (complete),0.028524,359.328,0.090406,0.061,359.328,0.404546,0.110114,1.28037,0.028524,0.092468
data/selected-PB25/PB24/normalized-PB24/DEC-LIN/nordstrom/CombinatorialBenchmarksPBsolvers/vertex-cover/vc-grids-v1_shuffle/normalized-grid10_35.shuf-3.fzn,SCIP 2025-06-13 (complete),0.27607,1800.0,3.63984,0.27607,359.516,0.5972,300.171,1800.0,1800.0,1800.0
data/selected-PB25/PB24/normalized-PB24/DEC-LIN/nordstrom/CombinatorialBenchmarksPBsolvers/vertex-cover/vc-grids-v2_shuffle/normalized-grid4_33.shuf-3.fzn,SCIP 2025-06-13 (complete),0.650426,1800.0,0.984448,0.650426,359.302,0.797725,0.670937,1800.0,36.4961,0.729258
data/selected-PB25/PB24/normalized-PB24/DEC-LIN/nordstrom/CombinatorialBenchmarksPBsolvers/vertex-cover/vc-grids-v2_shuffle/normalized-grid4_51.shuf-3.fzn,SCIP 2025-06-13 (complete),1.16405,1800.0,1.85472,1.16405,359.342,1.54454,144.409,1800.0,1800.0,178.465
data/selected-PB25/PB24/normalized-PB24/DEC-LIN/nordstrom/CombinatorialBenchmarksPBsolvers/vertex-cover/vc-grids-v3_shuffle/normalized-grid10_27.shuf-3.fzn,SCIP 2025-06-13 (complete),0.07703,1800.0,0.241071,0.07703,359.167,0.396636,300.146,1800.0,1800.0,925.92
data/selected-PB25/PB24/normalized-PB24/DEC-LIN/nordstrom/CombinatorialBenchmarksPBsolvers/vertex-cover/vc-grids-v3_shuffle/normalized-grid4_11.shuf-2.fzn,CASHWMaxSATDisjCom-S 2025-06-01 (complete),0.010467,359.347,0.030275,0.014868,359.347,0.365867,0.015055,0.413204,0.018797,0.010467
data/selected-PB25/PB24/normalized-PB24/DEC-LIN/nordstrom/CombinatorialBenchmarksPBsolvers/vertex-cover/vc-grids-v3_shuffle/normalized-grid8_99.shuf-2.fzn,SCIP 2025-06-13 (complete),0.263262,1800.0,0.543446,0.263262,359.163,0.570752,300.145,1800.0,1800.0,1800.0
data/selected-PB25/PB24/normalized-PB24/DEC-LIN/nordstrom/CombinatorialBenchmarksPBsolvers/vertex-cover/vc-large-v2/normalized-grid8_97.fzn,Picat 2025-06-16 (complete),0.872928,1800.0,15.8735,3.83618,367.553,3.71986,1.25573,1800.0,0.872928,1.25508
data/selected-PB25/PB24/normalized-PB24/DEC-LIN/nordstrom/CombinatorialBenchmarksPBsolvers/vertex-cover/vc-large-v4/normalized-grid10_66.fzn,SCIP 2025-06-13 (complete),0.052732,1800.0,0.05458,0.052732,359.209,0.400313,0.622078,1800.0,0.114078,0.517118
data/selected-PB25/PB24/normalized-PB24/DEC-LIN/nordstrom/CombinatorialBenchmarksPBsolvers/vertex-cover/vc-large-v4/normalized-grid4_06.fzn,CASHWMaxSATDisjCom-S 2025-06-01 (complete),0.004745,359.004,0.009731,0.01326,359.004,0.352276,0.010313,0.306762,0.00816,0.004745
data/selected-PB25/PB24/normalized-PB24/DEC-LIN/nordstrom/CombinatorialBenchmarksPBsolvers/vertex-cover/vc-large-v4/normalized-grid8_60.fzn,OR-Tools CP-SAT 9.14 (complete),0.041156,1800.0,0.041156,0.043351,359.216,0.396896,0.30685,1800.0,0.071965,0.291953
data/selected-PB25/PB24/normalized-PB24/DEC-LIN/nordstrom/CombinatorialBenchmarksPBsolvers/vertex-cover/vc-lines-v3_shuffle/normalized-grid6_85.shuf-3.fzn,SCIP 2025-06-13 (complete),0.124768,1800.0,0.280067,0.124768,359.262,0.433446,300.179,1800.0,1800.0,1800.0
data/selected-PB25/PB24/normalized-PB24/DEC-LIN/nordstrom/CombinatorialBenchmarksPBsolvers/vertex-cover/vc-nve-large-v4/normalized-grid10_64.fzn,OR-Tools CP-SAT 9.14 (complete),0.037628,1800.0,0.037628,0.038359,358.94,0.396912,1.23836,1800.0,101.683,0.332858
data/selected-PB25/PB24/normalized-PB24/DEC-LIN/nordstrom/MIPLIB01/dec/miplib2017/normalized-chromaticindex32-8.0.s.fzn,Picat 2025-06-16 (complete),0.040389,359.291,0.232732,0.120685,359.291,0.292639,0.130739,0.648136,0.040389,0.041707
data/selected-PB25/PB24/normalized-PB24/DEC-LIN/nordstrom/MIPLIB01/dec/miplib2017/normalized-cvs16r70-62.0.s.fzn,UWrMaxSat-SCIP 2025-06-04 (complete),235.994,1800.0,238.361,1800.0,468.68,1414.73,235.994,1800.0,1800.0,1800.0
data/selected-PB25/PB24/normalized-PB24/DEC-LIN/nordstrom/MIPLIB01/dec/miplib2017/normalized-stein45inf.0.d.fzn,CASHWMaxSATDisjCom-S 2025-06-01 (complete),0.15618,1800.0,2.41331,1.00696,361.204,1.94407,0.333516,1800.0,0.416849,0.15618
data/selected-PB25/PB24/normalized-PB24/DEC-LIN/nordstrom/MIPLIB01/dec/miplib3/normalized-p0201.0.u.fzn,SCIP 2025-06-13 (complete),1.27612,1800.0,2.68374,1.27612,359.476,1.43632,4.0272,1800.0,298.541,5.10724
data/selected-PB25/PB24/normalized-PB24/DEC-LIN/nordstrom/MIPLIB01/dec/miplib3/normalized-seymour.0.u.fzn,CASHWMaxSATDisjCom-S 2025-06-01 (complete),1800.0,1800.0,1800.0,1800.0,1800.0,1800.0,1800.0,1800.0,1800.0,1800.0
data/selected-PB25/PB24/normalized-PB24/DEC-LIN/nordstrom/composed_pebbling_php_pyramid/dec/normalized-composed_pebbling_php_pyramid_height10_pigeons9_holes8.fzn,Sat4j CP 2025-06-06 (complete),1.92337,370.917,9.6831,179.516,359.201,370.917,47.1826,1.92337,9.76937,52.2516
data/selected-PB25/PB24/normalized-PB24/DEC-LIN/nordstrom/composed_pebbling_php_pyramid/dec/normalized-composed_pebbling_php_pyramid_height5_pigeons4_holes3.fzn,CASHWMaxSATDisjCom-S 2025-06-01 (complete),0.008428,359.039,0.466087,0.509803,359.039,1.47377,0.011646,0.483353,0.024667,0.008428
data/selected-PB25/PB24/normalized-PB24/DEC-LIN/nordstrom/vliew-nonlinear-d139f28/equalities/array_comm/arraycomm/normalized-17arraycomm_less.fzn,OR-Tools CP-SAT 9.14 (complete),0.359773,1800.0,0.359773,1800.0,1800.0,1800.0,1800.0,1800.0,1800.0,1800.0
data/selected-PB25/PB24/normalized-PB24/DEC-LIN/nordstrom/vliew-nonlinear-d139f28/equalities/array_comm/arraycomm_teq/normalized-20arraycomm_teq_less.fzn,Sat4j CP 2025-06-06 (complete),0.634066,1800.0,1800.0,1800.0,1800.0,1800.0,300.267,0.634066,1800.0,1800.0
data/selected-PB25/PB24/normalized-PB24/DEC-LIN/nordstrom/vliew-nonlinear-d139f28/equalities/array_comm/arraycomm_teq/normalized-22arraycomm_teq_less.fzn,Sat4j CP 2025-06-06 (complete),0.64241,1800.0,1800.0,1800.0,1800.0,1800.0,300.249,0.64241,1800.0,1800.0
data/selected-PB25/PB24/normalized-PB24/DEC-LIN/nordstrom/vliew-nonlinear-d139f28/equalities/array_diag/normalized-26array_diag_greater.fzn,Sat4j CP 2025-06-06 (complete),0.658617,1800.0,1800.0,1800.0,1800.0,3.52163,1800.0,0.658617,1800.0,1800.0
data/selected-PB25/PB24/normalized-PB24/DEC-LIN/nordstrom/vliew-nonlinear-d139f28/equalities/array_diag/normalized-31array_diag_less.fzn,Sat4j CP 2025-06-06 (complete),0.749639,1800.0,1800.0,1800.0,1800.0,4.3109,1800.0,0.749639,1800.0,1800.0
data/selected-PB25/PB24/normalized-PB24/DEC-LIN/nordstrom/vliew-nonlinear-d139f28/equalities/diag_comm/normalized-27diagcomm_less_teq.fzn,Sat4j CP 2025-06-06 (complete),0.750604,1800.0,1800.0,1800.0,1800.0,1800.0,1800.0,0.750604,1800.0,1800.0
data/selected-PB25/PB24/normalized-PB24/DEC-LIN/nordstrom/vliew-nonlinear-d139f28/equalities/diag_spec/normalized-22diag_spec_greater.fzn,Sat4j CP 2025-06-06 (complete),1.82361,1800.0,1800.0,1800.0,1800.0,1800.0,300.353,1.82361,1800.0,1800.0
data/selected-PB25/PB24/normalized-PB24/DEC-LIN/nordstrom/vliew-nonlinear-d139f28/equalities/diag_spec/normalized-24diag_spec_greater.fzn,Sat4j CP 2025-06-06 (complete),2.02679,1800.0,1800.0,1800.0,1800.0,1800.0,1800.0,2.02679,1800.0,1800.0
data/selected-PB25/PB24/normalized-PB24/DEC-LIN/nordstrom/vliew-nonlinear-d139f28/equalities/wallace_spec/normalized-28wallace_spec_greater_tvars.fzn,Sat4j CP 2025-06-06 (complete),3.41364,1800.0,1800.0,1800.0,1800.0,1800.0,1800.0,3.41364,1800.0,1800.0
data/selected-PB25/PB24/normalized-PB24/DEC-LIN/nordstrom/vliew-nonlinear-d139f28/inequalities/OPB/ineq6/normalized-20array_ineq6.fzn,SCIP-NaPS 1.00a2 (complete),118.706,1800.0,290.722,1800.0,1800.0,118.706,300.406,1800.0,973.23,430.246
data/selected-PB25/PB24/normalized-PB24/DEC-LIN/nordstrom/vliew-nonlinear-d139f28/inequalities/OPB/ineq6/normalized-31array_alg_ineq6.fzn,OR-Tools CP-SAT 9.14 (complete),0.580324,1810.63,0.580324,1800.0,1800.0,1800.0,1800.0,33.2841,1800.0,1810.63
data/selected-PB25/PB24/normalized-PB24/OPT-LIN/ihalainen/PBO-clique-coloring/normalized-clique-coloring-max-clique-n=10-t=3.fzn,SCIP 2025-06-13 (complete),15.6634,1967.91,23.7138,15.6634,1800.0,17.7588,146.198,1800.0,59.2469,1967.91
data/selected-PB25/PB24/normalized-PB24/OPT-LIN/ihalainen/PBO-clique-coloring/normalized-clique-coloring-max-clique-n=10-t=9.fzn,SCIP-NaPS 1.00a2 (complete),6.89688,3583.09,57.7361,3583.09,405.91,6.89688,1573.03,1800.0,371.707,2102.24
data/selected-PB25/PB24/normalized-PB24/OPT-LIN/ihalainen/PBO-clique-coloring/normalized-clique-coloring-max-clique-n=11-t=8.fzn,CASHWMaxSATDisjCom-S 2025-06-01 (complete),1800.0,3586.18,1800.0,3586.18,1800.0,1800.0,1800.0,1800.0,1800.0,1800.0
data/selected-PB25/PB24/normalized-PB24/OPT-LIN/ihalainen/PBO-clique-coloring/normalized-clique-coloring-max-clique-n=13-t=7.fzn,CASHWMaxSATDisjCom-S 2025-06-01 (complete),1800.0,3586.76,1800.0,3586.76,1800.0,1800.0,1800.0,1800.0,1800.0,1800.0
data/selected-PB25/PB24/normalized-PB24/OPT-LIN/ihalainen/PBO-clique-coloring/normalized-clique-coloring-max-clique-n=13-t=8.fzn,CASHWMaxSATDisjCom-S 2025-06-01 (complete),1800.0,3586.22,1800.0,3586.22,1800.0,1800.0,1800.0,1800.0,1800.0,1800.0
data/selected-PB25/PB24/normalized-PB24/OPT-LIN/ihalainen/PBO-clique-coloring/normalized-clique-coloring-max-clique-n=14-t=2.fzn,OR-Tools CP-SAT 9.14 (complete),19.1412,2105.01,19.1412,21.7389,1730.89,29.7056,49.3261,1800.0,143.515,2105.01
data/selected-PB25/PB24/normalized-PB24/OPT-LIN/ihalainen/PBO-clique-coloring/normalized-clique-coloring-max-clique-n=18-t=2.fzn,SCIP 2025-06-13 (complete),187.039,1800.0,1800.0,187.039,1800.0,188.774,414.611,1800.0,1800.0,1800.0
data/selected-PB25/PB24/normalized-PB24/OPT-LIN/ihalainen/PBO-clique-coloring/normalized-clique-coloring-max-clique-n=20-t=2.fzn,SCIP 2025-06-13 (complete),51.4565,1800.0,1800.0,51.4565,1800.0,52.8714,194.766,1800.0,1800.0,1800.0
data/selected-PB25/PB24/normalized-PB24/OPT-LIN/ihalainen/PBO-clique-coloring/normalized-clique-coloring-max-clique-n=7-t=3.fzn,SCIP 2025-06-13 (complete),1.06118,1800.0,8.35137,1.06118,367.074,3.62273,2.63735,1800.0,1.87209,1796.19
data/selected-PB25/PB24/normalized-PB24/OPT-LIN/ihalainen/PBO-clique-coloring/normalized-clique-coloring-max-clique-n=8-t=3.fzn,OR-Tools CP-SAT 9.14 (complete),2.64528,1807.86,2.64528,3.18754,452.491,4.16413,14.6204,1800.0,4.8072,1807.86
data/selected-PB25/PB24/normalized-PB24/OPT-LIN/nordstrom/CoreGuidedPB/comppebphp_pyrheight_equals_nholes/normalized-comppebphp_opt_pyrheightequalsnholes_05.fzn,UWrMaxSat-SCIP 2025-06-04 (complete),0.062566,1793.57,5.2137,0.841377,359.227,0.913587,0.062566,1.55408,0.581694,1793.57
data/selected-PB25/PB24/normalized-PB24/OPT-LIN/nordstrom/CoreGuidedPB/comppebphp_pyrheight_equals_nholes/normalized-comppebphp_opt_pyrheightequalsnholes_06.fzn,UWrMaxSat-SCIP 2025-06-04 (complete),0.313568,1795.3,17.1421,2.57109,359.248,4.97183,0.313568,12.9176,2.07887,1795.3
data/selected-PB25/PB24/normalized-PB24/OPT-LIN/nordstrom/CoreGuidedPB/dominating_set/hexgrid_nrowsdiv30add5/normalized-domset_opt_hexgrid_nrowsdiv30add5_ncols_160.fzn,SCIP-NaPS 1.00a2 (complete),0.266379,1800.0,2.25408,0.334987,1800.0,0.266379,0.296245,1800.0,1800.0,0.333104
data/selected-PB25/PB24/normalized-PB24/OPT-LIN/nordstrom/CoreGuidedPB/dominating_set/hexgrid_nrowsdiv30add5/normalized-domset_opt_hexgrid_nrowsdiv30add5_ncols_290.fzn,UWrMaxSat-SCIP 2025-06-04 (complete),11.5162,1800.0,1034.49,120.578,1800.0,122.116,11.5162,1800.0,1800.0,88.0917
data/selected-PB25/PB24/normalized-PB24/OPT-LIN/nordstrom/CoreGuidedPB/dominating_set/normalized-dominating_set_hexgrid_opt_r6_c50.fzn,UWrMaxSat-SCIP 2025-06-04 (complete),0.083295,1800.0,2.73231,0.881858,364.1,0.53438,0.083295,1800.0,7.31728,0.165965
data/selected-PB25/PB24/normalized-PB24/OPT-LIN/nordstrom/CoreGuidedPB/dominating_set/normalized-dominating_set_hexgrid_opt_r6_c60.fzn,UWrMaxSat-SCIP 2025-06-04 (complete),0.02326,1800.0,0.181289,0.049675,359.3,0.162578,0.02326,1800.0,8.09628,0.046152
data/selected-PB25/PB24/normalized-PB24/OPT-LIN/nordstrom/CoreGuidedPB/dominating_set/normalized-dominating_set_hexgrid_opt_r6_c80.fzn,UWrMaxSat-SCIP 2025-06-04 (complete),0.035099,1800.0,0.203288,0.067552,360.345,0.166243,0.035099,1800.0,15.4316,0.063922
data/selected-PB25/PB24/normalized-PB24/OPT-LIN/nordstrom/CoreGuidedPB/evencolouring/linear/normalized-evencolouring_opt_linear_random6regular_nvert_021.fzn,OR-Tools CP-SAT 9.14 (complete),0.009484,2512.85,0.009484,0.03052,359.384,0.434853,266.949,1800.0,433.919,2512.85
data/selected-PB25/PB24/normalized-PB24/OPT-LIN/nordstrom/CoreGuidedPB/evencolouring/linear/normalized-evencolouring_opt_linear_random6regular_nvert_071.fzn,SCIP 2025-06-13 (complete),0.036006,1800.0,1800.0,0.036006,359.252,0.444387,221.129,1800.0,1800.0,1800.0
data/selected-PB25/PB24/normalized-PB24/OPT-LIN/nordstrom/CoreGuidedPB/evencolouring/linear/normalized-evencolouring_opt_linear_random6regular_nvert_101.fzn,OR-Tools CP-SAT 9.14 (complete),0.085645,1800.0,0.085645,0.327696,359.746,1.10684,205.782,1800.0,1800.0,1800.0
data/selected-PB25/PB24/normalized-PB24/OPT-LIN/nordstrom/CoreGuidedPB/evencolouring/unit/normalized-evencolouring_opt_unit_random6regular_nvert_031.fzn,OR-Tools CP-SAT 9.14 (complete),0.03156,1800.0,0.03156,0.03192,359.171,0.420927,248.348,1800.0,1800.0,1800.0
data/selected-PB25/PB24/normalized-PB24/OPT-LIN/nordstrom/CoreGuidedPB/evencolouring/unit/normalized-evencolouring_opt_unit_random6regular_nvert_091.fzn,SCIP 2025-06-13 (complete),0.296139,1800.0,1800.0,0.296139,360.129,0.997611,229.992,1800.0,1800.0,1800.0
data/selected-PB25/PB24/normalized-PB24/OPT-LIN/nordstrom/CoreGuidedPB/evencolouring/unit/normalized-evencolouring_opt_unit_random6regular_nvert_111.fzn,SCIP 2025-06-13 (complete),0.054755,1800.0,1800.0,0.054755,359.557,0.517369,224.108,1800.0,1800.0,1800.0
data/selected-PB25/PB24/normalized-PB24/OPT-LIN/nordstrom/CoreGuidedPB/evencolouring/unit/normalized-evencolouring_opt_unit_random6regular_nvert_351.fzn,SCIP 2025-06-13 (complete),3.49231,1800.0,1800.0,3.49231,376.18,5.88764,303.139,1800.0,1800.0,1800.0
data/selected-PB25/PB24/normalized-PB24/OPT-LIN/nordstrom/CoreGuidedPB/evencolouring/unit/normalized-evencolouring_opt_unit_random6regular_nvert_401.fzn,Exact 2025-06-02 (complete),364.653,3589.53,1800.0,3589.53,364.653,1800.0,1800.0,1800.0,1800.0,1800.0
data/selected-PB25/PB24/normalized-PB24/OPT-LIN/nordstrom/CoreGuidedPB/evencolouring/unit/normalized-evencolouring_opt_unit_random6regular_nvert_451.fzn,Exact 2025-06-02 (complete),403.814,3587.84,1800.0,3587.84,403.814,1800.0,1800.0,1800.0,1800.0,1800.0
data/selected-PB25/PB24/normalized-PB24/OPT-LIN/nordstrom/CoreGuidedPB/evencolouring/unit/normalized-evencolouring_opt_unit_random6regular_nvert_501.fzn,Exact 2025-06-02 (complete),381.883,3587.58,1800.0,3587.58,381.883,1800.0,1800.0,1800.0,1800.0,1800.0
data/selected-PB25/PB24/normalized-PB24/OPT-LIN/nordstrom/CoreGuidedPB/injcomp/injcomp_opt_3layers_maxall_lastlayerdecr1/normalized-injcomp_opt_3layers_maxall_lastlayerdecr1_size_12.fzn,SCIP 2025-06-13 (complete),0.039966,2414.18,0.046951,0.039966,359.578,0.154097,13.2824,1800.0,1800.0,2414.18
data/selected-PB25/PB24/normalized-PB24/OPT-LIN/nordstrom/CoreGuidedPB/injcomp/injcomp_opt_3layers_maxall_lastlayerdecr1/normalized-injcomp_opt_3layers_maxall_lastlayerdecr1_size_29.fzn,SCIP 2025-06-13 (complete),0.23999,1800.0,0.270484,0.23999,364.43,0.246567,152.602,1800.0,1800.0,70.2099
data/selected-PB25/PB24/normalized-PB24/OPT-LIN/nordstrom/CoreGuidedPB/injcomp/injcomp_opt_3layers_maxall_lastlayerdiv2/normalized-injcomp_opt_3layers_maxall_lastlayerdiv2_size_20.fzn,OR-Tools CP-SAT 9.14 (complete),0.063927,1800.0,0.063927,0.089778,1800.0,0.187027,157.723,1800.0,1800.0,24.3392
data/selected-PB25/PB24/normalized-PB24/OPT-LIN/nordstrom/CoreGuidedPB/injcomp/injcomp_opt_3layers_maxall_lastlayerdiv2/normalized-injcomp_opt_3layers_maxall_lastlayerdiv2_size_22.fzn,SCIP 2025-06-13 (complete),0.097205,1800.0,0.107062,0.097205,1800.0,0.182556,166.189,1800.0,1800.0,16.0861
data/selected-PB25/PB24/normalized-PB24/OPT-LIN/nordstrom/CoreGuidedPB/injcomp/injcomp_opt_3layers_maxfirst_lastlayerdecr1/normalized-injcomp_opt_3layers_maxfirst_lastlayerdecr1_size_18.fzn,SCIP 2025-06-13 (complete),0.077186,1800.0,0.078568,0.077186,359.847,0.170351,141.712,74.4284,1800.0,1800.0
data/selected-PB25/PB24/normalized-PB24/OPT-LIN/nordstrom/CoreGuidedPB/injcomp/injcomp_opt_4layers_maxall_lastlayerdecr1/normalized-injcomp_opt_4layers_maxall_lastlayerdecr1_size_26.fzn,SCIP 2025-06-13 (complete),23.1976,1800.0,1311.65,23.1976,1313.34,27.0314,251.29,1800.0,1800.0,1800.0
data/selected-PB25/PB24/normalized-PB24/OPT-LIN/nordstrom/CoreGuidedPB/injcomp/injcomp_opt_4layers_maxfirst_lastlayerdecr1/normalized-injcomp_opt_4layers_maxfirst_lastlayerdecr1_size_30.fzn,OR-Tools CP-SAT 9.14 (complete),6.89304,1800.0,6.89304,69.636,393.544,28.6434,332.047,1800.0,1800.0,1800.0
data/selected-PB25/PB24/normalized-PB24/OPT-LIN/nordstrom/CoreGuidedPB/injcomp/injcomp_opt_4layers_maxfirst_lastlayerdiv2/normalized-injcomp_opt_4layers_maxfirst_lastlayerdiv2_size_32.fzn,CASHWMaxSATDisjCom-S 2025-06-01 (complete),1800.0,3586.25,1800.0,3586.25,1800.0,1800.0,1800.0,1800.0,1800.0,1800.0
data/selected-PB25/PB24/normalized-PB24/OPT-LIN/nordstrom/CoreGuidedPB/linpeb/linearized_pebbling_opt_layeredfan_down/normalized-linearized_pebbling_opt_layeredfan_down_r10_c19_a4.fzn,OR-Tools CP-SAT 9.14 (complete),0.046515,1800.0,0.046515,0.190206,359.159,0.225473,0.584338,1800.0,26.1589,27.1458
data/selected-PB25/PB24/normalized-PB24/OPT-LIN/nordstrom/CoreGuidedPB/linpeb/linearized_pebbling_opt_layeredfan_down/normalized-linearized_pebbling_opt_layeredfan_down_r10_c20_a6.fzn,OR-Tools CP-SAT 9.14 (complete),0.068524,1802.42,0.068524,0.405507,359.229,0.322954,3.62088,1800.0,253.185,1802.42
data/selected-PB25/PB24/normalized-PB24/OPT-LIN/nordstrom/CoreGuidedPB/linpeb/linearized_pebbling_opt_layeredfan_down/normalized-linearized_pebbling_opt_layeredfan_down_r7_c14_a4.fzn,OR-Tools CP-SAT 9.14 (complete),0.028254,1800.0,0.028254,0.09132,359.309,0.180169,0.140336,1800.0,9.92967,5.99668
data/selected-PB25/PB24/normalized-PB24/OPT-LIN/nordstrom/CoreGuidedPB/linpeb/linearized_pebbling_opt_layeredfan_up/normalized-linearized_pebbling_opt_layeredfan_up_r17_c34_a4.fzn,OR-Tools CP-SAT 9.14 (complete),0.145623,1810.56,0.145623,0.700468,361.706,37.6121,3.28335,1800.0,332.442,1810.56
data/selected-PB25/PB24/normalized-PB24/OPT-LIN/nordstrom/CoreGuidedPB/maxcut/maxcut_opt_complete_5-partite_block/normalized-maxcut_opt_complete_5-partite_block_nvert_12.fzn,UWrMaxSat-SCIP 2025-06-04 (complete),0.015096,359.076,0.576256,1.06156,359.076,0.61149,0.015096,1.10008,0.181942,1.05563
data/selected-PB25/PB24/normalized-PB24/OPT-LIN/nordstrom/CoreGuidedPB/maxcut/maxcut_opt_complete_5-partite_block/normalized-maxcut_opt_complete_5-partite_block_nvert_47.fzn,SCIP 2025-06-13 (complete),597.486,1800.0,1800.0,597.486,1800.0,625.602,1204.23,1800.0,1800.0,1800.0
data/selected-PB25/PB24/normalized-PB24/OPT-LIN/nordstrom/CoreGuidedPB/maxcut/maxcut_opt_complete_5-partite_block/normalized-maxcut_opt_complete_5-partite_block_nvert_90.fzn,CASHWMaxSATDisjCom-S 2025-06-01 (complete),1800.0,3585.57,1800.0,3585.57,1800.0,1800.0,1800.0,1800.0,1800.0,1800.0
data/selected-PB25/PB24/normalized-PB24/OPT-LIN/nordstrom/CoreGuidedPB/maxcut/maxcut_opt_complete_5-partite_inlv/normalized-maxcut_opt_complete_5-partite_inlv_nvert_20.fzn,UWrMaxSat-SCIP 2025-06-04 (complete),1.28592,1800.0,2.69202,7.77939,373.131,8.15356,1.28592,1800.0,19.3983,14.3439
data/selected-PB25/PB24/normalized-PB24/OPT-LIN/nordstrom/CoreGuidedPB/maxcut/maxcut_opt_complete_5-partite_inlv/normalized-maxcut_opt_complete_5-partite_inlv_nvert_25.fzn,UWrMaxSat-SCIP 2025-06-04 (complete),13.0341,1800.0,24.3,25.7339,558.775,26.4029,13.0341,1800.0,455.696,40.625
data/selected-PB25/PB24/normalized-PB24/OPT-LIN/nordstrom/CoreGuidedPB/maxcut/maxcut_opt_complete_5-partite_inlv/normalized-maxcut_opt_complete_5-partite_inlv_nvert_50.fzn,CASHWMaxSATDisjCom-S 2025-06-01 (complete),1800.0,3585.41,1800.0,3585.41,1800.0,1800.0,1800.0,1800.0,1800.0,1800.0
data/selected-PB25/PB24/normalized-PB24/OPT-LIN/nordstrom/CoreGuidedPB/maxcut/maxcut_opt_complete_6-partite_inlv/normalized-maxcut_opt_complete_6-partite_inlv_nvert_18.fzn,UWrMaxSat-SCIP 2025-06-04 (complete),0.4949,1800.0,2.33926,5.25764,363.12,4.68124,0.4949,1800.0,5.65348,6.56706
data/selected-PB25/PB24/normalized-PB24/OPT-LIN/nordstrom/CoreGuidedPB/maxcut/maxcut_opt_complete_6-partite_inlv/normalized-maxcut_opt_complete_6-partite_inlv_nvert_69.fzn,CASHWMaxSATDisjCom-S 2025-06-01 (complete),1800.0,3582.28,1800.0,3582.28,1800.0,1800.0,1800.0,1800.0,1800.0,1800.0
data/selected-PB25/PB24/normalized-PB24/OPT-LIN/nordstrom/CoreGuidedPB/maxcut/maxcut_opt_complete_6-partite_inlv/normalized-maxcut_opt_complete_6-partite_inlv_nvert_84.fzn,CASHWMaxSATDisjCom-S 2025-06-01 (complete),1800.0,3585.5,1800.0,3585.5,1800.0,1800.0,1800.0,1800.0,1800.0,1800.0
data/selected-PB25/PB24/normalized-PB24/OPT-LIN/nordstrom/CoreGuidedPB/maxcut/maxcut_opt_complete_6-partite_inlv/normalized-maxcut_opt_complete_6-partite_inlv_nvert_87.fzn,CASHWMaxSATDisjCom-S 2025-06-01 (complete),1800.0,3584.9,1800.0,3584.9,1800.0,1800.0,1800.0,1800.0,1800.0,1800.0
data/selected-PB25/PB24/normalized-PB24/OPT-LIN/nordstrom/CoreGuidedPB/multverif/diagcomm_greater/normalized-mult_diagcomm_opt_greater_teq_nbits_03.fzn,UWrMaxSat-SCIP 2025-06-04 (complete),0.005966,359.223,0.009172,0.02178,359.223,0.142517,0.005966,0.815038,0.075812,0.032307
data/selected-PB25/PB24/normalized-PB24/OPT-LIN/nordstrom/CoreGuidedPB/multverif/diagcomm_greater/normalized-mult_diagcomm_opt_greater_teq_nbits_16.fzn,OR-Tools CP-SAT 9.14 (complete),0.059018,2403.03,0.059018,0.324935,2403.03,0.228618,300.259,1800.0,1800.0,1800.0
data/selected-PB25/PB24/normalized-PB24/OPT-LIN/nordstrom/CoreGuidedPB/multverif/diagcomm_less/normalized-mult_diagcomm_opt_less_teq_nbits_04.fzn,OR-Tools CP-SAT 9.14 (complete),0.010052,358.877,0.010052,0.029333,358.877,0.372748,0.011514,1.77697,0.083696,0.04986
data/selected-PB25/PB24/normalized-PB24/OPT-LIN/nordstrom/CoreGuidedPB/multverif/diagcomm_less/normalized-mult_diagcomm_opt_less_teq_nbits_08.fzn,OR-Tools CP-SAT 9.14 (complete),0.016831,1800.0,0.016831,0.082997,359.113,0.168661,3.50403,1800.0,8.61316,227.48
data/selected-PB25/PB24/normalized-PB24/OPT-LIN/nordstrom/CoreGuidedPB/multverif/diagcomm_less/normalized-mult_diagcomm_opt_less_teq_nbits_17.fzn,OR-Tools CP-SAT 9.14 (complete),0.208731,1800.0,0.208731,0.408324,1800.0,0.269628,300.305,1800.0,1800.0,1800.0
data/selected-PB25/PB24/normalized-PB24/OPT-LIN/nordstrom/CoreGuidedPB/multverif/diagcomm_less/normalized-mult_diagcomm_opt_less_teq_nbits_19.fzn,OR-Tools CP-SAT 9.14 (complete),0.311995,1800.0,0.311995,0.372253,1800.0,0.772766,300.317,1800.0,1800.0,1800.0
data/selected-PB25/PB24/normalized-PB24/OPT-LIN/nordstrom/CoreGuidedPB/multverif/diagcomm_less/normalized-mult_diagcomm_opt_less_teq_nbits_26.fzn,OR-Tools CP-SAT 9.14 (complete),0.374308,1800.0,0.374308,1800.0,1800.0,0.726423,1800.0,1800.0,1800.0,1800.0
data/selected-PB25/PB24/normalized-PB24/OPT-LIN/nordstrom/CoreGuidedPB/vertex_cover/vertexcover_opt_grid_evenrowoddcolsquare/normalized-vertexcover_opt_grid_evenrowoddcolsquare_dim_038.fzn,UWrMaxSat-SCIP 2025-06-04 (complete),0.19011,3588.05,1800.0,3588.05,1800.0,1800.0,0.19011,1800.0,1800.0,2992.44
data/selected-PB25/PB24/normalized-PB24/OPT-LIN/nordstrom/CoreGuidedPB/vertex_cover/vertexcover_opt_grid_evenrowoddcolsquare/normalized-vertexcover_opt_grid_evenrowoddcolsquare_dim_058.fzn,UWrMaxSat-SCIP 2025-06-04 (complete),0.925216,3587.38,1800.0,3587.38,1800.0,1800.0,0.925216,1800.0,1800.0,2394.68
data/selected-PB25/PB24/normalized-PB24/OPT-LIN/nordstrom/CoreGuidedPB/vertex_cover/vertexcover_opt_grid_oddrowevencolsquare/normalized-vertexcover_opt_grid_oddrowevencolsquare_dim_022.fzn,UWrMaxSat-SCIP 2025-06-04 (complete),0.027424,1800.0,16.4681,0.11462,1231.11,0.26039,0.027424,1800.0,1.48017,0.290727
data/selected-PB25/PB24/normalized-PB24/OPT-LIN/nordstrom/CoreGuidedPB/vertex_cover/vertexcover_opt_grid_oddrowevencolsquare/normalized-vertexcover_opt_grid_oddrowevencolsquare_dim_042.fzn,UWrMaxSat-SCIP 2025-06-04 (complete),0.207876,1800.0,1800.0,4.48834,955.057,7.71932,0.207876,1800.0,16.7356,8.82119
data/selected-PB25/PB24/normalized-PB24/OPT-LIN/nordstrom/CoreGuidedPB/vertex_cover/vertexcover_opt_grid_oddrowevencolsquare/normalized-vertexcover_opt_grid_oddrowevencolsquare_dim_054.fzn,UWrMaxSat-SCIP 2025-06-04 (complete),0.495065,1800.0,1800.0,15.8599,1800.0,16.0908,0.495065,1800.0,37.4895,45.4043
data/selected-PB25/PB24/normalized-PB24/OPT-LIN/nordstrom/CoreGuidedPB/vertex_cover/vertexcover_opt_grid_oddrowevencolsquare/normalized-vertexcover_opt_grid_oddrowevencolsquare_dim_070.fzn,UWrMaxSat-SCIP 2025-06-04 (complete),1.24109,1800.0,1800.0,19.1225,1800.0,18.9822,1.24109,1800.0,90.9526,109.332
data/selected-PB25/PB24/normalized-PB24/OPT-LIN/nordstrom/KNAP/similar_weights/normalized-knapPI_9_5000_1000_1_-48768.fzn,SCIP 2025-06-13 (complete),0.245982,1800.0,0.44214,0.245982,359.909,0.829676,303.487,1800.0,1800.0,1800.0
data/selected-PB25/PB24/normalized-PB24/OPT-LIN/nordstrom/KNAP/strongly_correlated/normalized-knapPI_3_200_10000_5_-93992.fzn,SCIP 2025-06-13 (complete),0.13817,1800.0,0.627835,0.13817,359.402,0.593619,300.88,470.973,1800.0,1800.0
data/selected-PB25/PB24/normalized-PB24/OPT-LIN/nordstrom/KNAP/strongly_correlated/normalized-knapPI_3_50_1000_2_-1678.fzn,OR-Tools CP-SAT 9.14 (complete),0.005191,386.403,0.005191,0.006309,359.162,0.358643,4.26902,0.825946,91.1946,386.403
data/selected-PB25/PB24/normalized-PB24/OPT-LIN/nordstrom/KNAP/subset_sum/normalized-knapPI_6_200_10000_5_-48992.fzn,SCIP 2025-06-13 (complete),0.135614,1800.0,0.602581,0.135614,359.288,0.631488,300.931,3.77614,1800.0,1800.0
data/selected-PB25/PB24/normalized-PB24/OPT-LIN/nordstrom/KNAP/uncorrelated/normalized-knapPI_1_500_10000_2_-399276.fzn,SCIP 2025-06-13 (complete),0.14109,1800.0,0.623198,0.14109,359.492,0.639478,301.035,8.73729,1800.0,1800.0
data/selected-PB25/PB24/normalized-PB24/OPT-LIN/nordstrom/KNAP/uncorrelated_span/normalized-knapPI_11_1000_1000_5_-23276.fzn,SCIP 2025-06-13 (complete),0.360457,1800.0,1.9869,0.360457,359.346,1.01068,303.375,1800.0,1800.0,1800.0
data/selected-PB25/PB24/normalized-PB24/OPT-LIN/nordstrom/KNAP/weakly_correlated_span/normalized-knapPI_12_1000_1000_3_-17136.fzn,SCIP 2025-06-13 (complete),0.142408,1800.0,0.545922,0.142408,359.682,0.632309,301.699,1800.0,1800.0,1800.0
data/selected-PB25/PB24/normalized-PB24/OPT-LIN/nordstrom/MIPLIB01/opt/miplib2/normalized-lp4l.fzn,SCIP 2025-06-13 (complete),0.147297,1800.0,1.46761,0.147297,397.999,0.658629,300.694,1800.0,1800.0,1800.0
data/selected-PB25/PB24/normalized-PB24/OPT-LIN/nordstrom/MIPLIB01/opt/miplib2010/normalized-ns1769397.fzn,SCIP-NaPS 1.00a2 (complete),17.0509,1841.39,19.8605,59.0719,363.158,17.0509,40.8221,1800.0,287.894,1841.39
data/selected-PB25/PB24/normalized-PB24/OPT-LIN/nordstrom/MIPLIB01/opt/miplib2010/normalized-opm2-z7-s2.fzn,SCIP 2025-06-13 (complete),510.497,3328.45,3328.45,510.497,1800.0,563.887,802.476,1800.0,1800.0,1800.0
data/selected-PB25/PB24/normalized-PB24/OPT-LIN/nordstrom/MIPLIB01/opt/miplib2017/normalized-2club200v15p5scn.fzn,CASHWMaxSATDisjCom-S 2025-06-01 (complete),1800.0,3586.43,1800.0,3586.43,1800.0,1800.0,1800.0,1800.0,1800.0,1800.0
data/selected-PB25/PB24/normalized-PB24/OPT-LIN/nordstrom/MIPLIB01/opt/miplib2017/normalized-sorrell8.fzn,CASHWMaxSATDisjCom-S 2025-06-01 (complete),1800.0,3587.25,1800.0,3587.25,1800.0,1800.0,1800.0,1800.0,1800.0,1800.0
data/selected-PB25/PB24/normalized-PB24/OPT-LIN/pettersson/StableMatchings/KidneyTransplantBenchmarks/normalized-KE_120_003.fzn,OR-Tools CP-SAT 9.14 (complete),0.012008,1800.0,0.012008,0.034705,359.879,0.149,100.712,5.61349,1800.0,1.65565
data/selected-PB25/PB24/normalized-PB24/OPT-LIN/pettersson/StableMatchings/KidneyTransplantBenchmarks/normalized-KE_60_004.fzn,OR-Tools CP-SAT 9.14 (complete),0.005359,359.07,0.005359,0.016017,359.07,0.138622,0.023696,0.362251,9.42288,0.327703
data/selected-PB25/PB25/normalized-PB25/DEC-LIN/koops/normalized-mat10_8_triangular.fzn,Picat 2025-06-16 (complete),1.25988,1800.0,902.693,1800.0,359.68,499.528,1.99911,227.096,1.25988,1.98325
data/selected-PB25/PB25/normalized-PB25/DEC-LIN/koops/normalized-mat10_9identity_complement.fzn,OR-Tools CP-SAT 9.14 (complete),1.33317,1800.0,1.33317,15.6916,360.43,24.4318,10.4601,1800.0,3.69112,7.20912
data/selected-PB25/PB25/normalized-PB25/DEC-LIN/koops/normalized-mat11_10_triangular.fzn,UWrMaxSat-SCIP 2025-06-04 (complete),0.471849,1800.0,1.24525,531.805,359.559,499.508,0.471849,1800.0,0.779521,0.981955
data/selected-PB25/PB25/normalized-PB25/DEC-LIN/koops/normalized-mat11_11_identity_complement.fzn,UWrMaxSat-SCIP 2025-06-04 (complete),0.275333,1800.0,0.431437,10.5635,359.521,11.5065,0.275333,1800.0,0.399597,0.512076
data/selected-PB25/PB25/normalized-PB25/DEC-LIN/koops/normalized-mat11_9_triangular.fzn,Picat 2025-06-16 (complete),6.13505,1800.0,1800.0,1800.0,359.839,500.226,19.9306,1800.0,6.13505,11.9562
data/selected-PB25/PB25/normalized-PB25/DEC-LIN/koops/normalized-mat12_11_identity_complement.fzn,OR-Tools CP-SAT 9.14 (complete),4.60077,1800.0,4.60077,31.9403,362.55,30.8359,352.877,1800.0,174.476,185.568
data/selected-PB25/PB25/normalized-PB25/DEC-LIN/koops/normalized-mat15_15_identity_complement.fzn,UWrMaxSat-SCIP 2025-06-04 (complete),1.19645,1800.0,5.24921,329.328,360.396,218.058,1.19645,1800.0,1.47594,1.74467
data/selected-PB25/PB25/normalized-PB25/DEC-LIN/koops/normalized-mat98_identity_complement.fzn,Picat 2025-06-16 (complete),0.536083,1800.0,0.756584,3.12441,361.457,3.42154,1.10527,1800.0,0.536083,1.25
data/selected-PB25/PB25/normalized-PB25/DEC-LIN/koops/normalized-mat99_identity_complement.fzn,UWrMaxSat-SCIP 2025-06-04 (complete),0.096433,359.154,0.212838,1.28126,359.154,1.38376,0.096433,3.0192,0.155507,0.191348
data/selected-PB25/PB25/normalized-PB25/DEC-LIN/wallon/normalized-FRB-45-21-3-mgd_c18.fzn,CASHWMaxSATDisjCom-S 2025-06-01 (complete),132.989,2512.27,1800.0,1800.0,1800.0,1868.52,1800.0,1800.0,2512.27,132.989
data/selected-PB25/PB25/normalized-PB25/DEC-LIN/wallon/normalized-PoolBallTriangle-07_c24.fzn,UWrMaxSat-SCIP 2025-06-04 (complete),5.36021,1800.0,295.241,1800.0,537.55,516.778,5.36021,1800.0,10.7196,15.1232
data/selected-PB25/PB25/normalized-PB25/OPT-LIN/sakai/PB25-bnn-verification-20250419/instances/normalized-bnn_mnist_7_label9_adversarial_norm_inf.fzn,SCIP 2025-06-13 (complete),214.779,2257.34,1800.0,214.779,366.106,1800.0,2257.34,1800.0,1800.0,270.917
data/selected-PB25/PB25/normalized-PB25/OPT-LIN/sakai/PB25-bnn-verification-20250419/instances/normalized-bnn_mnist_back_image_32_label3_adversarial_norm_1.fzn,Exact 2025-06-02 (complete),369.885,3584.74,1800.0,3584.74,369.885,1800.0,1800.0,1800.0,1800.0,1800.0
data/selected-PB25/PB25/normalized-PB25/OPT-LIN/sakai/PB25-bnn-verification-20250419/instances/normalized-bnn_mnist_back_image_32_label3_adversarial_norm_inf.fzn,Exact 2025-06-02 (complete),369.08,3587.12,1800.0,3587.12,369.08,1800.0,1800.0,1800.0,1800.0,1800.0
data/selected-PB25/PB25/normalized-PB25/OPT-LIN/sakai/PB25-bnn-verification-20250419/instances/normalized-bnn_mnist_back_image_73_label5_adversarial_norm_1.fzn,CASHWMaxSATDisjCom-S 2025-06-01 (complete),1800.0,3587.5,1800.0,3587.5,2992.34,1800.0,1800.0,1800.0,1800.0,1800.0
data/selected-PB25/PB25/normalized-PB25/OPT-LIN/sakai/PB25-bnn-verification-20250419/instances/normalized-bnn_mnist_back_image_73_label5_adversarial_norm_inf.fzn,Exact 2025-06-02 (complete),668.389,3586.79,1800.0,3586.79,668.389,1800.0,1800.0,1800.0,1800.0,1800.0
data/selected-PB25/PB25/normalized-PB25/OPT-LIN/sakai/PB25-bnn-verification-20250419/instances/normalized-bnn_mnist_rot_16_label5_adversarial_norm_0.fzn,Exact 2025-06-02 (complete),494.835,3587.2,1800.0,3587.2,494.835,1800.0,1800.0,1800.0,1800.0,1800.0
data/selected-PB25/PB25/normalized-PB25/OPT-LIN/sakai/PB25-bnn-verification-20250419/instances/normalized-bnn_mnist_rot_16_label5_adversarial_norm_1.fzn,Exact 2025-06-02 (complete),388.041,3586.28,1800.0,3586.28,388.041,1800.0,1800.0,1800.0,1800.0,3502.19
data/selected-PB25/PB25/normalized-PB25/OPT-LIN/sakai/PB25-bnn-verification-20250419/instances/normalized-bnn_mnist_rot_16_label5_adversarial_norm_inf.fzn,CASHWMaxSATDisjCom-S 2025-06-01 (complete),242.083,3586.9,438.847,3586.9,360.785,1688.91,1575.63,1800.0,2122.34,242.083
data/selected-PB25/PB25/normalized-PB25/OPT-LIN/sakai/PB25-bnn-verification-20250419/instances/normalized-bnn_mnist_rot_8_label1_adversarial_norm_0.fzn,CASHWMaxSATDisjCom-S 2025-06-01 (complete),1800.0,3586.17,1800.0,3586.17,1800.0,1800.0,1800.0,1800.0,1800.0,1800.0
data/selected-PB25/PB25/normalized-PB25/OPT-LIN/sakai/PB25-bnn-verification-20250419/instances/normalized-bnn_mnist_rot_8_label1_adversarial_norm_2.fzn,Exact 2025-06-02 (complete),901.024,3585.89,1800.0,3585.89,901.024,1800.0,1800.0,1800.0,1800.0,1800.0
data/selected-PB25/PB25/normalized-PB25/OPT-LIN/wallon/normalized-Charlotte-06-2_c24.fzn,OR-Tools CP-SAT 9.14 (complete),11.2563,1800.0,11.2563,21.4738,382.93,22.9867,320.695,1800.0,1800.0,31.9491
data/selected-PB25/PB25/normalized-PB25/OPT-LIN/wallon/normalized-Clique-c0125-9_c24.fzn,UWrMaxSat-SCIP 2025-06-04 (complete),1.68694,1800.0,12.8991,9.22121,1800.0,8.52649,1.68694,1800.0,1268.2,8.67214
data/selected-PB25/PB25/normalized-PB25/OPT-NLC/sakai/QPLIB-PB-PB25-20250422/instances/normalized-QPLIB_2017.fzn,Exact 2025-06-02 (complete),1800.0,3587.37,1800.0,3587.37,1800.0,,,1800.0,1800.0,
data/selected-PB25/PB25/normalized-PB25/OPT-NLC/sakai/QPLIB-PB-PB25-20250422/instances/normalized-QPLIB_3877.fzn,Exact 2025-06-02 (complete),1800.0,3587.65,1800.0,3587.65,1800.0,,,1800.0,1800.0,
data/selected-PB25/PB25/normalized-PB25/OPT-NLC/sakai/QPLIB-PB-PB25-20250422/instances/normalized-QPLIB_5881.fzn,Exact 2025-06-02 (complete),1800.0,3585.82,1800.0,3585.82,1800.0,,,1800.0,1800.0,
