flatzinc,c_avg_deg_cons,c_avg_dom_cons,c_avg_domdeg_cons,c_bounds_d,c_bounds_r,c_bounds_z,c_cv_deg_cons,c_cv_dom_cons,c_cv_domdeg_cons,c_domain,c_ent_deg_cons,c_ent_dom_cons,c_ent_domdeg_cons,c_logprod_deg_cons,c_logprod_dom_cons,c_max_deg_cons,c_max_dom_cons,c_max_domdeg_cons,c_min_deg_cons,c_min_dom_cons,c_min_domdeg_cons,c_num_cons,c_priority,c_ratio_cons,c_sum_ari_cons,c_sum_dom_cons,c_sum_domdeg_cons,d_array_cons,d_bool_cons,d_bool_vars,d_float_cons,d_float_vars,d_int_cons,d_int_vars,d_ratio_array_cons,d_ratio_bool_cons,d_ratio_bool_vars,d_ratio_float_cons,d_ratio_float_vars,d_ratio_int_cons,d_ratio_int_vars,d_ratio_set_cons,d_ratio_set_vars,d_set_cons,d_set_vars,gc_diff_globs,gc_global_cons,gc_ratio_diff,gc_ratio_globs,o_deg,o_deg_avg,o_deg_cons,o_deg_std,o_dom,o_dom_avg,o_dom_deg,o_dom_std,s_bool_search,s_first_fail,s_goal,s_indomain_max,s_indomain_min,s_input_order,s_int_search,s_labeled_vars,s_other_val,s_other_var,s_set_search,v_avg_deg_vars,v_avg_dom_vars,v_avg_domdeg_vars,v_cv_deg_vars,v_cv_dom_vars,v_cv_domdeg_vars,v_def_vars,v_ent_deg_vars,v_ent_dom_vars,v_ent_domdeg_vars,v_intro_vars,v_logprod_deg_vars,v_logprod_dom_vars,v_max_deg_vars,v_max_dom_vars,v_max_domdeg_vars,v_min_deg_vars,v_min_dom_vars,v_min_domdeg_vars,v_num_aliases,v_num_consts,v_num_vars,v_ratio_bounded,v_ratio_vars,v_sum_deg_vars,v_sum_dom_vars,v_sum_domdeg_vars
data/selected-PB25/PB24/normalized-PB07/OPT-NLC/submittedPB07/manquinho/mds/normalized-mds_100_10_4.fzn,3.72378,3.72766,1.00004,0,0,0,1.0048,1.00375,0,0,0.920379,0.920379,0,2474.91,2474.99,101,106.658,1.05602,2,2,1,1459,0,1,4377,5438.66,1459.06,0,0,0,0,0,1459,1459,0,0,0,0,0,1,1,0,0,0,0,0,0,0,0,1,0.268544,0.000685401,-0.624879,101,48.8429,101,40.3889,0,0,2,0,0,0,0,0,0,0,0,3.72378,2.06785,0.950802,1.17056,1.18456,2.57623,1359,1.02259,0.00819257,0.584587,2816,2027.03,1464.66,21,101,101,0,2,0.0952381,1558,135,1459,1.16038,1,5433,3017,1387.22
data/selected-PB25/PB24/normalized-PB07/OPT-NLC/submittedPB07/manquinho/mds/normalized-mds_500_10_1.fzn,3.72633,3.72742,1,0,0,0,1.71835,1.73867,0,0,0.92098,0.92098,0,12396.6,12396.6,501,508.969,1.01591,2,2,1,7319,0,1,21957,27281,7319.02,0,0,0,0,0,7319,7319,0,0,0,0,0,1,1,0,0,0,0,0,0,0,0,1,0.268361,0.000136631,-0.625463,501,242.242,501,85.5661,0,0,2,0,0,0,0,0,0,0,0,3.72633,2.06818,0.950933,1.16976,2.81937,6.13182,6819,1.02617,0.00195109,0.577269,14136,10166.9,7326.97,25,501,501,0,2,0.08,7818,319,7319,1.11176,1,27273,15137,6959.88
data/selected-PB25/PB24/normalized-PB07/OPT-NLC/submittedPB07/manquinho/mds/normalized-mds_500_10_2.fzn,3.7267,3.72779,1,0,0,0,1.71817,1.73849,0,0,0.918148,0.918148,0,12414.3,12414.3,501,508.969,1.01591,2,2,1,7329,0,1,21987,27321,7329.02,0,0,0,0,0,7329,7329,0,0,0,0,0,1,1,0,0,0,0,0,0,0,0,1,0.268334,0.000136444,-0.625548,501,242.253,501,86.8529,0,0,2,0,0,0,0,0,0,0,0,3.7267,2.06809,0.950941,1.16964,2.77772,6.13177,6829,1.02103,0.0019487,0.57677,14156,10180.4,7336.97,24,501,501,0,2,0.0833333,7828,296,7329,1.10847,1,27313,15157,6969.45
data/selected-PB25/PB24/normalized-PB07/OPT-NLC/submittedPB07/manquinho/mds/normalized-mds_100_10_2.fzn,3.72416,3.72803,1.00004,0,0,0,1.0047,1.00365,0,0,0.91788,0.91788,0,2478.24,2478.32,101,106.658,1.05602,2,2,1,1461,0,1,4383,5446.66,1461.06,0,0,0,0,0,1461,1461,0,0,0,0,0,1,1,0,0,0,0,0,0,0,0,1,0.268517,0.000684463,-0.624966,101,48.8451,101,40.3889,0,0,2,0,0,0,0,0,0,0,0,3.72416,2.06776,0.950857,1.17044,1.18461,2.57609,1361,1.01784,0.00818271,0.58408,2820,2029.33,1466.66,23,101,101,0,2,0.0869565,1560,156,1461,1.17454,1,5441,3021,1389.2
data/selected-PB25/PB24/normalized-PB07/OPT-NLC/submittedPB07/manquinho/mds/normalized-mds_200_25_5.fzn,3.87883,3.87983,1,0,0,0,1.43542,1.43505,0,0,0.511263,0.511263,0,11073.9,11073.9,201,207.651,1.03309,2,2,1,6627,0,1,19881,25711.7,6627.03,0,0,0,0,0,6627,6627,0,0,0,0,0,1,1,0,0,0,0,0,0,0,0,1,0.25781,0.000150898,-0.3847,201,99.0134,201,88.9821,0,0,2,0,0,0,0,0,0,0,0,3.87883,2.03003,0.973537,1.92927,1.1015,2.51607,6427,0.580058,0.0021332,0.330989,13052,8240.24,6633.65,52,201,201,0,2,0.0384615,6826,1059,6627,1.18983,1,25705,13453,6451.63
data/selected-PB25/PB24/normalized-PB07/OPT-NLC/submittedPB07/manquinho/mds/normalized-mds_500_25_2.fzn,3.87985,3.88033,1,0,0,0,1.6301,1.65015,0,0,0.510685,0.510685,0,27844.6,27844.7,501,508.969,1.01591,2,2,1,16671,0,1,50013,64689,16671,0,0,0,0,0,16671,16671,0,0,0,0,0,1,1,0,0,0,0,0,0,0,0,1,0.257742,5.99844e-05,-0.384836,501,246.806,501,133.355,0,0,2,0,0,0,0,0,0,0,0,3.87985,2.02993,0.973687,1.92876,1.84324,3.97765,16171,0.581096,0.000927821,0.328305,32840,20712.8,16679,48,501,501,0,2,0.0416667,17170,1215,16671,1.10281,1,64681,33841,16232.3
data/selected-PB25/PB24/normalized-PB07/OPT-NLC/submittedPB07/manquinho/mds/normalized-mds_100_10_1.fzn,3.72188,3.72578,1.00004,0,0,0,1.00531,1.00426,0,0,0.922605,0.922605,0,2458.35,2458.43,101,106.658,1.05602,2,2,1,1449,0,1,4347,5398.66,1449.06,0,0,0,0,0,1449,1449,0,0,0,0,0,1,1,0,0,0,0,0,0,0,0,1,0.268682,0.000690131,-0.624441,101,48.8318,101,40.3887,0,0,2,0,0,0,0,0,0,0,0,3.72188,2.06832,0.950522,1.17116,1.18429,2.78347,1349,1.0184,0.00824226,0.587141,2796,2015.67,1454.66,21,101,101,0,2,0.0952381,1548,135,1449,1.16149,1,5393,2997,1377.31
data/selected-PB25/PB24/normalized-PB07/OPT-NLC/submittedPB07/manquinho/mds/normalized-mds_200_10_3.fzn,3.72205,3.72435,1.00001,0,0,0,1.2312,1.23044,0,0,0.924396,0.924396,0,4897.07,4897.12,201,207.651,1.03309,2,2,1,2889,0,1,8667,10759.7,2889.03,0,0,0,0,0,2889,2889,0,0,0,0,0,1,1,0,0,0,0,0,0,0,0,1,0.268669,0.000346141,-0.624481,201,97.1539,201,55.1736,0,0,2,0,0,0,0,0,0,0,0,3.72205,2.06888,0.950466,1.1711,1.74275,3.79346,2689,1.02372,0.00447864,0.584586,5576,4020.97,2895.65,23,201,201,0,2,0.0869565,3088,176,2889,1.1298,1,10753,5977,2745.9
data/selected-PB25/PB24/normalized-PB07/OPT-NLC/submittedPB07/manquinho/mds/normalized-mds_200_25_3.fzn,3.87865,3.87965,1.00001,0,0,0,1.43549,1.43512,0,0,0.512031,0.512031,0,11057.8,11057.8,201,207.651,1.03309,2,2,1,6617,0,1,19851,25671.7,6617.03,0,0,0,0,0,6617,6617,0,0,0,0,0,1,1,0,0,0,0,0,0,0,0,1,0.257822,0.000151126,-0.384675,201,99.0112,201,88.9821,0,0,2,0,0,0,0,0,0,0,0,3.87865,2.03007,0.973498,1.92936,1.10147,2.51617,6417,0.579925,0.0021361,0.331353,13032,8229.77,6623.65,48,201,201,0,2,0.0416667,6816,935,6617,1.17138,1,25665,13433,6441.63
data/selected-PB25/PB24/normalized-PB07/OPT-NLC/submittedPB07/manquinho/mds/normalized-mds_10_4_4.fzn,3.35821,3.39492,1.00334,0,0,0,0.421121,0.416568,0,0,1.48679,1.48679,0,111.084,111.375,11,13.4594,1.22358,2,2,1,67,0,1,201,227.459,67.2236,0,0,0,0,0,67,67,0,0,0,0,0,1,1,0,0,0,0,0,0,0,0,1,0.297778,0.0149254,-1.1791,11,5.15385,11,8.86567,0,0,2,0,0,0,0,0,0,0,0,3.35821,2.13433,0.944729,0.595556,0.468531,1.0585,57,1.59454,0.11191,0.983665,56,99.9002,69.4594,9,11,11,0,2,0.222222,10,18,67,0.41791,1,225,143,63.2968
data/selected-PB25/PB24/normalized-PB07/OPT-NLC/submittedPB07/manquinho/mis/normalized-mis_500_10_2.fzn,4.45321,4.45538,1,0,0,0,1.99591,2.02003,0,0,0.988178,0.988178,0,6843.01,6843.03,501,508.969,1.01591,3,3,1,3665,0,1,10995,16329,3665.02,0,0,0,0,0,3665,3665,0,0,0,0,0,1,1,0,0,0,0,0,0,0,0,1,0.224557,0.000272851,-0.922908,501,234.534,501,60.9459,0,0,2,0,0,0,0,0,0,0,0,4.45321,2.13615,0.732761,0.840217,3.83182,11.2536,3165,0.988178,0.00362404,0.578367,8392,6890.52,3672.97,22,501,501,0,2,0.0909091,5728,277,3665,1.63847,1,16321,7829,2685.57
data/selected-PB25/PB24/normalized-PB07/OPT-NLC/submittedPB07/manquinho/mis/normalized-mis_1000_25_4.fzn,4.76162,4.76216,1,0,0,0,2.16221,2.17214,0,0,0.574507,0.574507,0,30008.8,30008.9,1001,1009.97,1.00896,3,3,1,16797,0,1,50391,79990,16797,0,0,0,0,0,16797,16797,0,0,0,0,0,1,1,0,0,0,0,0,0,0,0,1,0.210012,5.95344e-05,-0.531974,1001,486.046,1001,130.051,0,0,2,0,0,0,0,0,0,0,0,4.76162,2.05947,0.690272,1.48501,3.72966,11.1277,15797,0.574507,0.000921508,0.32651,47388,30045,16806,51,1001,1001,0,2,0.0392157,32592,926,16797,1.99548,1,79981,34593,11594.5
data/selected-PB25/PB24/normalized-PB07/OPT-NLC/submittedPB07/manquinho/mis/normalized-mis_1000_60_4.fzn,4.89665,4.89688,1,0,0,0,2.58322,2.59115,0,0,0.308922,0.308922,1.77636e-15,66052.5,66052.5,1001,1009.97,1.00896,3,3,1,38743,0,1,116229,189720,38743,0,0,0,0,0,38743,38743,0,0,0,0,0,1,1,0,0,0,0,0,0,0,0,1,0.204221,2.58111e-05,-0.331705,1001,494.129,1001,199.795,0,0,2,0,0,0,0,0,0,0,0,4.89665,2.02579,0.675968,2.39906,2.46818,7.3968,37743,0.308922,0.000430641,0.173358,113226,66061.9,38752,108,1001,1001,0,2,0.0185185,76484,4652,38743,2.09421,1,189711,78485,26189
data/selected-PB25/PB24/normalized-PB07/OPT-NLC/submittedPB07/manquinho/mis/normalized-mis_500_10_5.fzn,4.44884,4.45104,1,0,0,0,1.99787,2.022,0,0,0.990205,0.990205,0,6790.53,6790.55,501,508.969,1.01591,3,3,1,3636,0,1,10908,16184,3636.02,0,0,0,0,0,3636,3636,0,0,0,0,0,1,1,0,0,0,0,0,0,0,0,1,0.224777,0.000275028,-0.956537,501,234.415,501,60.496,0,0,2,0,0,0,0,0,0,0,0,4.44884,2.13724,0.733455,0.810447,3.85835,11.243,3136,0.990205,0.00364979,0.581281,8305,6838.52,3643.97,22,501,501,0,2,0.0909091,5670,296,3636,1.64081,1,16176,7771,2666.84
data/selected-PB25/PB24/normalized-PB07/OPT-NLC/submittedPB07/manquinho/mis/normalized-mis_100_10_2.fzn,4.44733,4.45507,1.00008,0,0,0,1.10155,1.12232,0,0,0.984036,0.984036,0,1368.37,1368.45,101,106.658,1.05602,3,3,1,731,0,1,2193,3256.66,731.056,0,0,0,0,0,731,731,0,0,0,0,0,1,1,0,0,0,0,0,0,0,0,1,0.224854,0.00136799,-0.921338,101,47.2972,101,27.4201,0,0,2,0,0,0,0,0,0,0,0,4.44733,2.13543,0.733396,0.841326,1.68844,4.91624,631,0.984036,0.0149869,0.59049,1670,1373.06,736.658,21,101,101,0,2,0.0952381,1140,146,731,1.75923,1,3251,1561,536.112
data/selected-PB25/PB24/normalized-PB07/OPT-NLC/submittedPB07/manquinho/mis/normalized-mis_200_25_1.fzn,4.75658,4.7586,1.00001,0,0,0,1.58724,1.60042,0,0,0.573681,0.573681,0,5912.26,5912.3,201,207.651,1.03309,3,3,1,3303,0,1,9909,15717.7,3303.03,0,0,0,0,0,3303,3303,0,0,0,0,0,1,1,0,0,0,0,0,0,0,0,1,0.210235,0.000302755,-0.536655,201,97.5611,201,59.9826,0,0,2,0,0,0,0,0,0,0,0,4.75658,2.06025,0.690806,1.47164,1.60982,5.01458,3103,0.573681,0.00397579,0.333577,9306,5913.94,3309.65,44,201,201,0,2,0.0454545,6404,864,3303,2.20042,1,15711,6805,2281.73
data/selected-PB25/PB24/normalized-PB07/OPT-NLC/submittedPB07/manquinho/mis/normalized-mis_1000_25_3.fzn,4.76184,4.76237,1,0,0,0,2.16211,2.17204,0,0,0.573488,0.573488,0,30033.8,30033.8,1001,1009.97,1.00896,3,3,1,16812,0,1,50436,80065,16812,0,0,0,0,0,16812,16812,0,0,0,0,0,1,1,0,0,0,0,0,0,0,0,1,0.210003,5.94813e-05,-0.532004,1001,486.059,1001,130.051,0,0,2,0,0,0,0,0,0,0,0,4.76184,2.05942,0.690249,1.48495,3.72976,11.1281,15812,0.573488,0.000920762,0.326298,47433,30069.9,16821,48,1001,1001,0,2,0.0416667,32622,828,16812,1.98965,1,80056,34623,11604.5
data/selected-PB25/PB24/normalized-PB07/OPT-NLC/submittedPB07/manquinho/mis/normalized-mis_500_25_5.fzn,4.76011,4.76107,1,0,0,0,1.83143,1.84307,0,0,0.574634,0.574634,0,14933.3,14933.3,501,508.969,1.01591,3,3,1,8354,0,1,25062,39774,8354.02,0,0,0,0,0,8354,8354,0,0,0,0,0,1,1,0,0,0,0,0,0,0,0,1,0.210079,0.000119703,-0.531761,501,243.236,501,92.6509,0,0,2,0,0,0,0,0,0,0,0,4.76011,2.05973,0.690436,1.48548,2.6145,7.79966,7854,0.574634,0.00173221,0.328577,23559,14947.5,8361.97,48,501,501,0,2,0.0416667,16206,828,8354,2.03902,1,39766,17207,5767.9
data/selected-PB25/PB24/normalized-PB07/OPT-NLC/submittedPB07/manquinho/mis/normalized-mis_200_10_1.fzn,4.44244,4.44705,1.00002,0,0,0,1.38762,1.4043,0,0,0.984578,0.984578,0,2697.03,2697.08,201,207.651,1.03309,3,3,1,1442,0,1,4326,6412.65,1442.03,0,0,0,0,0,1442,1442,0,0,0,0,0,1,1,0,0,0,0,0,0,0,0,1,0.225101,0.000693481,-0.954761,201,94.013,201,38.271,0,0,2,0,0,0,0,0,0,0,0,4.44244,2.138,0.734326,0.811615,2.43038,7.07608,1242,0.984578,0.00827743,0.588942,3223,2712.34,1448.65,23,201,201,0,2,0.0869565,2182,188,1442,1.64355,1,6406,3083,1058.9
data/selected-PB25/PB24/normalized-PB07/OPT-NLC/submittedPB07/manquinho/mis/normalized-mis_200_10_2.fzn,4.44437,4.44896,1.00002,0,0,0,1.38702,1.4037,0,0,0.987469,0.987469,0,2705.99,2706.04,201,207.651,1.03309,3,3,1,1447,0,1,4341,6437.65,1447.03,0,0,0,0,0,1447,1447,0,0,0,0,0,1,1,0,0,0,0,0,0,0,0,1,0.225004,0.000691085,-0.955296,201,94.0339,201,38.2711,0,0,2,0,0,0,0,0,0,0,0,4.44437,2.13753,0.734035,0.811263,2.43092,7.07889,1247,0.987469,0.00825228,0.587654,3208,2721.23,1453.65,20,201,201,0,2,0.1,2162,145,1447,1.59433,1,6431,3093,1062.15
data/selected-PB25/PB24/normalized-PB07/OPT-NLC/submittedPB07/manquinho/bsg/normalized-bsg_100_25_5.fzn,4.62211,4.62375,1.00002,0,0,0,1.61902,1.61845,0,0,0.853354,0.853354,0,6052.53,6052.61,200,200,1.05602,2,2,1,3464,0,1.03003,10392,16016.7,3464.06,0,0,0,0,0,3464,3363,0,0,0,0,0,1,1,0,0,0,0,0,0,0,0,1,0.210043,0.000288684,-0.542843,101,49.7675,101,69.9828,0,0,2,0,0,0,0,0,0,0,0,4.76093,2.02944,0.655654,1.45522,0.69685,2.64172,3163,0.747257,0.00391258,0.329227,9486,6052.2,3368.66,41,101,101,0,2,0.0487805,6524,861,3363,2.19596,0.970843,16011,6825,2204.96
data/selected-PB25/PB24/normalized-PB07/OPT-NLC/submittedPB07/manquinho/bsg/normalized-bsg_1000_60_2.fzn,4.83593,4.83604,1,0,0,0,2.88019,2.88012,0,0,0.471774,0.471774,0,133783,133783,2000,2000,1.00896,2,2,1,79288,0,1.01279,237864,383440,79288,0,0,0,0,0,79288,78287,0,0,0,0,0,1,1,0,0,0,0,0,0,0,0,1,0.204175,1.26122e-05,-0.331799,1001,497.327,1001,288.383,0,0,2,0,0,0,0,0,0,0,0,4.89776,2.01276,0.660964,2.39851,1.72107,5.24099,76287,0.405503,0.000226081,0.171769,228858,133820,78296,111,1001,1001,0,2,0.018018,154572,7552,78287,2.07089,0.987375,383431,157573,51744.9
data/selected-PB25/PB24/normalized-PB07/OPT-NLC/submittedPB07/manquinho/bsg/normalized-bsg_200_10_4.fzn,4.21557,4.21757,1.00001,0,0,0,1.97046,1.98375,0,0,1.4018,1.4018,0,5869.52,5869.57,400,400,1.03309,2,2,1,3326,0,1.06432,9978,14027.7,3326.03,0,0,0,0,0,3326,3125,0,0,0,0,0,1,1,0,0,0,0,0,0,0,0,1,0.22288,0.000300661,-0.931865,201,97.3988,201,57.428,0,0,2,0,0,0,0,0,0,0,0,4.48672,2.06368,0.653438,0.83394,1.6786,5.30135,2725,1.28964,0.00417667,0.556041,7152,5919.68,3131.65,23,201,201,0,2,0.0869565,4828,628,3125,1.74592,0.939567,14021,6449,2041.99
data/selected-PB25/PB24/normalized-PB07/OPT-NLC/submittedPB07/manquinho/bsg/normalized-bsg_10_4_2.fzn,3.45556,3.48288,1.00248,0,0,0,0.578778,0.642016,0,0,1.93056,1.93056,-8.88178e-16,148.775,149.066,20,20,1.22358,2,2,1,90,0,1.13924,270,313.459,90.2236,0,0,0,0,0,90,79,0,0,0,0,0,1,1,0,0,0,0,0,0,0,0,1,0.254019,0.0111111,-2.07657,11,5.20359,11,8.88608,0,0,2,0,0,0,0,0,0,0,0,3.93671,2.11392,0.689632,0.359238,0.473054,1.45005,59,1.86318,0.0979406,0.908826,78,148.89,81.4594,8,11,11,0,2,0.25,40,37,79,0.974684,0.877778,311,167,54.481
data/selected-PB25/PB24/normalized-PB07/OPT-NLC/submittedPB07/manquinho/bsg/normalized-bsg_200_10_2.fzn,4.20795,4.20997,1.00001,0,0,0,1.97403,1.98733,0,0,1.40163,1.40163,0,5812.97,5813.02,400,400,1.03309,2,2,1,3294,0,1.06499,9882,13867.7,3294.03,0,0,0,0,0,3294,3093,0,0,0,0,0,1,1,0,0,0,0,0,0,0,0,1,0.223144,0.000303582,-0.930446,201,97.3677,201,57.4278,0,0,2,0,0,0,0,0,0,0,0,4.48141,2.06434,0.653442,0.834929,1.67807,5.51779,2693,1.28746,0.00421508,0.559733,7016,5863.64,3099.65,21,201,201,0,2,0.0952381,4724,638,3093,1.73359,0.93898,13861,6385,2021.09
data/selected-PB25/PB24/normalized-PB07/OPT-NLC/submittedPB07/manquinho/bsg/normalized-bsg_1000_60_4.fzn,4.83634,4.83645,1,0,0,0,2.87995,2.87988,0,0,0.470689,0.470689,0,134106,134106,2000,2000,1.00896,2,2,1,79486,0,1.01275,238458,384430,79486,0,0,0,0,0,79486,78485,0,0,0,0,0,1,1,0,0,0,0,0,0,0,0,1,0.204164,1.25808e-05,-0.330626,1001,497.335,1001,288.383,0,0,2,0,0,0,0,0,0,0,0,4.89802,2.01273,0.660976,2.40706,1.7211,5.24089,76485,0.404359,0.000225557,0.17143,229452,134143,78494,109,1001,1001,0,2,0.0183486,154968,7409,78485,2.06889,0.987407,384421,157969,51876.7
data/selected-PB25/PB24/normalized-PB07/OPT-NLC/submittedPB07/manquinho/bsg/normalized-bsg_100_25_4.fzn,4.62298,4.62461,1.00002,0,0,0,1.61872,1.61815,0,0,0.854524,0.854524,0,6065.76,6065.83,200,200,1.05602,2,2,1,3472,0,1.02996,10416,16056.7,3472.06,0,0,0,0,0,3472,3371,0,0,0,0,0,1,1,0,0,0,0,0,0,0,0,1,0.210018,0.000288018,-0.542925,101,49.7692,101,69.9828,0,0,2,0,0,0,0,0,0,0,0,4.7615,2.02937,0.655675,1.45505,0.696874,2.64163,3171,0.748993,0.00390431,0.328656,9510,6065.4,3376.66,42,101,101,0,2,0.047619,6540,861,3371,2.19549,0.97091,16051,6841,2210.28
data/selected-PB25/PB24/normalized-PB07/OPT-NLC/submittedPB07/manquinho/bsg/normalized-bsg_10_4_4.fzn,3.42045,3.4484,1.00254,0,0,0,0.584718,0.648436,0,0,1.91918,1.91918,0,144.317,144.608,20,20,1.22358,2,2,1,88,0,1.14286,264,303.459,88.2236,0,0,0,0,0,88,77,0,0,0,0,0,1,1,0,0,0,0,0,0,0,0,1,0.255814,0.0113636,-2.05704,11,5.19632,11,8.88312,0,0,2,0,0,0,0,0,0,0,0,3.90909,2.11688,0.693197,0.361776,0.472393,1.44259,57,1.89259,0.100001,0.920677,76,144.749,79.4594,8,11,11,0,2,0.25,40,37,77,1,0.875,301,163,53.3762
data/selected-PB25/PB24/normalized-PB07/OPT-NLC/submittedPB07/manquinho/bsg/normalized-bsg_500_60_4.fzn,4.83505,4.83525,1,0,0,0,2.62429,2.63232,0,0,0.471471,0.471471,0,66601.8,66601.8,1000,1000,1.01591,2,2,1,39460,0,1.01286,118380,190799,39460,0,0,0,0,0,39460,38959,0,0,0,0,0,1,1,0,0,0,0,0,0,0,0,1,0.204197,2.53421e-05,-0.332962,501,248.906,501,203.711,0,0,2,0,0,0,0,0,0,0,0,4.89723,2.01281,0.660942,2.39007,1.21695,3.70606,37959,0.405004,0.000428459,0.172606,113874,66612,38967,108,501,501,0,2,0.0185185,76916,5945,38959,2.12688,0.987304,190791,78417,25749.7
data/selected-PB25/PB24/normalized-PB07/OPT-NLC/submittedPB07/manquinho/bsg/normalized-bsg_500_10_4.fzn,4.21842,4.21938,1,0,0,0,2.98916,2.99786,0,0,1.39898,1.39898,0,14682.8,14682.8,1000,1000,1.01591,2,2,1,8328,0,1.06401,24984,35139,8328.02,0,0,0,0,0,8328,7827,0,0,0,0,0,1,1,0,0,0,0,0,0,0,0,1,0.222795,0.000120077,-0.932324,501,242.762,501,89.6116,0,0,2,0,0,0,0,0,0,0,0,4.48844,2.06375,0.653323,0.833621,2.69788,8.65858,6827,1.28387,0.00183683,0.553082,18158,14829.3,7834.97,23,501,501,0,2,0.0869565,12332,1297,7827,1.74128,0.939841,35131,16153,5113.56
data/selected-PB25/PB24/normalized-PB07/OPT-NLC/submittedPB07/roussel/factor-mod-B/factor-mod-size=7-P0=97-P1=43-P2=127-P3=89-P4=59-P5=127-P6=43-P7=127-P8=67-P9=17-B.fzn,3.16349,13.2401,3.9784,0,0,0,1.89664,2.30949,0.355473,0,1.16494,4.49977,2.74117,1215.67,2867.49,63,312.788,8.33357,2,2.58496,1,893,0,0.840075,2679,11823.4,3552.71,0,0,0,0,0,893,1063,0,0,0,0,0,1,1,0,0,0,0,0,0,0,0,1,0.376283,0.00111982,-0.957,128,0.466465,128,-0.223198,0,0,2,0,0,0,0,0,0,0,0,2.65757,274.405,137.233,0.651742,2.39041,2.38991,874,0.878758,3.49266,3.61755,1433,1252.19,5565.19,9,4097,2048.5,0,2,0.222222,749,126,1063,0.823142,1.19037,2825,291692,145878
data/selected-PB25/PB24/normalized-PB07/OPT-NLC/submittedPB07/roussel/factor-mod-B/factor-mod-size=8-P0=5-P1=173-B.fzn,3.16794,15.0941,4.51005,0,0,0,1.9201,2.62005,0.384042,0,1.21229,4.73103,2.9696,179.777,443.612,72,460.833,9.66673,2,2.58496,1,131,0,0.861842,393,1977.33,590.817,0,0,0,0,0,131,152,0,0,0,0,0,1,1,0,0,0,0,0,0,0,0,1,0.366265,0.00763359,-0.773797,256,0.298222,256,-0.255846,0,0,2,0,0,0,0,0,0,0,0,2.73026,858.421,430.022,0.818994,2.74297,2.73742,128,0.905215,3.7203,3.83265,199,178.935,936.666,10,16385,8192.5,0,2,0.2,96,80,152,1.15789,1.16031,415,130480,65363.4
data/selected-PB25/PB24/normalized-PB07/OPT-NLC/submittedPB07/roussel/factor-mod-B/factor-mod-size=7-P0=11-P1=71-P2=127-P3=19-P4=89-P5=17-B.fzn,3.16499,13.2289,3.97418,0,0,0,1.86923,2.30525,0.35585,0,1.17915,4.50802,2.74237,677.876,1595.98,63,312.788,8.33357,2,2.58496,1,497,0,0.840948,1491,6574.77,1975.17,0,0,0,0,0,497,591,0,0,0,0,0,1,1,0,0,0,0,0,0,0,0,1,0.375715,0.00201207,-0.830795,128,0.466652,128,-0.22311,0,0,2,0,0,0,0,0,0,0,0,2.66159,274.294,137.226,0.75143,2.39051,2.38914,486,0.900026,3.49724,3.62204,793,696.189,3094.88,9,4097,2048.5,0,2,0.222222,413,126,591,0.912014,1.18913,1573,162108,81100.3
data/selected-PB25/PB24/normalized-PB07/OPT-NLC/submittedPB07/roussel/factor-mod-B/factor-mod-size=5-P0=2-P1=23-P2=17-B.fzn,3.19231,9.34811,2.83797,0,0,0,1.29158,1.57944,0.352364,0,1.36365,4.02494,2.24395,146.835,290.898,35,114.525,5.67042,2,2.58496,1,104,0,0.806202,312,972.204,295.149,0,0,0,0,0,104,129,0,0,0,0,0,1,1,0,0,0,0,0,0,0,0,1,0.388554,0.00961538,-1.11273,32,1.02381,32,0.0143298,0,0,2,0,0,0,0,0,0,0,0,2.57364,31.2558,15.7243,0.549499,1.66154,1.65472,99,1.14682,3.00752,3.16646,163,150.811,451.102,7,257,128.5,0,2,0.285714,95,70,129,1.27907,1.24038,332,4032,2028.43
data/selected-PB25/PB24/normalized-PB07/OPT-NLC/submittedPB07/roussel/factor-mod-B/factor-mod-size=9-P0=103-P1=127-P2=263-P3=461-P4=191-P5=277-B.fzn,3.13953,17.1482,5.12005,0,0,0,2.3622,3.0093,0.390621,0,1.11964,4.88102,3.13384,1097.26,2893.77,99,670.856,11,2,2.58496,1,817,0,0.868225,2451,14010.1,4183.08,0,0,0,0,0,817,941,0,0,0,0,0,1,1,0,0,0,0,0,0,0,0,1,0.366862,0.00122399,-0.771812,512,0.184397,512,-0.264261,0,0,2,0,0,0,0,0,0,0,0,2.72582,2776.61,1388.55,0.820327,3.08635,3.08577,806,0.774245,3.87226,3.97556,1291,1105.21,6667.56,11,65537,32768.5,0,2,0.181818,621,198,941,0.870351,1.15177,2565,2.61279e+06,1.30662e+06
data/selected-PB25/PB24/normalized-PB07/OPT-NLC/submittedPB07/roussel/factor-mod-B/factor-mod-size=5-P0=3-P1=7-P2=31-P3=29-B.fzn,3.19355,9.37617,2.84646,0,0,0,1.3285,1.59267,0.351314,0,1.33163,4.01009,2.242,217.91,433.557,35,114.525,5.67042,2,2.58496,1,155,0,0.803109,465,1453.31,441.201,0,0,0,0,0,155,193,0,0,0,0,0,1,1,0,0,0,0,0,0,0,0,1,0.389899,0.00645161,-1.10646,32,1.02387,32,0.0143483,0,0,2,0,0,0,0,0,0,0,0,2.56477,31.2539,15.6827,0.5514,1.66379,1.66033,148,1.11547,2.99645,3.1558,247,225.661,674.153,7,257,128.5,0,2,0.285714,145,70,193,1.11399,1.24516,495,6032,3026.76
data/selected-PB25/PB24/normalized-PB07/OPT-NLC/submittedPB07/roussel/factor-mod-B/factor-mod-size=8-P0=37-P1=223-P2=197-P3=97-P4=11-P5=157-P6=97-P7=127-P8=79-P9=11-B.fzn,3.14961,15.1917,4.54928,0,0,0,2.12985,2.66084,0.380731,0,1.13328,4.70044,2.95906,1569.85,3936.71,80,468.833,9.66673,2,2.58496,1,1163,0,0.855147,3489,17668,5290.81,0,0,0,0,0,1163,1360,0,0,0,0,0,1,1,0,0,0,0,0,0,0,0,1,0.37128,0.000859845,-0.846691,256,0.296996,256,-0.256647,0,0,2,0,0,0,0,0,0,0,0,2.69338,861.965,431.047,0.742561,2.73919,2.73876,1144,0.813036,3.69342,3.80643,1855,1600.69,8366,10,16385,8192.5,0,2,0.2,928,160,1360,0.8,1.16939,3663,1.17227e+06,586224
data/selected-PB25/PB24/normalized-PB07/OPT-NLC/submittedPB07/roussel/factor-mod-B/factor-mod-size=7-P0=71-P1=131-P2=37-P3=29-P4=71-P5=79-P6=47-P7=41-B.fzn,3.16403,13.2361,3.97689,0,0,0,1.86979,2.30771,0.355608,0,1.17023,4.50292,2.74161,946.772,2231.73,63,312.788,8.33357,2,2.58496,1,695,0,0.840387,2085,9199.08,2763.94,0,0,0,0,0,695,827,0,0,0,0,0,1,1,0,0,0,0,0,0,0,0,1,0.37608,0.00143885,-0.829504,128,0.466532,128,-0.223167,0,0,2,0,0,0,0,0,0,0,0,2.65901,274.365,137.23,0.75216,2.39045,2.38963,680,0.886921,3.49437,3.61922,1113,974.189,4330.04,9,4097,2048.5,0,2,0.222222,581,126,827,0.854897,1.18993,2199,226900,113489
data/selected-PB25/PB24/normalized-PB07/OPT-NLC/submittedPB07/roussel/factor-mod-B/factor-mod-size=6-P0=29-P1=59-P2=11-P3=29-P4=29-P5=11-P6=41-P7=53-B.fzn,3.17934,11.3052,3.41174,0,0,0,1.63435,1.95602,0.293105,0,1.21673,4.26855,2.50788,706.8,1547.56,48,196.7,7.00094,2,2.58496,1,513,0,0.822115,1539,5799.59,1750.22,0,0,0,0,0,513,624,0,0,0,0,0,1,1,0,0,0,0,0,0,0,0,1,0.382587,0.00194932,-0.931718,64,0.708437,64,-0.14321,0,0,2,0,0,0,0,0,0,0,0,2.61378,90.3397,45.192,0.662661,2.03591,2.03528,498,0.966844,3.26088,3.40079,827,733.974,2710.8,8,1025,512.5,0,2,0.25,456,96,624,0.884615,1.21637,1631,56372,28199.8
data/selected-PB25/PB24/normalized-PB07/OPT-NLC/submittedPB07/roussel/factor-mod-B/factor-mod-size=8-P0=29-P1=61-P2=43-P3=131-P4=2-P5=59-P6=41-B.fzn,3.15077,15.1856,4.54679,0,0,0,2.12907,2.65866,0.380939,0,1.14062,4.70471,2.95977,1048.58,2626.8,80,468.833,9.66673,2,2.58496,1,776,0,0.855568,2328,11784,3528.31,0,0,0,0,0,776,907,0,0,0,0,0,1,1,0,0,0,0,0,0,0,0,1,0.370961,0.00128866,-0.84785,256,0.297073,256,-0.256596,0,0,2,0,0,0,0,0,0,0,0,2.6957,861.742,430.983,0.741922,2.73943,2.73868,763,0.825323,3.69577,3.80874,1234,1067.53,5580,10,16385,8192.5,0,2,0.2,616,160,907,0.855568,1.16881,2445,781600,390901
data/selected-PB25/PB24/normalized-PB07/OPT-LIN/submittedPB07/manquinho/areaDelay/normalized-f20c10b_008_area_delay.fzn,2.6096,2.61061,1,0,0,0,6.95062,6.99006,0,0,0.993698,0.993698,0,11662.1,11662.1,1800,1809.9,1.0055,2,2,1,9872,0,2.62623,29616,25771.9,9872.01,0,0,0,0,0,9872,3759,0,0,0,0,0,1,1,0,0,0,0,0,0,0,0,1,0.145913,0.000101297,-0.388505,1907,760.736,1907,61.3078,0,0,2,0,0,0,0,0,0,0,0,6.85342,2.50678,0.92896,2.19839,12.3922,33.4573,1,2.81672,0.00354313,0.893702,853,9017.28,3768.9,429,1907,1907,0,2,0.004662,4611,327,3759,1.31365,0.380774,25762,9423,3491.96
data/selected-PB25/PB24/normalized-PB07/OPT-LIN/submittedPB07/poldner/PB/testset/normalized-6_12.fzn,3.47059,3.63859,1.00213,0,0,0,2.39343,2.70678,0,0,0.676989,0.676989,0,109.323,109.563,79,93.28,1.18076,2,2,1,85,0,1.07595,255,309.28,85.1808,0,0,0,0,0,85,79,0,0,0,0,0,1,1,0,0,0,0,0,0,0,0,1,0.267797,0.0117647,-1.03342,39786,78.6915,39786,8.83176,0,0,2,0,0,0,0,0,0,0,0,3.73418,505.595,504.24,0.708523,8.79682,8.82078,1,0.484232,0.0979406,0.484232,78,136.32,93.28,13,39786,39786,0,2,0.153846,156,8,79,2.07595,0.929412,295,39942,39834.9
data/selected-PB25/PB24/normalized-PB07/OPT-LIN/submittedPB07/poldner/PB/testset/normalized-10_20.fzn,3.66968,3.74088,1.00034,0,0,0,3.85378,4.06286,0,0,0.479261,0.479261,0,274.16,274.263,211,226.735,1.07457,2,2,1,221,0,1.04739,663,826.735,221.075,0,0,0,0,0,221,211,0,0,0,0,0,1,1,0,0,0,0,0,0,0,0,1,0.260173,0.00452489,-0.759985,109102,210.191,109102,14.4914,0,0,2,0,0,0,0,0,0,0,0,3.8436,519.062,517.708,0.973477,14.4355,14.4735,1,0.318301,0.0434141,0.318301,210,360.916,226.735,21,109102,109102,0,2,0.0952381,420,12,211,2.04739,0.954751,811,109522,109236
data/selected-PB25/PB24/normalized-PB07/OPT-LIN/submittedPB07/poldner/PB/testset/normalized-8_16.fzn,3.5931,3.69545,1.00075,0,0,0,3.13641,3.36898,0,0,0.559219,0.559219,8.88178e-16,183.098,183.246,137,151.84,1.10832,2,2,1,145,0,1.05839,435,535.84,145.108,0,0,0,0,0,145,137,0,0,0,0,0,1,1,0,0,0,0,0,0,0,0,1,0.262956,0.00689655,-0.886361,58670,136.368,58670,11.6619,0,0,2,0,0,0,0,0,0,0,0,3.80292,430.234,428.878,0.831539,11.6077,11.6447,1,0.382704,0.0623025,0.382704,136,235.575,151.84,17,58670,58670,0,2,0.117647,272,10,137,2.05839,0.944828,521,58942,58756.3
data/selected-PB25/PB24/normalized-PB07/OPT-LIN/submittedPB07/poldner/PB/testset/normalized-7_14.fzn,3.53982,3.66894,1.00122,0,0,0,2.76792,3.03508,0,0,0.61182,0.61182,-8.88178e-16,144.031,144.217,106,120.591,1.13765,2,2,1,113,0,1.06604,339,414.591,113.138,0,0,0,0,0,113,106,0,0,0,0,0,1,1,0,0,0,0,0,0,0,0,1,0.265,0.00884956,-0.98061,49348,105.551,49348,10.247,0,0,2,0,0,0,0,0,0,0,0,3.77358,467.528,466.172,0.749533,10.2031,10.2331,1,0.427043,0.0770169,0.427043,105,182.675,120.591,15,49348,49348,0,2,0.133333,210,9,106,2.06604,0.938053,400,49558,49414.3
data/selected-PB25/PB24/normalized-PB07/OPT-LIN/submittedPB07/poldner/PB/testset/normalized-5_10.fzn,3.37705,3.60078,1.004,0,0,0,2.03007,2.37282,0,0,0.760047,0.760047,0,79.0266,79.3413,56,69.6478,1.24371,2,2,1,61,0,1.08929,183,219.648,61.2437,0,0,0,0,0,61,56,0,0,0,0,0,1,1,0,0,0,0,0,0,0,0,1,0.271845,0.0163934,-1.19789,25670,55.7611,25670,7.4162,0,0,2,0,0,0,0,0,0,0,0,3.67857,460.357,459.004,0.607863,7.38398,7.40614,1,0.560883,0.129234,0.560883,55,96.5453,69.6478,11,25670,25670,0,2,0.181818,110,7,56,2.08929,0.918033,206,25780,25704.2
data/selected-PB25/PB24/normalized-PB07/OPT-LIN/submittedPB07/poldner/PB/testset/normalized-11_22.fzn,3.69811,3.75825,1.00024,0,0,0,4.21525,4.40443,0,0,0.448066,0.448066,0,326.096,326.184,254,269.936,1.06274,2,2,1,265,0,1.04331,795,995.936,265.063,0,0,0,0,0,265,254,0,0,0,0,0,1,1,0,0,0,0,0,0,0,0,1,0.259184,0.00377358,-0.714567,125404,252.979,125404,15.906,0,0,2,0,0,0,0,0,0,0,0,3.85827,495.709,494.355,1.03673,15.8418,15.8853,1,0.294123,0.0371202,0.294123,495,433.32,269.936,23,125404,125404,0,2,0.0869565,748,13,254,2.99606,0.958491,980,125910,125566
data/selected-PB25/PB24/normalized-PB07/OPT-LIN/submittedPB07/aksoy/trarea_ac/normalized-fir03_trarea_ac.fzn,2.79234,2.80028,1.00001,0,0,0,5.05194,5.17498,0,0,1.20275,1.20275,0,2933.17,2933.21,688,707.067,1.02771,2,2,1,2403,0,1.79195,7209,6729.07,2403.03,0,0,0,0,0,2403,1341,0,0,0,0,0,1,1,0,0,0,0,0,0,0,0,1,0.199851,0.000416146,-0.566213,1.09848e+06,1337.74,1.09848e+06,36.606,0,0,2,0,0,0,0,0,0,0,0,5.00373,821.15,819.678,1.41316,36.5169,36.5825,1,2.06339,0.00882271,0.988914,407,2734.17,1360.07,122,1.09848e+06,1.09848e+06,0,2,0.0163934,1747,250,1341,1.48919,0.558052,6710,1.10116e+06,1.09919e+06
data/selected-PB25/PB24/normalized-PB07/OPT-LIN/submittedPB07/aksoy/trarea_ac/normalized-fir07_trarea_ac.fzn,2.74,2.74472,1,0,0,0,6.08517,6.18297,0,0,1.19628,1.19628,0,5069.66,5069.68,1075,1094.74,1.01836,2,2,1,4173,0,1.83509,12519,11453.7,4173.02,0,0,0,0,0,4173,2274,0,0,0,0,0,1,1,0,0,0,0,0,0,0,0,1,0.198881,0.000239636,-0.468262,1.74586e+06,2268.09,1.74586e+06,47.676,0,0,2,0,0,0,0,0,0,0,0,5.02814,769.749,768.274,1.71084,47.5521,47.6435,1,2.10531,0.00553799,0.971465,552,4633.29,2293.74,176,1.74586e+06,1.74586e+06,0,2,0.0113636,2825,330,2274,1.38742,0.544932,11434,1.75041e+06,1.74705e+06
data/selected-PB25/PB24/normalized-PB07/OPT-LIN/submittedPB07/aksoy/trarea_ac/normalized-fir09_trarea_ac.fzn,2.75895,2.76168,1,0,0,0,7.84115,7.91664,0,0,1.19031,1.19031,0,9157.99,9158.01,1871,1891.53,1.01097,2,2,1,7517,0,1.90738,22551,20759.5,7517.01,0,0,0,0,0,7517,3941,0,0,0,0,0,1,1,0,0,0,0,0,0,0,0,1,0.190028,0.000133032,-0.355197,3.03619e+06,3930.8,3.03619e+06,0,0,0,2,0,0,0,0,0,0,0,0,5.26237,772.412,770.931,2.28034,0,0,1,2.08646,0.00339682,0.982563,1207,8094.4,3961.53,288,3.03619e+06,3.03619e+06,0,2,0.00694444,5147,449,3941,1.41994,0.524278,20739,3.04407e+06,3.03824e+06
data/selected-PB25/PB24/normalized-PB07/OPT-LIN/submittedPB07/aksoy/trarea_ac/normalized-fir02_trarea_ac.fzn,2.85548,2.87303,1.00005,0,0,0,3.82027,3.99895,0,0,1.26362,1.26362,0,1274.02,1274.09,350,368.098,1.05171,2,2,1,1031,0,1.60842,3093,2962.1,1031.05,0,0,0,0,0,1031,641,0,0,0,0,0,1,1,0,0,0,0,0,0,0,0,1,0.217731,0.000969932,-0.765993,561308,639.542,561308,25.2982,0,0,2,0,0,0,0,0,0,0,0,4.59282,877.672,876.23,1.02125,25.2406,25.2822,1,2.24075,0.0167952,0.934695,147,1258.34,659.098,58,561308,561308,0,2,0.0344828,787,139,641,1.44462,0.621726,2944,562588,561663
data/selected-PB25/PB24/normalized-PB07/OPT-LIN/submittedPB07/aksoy/trarea_ac/normalized-fir04_trarea_ac.fzn,2.84576,2.85163,1.00001,0,0,0,6.28603,6.39924,0,0,1.22711,1.22711,0,4110.32,4110.35,1033,1052.67,1.01904,2,2,1,3352,0,1.72606,10056,9558.67,3352.02,0,0,0,0,0,3352,1942,0,0,0,0,0,1,1,0,0,0,0,0,0,0,0,1,0.203585,0.000298329,-0.470943,1.67151e+06,1937.5,1.67151e+06,44.0568,0,0,2,0,0,0,0,0,0,0,0,4.91195,862.715,861.262,1.69111,43.9546,44.0289,1,2.1462,0.00636748,0.952444,707,3864.87,1961.67,176,1.67151e+06,1.67151e+06,0,2,0.0113636,2648,358,1942,1.54789,0.579356,9539,1.67539e+06,1.67257e+06
data/selected-PB25/PB24/normalized-PB07/OPT-LIN/submittedPB07/aksoy/trarea_ac/normalized-fir01_trarea_ac.fzn,2.96264,3.01104,1.00032,0,0,0,2.70029,2.95187,0,0,1.24888,1.24888,0,436.517,436.671,149,165.843,1.11304,2,2,1,348,0,1.37549,1044,1047.84,348.113,0,0,0,0,0,348,253,0,0,0,0,0,1,1,0,0,0,0,0,0,0,0,1,0.245393,0.00287356,-1.08721,235099,252.459,235099,15.8745,0,0,2,0,0,0,0,0,0,0,0,4.0751,931.237,929.835,0.694076,15.8404,15.8644,1,2.26648,0.0372444,0.85152,51,469.414,269.843,24,235099,235099,0,2,0.0833333,303,69,253,1.47036,0.727011,1031,235603,235248
data/selected-PB25/PB24/normalized-PB07/OPT-LIN/submittedPB07/aksoy/trarea_ac/normalized-fir05_trarea_ac.fzn,2.91695,2.92768,1.00002,0,0,0,5.36604,5.497,0,0,1.26789,1.26789,0,2190.59,2190.64,657,676.001,1.02892,2,2,1,1770,0,1.54181,5310,5182,1770.03,0,0,0,0,0,1770,1148,0,0,0,0,0,1,1,0,0,0,0,0,0,0,0,1,0.222351,0.000564972,-0.618256,1.04933e+06,1145.5,1.04933e+06,33.8674,0,0,2,0,0,0,0,0,0,0,0,4.49739,916.05,914.63,1.25781,33.7934,33.846,1,2.25989,0.0101106,0.902938,324,2192.72,1167,96,1.04933e+06,1.04933e+06,0,2,0.0208333,1471,211,1148,1.46516,0.648588,5163,1.05162e+06,1.05e+06
data/selected-PB25/PB24/normalized-PB07/OPT-LIN/submittedPB07/aksoy/trarea_ac/normalized-fir06_trarea_ac.fzn,2.7802,2.78262,1,0,0,0,8.45835,8.53465,0,0,1.17012,1.17012,0,10451.3,10451.4,2171,2191.8,1.00958,2,2,1,8608,0,1.97522,25824,23952.8,8608.01,0,0,0,0,0,8608,4358,0,0,0,0,0,1,1,0,0,0,0,0,0,0,0,1,0.182099,0.000116171,-0.392425,3.65385e+06,4347.63,3.65385e+06,0,0,0,2,0,0,0,0,0,0,0,0,5.49151,840.423,838.94,2.08422,0,0,1,1.97612,0.00310509,0.999292,1709,9053.16,4378.8,288,3.65385e+06,3.65385e+06,0,2,0.00694444,6066,657,4358,1.54268,0.506273,23932,3.66256e+06,3.6561e+06
data/selected-PB25/PB24/normalized-PB07/OPT-LIN/submittedPB07/aksoy/area_partials/normalized-fir04_area_partials.fzn,2.95122,3.05999,1.00725,0,0,0,0.829992,0.980397,0,0,1.4792,1.4792,0,55.046,55.4215,15,19.4594,1.2973,2,2,1,41,0,1.57692,123,125.459,41.2973,0,0,0,0,0,41,26,0,0,0,0,0,1,1,0,0,0,0,0,0,0,0,1,0.214876,0.0243902,-1.49168,44,12.1702,44,5.0091,0,0,2,0,0,0,0,0,0,0,0,4.65385,3.61538,2.2065,0.526337,2.22999,3.76461,1,2.88655,0.235193,1.19562,11,51.9626,30.4594,12,44,44,0,2,0.166667,36,60,26,3.69231,0.634146,121,94,57.369
data/selected-PB25/PB24/normalized-PB07/OPT-LIN/submittedPB07/aksoy/area_delay/normalized-fir04_area_delay.fzn,2.71964,2.72384,1.00001,0,0,0,3.03209,3.09349,0,0,0.971736,0.971736,0,2120.1,2120.13,340,347.496,1.02205,2,2,1,1787,0,2.56385,5361,4867.5,1787.02,0,0,0,0,0,1787,697,0,0,0,0,0,1,1,0,0,0,0,0,0,0,0,1,0.143416,0.000559597,-1.10911,361,143.535,361,26.4279,0,0,2,0,0,0,0,0,0,0,0,6.97274,2.51506,0.932456,0.772317,5.39336,14.6261,1,3.44599,0.0156193,1.0077,390,1739.33,704.496,40,361,361,0,2,0.05,1086,158,697,1.78479,0.390039,4860,1753,649.921
data/selected-PB25/PB24/normalized-PB07/OPT-LIN/submittedPB07/aksoy/decomp/normalized-matrix_5x3_8.fzn,2.57489,2.57541,1,0,0,0,2.39405,2.39356,0,0,1.00552,1.00552,0,18037,18037.1,486,493.94,1.01634,2,2,1,15109,0,3.50232,45327,38911.9,15109,0,0,0,0,0,15109,4314,0,0,0,0,0,1,1,0,0,0,0,0,0,0,0,1,0.110888,6.61857e-05,-0.467624,491,232.332,491,65.9215,0,0,2,0,0,0,0,0,0,0,0,9.01808,2.11335,0.480485,1.90134,3.50921,15.4348,1,2.01233,0.00313337,0.652556,3435,11326.4,4321.94,280,491,491,0,2,0.00714286,7748,422,4314,1.89383,0.285525,38904,9117,2072.81
data/selected-PB25/PB24/normalized-PB07/DEC-NLC/submittedPB07/manquinho/dbsg/normalized-dbsg_500_25_4_15.fzn,4.63336,4.63336,1,0,0,0,2.30439,2.30439,0,0,0.854352,0.854352,0,30947,30947,1000,1000,1,2,2,1,17756,0,1.02909,53268,82270,17756,0,0,0,0,0,17756,17254,0,0,0,0,0,1,1,0,0,0,0,0,0,0,0,0,0,0,0,0,0,0,0,0,0,1,0,0,0,0,0,0,0,0,4.76817,2,0.626795,1.48297,0,0,16254,0.749506,0,0.319283,49262,30996.6,17254,51,2,0.666667,0,2,0.0392157,34008,2687,17254,2.12675,0.971728,82270,34508,10814.7
data/selected-PB25/PB24/normalized-PB07/DEC-NLC/submittedPB07/manquinho/dbsg/normalized-dbsg_100_10_5_15.fzn,4.20798,4.20798,1,0,0,0,1.48408,1.48408,0,0,1.40427,1.40427,1.77636e-15,2923.62,2923.62,200,200,1,2,2,1,1654,0,1.06572,4962,6960,1654,0,0,0,0,0,1654,1552,0,0,0,0,0,1,1,0,0,0,0,0,0,0,0,0,0,0,0,0,0,0,0,0,0,1,0,0,0,0,0,0,0,0,4.48454,2,0.588857,0.834347,0,0,1352,1.27781,0,0.55432,3736,2942.64,1552,20,2,0.666667,0,2,0.1,2584,428,1552,1.94072,0.938331,6960,3104,913.906
data/selected-PB25/PB24/normalized-PB07/DEC-NLC/submittedPB07/manquinho/dbsg/normalized-dbsg_200_25_4_15.fzn,4.63042,4.63042,1,0,0,0,1.83251,1.83251,0,0,0.855713,0.855713,0,12318.1,12318.1,400,400,1,2,2,1,7062,0,1.02945,21186,32700,7062,0,0,0,0,0,7062,6860,0,0,0,0,0,1,1,0,0,0,0,0,0,0,0,0,0,0,0,0,0,0,0,0,0,1,0,0,0,0,0,0,0,0,4.76676,2,0.626571,1.48341,0,0,6460,0.749249,0,0.320696,19580,12329.4,6860,52,2,0.666667,0,2,0.0384615,13520,1575,6860,2.20044,0.971396,32700,13720,4298.28
data/selected-PB25/PB24/normalized-PB07/DEC-NLC/submittedPB07/manquinho/dbsg/normalized-dbsg_200_25_1_40.fzn,4.62746,4.62746,1,0,0,0,1.8209,1.8209,0,0,0.857012,0.857012,-1.77636e-15,12225.5,12225.5,400,400,1,2,2,1,7006,0,1.02969,21018,32420,7006,0,0,0,0,0,7006,6804,0,0,0,0,0,1,1,0,0,0,0,0,0,0,0,0,0,0,0,0,0,0,0,0,0,1,0,0,0,0,0,0,0,0,4.76484,2,0.626259,1.46909,0,0,6404,0.748814,0,0.322619,19412,12236.9,6804,45,2,0.666667,0,2,0.0444444,13408,1419,6804,2.17916,0.971168,32420,13608,4261.06
data/selected-PB25/PB24/normalized-PB07/DEC-NLC/submittedPB07/manquinho/dbsg/normalized-dbsg_50_10_5_15.fzn,4.18317,4.18317,1,0,0,0,1.14646,1.14646,0,0,1.40494,1.40494,0,1431.1,1431.1,100,100,1,2,2,1,808,0,1.06878,2424,3380,808,0,0,0,0,0,808,756,0,0,0,0,0,1,1,0,0,0,0,0,0,0,0,0,0,0,0,0,0,0,0,0,0,1,0,0,0,0,0,0,0,0,4.4709,2,0.58725,0.806449,0,0,656,1.26936,0,0.563645,1838,1435.87,756,19,2,0.666667,0,2,0.105263,1282,260,756,2.03968,0.935644,3380,1512,443.961
data/selected-PB25/PB24/normalized-PB07/DEC-NLC/submittedPB07/manquinho/dbsg/normalized-dbsg_50_10_2_5.fzn,4.19315,4.19315,1,0,0,0,1.16833,1.16833,0,0,1.4117,1.4117,0,1449.13,1449.13,100,100,1,2,2,1,818,0,1.06789,2454,3430,818,0,0,0,0,0,818,766,0,0,0,0,0,1,1,0,0,0,0,0,0,0,0,0,0,0,0,0,0,0,0,0,0,1,0,0,0,0,0,0,0,0,4.47781,2,0.588042,0.805205,0,0,666,1.27707,0,0.55894,1828,1453.68,766,21,2,0.666667,0,2,0.0952381,1262,279,766,2.01175,0.93643,3430,1532,450.44
data/selected-PB25/PB24/normalized-PB07/DEC-NLC/submittedPB07/manquinho/dbsg/normalized-dbsg_200_25_5_15.fzn,4.62863,4.62863,1,0,0,0,1.82044,1.82044,0,0,0.855338,0.855338,0,12262.1,12262.1,400,400,1,2,2,1,7028,0,1.02959,21084,32530,7028,0,0,0,0,0,7028,6826,0,0,0,0,0,1,1,0,0,0,0,0,0,0,0,0,0,0,0,0,0,0,0,0,0,1,0,0,0,0,0,0,0,0,4.7656,2,0.62638,1.46886,0,0,6426,0.74805,0,0.32186,19478,12273.5,6826,51,2,0.666667,0,2,0.0392157,13452,1479,6826,2.18737,0.971258,32530,13652,4275.67
data/selected-PB25/PB24/normalized-PB07/DEC-NLC/submittedPB07/manquinho/dbsg/normalized-dbsg_500_10_5_15.fzn,4.21301,4.21301,1,0,0,0,3.00239,3.00239,0,0,1.40265,1.40265,0,14582.1,14582.1,1000,1000,1,2,2,1,8272,0,1.06461,24816,34850,8272,0,0,0,0,0,8272,7770,0,0,0,0,0,1,1,0,0,0,0,0,0,0,0,0,0,0,0,0,0,0,0,0,0,1,0,0,0,0,0,0,0,0,4.4852,2,0.588961,0.834223,0,0,6770,1.28426,0,0.553862,18610,14729.7,7770,23,2,0.666667,0,2,0.0869565,12840,1763,7770,1.87941,0.939313,34850,15540,4576.23
data/selected-PB25/PB24/normalized-PB07/DEC-NLC/submittedPB07/manquinho/dbsg/normalized-dbsg_500_10_1_15.fzn,4.21755,4.21755,1,0,0,0,2.98978,2.98978,0,0,1.40378,1.40378,0,14667,14667,1000,1000,1,2,2,1,8320,0,1.06421,24960,35090,8320,0,0,0,0,0,8320,7818,0,0,0,0,0,1,1,0,0,0,0,0,0,0,0,0,0,0,0,0,0,0,0,0,0,1,0,0,0,0,0,0,0,0,4.48836,2,0.589352,0.833636,0,0,6818,1.28534,0,0.551678,18774,14813.9,7818,24,2,0.666667,0,2,0.0833333,12956,1785,7818,1.88552,0.939663,35090,15636,4607.56
data/selected-PB25/PB24/normalized-PB07/DEC-NLC/submittedPB07/manquinho/dbsg/normalized-dbsg_500_10_5_80.fzn,4.21301,4.21301,1,0,0,0,3.00239,3.00239,0,0,1.40265,1.40265,0,14582.1,14582.1,1000,1000,1,2,2,1,8272,0,1.06461,24816,34850,8272,0,0,0,0,0,8272,7770,0,0,0,0,0,1,1,0,0,0,0,0,0,0,0,0,0,0,0,0,0,0,0,0,0,1,0,0,0,0,0,0,0,0,4.4852,2,0.588961,0.834223,0,0,6770,1.28426,0,0.553862,18610,14729.7,7770,23,2,0.666667,0,2,0.0869565,12840,1763,7770,1.87941,0.939313,34850,15540,4576.23
data/selected-PB25/PB24/normalized-PB16/DEC-LIN/elffers/EC_RANDOM_GRAPHS/normalized-ECrand4regsplit-v070-n1.fzn,3.97143,3.97143,1,0,0,0,0,0,0,0,0.108023,0.108023,0,139,139,4,4,1,2,2,1,70,0,0.503597,210,278,70,0,0,0,0,0,70,139,0,0,0,0,0,1,1,0,0,0,0,0,0,0,0,0,0,0,0,0,0,0,0,0,0,1,0,0,0,0,0,0,0,0,2,2,1,0,0,0,0,0,0,0,0,139,139,2,2,1,0,2,1,139,6,139,1.04317,1.98571,278,278,139
data/selected-PB25/PB24/normalized-PB16/DEC-LIN/elffers/EC_RANDOM_GRAPHS/normalized-ECrand6reg-v011-n1.fzn,6,6,1,0,0,0,0,0,0,0,4.44089e-16,4.44089e-16,4.44089e-16,28.4346,28.4346,6,6,1,6,6,1,11,0,0.333333,33,66,11,0,0,0,0,0,11,33,0,0,0,0,0,1,1,0,0,0,0,0,0,0,0,0,0,0,0,0,0,0,0,0,0,1,0,0,0,0,0,0,0,0,2,2,1,0,0,0,0,0,0,0,0,33,33,2,2,1,0,2,1,33,6,33,1.18182,3,66,66,33
data/selected-PB25/PB24/normalized-PB16/DEC-LIN/elffers/EC_RANDOM_GRAPHS/normalized-ECrand6reg-v091-n1.fzn,6,6,1,0,0,0,0,0,0,0,0,0,0,235.232,235.232,6,6,1,6,6,1,91,0,0.333333,273,546,91,0,0,0,0,0,91,273,0,0,0,0,0,1,1,0,0,0,0,0,0,0,0,0,0,0,0,0,0,0,0,0,0,1,0,0,0,0,0,0,0,0,2,2,1,0,0,0,0,0,0,0,0,273,273,2,2,1,0,2,1,273,6,273,1.02198,3,546,546,273
data/selected-PB25/PB24/normalized-PB16/DEC-LIN/elffers/EC_RANDOM_GRAPHS/normalized-ECrand6reg-v041-n1.fzn,6,6,1,0,0,0,0,0,0,0,0,0,0,105.983,105.983,6,6,1,6,6,1,41,0,0.333333,123,246,41,0,0,0,0,0,41,123,0,0,0,0,0,1,1,0,0,0,0,0,0,0,0,0,0,0,0,0,0,0,0,0,0,1,0,0,0,0,0,0,0,0,2,2,1,0,0,0,0,0,0,0,0,123,123,2,2,1,0,2,1,123,6,123,1.04878,3,246,246,123
data/selected-PB25/PB24/normalized-PB16/DEC-LIN/elffers/EC_RANDOM_GRAPHS/normalized-ECrand6reg-v051-n1.fzn,6,6,1,0,0,0,0,0,0,0,0,0,0,131.833,131.833,6,6,1,6,6,1,51,0,0.333333,153,306,51,0,0,0,0,0,51,153,0,0,0,0,0,1,1,0,0,0,0,0,0,0,0,0,0,0,0,0,0,0,0,0,0,1,0,0,0,0,0,0,0,0,2,2,1,0,0,0,0,-8.88178e-16,-8.88178e-16,-8.88178e-16,0,153,153,2,2,1,0,2,1,153,6,153,1.03922,3,306,306,153
data/selected-PB25/PB24/normalized-PB16/DEC-LIN/elffers/EC_RANDOM_GRAPHS/normalized-ECrand4regsplit-v090-n1.fzn,3.97778,3.97778,1,0,0,0,0,0,0,0,0.0880723,0.0880723,-8.88178e-16,179,179,4,4,1,2,2,1,90,0,0.502793,270,358,90,0,0,0,0,0,90,179,0,0,0,0,0,1,1,0,0,0,0,0,0,0,0,0,0,0,0,0,0,0,0,0,0,1,0,0,0,0,0,0,0,0,2,2,1,0,0,0,0,0,0,0,0,179,179,2,2,1,0,2,1,179,6,179,1.03352,1.98889,358,358,179
data/selected-PB25/PB24/normalized-PB16/DEC-LIN/elffers/rand6reg/normalized-rand6reg-v091-n1.fzn,6,6,1,0,0,0,0,0,0,0,0,0,0,235.232,235.232,6,6,1,6,6,1,91,0,0.333333,273,546,91,0,0,0,0,0,91,273,0,0,0,0,0,1,1,0,0,0,0,0,0,0,0,0,0,0,0,0,0,0,0,0,0,1,0,0,0,0,0,0,0,0,2,2,1,0,0,0,0,0,0,0,0,273,273,2,2,1,0,2,1,273,6,273,1.02198,3,546,546,273
data/selected-PB25/PB24/normalized-PB16/DEC-LIN/elffers/rand6reg/normalized-rand6reg-v071-n2.fzn,6,6,1,0,0,0,0,0,0,0,0,0,0,183.532,183.532,6,6,1,6,6,1,71,0,0.333333,213,426,71,0,0,0,0,0,71,213,0,0,0,0,0,1,1,0,0,0,0,0,0,0,0,0,0,0,0,0,0,0,0,0,0,1,0,0,0,0,0,0,0,0,2,2,1,0,0,0,0,0,0,0,0,213,213,2,2,1,0,2,1,213,6,213,1.02817,3,426,426,213
data/selected-PB25/PB24/normalized-PB16/DEC-LIN/elffers/rand6reg/normalized-rand6reg-v051-n2.fzn,6,6,1,0,0,0,0,0,0,0,0,0,0,131.833,131.833,6,6,1,6,6,1,51,0,0.333333,153,306,51,0,0,0,0,0,51,153,0,0,0,0,0,1,1,0,0,0,0,0,0,0,0,0,0,0,0,0,0,0,0,0,0,1,0,0,0,0,0,0,0,0,2,2,1,0,0,0,0,-8.88178e-16,-8.88178e-16,-8.88178e-16,0,153,153,2,2,1,0,2,1,153,6,153,1.03922,3,306,306,153
data/selected-PB25/PB24/normalized-PB16/DEC-LIN/elffers/rand6reg/normalized-rand6reg-v021-n1.fzn,6,6,1,0,0,0,0,0,0,0,0,0,0,54.2842,54.2842,6,6,1,6,6,1,21,0,0.333333,63,126,21,0,0,0,0,0,21,63,0,0,0,0,0,1,1,0,0,0,0,0,0,0,0,0,0,0,0,0,0,0,0,0,0,1,0,0,0,0,0,0,0,0,2,2,1,0,0,0,0,0,0,0,0,63,63,2,2,1,0,2,1,63,6,63,1.09524,3,126,126,63
data/selected-PB25/PB24/normalized-PB16/DEC-LIN/elffers/rand6reg/normalized-rand6reg-v071-n1.fzn,6,6,1,0,0,0,0,0,0,0,0,0,0,183.532,183.532,6,6,1,6,6,1,71,0,0.333333,213,426,71,0,0,0,0,0,71,213,0,0,0,0,0,1,1,0,0,0,0,0,0,0,0,0,0,0,0,0,0,0,0,0,0,1,0,0,0,0,0,0,0,0,2,2,1,0,0,0,0,0,0,0,0,213,213,2,2,1,0,2,1,213,6,213,1.02817,3,426,426,213
data/selected-PB25/PB24/normalized-PB16/DEC-LIN/elffers/rand6reg/normalized-rand6reg-v011-n3.fzn,6,6,1,0,0,0,0,0,0,0,4.44089e-16,4.44089e-16,4.44089e-16,28.4346,28.4346,6,6,1,6,6,1,11,0,0.333333,33,66,11,0,0,0,0,0,11,33,0,0,0,0,0,1,1,0,0,0,0,0,0,0,0,0,0,0,0,0,0,0,0,0,0,1,0,0,0,0,0,0,0,0,2,2,1,0,0,0,0,0,0,0,0,33,33,2,2,1,0,2,1,33,6,33,1.18182,3,66,66,33
data/selected-PB25/PB24/normalized-PB16/DEC-LIN/elffers/rand6reg/normalized-rand6reg-v061-n3.fzn,6,6,1,0,0,0,0,0,0,0,0,0,0,157.683,157.683,6,6,1,6,6,1,61,0,0.333333,183,366,61,0,0,0,0,0,61,183,0,0,0,0,0,1,1,0,0,0,0,0,0,0,0,0,0,0,0,0,0,0,0,0,0,1,0,0,0,0,0,0,0,0,2,2,1,0,0,0,0,0,0,0,0,183,183,2,2,1,0,2,1,183,6,183,1.03279,3,366,366,183
data/selected-PB25/PB24/normalized-PB16/DEC-LIN/elffers/rand6reg/normalized-rand6reg-v091-n3.fzn,6,6,1,0,0,0,0,0,0,0,0,0,0,235.232,235.232,6,6,1,6,6,1,91,0,0.333333,273,546,91,0,0,0,0,0,91,273,0,0,0,0,0,1,1,0,0,0,0,0,0,0,0,0,0,0,0,0,0,0,0,0,0,1,0,0,0,0,0,0,0,0,2,2,1,0,0,0,0,0,0,0,0,273,273,2,2,1,0,2,1,273,6,273,1.02198,3,546,546,273
data/selected-PB25/PB24/normalized-PB16/DEC-LIN/elffers/rand6reg/normalized-rand6reg-v041-n2.fzn,6,6,1,0,0,0,0,0,0,0,0,0,0,105.983,105.983,6,6,1,6,6,1,41,0,0.333333,123,246,41,0,0,0,0,0,41,123,0,0,0,0,0,1,1,0,0,0,0,0,0,0,0,0,0,0,0,0,0,0,0,0,0,1,0,0,0,0,0,0,0,0,2,2,1,0,0,0,0,0,0,0,0,123,123,2,2,1,0,2,1,123,6,123,1.04878,3,246,246,123
data/selected-PB25/PB24/normalized-PB16/DEC-LIN/elffers/EC_ODD_GRIDS/normalized-ECgrid5x150split.fzn,3.99734,3.99734,1,0,0,0,0,0,0,0,0.0146397,0.0146397,0,1501,1501,4,4,1,2,2,1,751,0,0.500333,2253,3002,751,0,0,0,0,0,751,1501,0,0,0,0,0,1,1,0,0,0,0,0,0,0,0,0,0,0,0,0,0,0,0,0,0,1,0,0,0,0,0,0,0,0,2,2,1,0,0,0,0,0,0,0,0,1501,1501,2,2,1,0,2,1,1501,6,1501,1.004,1.99867,3002,3002,1501
data/selected-PB25/PB24/normalized-PB16/DEC-LIN/elffers/EC_ODD_GRIDS/normalized-ECgrid5x140split.fzn,3.99715,3.99715,1,0,0,0,0,0,0,0,0.015542,0.015542,0,1401,1401,4,4,1,2,2,1,701,0,0.500357,2103,2802,701,0,0,0,0,0,701,1401,0,0,0,0,0,1,1,0,0,0,0,0,0,0,0,0,0,0,0,0,0,0,0,0,0,1,0,0,0,0,0,0,0,0,2,2,1,0,0,0,0,0,0,0,0,1401,1401,2,2,1,0,2,1,1401,6,1401,1.00428,1.99857,2802,2802,1401
data/selected-PB25/PB24/normalized-PB16/DEC-LIN/elffers/EC_ODD_GRIDS/normalized-ECgrid5x110split.fzn,3.99637,3.99637,1,0,0,0,0,0,0,0,0.0191421,0.0191421,0,1101,1101,4,4,1,2,2,1,551,0,0.500454,1653,2202,551,0,0,0,0,0,551,1101,0,0,0,0,0,1,1,0,0,0,0,0,0,0,0,0,0,0,0,0,0,0,0,0,0,1,0,0,0,0,0,0,0,0,2,2,1,0,0,0,0,0,0,0,0,1101,1101,2,2,1,0,2,1,1101,6,1101,1.00545,1.99819,2202,2202,1101
data/selected-PB25/PB24/normalized-PB16/DEC-LIN/elffers/EC_ODD_GRIDS/normalized-ECgrid5x130split.fzn,3.99693,3.99693,1,0,0,0,0,0,0,0,0.0165716,0.0165716,0,1301,1301,4,4,1,2,2,1,651,0,0.500384,1953,2602,651,0,0,0,0,0,651,1301,0,0,0,0,0,1,1,0,0,0,0,0,0,0,0,0,0,0,0,0,0,0,0,0,0,1,0,0,0,0,0,0,0,0,2,2,1,0,0,0,0,0,0,0,0,1301,1301,2,2,1,0,2,1,1301,6,1301,1.00461,1.99846,2602,2602,1301
data/selected-PB25/PB24/normalized-PB16/DEC-LIN/elffers/EC_ODD_GRIDS/normalized-ECgrid5x120split.fzn,3.99667,3.99667,1,0,0,0,0,0,0,0,0.0177583,0.0177583,0,1201,1201,4,4,1,2,2,1,601,0,0.500416,1803,2402,601,0,0,0,0,0,601,1201,0,0,0,0,0,1,1,0,0,0,0,0,0,0,0,0,0,0,0,0,0,0,0,0,0,1,0,0,0,0,0,0,0,0,2,2,1,0,0,0,0,0,0,0,0,1201,1201,2,2,1,0,2,1,1201,6,1201,1.005,1.99834,2402,2402,1201
data/selected-PB25/PB24/normalized-PB16/DEC-LIN/elffers/Instances3col_OPB/normalized-3col-almost3reg-l035-r034-n1.fzn,2.15679,2.15679,1,0,0,0,0,0,0,0,0.626569,0.626569,0,4567.74,4567.74,3,3,1,2,2,1,4184,0,2.12602,12552,9024,4184,0,0,0,0,0,4184,1968,0,0,0,0,0,1,1,0,0,0,0,0,0,0,0,0,0,0,0,0,0,0,0,0,0,1,0,0,0,0,0,0,0,0,4.58537,2,0.478429,1.06839,0,0,0,0.770073,0,0.560441,0,4112.46,1968,80,2,0.5,0,2,0.025,1968,7,1968,1.00356,0.470363,9024,3936,941.548
data/selected-PB25/PB24/normalized-PB16/DEC-LIN/elffers/Instances3col_OPB/normalized-3col-almost3reg-l080-r079-n1.fzn,2.15639,2.15639,1,0,0,0,0,0,0,0,0.625609,0.625609,0,10056.9,10056.9,3,3,1,2,2,1,9214,0,2.13139,27642,19869,9214,0,0,0,0,0,9214,4323,0,0,0,0,0,1,1,0,0,0,0,0,0,0,0,0,0,0,0,0,0,0,0,0,0,1,0,0,0,0,0,0,0,0,4.59611,2,0.478601,1.61358,0,0,0,0.76939,0,0.582892,0,9009.12,4323,170,2,0.5,0,2,0.0117647,4323,7,4323,1.00162,0.469177,19869,8646,2068.99
data/selected-PB25/PB24/normalized-PB16/DEC-LIN/elffers/Instances3col_OPB/normalized-3col-almost3reg-l010-r009-n1.fzn,2.15721,2.15721,1,0,0,0,0,0,0,0,0.627581,0.627581,0,1500.35,1500.35,3,3,1,2,2,1,1374,0,2.12037,4122,2964,1374,0,0,0,0,0,1374,648,0,0,0,0,0,1,1,0,0,0,0,0,0,0,0,0,0,0,0,0,0,0,0,0,0,1,0,0,0,0,0,0,0,0,4.57407,2,0.476272,0.578423,0,0,0,0.779689,0,0.530425,0,1364.29,648,28,2,0.5,0,2,0.0714286,648,5,648,1.00772,0.471616,2964,1296,308.624
data/selected-PB25/PB24/normalized-PB16/DEC-LIN/elffers/Instances3col_OPB/normalized-3col-almost3reg-l045-r044-n1.fzn,2.15646,2.15646,1,0,0,0,0,0,0,0,0.625779,0.625779,0,5776.35,5776.35,3,3,1,2,2,1,5292,0,2.13043,15876,11412,5292,0,0,0,0,0,5292,2484,0,0,0,0,0,1,1,0,0,0,0,0,0,0,0,0,0,0,0,0,0,0,0,0,0,1,0,0,0,0,0,0,0,0,4.5942,2,0.478138,1.21191,0,0,0,0.788069,0,0.578134,0,5189,2484,99,2,0.5,0,2,0.020202,2484,7,2484,1.00282,0.469388,11412,4968,1187.7
data/selected-PB25/PB24/normalized-PB16/DEC-LIN/elffers/Instances3col_OPB/normalized-3col-almost3reg-l060-r059-n1.fzn,2.1566,2.1566,1,0,0,0,0,0,0,0,0.626111,0.626111,-1.77636e-15,7625.95,7625.95,3,3,1,2,2,1,6986,0,2.12858,20958,15066,6986,0,0,0,0,0,6986,3282,0,0,0,0,0,1,1,0,0,0,0,0,0,0,0,0,0,0,0,0,0,0,0,0,0,1,0,0,0,0,0,0,0,0,4.59049,2,0.478766,1.39487,0,0,0,0.765409,0,0.571752,0,6843.18,3282,128,2,0.5,0,2,0.015625,3282,7,3282,1.00213,0.469797,15066,6564,1571.31
data/selected-PB25/PB24/normalized-PB16/DEC-LIN/elffers/Instances3col_OPB/normalized-3col-almost3reg-l025-r024-n1.fzn,2.15637,2.15637,1,0,0,0,0,0,0,0,0.625562,0.625562,1.77636e-15,3322.44,3322.44,3,3,1,2,2,1,3044,0,2.13165,9132,6564,3044,0,0,0,0,0,3044,1428,0,0,0,0,0,1,1,0,0,0,0,0,0,0,0,0,0,0,0,0,0,0,0,0,0,1,0,0,0,0,0,0,0,0,4.59664,2,0.476965,0.922988,0,0,0,0.817903,0,0.580707,0,2994.54,1428,58,2,0.5,0,2,0.0344828,1428,7,1428,1.0049,0.46912,6564,2856,681.106
data/selected-PB25/PB24/normalized-PB16/DEC-LIN/elffers/subsetcard/normalized-subsetcard-geq-random4regular-75.fzn,4.01333,4.01333,1,0,0,0,0,0,0,0,0.102158,0.102158,0,300.644,300.644,5,5,1,4,4,1,150,0,0.498339,450,602,150,0,0,0,0,0,150,301,0,0,0,0,0,1,1,0,0,0,0,0,0,0,0,0,0,0,0,0,0,0,0,0,0,1,0,0,0,0,0,0,0,0,2,2,1,0,0,0,0,0,0,0,0,301,301,2,2,1,0,2,1,301,18,301,1.0598,2.00667,602,602,301
data/selected-PB25/PB24/normalized-PB16/DEC-LIN/nossum/normalized-sha1-size128-round22-0.fzn,4.3431,4.3431,1,0,0,0,0.325623,0.325623,0,0,1.86771,1.86771,0,15719.4,15719.4,9,9,1,2,2,1,7744,0,2.13687,23232,33633,7744,0,0,0,0,0,7744,3624,0,0,0,0,0,1,1,0,0,0,0,0,0,0,0,0,0,0,0,0,0,0,0,0,0,1,0,0,0,0,0,0,0,0,9.28063,2,0.574551,0.963757,0,0,0,2.55302,0,1.14897,0,8967.83,3624,33,2,2,0,2,0.0606061,3624,708,3624,1.19536,0.467975,33633,7248,2082.17
data/selected-PB25/PB24/normalized-PB16/DEC-LIN/nossum/normalized-sha1-size112-round23-0.fzn,4.39115,4.39115,1,0,0,0,0.32206,0.32206,0,0,1.89747,1.89747,0,17527.8,17527.8,9,9,1,2,2,1,8544,0,2.24842,25632,37518,8544,0,0,0,0,0,8544,3800,0,0,0,0,0,1,1,0,0,0,0,0,0,0,0,0,0,0,0,0,0,0,0,0,0,1,0,0,0,0,0,0,0,0,9.87316,2,0.575557,0.997539,0,0,0,2.63484,0,1.16299,0,9535.71,3800,33,2,2,0,2,0.0606061,3800,692,3800,1.18211,0.444757,37518,7600,2187.12
data/selected-PB25/PB24/normalized-PB16/DEC-LIN/nossum/normalized-sha1-size128-round21-3.fzn,4.28629,4.28629,1,0,0,0,0.329939,0.329939,0,0,1.8087,1.8087,0,13917.7,13917.7,9,9,1,2,2,1,6944,0,2.00462,20832,29764,6944,0,0,0,0,0,6944,3464,0,0,0,0,0,1,1,0,0,0,0,0,0,0,0,0,0,0,0,0,0,0,0,0,0,1,0,0,0,0,0,0,0,0,8.59238,2,0.597034,0.938303,0,0,0,2.43838,0,1.18853,0,8296.26,3464,33,2,2,0,2,0.0606061,3464,634,3464,1.18303,0.498848,29764,6928,2068.12
data/selected-PB25/PB24/normalized-PB16/DEC-LIN/nossum/normalized-sha1-size128-round23-6.fzn,4.38928,4.38928,1,0,0,0,0.322197,0.322197,0,0,1.89371,1.89371,0,17521.1,17521.1,9,9,1,2,2,1,8544,0,2.25793,25632,37502,8544,0,0,0,0,0,8544,3784,0,0,0,0,0,1,1,0,0,0,0,0,0,0,0,0,0,0,0,0,0,0,0,0,0,1,0,0,0,0,0,0,0,0,9.91068,2,0.569534,0.993762,0,0,0,2.6246,0,1.14653,0,9535.71,3784,33,2,2,0,2,0.0606061,3784,708,3784,1.1871,0.442884,37502,7568,2155.12
data/selected-PB25/PB24/normalized-PB16/DEC-LIN/nossum/normalized-sha1-size80-round23-5.fzn,4.3949,4.3949,1,0,0,0,0.321785,0.321785,0,0,1.9048,1.9048,0,17541,17541,9,9,1,2,2,1,8544,0,2.22965,25632,37550,8544,0,0,0,0,0,8544,3832,0,0,0,0,0,1,1,0,0,0,0,0,0,0,0,0,0,0,0,0,0,0,0,0,0,1,0,0,0,0,0,0,0,0,9.79906,2,0.587453,1.00508,0,0,0,2.65286,0,1.1933,0,9535.71,3832,33,2,2,0,2,0.0606061,3832,660,3832,1.17223,0.448502,37550,7664,2251.12
data/selected-PB25/PB24/normalized-PB16/DEC-LIN/nossum/normalized-sha1-size160-round22-1.fzn,4.33897,4.33897,1,0,0,0,0.325933,0.325933,0,0,1.85773,1.85773,0,15705.9,15705.9,9,9,1,2,2,1,7744,0,2.1559,23232,33601,7744,0,0,0,0,0,7744,3592,0,0,0,0,0,1,1,0,0,0,0,0,0,0,0,0,0,0,0,0,0,0,0,0,0,1,0,0,0,0,0,0,0,0,9.3544,2,0.561852,0.956157,0,0,0,2.52782,0,1.11126,0,8967.83,3592,33,2,2,0,2,0.0606061,3592,740,3592,1.20601,0.463843,33601,7184,2018.17
data/selected-PB25/PB24/normalized-PB16/DEC-LIN/nossum/normalized-sha1-size96-round21-6.fzn,4.2909,4.2909,1,0,0,0,0.329584,0.329584,0,0,1.82224,1.82224,0,13931.3,13931.3,9,9,1,2,2,1,6944,0,1.98627,20832,29796,6944,0,0,0,0,0,6944,3496,0,0,0,0,0,1,1,0,0,0,0,0,0,0,0,0,0,0,0,0,0,0,0,0,0,1,0,0,0,0,0,0,0,0,8.52288,2,0.609875,0.945954,0,0,0,2.45779,-1.77636e-15,1.21938,0,8296.26,3496,33,2,2,0,2,0.0606061,3496,602,3496,1.1722,0.503456,29796,6992,2132.12
data/selected-PB25/PB24/normalized-PB16/DEC-LIN/nossum/normalized-sha1-size144-round21-2.fzn,4.28399,4.28399,1,0,0,0,0.330116,0.330116,0,0,1.80167,1.80167,0,13910.9,13910.9,9,9,1,2,2,1,6944,0,2.01392,20832,29748,6944,0,0,0,0,0,6944,3448,0,0,0,0,0,1,1,0,0,0,0,0,0,0,0,0,0,0,0,0,0,0,0,0,0,1,0,0,0,0,0,0,0,0,8.62761,2,0.590523,0.934472,0,0,0,2.42742,-1.77636e-15,1.17177,0,8296.26,3448,33,2,2,0,2,0.0606061,3448,650,3448,1.18852,0.496544,29748,6896,2036.12
data/selected-PB25/PB24/normalized-PB16/DEC-LIN/nossum/normalized-sha1-size144-round23-4.fzn,4.38741,4.38741,1,0,0,0,0.322335,0.322335,0,0,1.89063,1.89063,0,17514.3,17514.3,9,9,1,2,2,1,8544,0,2.26752,25632,37486,8544,0,0,0,0,0,8544,3768,0,0,0,0,0,1,1,0,0,0,0,0,0,0,0,0,0,0,0,0,0,0,0,0,0,1,0,0,0,0,0,0,0,0,9.94851,2,0.56346,0.989983,0,0,0,2.61337,-1.77636e-15,1.12902,0,9535.71,3768,33,2,2,0,2,0.0606061,3768,724,3768,1.19214,0.441011,37486,7536,2123.12
data/selected-PB25/PB24/normalized-PB16/DEC-LIN/nossum/normalized-sha1-size144-round23-6.fzn,4.38741,4.38741,1,0,0,0,0.322335,0.322335,0,0,1.89063,1.89063,0,17514.3,17514.3,9,9,1,2,2,1,8544,0,2.26752,25632,37486,8544,0,0,0,0,0,8544,3768,0,0,0,0,0,1,1,0,0,0,0,0,0,0,0,0,0,0,0,0,0,0,0,0,0,1,0,0,0,0,0,0,0,0,9.94851,2,0.56346,0.989983,0,0,0,2.61337,-1.77636e-15,1.12902,0,9535.71,3768,33,2,2,0,2,0.0606061,3768,724,3768,1.19214,0.441011,37486,7536,2123.12
data/selected-PB25/PB24/normalized-PB16/DEC-LIN/nossum/normalized-sha1-size144-round23-2.fzn,4.38741,4.38741,1,0,0,0,0.322335,0.322335,0,0,1.88988,1.88988,0,17514.5,17514.5,9,9,1,2,2,1,8544,0,2.26752,25632,37486,8544,0,0,0,0,0,8544,3768,0,0,0,0,0,1,1,0,0,0,0,0,0,0,0,0,0,0,0,0,0,0,0,0,0,1,0,0,0,0,0,0,0,0,9.94851,2,0.56346,0.989983,0,0,0,2.61337,-1.77636e-15,1.12902,0,9535.71,3768,33,2,2,0,2,0.0606061,3768,724,3768,1.19214,0.441011,37486,7536,2123.12
data/selected-PB25/PB24/normalized-PB16/DEC-LIN/nossum/normalized-sha1-size112-round23-6.fzn,4.39115,4.39115,1,0,0,0,0.32206,0.32206,0,0,1.89821,1.89821,0,17527.6,17527.6,9,9,1,2,2,1,8544,0,2.24842,25632,37518,8544,0,0,0,0,0,8544,3800,0,0,0,0,0,1,1,0,0,0,0,0,0,0,0,0,0,0,0,0,0,0,0,0,0,1,0,0,0,0,0,0,0,0,9.87316,2,0.575557,0.997539,0,0,0,2.63484,0,1.16299,0,9535.71,3800,33,2,2,0,2,0.0606061,3800,692,3800,1.18211,0.444757,37518,7600,2187.12
data/selected-PB25/PB24/normalized-PB16/DEC-LIN/nossum/normalized-sha1-size144-round22-2.fzn,4.34104,4.34104,1,0,0,0,0.325778,0.325778,0,0,1.86232,1.86232,0,15712.8,15712.8,9,9,1,2,2,1,7744,0,2.14634,23232,33617,7744,0,0,0,0,0,7744,3608,0,0,0,0,0,1,1,0,0,0,0,0,0,0,0,0,0,0,0,0,0,0,0,0,0,1,0,0,0,0,0,0,0,0,9.31735,2,0.56823,0.959959,0,0,0,2.54105,0,1.13078,0,8967.83,3608,33,2,2,0,2,0.0606061,3608,724,3608,1.20067,0.465909,33617,7216,2050.17
data/selected-PB25/PB24/normalized-PB16/DEC-LIN/nossum/normalized-sha1-size128-round22-4.fzn,4.3431,4.3431,1,0,0,0,0.325623,0.325623,0,0,1.86771,1.86771,0,15719.4,15719.4,9,9,1,2,2,1,7744,0,2.13687,23232,33633,7744,0,0,0,0,0,7744,3624,0,0,0,0,0,1,1,0,0,0,0,0,0,0,0,0,0,0,0,0,0,0,0,0,0,1,0,0,0,0,0,0,0,0,9.28063,2,0.574551,0.963757,0,0,0,2.55302,0,1.14897,0,8967.83,3624,33,2,2,0,2,0.0606061,3624,708,3624,1.19536,0.467975,33633,7248,2082.17
data/selected-PB25/PB24/normalized-PB16/DEC-LIN/nossum/normalized-sha1-size128-round23-3.fzn,4.38928,4.38928,1,0,0,0,0.322197,0.322197,0,0,1.89297,1.89297,0,17521.3,17521.3,9,9,1,2,2,1,8544,0,2.25793,25632,37502,8544,0,0,0,0,0,8544,3784,0,0,0,0,0,1,1,0,0,0,0,0,0,0,0,0,0,0,0,0,0,0,0,0,0,1,0,0,0,0,0,0,0,0,9.91068,2,0.569534,0.993762,0,0,0,2.6246,0,1.14653,0,9535.71,3784,33,2,2,0,2,0.0606061,3784,708,3784,1.1871,0.442884,37502,7568,2155.12
data/selected-PB25/PB24/normalized-PB16/DEC-LIN/quimper/SyncCodes/d_n_k/normalized-4_5_19.fzn,2.97156,2.97156,1,0,0,0,0.336524,0.336524,0,0,1.54105,1.54105,0,3626.44,3626.44,21,21,1,2,2,1,2461,0,4.49909,7383,7313,2461,0,0,0,0,0,2461,547,0,0,0,0,0,1,1,0,0,0,0,0,0,0,0,0,0,0,0,0,0,0,0,0,0,1,0,0,0,0,0,0,0,0,13.3693,2,0.212272,1.26274,0,0,0,1.0855,0,0,0,1838.01,547,90,2,0.4,0,2,0.0222222,547,20,547,1.03656,0.222267,7313,1094,116.113
data/selected-PB25/PB24/normalized-PB16/DEC-LIN/quimper/SyncCodes/d_n_k/normalized-5_6_36.fzn,3.18757,3.18757,1,0,0,0,0.443665,0.443665,0,0,1.53144,1.53144,0,12417.2,12417.2,39,39,1,2,2,1,8077,0,4.70414,24231,25746,8077,0,0,0,0,0,8077,1717,0,0,0,0,0,1,1,0,0,0,0,0,0,0,0,0,0,0,0,0,0,0,0,0,0,1,0,0,0,0,0,0,0,0,14.9948,2,0.193845,1.65654,0,0,0,0.751977,0,0,0,5954.39,1717,162,2,0.333333,0,2,0.0123457,1717,27,1717,1.01573,0.212579,25746,3434,332.833
data/selected-PB25/PB24/normalized-PB16/DEC-LIN/quimper/SyncCodes/d_n_k/normalized-6_6_8.fzn,3.15899,3.15899,1,0,0,0,0.44768,0.44768,0,0,1.56561,1.56561,0,1314.48,1314.48,12,12,1,2,2,1,868,0,4.23415,2604,2742,868,0,0,0,0,0,868,205,0,0,0,0,0,1,1,0,0,0,0,0,0,0,0,0,0,0,0,0,0,0,0,0,0,1,0,0,0,0,0,0,0,0,13.3756,2,0.188788,0.822392,0,0,0,1.41618,0,0,0,719.983,205,54,2,0.333333,0,2,0.037037,205,21,205,1.10244,0.236175,2742,410,38.7016
data/selected-PB25/PB24/normalized-PB16/DEC-LIN/quimper/SyncCodes/d_n_k/normalized-3_6_5.fzn,3.11719,3.11719,1,0,0,0,0.453683,0.453683,0,0,1.56515,1.56515,0,381.447,381.447,6,6,1,2,2,1,256,0,3.8209,768,798,256,0,0,0,0,0,256,67,0,0,0,0,0,1,1,0,0,0,0,0,0,0,0,0,0,0,0,0,0,0,0,0,0,1,0,0,0,0,0,0,0,0,11.9104,2,0.191294,0.496713,0,0,0,1.76362,0,0,0,231.762,67,30,2,0.333333,0,2,0.0666667,67,21,67,1.31343,0.261719,798,134,12.8167
data/selected-PB25/PB24/normalized-PB16/DEC-LIN/quimper/SyncCodes/d_n_k/normalized-3_4_3.fzn,2.63636,2.63636,1,0,0,0,0,0,0,0,1.40762,1.40762,0,176.379,176.379,4,4,1,2,2,1,132,0,3.56757,396,348,132,0,0,0,0,0,132,37,0,0,0,0,0,1,1,0,0,0,0,0,0,0,0,0,0,0,0,0,0,0,0,0,0,1,0,0,0,0,0,0,0,0,9.40541,2,0.245993,0.487228,0,0,0,1.8846,0,0.179256,0,115.095,37,22,2,0.5,0,2,0.0909091,37,19,37,1.51351,0.280303,348,74,9.10173
data/selected-PB25/PB24/normalized-PB16/DEC-LIN/quimper/SyncCodes/d_n_k/normalized-7_7_6.fzn,3.36437,3.36437,1,0,0,0,0.514821,0.514821,0,0,1.57639,1.57639,0,1155,1155,11,11,1,2,2,1,741,0,4.18644,2223,2493,741,0,0,0,0,0,741,177,0,0,0,0,0,1,1,0,0,0,0,0,0,0,0,0,0,0,0,0,0,0,0,0,0,1,0,0,0,0,0,0,0,0,14.0847,2,0.171592,0.706429,0,0,0,1.46607,0,0,0,643.297,177,50,2,0.285714,0,2,0.04,177,22,177,1.12429,0.238866,2493,354,30.3719
data/selected-PB25/PB24/normalized-PB16/DEC-LIN/quimper/SyncCodes/d_n_k/normalized-7_7_15.fzn,3.38102,3.38102,1,0,0,0,0.512287,0.512287,0,0,1.54785,1.54785,0,3528.66,3528.66,20,20,1,2,2,1,2244,0,4.47904,6732,7587,2244,0,0,0,0,0,2244,501,0,0,0,0,0,1,1,0,0,0,0,0,0,0,0,0,0,0,0,0,0,0,0,0,0,1,0,0,0,0,0,0,0,0,15.1437,2,0.173155,1.04618,0,0,0,1.11402,0,0,0,1820.86,501,86,2,0.285714,0,2,0.0232558,501,22,501,1.04391,0.223262,7587,1002,86.7508
data/selected-PB25/PB24/normalized-PB16/DEC-LIN/quimper/SyncCodes/d_n_k/normalized-5_6_18.fzn,3.17676,3.17676,1,0,0,0,0.445175,0.445175,0,0,1.5437,1.5437,0,3759.57,3759.57,21,21,1,2,2,1,2461,0,4.49909,7383,7818,2461,0,0,0,0,0,2461,547,0,0,0,0,0,1,1,0,0,0,0,0,0,0,0,0,0,0,0,0,0,0,0,0,0,1,0,0,0,0,0,0,0,0,14.2925,2,0.190822,1.16448,0,0,0,1.0855,0,0,0,1916.39,547,90,2,0.333333,0,2,0.0222222,547,21,547,1.03839,0.222267,7818,1094,104.38
data/selected-PB25/PB24/normalized-PB16/DEC-LIN/quimper/SyncCodes/d_n_k/normalized-6_6_33.fzn,3.18689,3.18689,1,0,0,0,0.44376,0.44376,0,0,1.53215,1.53215,0,11207.1,11207.1,37,37,1,2,2,1,7293,0,4.69003,21879,23242,7293,0,0,0,0,0,7293,1555,0,0,0,0,0,1,1,0,0,0,0,0,0,0,0,0,0,0,0,0,0,0,0,0,0,1,0,0,0,0,0,0,0,0,14.9466,2,0.193602,1.60989,0,0,0,0.777727,0,0,0,5397.97,1555,154,2,0.333333,0,2,0.012987,1555,27,1555,1.01736,0.213218,23242,3110,301.051
data/selected-PB25/PB24/normalized-PB16/DEC-LIN/quimper/SyncCodes/d_n_k/normalized-5_6_11.fzn,3.16493,3.16493,1,0,0,0,0.446839,0.446839,0,0,1.55824,1.55824,0,1749.35,1749.35,14,14,1,2,2,1,1152,0,4.31461,3456,3646,1152,0,0,0,0,0,1152,267,0,0,0,0,0,1,1,0,0,0,0,0,0,0,0,0,0,0,0,0,0,0,0,0,0,1,0,0,0,0,0,0,0,0,13.6554,2,0.189155,0.908772,0,0,0,1.32573,0,0,0,938.05,267,62,2,0.333333,0,2,0.0322581,267,21,267,1.07865,0.231771,3646,534,50.5044
data/selected-PB25/PB24/normalized-PB16/DEC-LIN/quimper/SyncCodes/d_n_k/normalized-2_4_1.fzn,0,0,0,0,0,0,0,0,0,0,0,0,0,0,0,0,0,0,0,0,0,0,0,0,0,0,0,0,1,0,0,0,0,0,0,0,0,0,0,0,0,0,0,0,0,0,0,0,0,0,0,0,0,0,0,0,0,0,0,1,0,0,0,0,0,0,0,0,0,0,0,0,0,0,0,0,0,0,0,0,0,0,0,0,0,0,0,0,0,0,0,0,0,0,0
data/selected-PB25/PB24/normalized-PB16/DEC-LIN/quimper/SyncCodes/d-equals-n_k/normalized-compression32_15.fzn,8.45553,8.45553,1,0,0,0,1.40433,1.40433,0,0,1.54669,1.54669,0,21641,21641,45,45,1,2,2,1,10669,0,4.73967,32007,90212,10669,0,0,0,0,0,10669,2251,0,0,0,0,0,1,1,0,0,0,0,0,0,0,0,0,0,0,0,0,0,0,0,0,0,1,0,0,0,0,0,0,0,0,40.0764,2,0.0541046,0.557951,0,0,0,0.684843,0,0,68160,11798.9,2251,186,2,0.0625,0,2,0.0107527,70411,49,2251,31.3016,0.210985,90212,4502,121.79
data/selected-PB25/PB24/normalized-PB16/DEC-LIN/quimper/SyncCodes/d-equals-n_k/normalized-compression32_10.fzn,8.48893,8.48893,1,0,0,0,1.3988,1.3988,0,0,1.55165,1.55165,0,17158.9,17158.9,40,40,1,2,2,1,8443,0,4.68795,25329,71672,8443,0,0,0,0,0,8443,1801,0,0,0,0,0,1,1,0,0,0,0,0,0,0,0,0,0,0,0,0,0,0,0,0,0,1,0,0,0,0,0,0,0,0,39.7957,2,0.0540387,0.501309,0,0,0,0.739792,0,0,54080,9440.07,1801,164,2,0.0625,0,2,0.0121951,55881,51,1801,31.0561,0.213313,71672,3602,97.3237
data/selected-PB25/PB24/normalized-PB16/OPT-LIN/lion9-single-obj/normalized-single-obj-f4-DataDisplay_2_order9.seq-A-3-2-irabcde.fzn,2.55213,2.55478,1.00002,0,0,0,0.876159,0.958787,0,0,1.24757,1.24757,0,13051.6,13051.8,131,158.781,1.21207,2,2,1,10465,0,3.11551,31395,26735.8,10465.2,0,0,0,0,0,10465,3359,0,0,0,0,0,1,1,0,0,0,0,0,0,0,0,1,0.125768,9.55566e-05,-0.448696,4.61373e+08,3358.95,4.61373e+08,0,0,0,2,0,0,0,0,0,0,0,0,7.95118,137356,137355,1.94838,0,0,1,2.95088,0.00391673,0.944103,1076,8464.63,3386.78,221,4.61373e+08,4.61373e+08,0,2,0.00904977,4434,508,3359,1.47127,0.320975,26708,4.6138e+08,4.61375e+08
data/selected-PB25/PB24/normalized-PB16/OPT-LIN/lion9-single-obj/normalized-single-obj-f37-AC_TotalLoss.seq-B-2-2-abcdeir.fzn,2.50986,0,0,0,0,0,1.32144,0,0,0,1.16805,1.16625,0,9488.78,9480.67,276,27,1,2,2,1,7661,0,2.87036,22983,0,0,0,0,0,0,0,7661,2669,0,0,0,0,0,1,1,0,0,0,0,0,0,0,0,1,0.138808,0.000130531,-0.769536,-8.3182e+08,2669.02,-8.3182e+08,0,0,0,2,0,0,0,0,0,0,0,0,7.2042,-311658,-311659,1.11911,0,0,1,2.81554,0.00480499,0.928875,216,6310.43,0,53,2,0.666667,0,-8.3182e+08,-8.3182e+08,2884,410,2669,1.23417,0.348388,19228,-8.31815e+08,-8.31819e+08
data/selected-PB25/PB24/normalized-PB16/OPT-LIN/lion9-single-obj/normalized-single-obj-f13-ACDoubleLoss.seq-B-2-2-irEDCBA.fzn,2.43835,0,0,0,0,0,1.23034,0,0,0,1.02548,1.02313,0,6874.73,6866.94,221,26,1,2,2,1,5685,0,3.15658,17055,0,0,0,0,0,0,0,5685,1801,0,0,0,0,0,1,1,0,0,0,0,0,0,0,0,1,0.129924,0.000175901,-0.794768,-1.95592e+08,1801.03,-1.95592e+08,0,0,0,2,0,0,0,0,0,0,0,0,7.69684,-108600,-108602,1.09476,0,0,1,3.14378,0.0068056,0.977217,260,4474.07,0,51,2,0.666667,0,-1.95592e+08,-1.95592e+08,2060,928,1801,1.65908,0.316799,13862,-1.95589e+08,-1.95592e+08
data/selected-PB25/PB24/normalized-PB16/OPT-LIN/lion9-single-obj/normalized-single-obj-f3-DataDisplay_1_order6.seq-B-2-2-irabcde.fzn,2.55332,2.56362,1.0001,0,0,0,0.875749,1.10329,0,0,1.21754,1.21754,0,3093.4,3093.71,107,132.605,1.2393,2,2,1,2485,0,2.77964,7455,6370.61,2485.24,0,0,0,0,0,2485,894,0,0,0,0,0,1,1,0,0,0,0,0,0,0,0,1,0.140898,0.000402414,-0.940836,1.02106e+08,893.984,1.02106e+08,0,0,0,2,0,0,0,0,0,0,0,0,7.09732,114214,114213,0.913126,0,0,1,2.66809,0.0125794,0.960096,134,2149.32,919.605,25,1.02106e+08,1.02106e+08,0,2,0.08,1027,243,894,1.42058,0.359759,6345,1.02107e+08,1.02106e+08
data/selected-PB25/PB24/normalized-PB16/OPT-LIN/lion9-single-obj/normalized-single-obj-f12-ACDoubleLoss.seq-B-3-combined-EDCBAir.fzn,2.48636,2.49481,1.0001,0,0,0,0.985173,1.13373,0,0,0.640272,0.640272,0,4008.11,4008.56,81,110.736,1.36712,2,2,1,3518,0,4.01598,10554,8776.74,3518.37,0,0,0,0,0,3518,876,0,0,0,0,0,1,1,0,0,0,0,0,0,0,0,1,0.100149,0.000284252,-0.701623,1.7889e+09,875.999,1.7889e+09,0,0,0,2,0,0,0,0,0,0,0,0,9.98516,2.04212e+06,2.04212e+06,1.28253,0,0,1,2.97711,0.0128044,0.949571,520,2251.23,905.736,138,1.7889e+09,1.7889e+09,0,2,0.0144928,1395,3230,876,5.27968,0.249005,8747,1.7889e+09,1.7889e+09
"data/selected-PB25/PB24/normalized-PB06/DEC-LIN/web/www.ps.uni-sb.de/~walser/benchmarks/ppp-problems/normalized-ppp:1-9,16-19.fzn",3.19309,3.19309,1,0,0,0,0.442898,0.442898,0,0,0.252165,0.252165,0,50113.7,50113.7,29,29,1,3,3,1,30747,0,6.64656,92241,98178,30747,0,0,0,0,0,30747,4626,0,0,0,0,0,1,1,0,0,0,0,0,0,0,0,0,0,0,0,0,0,0,0,0,0,1,0,0,0,0,0,0,0,0,21.2231,2,0.113002,0.402581,0,0,0,2.20512,0,0,4338,19793.1,4626,31,2,0.25,0,2,0.0645161,8964,131,4626,1.96606,0.150454,98178,9252,522.746
data/selected-PB25/PB24/normalized-PB06/DEC-LIN/web/www.ps.uni-sb.de/~walser/benchmarks/ppp-problems/normalized-ppp:1-13.fzn,3.19222,3.19222,1,0,0,0,0.443018,0.443018,0,0,0.250375,0.250375,0,50460.5,50460.5,29,29,1,3,3,1,30964,0,6.6848,92892,98844,30964,0,0,0,0,0,30964,4632,0,0,0,0,0,1,1,0,0,0,0,0,0,0,0,0,0,0,0,0,0,0,0,0,0,1,0,0,0,0,0,0,0,0,21.3394,2,0.111125,0.400387,0,0,0,2.04323,0,0,4332,19878.5,4632,31,2,0.181818,0,2,0.0645161,8964,133,4632,1.96395,0.149593,98844,9264,514.729
"data/selected-PB25/PB24/normalized-PB06/DEC-LIN/web/www.ps.uni-sb.de/~walser/benchmarks/ppp-problems/normalized-ppp:1,3-13,19.fzn",3.19415,3.19415,1,0,0,0,0.442751,0.442751,0,0,0.252512,0.252512,0,49475.6,49475.6,29,29,1,3,3,1,30348,0,6.58594,91044,96936,30348,0,0,0,0,0,30348,4608,0,0,0,0,0,1,1,0,0,0,0,0,0,0,0,0,0,0,0,0,0,0,0,0,0,1,0,0,0,0,0,0,0,0,21.0365,2,0.113689,0.408925,0,0,0,1.81508,0,0,4044,19654.2,4608,31,2,0.181818,0,2,0.0645161,8652,100,4608,1.89931,0.151839,96936,9216,523.878
"data/selected-PB25/PB24/normalized-PB06/DEC-LIN/web/www.ps.uni-sb.de/~walser/benchmarks/ppp-problems/normalized-ppp:1-11,19,21.fzn",3.19474,3.19474,1,0,0,0,0.44267,0.44267,0,0,0.255125,0.255125,0,49205.5,49205.5,29,29,1,3,3,1,30179,0,6.5578,90537,96414,30179,0,0,0,0,0,30179,4602,0,0,0,0,0,1,1,0,0,0,0,0,0,0,0,0,0,0,0,0,0,0,0,0,0,1,0,0,0,0,0,0,0,0,20.9505,2,0.114495,0.410603,0,0,0,2.11598,0,0,4038,19593.5,4602,31,2,0.2,0,2,0.0645161,8640,137,4602,1.90721,0.15249,96414,9204,526.907
"data/selected-PB25/PB24/normalized-PB06/DEC-LIN/web/www.ps.uni-sb.de/~walser/benchmarks/ppp-problems/normalized-ppp:3-13,25,26.fzn",3.1914,3.1914,1,0,0,0,0.443133,0.443133,0,0,0.249078,0.249078,0,50924.3,50924.3,29,29,1,3,3,1,31254,0,6.72997,93762,99744,31254,0,0,0,0,0,31254,4644,0,0,0,0,0,1,1,0,0,0,0,0,0,0,0,0,0,0,0,0,0,0,0,0,0,1,0,0,0,0,0,0,0,0,21.478,2,0.110138,0.397802,0,0,0,2.08189,0,0,4296,19982.9,4644,31,2,0.181818,0,2,0.0645161,8940,133,4644,1.9537,0.148589,99744,9288,511.482
"data/selected-PB25/PB24/normalized-PB06/DEC-LIN/web/www.ps.uni-sb.de/~walser/benchmarks/ppp-problems/normalized-ppp:1-12,16.fzn",3.18998,3.18998,1,0,0,0,0.44333,0.44333,0,0,0.245824,0.245824,0,51677.1,51677.1,29,29,1,3,3,1,31725,0,6.80502,95175,101202,31725,0,0,0,0,0,31725,4662,0,0,0,0,0,1,1,0,0,0,0,0,0,0,0,0,0,0,0,0,0,0,0,0,0,1,0,0,0,0,0,0,0,0,21.7079,2,0.108421,0.390885,0,0,0,1.99946,0,0,4392,20148.5,4662,31,2,0.181818,0,2,0.0645161,9054,135,4662,1.97104,0.14695,101202,9324,505.457
data/selected-PB25/PB24/normalized-PB06/DEC-LIN/web/uclid_pb_benchmarks/normalized-blast-tlan2.ucl.fzn,7.01529,7.01529,1,0,0,0,1.04749,1.04749,0,0,1.79698,1.79698,0,5124.29,5124.29,19,19,1,2,2,1,2485,0,1.3353,7455,17433,2485,0,0,0,0,0,2485,1861,0,0,0,0,0,1,1,0,0,0,0,0,0,0,0,0,0,0,0,0,0,0,0,0,0,1,0,0,0,0,0,0,0,0,9.36754,2,0.352333,1.23112,0,0,0,2.73151,0,0.952482,3648,5118.54,1861,100,2,0.666667,0,2,0.02,5509,450,1861,3.20204,0.748893,17433,3722,655.692
data/selected-PB25/PB24/normalized-PB06/DEC-LIN/web/uclid_pb_benchmarks/normalized-ooo.rf7.ucl.fzn,2.61191,2.61191,1,0,0,0,0.541449,0.541449,0,0,1.11838,1.11838,0,13153.1,13153.1,11,11,1,2,2,1,10397,0,2.7979,31191,27156,10397,0,0,0,0,0,10397,3716,0,0,0,0,0,1,1,0,0,0,0,0,0,0,0,0,0,0,0,0,0,0,0,0,0,1,0,0,0,0,0,0,0,0,7.30786,2,0.359651,0.977226,0,0,0,2.07033,0,0.383628,1606,9654.3,3716,111,2,1,0,2,0.018018,5322,236,3716,1.49569,0.357411,27156,7432,1336.46
data/selected-PB25/PB24/normalized-PB06/DEC-LIN/web/uclid_pb_benchmarks/normalized-ooo.burch_dill.4.accl.ucl.fzn,2.99544,2.99544,1,0,0,0,0.81774,0.81774,0,0,1.23283,1.23283,0,13892.8,13892.8,13,13,1,2,2,1,10305,0,2.64502,30915,30868,10305,0,0,0,0,0,10305,3896,0,0,0,0,0,1,1,0,0,0,0,0,0,0,0,0,0,0,0,0,0,0,0,0,0,1,0,0,0,0,0,0,0,0,7.923,2,0.361538,2.37136,0,0,0,2.28581,0,0.544285,4264,10114.3,3896,446,2,1,0,2,0.0044843,8160,557,3896,2.23742,0.378069,30868,7792,1408.55
data/selected-PB25/PB24/normalized-PB06/DEC-LIN/web/uclid_pb_benchmarks/normalized-blast-floppy1-8.ucl.fzn,9.88617,9.88617,1,0,0,0,1.0657,1.0657,0,0,1.9055,1.9055,1.77636e-15,7216.57,7216.57,25,25,1,2,2,1,3066,0,0.986169,9198,30311,3066,0,0,0,0,0,3066,3109,0,0,0,0,0,1,1,0,0,0,0,0,0,0,0,0,0,0,0,0,0,0,0,0,0,1,0,0,0,0,0,0,0,0,9.74944,2,0.366357,1.76766,0,0,0,2.69979,0,0.992582,8150,8415.73,3109,238,2,1,0,2,0.00840336,11259,1401,3109,4.07205,1.01402,30311,6218,1139
data/selected-PB25/PB24/normalized-PB06/DEC-LIN/web/uclid_pb_benchmarks/normalized-ooo.rf6.ucl.fzn,2.62303,2.62303,1,0,0,0,0.539153,0.539153,0,0,1.12768,1.12768,0,6228.71,6228.71,9,9,1,2,2,1,4881,0,2.73139,14643,12803,4881,0,0,0,0,0,4881,1787,0,0,0,0,0,1,1,0,0,0,0,0,0,0,0,0,0,0,0,0,0,0,0,0,0,1,0,0,0,0,0,0,0,0,7.16452,2,0.35923,0.860408,0,0,0,2.23142,0,0.464188,0,4644.95,1787,77,2,1,0,2,0.025974,1787,153,1787,1.08562,0.366114,12803,3574,641.945
data/selected-PB25/PB24/normalized-PB06/DEC-LIN/submitted-PB05/aloul/FPGA_SAT05/normalized-chnl30_40_pb.cnf.cr.fzn,34.2857,34.2857,1,0,0,0,0.142887,0.142887,0,0,0.985228,0.985228,0,711.867,711.867,40,40,1,30,30,1,140,0,0.0583333,420,4800,140,0,0,0,0,0,140,2400,0,0,0,0,0,1,1,0,0,0,0,0,0,0,0,0,0,0,0,0,0,0,0,0,0,1,0,0,0,0,0,0,0,0,2,2,1,0,0,0,0,0,0,0,4800,2400,2400,2,2,1,0,2,1,7200,110,2400,3.04583,17.1429,4800,4800,2400
data/selected-PB25/PB24/normalized-PB06/DEC-LIN/submitted-PB05/aloul/FPGA_SAT05/normalized-chnl35_40_pb.cnf.cr.fzn,37.3333,37.3333,1,0,0,0,0.0656113,0.0656113,0,0,0.996792,0.996792,0,782.878,782.878,40,40,1,35,35,1,150,0,0.0535714,450,5600,150,0,0,0,0,0,150,2800,0,0,0,0,0,1,1,0,0,0,0,0,0,0,0,0,0,0,0,0,0,0,0,0,0,1,0,0,0,0,0,0,0,0,2,2,1,0,0,0,0,0,0,0,5600,2800,2800,2,2,1,0,2,1,8400,115,2800,3.04107,18.6667,5600,5600,2800
data/selected-PB25/PB24/normalized-PB06/DEC-LIN/submitted-PB05/aloul/FPGA_SAT05/normalized-fpga15_15_sat_pb.cnf.cr.fzn,9.1963,9.1963,1,0,0,0,0.217479,0.217479,0,0,1.53472,1.53472,0,856.249,856.249,15,15,1,7,7,1,270,0,0.798817,810,2483,270,0,0,0,0,0,270,338,0,0,0,0,0,1,1,0,0,0,0,0,0,0,0,0,0,0,0,0,0,0,0,0,0,1,0,0,0,0,0,0,0,0,7.34615,2,0.485577,0.82802,0,0,0,0.919279,0,0.919279,450,808.617,338,16,2,0.666667,0,2,0.125,788,62,338,2.51479,1.25185,2483,676,164.125
data/selected-PB25/PB24/normalized-PB06/DEC-LIN/submitted-PB05/aloul/FPGA_SAT05/normalized-fpga14_12_sat_pb.cnf.cr.fzn,7.74757,7.74757,1,0,0,0,0.22356,0.22356,0,0,0.672636,0.672636,8.88178e-16,601.202,601.202,14,14,1,7,7,1,206,0,0.81746,618,1596,206,0,0,0,0,0,206,252,0,0,0,0,0,1,1,0,0,0,0,0,0,0,0,0,0,0,0,0,0,0,0,0,0,1,0,0,0,0,0,0,0,0,6.33333,2,0.495726,0.740592,0,0,0,0.918296,0,0.918296,336,577.111,252,13,2,0.666667,0,2,0.153846,588,40,252,2.49206,1.2233,1596,504,124.923
data/selected-PB25/PB24/normalized-PB06/DEC-LIN/submitted-PB05/aloul/FPGA_SAT05/normalized-chnl10_11_pb.cnf.cr.fzn,10.4762,10.4762,1,0,0,0,0,0,0,0,0.998364,0.998364,0,142.271,142.271,11,11,1,10,10,1,42,0,0.190909,126,440,42,0,0,0,0,0,42,220,0,0,0,0,0,1,1,0,0,0,0,0,0,0,0,0,0,0,0,0,0,0,0,0,0,1,0,0,0,0,0,0,0,0,2,2,1,0,0,0,0,0,0,0,220,220,220,2,2,1,0,2,1,440,21,220,2.09545,5.2381,440,440,220
data/selected-PB25/PB24/normalized-PB06/DEC-LIN/submitted-PB05/aloul/FPGA_SAT05/normalized-fpga45_44_sat_pb.cnf.cr.fzn,23.8949,23.8949,1,0,0,0,0.177554,0.177554,0,0,0.376907,0.376907,0,9641.59,9641.59,45,45,1,22,22,1,2113,0,0.711448,6339,50490,2113,0,0,0,0,0,2113,2970,0,0,0,0,0,1,1,0,0,0,0,0,0,0,0,0,0,0,0,0,0,0,0,0,0,1,0,0,0,0,0,0,0,0,17,2,0.459259,1.16465,0,0,0,0.918296,0,0.918296,50490,8575.16,2970,45,2,0.666667,0,2,0.0444444,53460,225,2970,18.0758,1.40558,50490,5940,1364
data/selected-PB25/PB24/normalized-PB06/DEC-LIN/submitted-PB05/aloul/FPGA_SAT05/normalized-chnl20_25_pb.cnf.cr.fzn,22.2222,22.2222,1,0,0,0,0.110227,0.110227,0,0,0.991076,0.991076,-8.88178e-16,401.851,401.851,25,25,1,20,20,1,90,0,0.09,270,2000,90,0,0,0,0,0,90,1000,0,0,0,0,0,1,1,0,0,0,0,0,0,0,0,0,0,0,0,0,0,0,0,0,0,1,0,0,0,0,0,0,0,0,2,2,1,0,0,0,0,-1.77636e-15,-1.77636e-15,-1.77636e-15,2000,1000,1000,2,2,1,0,2,1,3000,45,1000,3.045,11.1111,2000,2000,1000
data/selected-PB25/PB24/normalized-PB06/DEC-LIN/submitted-PB05/aloul/FPGA_SAT05/normalized-fpga20_20_sat_pb.cnf.cr.fzn,11.7391,11.7391,1,0,0,0,0.20866,0.20866,0,0,0.678407,0.678407,0,1623.09,1623.09,20,20,1,10,10,1,460,0,0.766667,1380,5400,460,0,0,0,0,0,460,600,0,0,0,0,0,1,1,0,0,0,0,0,0,0,0,0,0,0,0,0,0,0,0,0,0,1,0,0,0,0,0,0,0,0,9,2,0.47619,0.942809,0,0,0,0.918296,0,0.918296,5200,1512.45,600,21,2,0.666667,0,2,0.0952381,5800,61,600,9.76833,1.30435,5400,1200,285.714
data/selected-PB25/PB24/normalized-PB06/DEC-LIN/submitted-PB05/aloul/FPGA_SAT05/normalized-fpga15_13_sat_pb.cnf.cr.fzn,8.29237,8.29237,1,0,0,0,0.241185,0.241185,0,0,1.52213,1.52213,0,711.61,711.61,15,15,1,7,7,1,236,0,0.805461,708,1957,236,0,0,0,0,0,236,293,0,0,0,0,0,1,1,0,0,0,0,0,0,0,0,0,0,0,0,0,0,0,0,0,0,1,0,0,0,0,0,0,0,0,6.67918,2,0.491468,0.76342,0,0,0,0.919429,0,0.919429,390,682.188,293,14,2,0.666667,0,2,0.142857,683,58,293,2.52901,1.24153,1957,586,144
data/selected-PB25/PB24/normalized-PB06/DEC-LIN/submitted-PB05/aloul/FPGA_SAT05/normalized-fpga45_45_sat_pb.cnf.cr.fzn,24.3856,24.3856,1,0,0,0,0.173981,0.173981,0,0,1.27934,1.27934,0,9920.18,9920.18,45,45,1,22,22,1,2160,0,0.710994,6480,52673,2160,0,0,0,0,0,2160,3038,0,0,0,0,0,1,1,0,0,0,0,0,0,0,0,0,0,0,0,0,0,0,0,0,0,1,0,0,0,0,0,0,0,0,17.3381,2,0.458869,1.16786,0,0,0,0.918406,0,0.918406,52673,8804.92,3038,46,2,0.666667,0,2,0.0434783,55711,274,3038,18.4282,1.40648,52673,6076,1394.04
data/selected-PB25/PB24/normalized-PB06/DEC-LIN/submitted-PB05/aloul/FPGA_SAT05/normalized-fpga12_11_sat_pb.cnf.cr.fzn,7.15663,7.15663,1,0,0,0,0.242021,0.242021,0,0,1.57657,1.57657,0,465.275,465.275,12,12,1,6,6,1,166,0,0.838384,498,1188,166,0,0,0,0,0,166,198,0,0,0,0,0,1,1,0,0,0,0,0,0,0,0,0,0,0,0,0,0,0,0,0,0,1,0,0,0,0,0,0,0,0,6,2,0.5,0.707107,0,0,0,0.918296,0,0.918296,264,445.823,198,12,2,0.666667,0,2,0.166667,462,42,198,2.54545,1.19277,1188,396,99
data/selected-PB25/PB24/normalized-PB06/DEC-LIN/submitted-PB05/aloul/FPGA_SAT05/normalized-fpga11_10_sat_pb.cnf.cr.fzn,6.63121,6.63121,1,0,0,0,0.213266,0.213266,0,0,0.96853,0.96853,0,380.016,380.016,11,11,1,5,5,1,141,0,0.854545,423,935,141,0,0,0,0,0,141,165,0,0,0,0,0,1,1,0,0,0,0,0,0,0,0,0,0,0,0,0,0,0,0,0,0,1,0,0,0,0,0,0,0,0,5.66667,2,0.505051,0.660292,0,0,0,0.918296,0,0.918296,110,364.615,165,11,2,0.666667,0,2,0.181818,275,38,165,1.89697,1.17021,935,330,83.3333
data/selected-PB25/PB24/normalized-PB06/DEC-LIN/submitted-PB05/aloul/FPGA_SAT05/normalized-chnl40_45_pb.cnf.cr.fzn,42.3529,42.3529,1,0,0,0,0.0578352,0.0578352,0,0,0.997503,0.997503,0,918.322,918.322,45,45,1,40,40,1,170,0,0.0472222,510,7200,170,0,0,0,0,0,170,3600,0,0,0,0,0,1,1,0,0,0,0,0,0,0,0,0,0,0,0,0,0,0,0,0,0,1,0,0,0,0,0,0,0,0,2,2,1,0,0,0,0,0,0,0,7200,3600,3600,2,2,1,0,2,1,10800,130,3600,3.03611,21.1765,7200,7200,3600
data/selected-PB25/PB24/normalized-PB06/DEC-LIN/submitted-PB05/aloul/FPGA_SAT05/normalized-chnl40_50_pb.cnf.cr.fzn,44.4444,44.4444,1,0,0,0,0.110227,0.110227,0,0,0.991076,0.991076,-8.88178e-16,983.701,983.701,50,50,1,40,40,1,180,0,0.045,540,8000,180,0,0,0,0,0,180,4000,0,0,0,0,0,1,1,0,0,0,0,0,0,0,0,0,0,0,0,0,0,0,0,0,0,1,0,0,0,0,0,0,0,0,2,2,1,0,0,0,0,-1.77636e-15,-1.77636e-15,-1.77636e-15,8000,4000,4000,2,2,1,0,2,1,12000,140,4000,3.035,22.2222,8000,8000,4000
data/selected-PB25/PB24/normalized-PB06/DEC-LIN/submitted-PB06/namasivayam/wnqueen/normalized-t2001.13queen13.1110969933.fzn,11.9091,11.9091,1,0,0,0,1.36692,1.36692,0,0,2.60144,2.60144,0,322.566,322.566,169,169,1,2,2,1,99,0,0.585799,297,1179,99,0,0,0,0,0,99,169,0,0,0,0,0,1,1,0,0,0,0,0,0,0,0,0,0,0,0,0,0,0,0,0,0,1,0,0,0,0,0,0,0,0,6.97633,2,0.286841,0,0,0,0,0.161571,-8.88178e-16,-8.88178e-16,625,473.553,169,7,2,0.333333,0,2,0.285714,794,272,169,6.30769,1.70707,1179,338,48.4762
data/selected-PB25/PB24/normalized-PB06/DEC-LIN/submitted-PB06/namasivayam/wnqueen/normalized-t2001.13queen13.1110978113.fzn,11.9091,11.9091,1,0,0,0,1.36692,1.36692,0,0,2.60144,2.60144,0,322.566,322.566,169,169,1,2,2,1,99,0,0.585799,297,1179,99,0,0,0,0,0,99,169,0,0,0,0,0,1,1,0,0,0,0,0,0,0,0,0,0,0,0,0,0,0,0,0,0,1,0,0,0,0,0,0,0,0,6.97633,2,0.286841,0,0,0,0,0.161571,-8.88178e-16,-8.88178e-16,625,473.553,169,7,2,0.333333,0,2,0.285714,794,272,169,6.30769,1.70707,1179,338,48.4762
data/selected-PB25/PB24/normalized-PB06/DEC-LIN/submitted-PB06/namasivayam/wnqueen/normalized-t2001.13queen13.1110974180.fzn,11.9091,11.9091,1,0,0,0,1.36692,1.36692,0,0,2.60144,2.60144,0,322.566,322.566,169,169,1,2,2,1,99,0,0.585799,297,1179,99,0,0,0,0,0,99,169,0,0,0,0,0,1,1,0,0,0,0,0,0,0,0,0,0,0,0,0,0,0,0,0,0,1,0,0,0,0,0,0,0,0,6.97633,2,0.286841,0,0,0,0,0.161571,-8.88178e-16,-8.88178e-16,625,473.553,169,7,2,0.333333,0,2,0.285714,794,272,169,6.30769,1.70707,1179,338,48.4762
data/selected-PB25/PB24/normalized-PB06/DEC-LIN/submitted-PB06/namasivayam/wnqueen/normalized-t2001.13queen13.1111226284.fzn,11.9091,11.9091,1,0,0,0,1.36692,1.36692,0,0,2.60144,2.60144,0,322.566,322.566,169,169,1,2,2,1,99,0,0.585799,297,1179,99,0,0,0,0,0,99,169,0,0,0,0,0,1,1,0,0,0,0,0,0,0,0,0,0,0,0,0,0,0,0,0,0,1,0,0,0,0,0,0,0,0,6.97633,2,0.286841,0,0,0,0,0.161571,-8.88178e-16,-8.88178e-16,625,473.553,169,7,2,0.333333,0,2,0.285714,794,272,169,6.30769,1.70707,1179,338,48.4762
data/selected-PB25/PB24/normalized-PB06/DEC-LIN/submitted-PB06/namasivayam/wnqueen/normalized-t2001.13queen13.1110967142.fzn,11.9091,11.9091,1,0,0,0,1.36692,1.36692,0,0,2.60144,2.60144,0,322.566,322.566,169,169,1,2,2,1,99,0,0.585799,297,1179,99,0,0,0,0,0,99,169,0,0,0,0,0,1,1,0,0,0,0,0,0,0,0,0,0,0,0,0,0,0,0,0,0,1,0,0,0,0,0,0,0,0,6.97633,2,0.286841,0,0,0,0,0.161571,-8.88178e-16,-8.88178e-16,625,473.553,169,7,2,0.333333,0,2,0.285714,794,272,169,6.30769,1.70707,1179,338,48.4762
data/selected-PB25/PB24/normalized-PB06/DEC-LIN/submitted-PB06/namasivayam/wnqueen/normalized-t2001.13queen13.1110968094.fzn,11.9091,11.9091,1,0,0,0,1.36692,1.36692,0,0,2.60144,2.60144,0,322.566,322.566,169,169,1,2,2,1,99,0,0.585799,297,1179,99,0,0,0,0,0,99,169,0,0,0,0,0,1,1,0,0,0,0,0,0,0,0,0,0,0,0,0,0,0,0,0,0,1,0,0,0,0,0,0,0,0,6.97633,2,0.286841,0,0,0,0,0.161571,-8.88178e-16,-8.88178e-16,625,473.553,169,7,2,0.333333,0,2,0.285714,794,272,169,6.30769,1.70707,1179,338,48.4762
data/selected-PB25/PB24/normalized-PB06/DEC-LIN/submitted-PB06/namasivayam/wnqueen/normalized-t2001.13queen13.1110974372.fzn,11.9091,11.9091,1,0,0,0,1.36692,1.36692,0,0,2.60144,2.60144,0,322.566,322.566,169,169,1,2,2,1,99,0,0.585799,297,1179,99,0,0,0,0,0,99,169,0,0,0,0,0,1,1,0,0,0,0,0,0,0,0,0,0,0,0,0,0,0,0,0,0,1,0,0,0,0,0,0,0,0,6.97633,2,0.286841,0,0,0,0,0.161571,-8.88178e-16,-8.88178e-16,625,473.553,169,7,2,0.333333,0,2,0.285714,794,272,169,6.30769,1.70707,1179,338,48.4762
data/selected-PB25/PB24/normalized-PB06/DEC-LIN/submitted-PB06/namasivayam/wnqueen/normalized-t2001.13queen13.1110973863.fzn,11.9091,11.9091,1,0,0,0,1.36692,1.36692,0,0,2.60144,2.60144,0,322.566,322.566,169,169,1,2,2,1,99,0,0.585799,297,1179,99,0,0,0,0,0,99,169,0,0,0,0,0,1,1,0,0,0,0,0,0,0,0,0,0,0,0,0,0,0,0,0,0,1,0,0,0,0,0,0,0,0,6.97633,2,0.286841,0,0,0,0,0.161571,-8.88178e-16,-8.88178e-16,625,473.553,169,7,2,0.333333,0,2,0.285714,794,272,169,6.30769,1.70707,1179,338,48.4762
data/selected-PB25/PB24/normalized-PB06/DEC-LIN/submitted-PB06/namasivayam/wnqueen/normalized-t2001.13queen13.1111223689.fzn,11.9091,11.9091,1,0,0,0,1.36692,1.36692,0,0,2.60144,2.60144,0,322.566,322.566,169,169,1,2,2,1,99,0,0.585799,297,1179,99,0,0,0,0,0,99,169,0,0,0,0,0,1,1,0,0,0,0,0,0,0,0,0,0,0,0,0,0,0,0,0,0,1,0,0,0,0,0,0,0,0,6.97633,2,0.286841,0,0,0,0,0.161571,-8.88178e-16,-8.88178e-16,625,473.553,169,7,2,0.333333,0,2,0.285714,794,272,169,6.30769,1.70707,1179,338,48.4762
data/selected-PB25/PB24/normalized-PB06/DEC-LIN/submitted-PB06/namasivayam/wnqueen/normalized-t2001.13queen13.1110973163.fzn,11.9091,11.9091,1,0,0,0,1.36692,1.36692,0,0,2.60144,2.60144,0,322.566,322.566,169,169,1,2,2,1,99,0,0.585799,297,1179,99,0,0,0,0,0,99,169,0,0,0,0,0,1,1,0,0,0,0,0,0,0,0,0,0,0,0,0,0,0,0,0,0,1,0,0,0,0,0,0,0,0,6.97633,2,0.286841,0,0,0,0,0.161571,-8.88178e-16,-8.88178e-16,625,473.553,169,7,2,0.333333,0,2,0.285714,794,272,169,6.30769,1.70707,1179,338,48.4762
data/selected-PB25/PB24/normalized-PB06/DEC-LIN/submitted-PB06/namasivayam/wnqueen/normalized-t2001.13queen13.1110977780.fzn,11.9091,11.9091,1,0,0,0,1.36692,1.36692,0,0,2.60144,2.60144,0,322.566,322.566,169,169,1,2,2,1,99,0,0.585799,297,1179,99,0,0,0,0,0,99,169,0,0,0,0,0,1,1,0,0,0,0,0,0,0,0,0,0,0,0,0,0,0,0,0,0,1,0,0,0,0,0,0,0,0,6.97633,2,0.286841,0,0,0,0,0.161571,-8.88178e-16,-8.88178e-16,625,473.553,169,7,2,0.333333,0,2,0.285714,794,272,169,6.30769,1.70707,1179,338,48.4762
data/selected-PB25/PB24/normalized-PB06/DEC-LIN/submitted-PB06/namasivayam/wnqueen/normalized-t2001.13queen13.1111219348.fzn,11.9091,11.9091,1,0,0,0,1.36692,1.36692,0,0,2.60144,2.60144,0,322.566,322.566,169,169,1,2,2,1,99,0,0.585799,297,1179,99,0,0,0,0,0,99,169,0,0,0,0,0,1,1,0,0,0,0,0,0,0,0,0,0,0,0,0,0,0,0,0,0,1,0,0,0,0,0,0,0,0,6.97633,2,0.286841,0,0,0,0,0.161571,-8.88178e-16,-8.88178e-16,625,473.553,169,7,2,0.333333,0,2,0.285714,794,272,169,6.30769,1.70707,1179,338,48.4762
data/selected-PB25/PB24/normalized-PB06/DEC-LIN/submitted-PB06/namasivayam/wnqueen/normalized-t2001.13queen13.1111224255.fzn,11.9091,11.9091,1,0,0,0,1.36692,1.36692,0,0,2.60144,2.60144,0,322.566,322.566,169,169,1,2,2,1,99,0,0.585799,297,1179,99,0,0,0,0,0,99,169,0,0,0,0,0,1,1,0,0,0,0,0,0,0,0,0,0,0,0,0,0,0,0,0,0,1,0,0,0,0,0,0,0,0,6.97633,2,0.286841,0,0,0,0,0.161571,-8.88178e-16,-8.88178e-16,625,473.553,169,7,2,0.333333,0,2,0.285714,794,272,169,6.30769,1.70707,1179,338,48.4762
data/selected-PB25/PB24/normalized-PB06/DEC-LIN/submitted-PB06/namasivayam/wnqueen/normalized-t2001.13queen13.1110973670.fzn,11.9091,11.9091,1,0,0,0,1.36692,1.36692,0,0,2.60144,2.60144,0,322.566,322.566,169,169,1,2,2,1,99,0,0.585799,297,1179,99,0,0,0,0,0,99,169,0,0,0,0,0,1,1,0,0,0,0,0,0,0,0,0,0,0,0,0,0,0,0,0,0,1,0,0,0,0,0,0,0,0,6.97633,2,0.286841,0,0,0,0,0.161571,-8.88178e-16,-8.88178e-16,625,473.553,169,7,2,0.333333,0,2,0.285714,794,272,169,6.30769,1.70707,1179,338,48.4762
data/selected-PB25/PB24/normalized-PB06/DEC-LIN/submitted-PB06/namasivayam/wnqueen/normalized-t2001.13queen13.1110973364.fzn,11.9091,11.9091,1,0,0,0,1.36692,1.36692,0,0,2.60144,2.60144,0,322.566,322.566,169,169,1,2,2,1,99,0,0.585799,297,1179,99,0,0,0,0,0,99,169,0,0,0,0,0,1,1,0,0,0,0,0,0,0,0,0,0,0,0,0,0,0,0,0,0,1,0,0,0,0,0,0,0,0,6.97633,2,0.286841,0,0,0,0,0.161571,-8.88178e-16,-8.88178e-16,625,473.553,169,7,2,0.333333,0,2,0.285714,794,272,169,6.30769,1.70707,1179,338,48.4762
data/selected-PB25/PB24/normalized-PB06/DEC-LIN/submitted-PB06/namasivayam/tsp/normalized-t3002.11tsp11.1900557574.fzn,3.12591,3.12591,1,0,0,0,0.715332,0.715332,0,0,0.417413,0.417413,0,4126.61,4126.61,110,110,1,2,2,1,2597,0,11.2424,7791,8118,2597,0,0,0,0,0,2597,231,0,0,0,0,0,1,1,0,0,0,0,0,0,0,0,0,0,0,0,0,0,0,0,0,0,1,0,0,0,0,0,0,0,0,35.1429,2,0.0640941,0.329394,0,0,0,1.35667,0,0,352,1166.63,231,47,2,0.0869565,0,2,0.0425532,583,142,231,3.13853,0.0889488,8118,462,14.8057
data/selected-PB25/PB24/normalized-PB06/DEC-LIN/submitted-PB06/namasivayam/tsp/normalized-t3002.11tsp11.1900584219.fzn,3.12591,3.12591,1,0,0,0,0.715332,0.715332,0,0,0.417413,0.417413,0,4126.61,4126.61,110,110,1,2,2,1,2597,0,11.2424,7791,8118,2597,0,0,0,0,0,2597,231,0,0,0,0,0,1,1,0,0,0,0,0,0,0,0,0,0,0,0,0,0,0,0,0,0,1,0,0,0,0,0,0,0,0,35.1429,2,0.0640941,0.329394,0,0,0,1.35667,0,0,352,1166.63,231,47,2,0.0869565,0,2,0.0425532,583,142,231,3.13853,0.0889488,8118,462,14.8057
data/selected-PB25/PB24/normalized-PB06/DEC-LIN/submitted-PB06/namasivayam/tsp/normalized-t3002.11tsp11.1900564281.fzn,3.12591,3.12591,1,0,0,0,0.715332,0.715332,0,0,0.417413,0.417413,0,4126.61,4126.61,110,110,1,2,2,1,2597,0,11.2424,7791,8118,2597,0,0,0,0,0,2597,231,0,0,0,0,0,1,1,0,0,0,0,0,0,0,0,0,0,0,0,0,0,0,0,0,0,1,0,0,0,0,0,0,0,0,35.1429,2,0.0640941,0.329394,0,0,0,1.35667,0,0,352,1166.63,231,47,2,0.0869565,0,2,0.0425532,583,142,231,3.13853,0.0889488,8118,462,14.8057
data/selected-PB25/PB24/normalized-PB06/DEC-LIN/submitted-PB06/namasivayam/tsp/normalized-t3002.11tsp11.1900547461.fzn,3.12591,3.12591,1,0,0,0,0.715332,0.715332,0,0,0.417413,0.417413,0,4126.61,4126.61,110,110,1,2,2,1,2597,0,11.2424,7791,8118,2597,0,0,0,0,0,2597,231,0,0,0,0,0,1,1,0,0,0,0,0,0,0,0,0,0,0,0,0,0,0,0,0,0,1,0,0,0,0,0,0,0,0,35.1429,2,0.0640941,0.329394,0,0,0,1.35667,0,0,352,1166.63,231,47,2,0.0869565,0,2,0.0425532,583,142,231,3.13853,0.0889488,8118,462,14.8057
data/selected-PB25/PB24/normalized-PB06/DEC-LIN/submitted-PB06/namasivayam/tsp/normalized-t3002.11tsp11.1900561384.fzn,3.12591,3.12591,1,0,0,0,0.715332,0.715332,0,0,0.417413,0.417413,0,4126.61,4126.61,110,110,1,2,2,1,2597,0,11.2424,7791,8118,2597,0,0,0,0,0,2597,231,0,0,0,0,0,1,1,0,0,0,0,0,0,0,0,0,0,0,0,0,0,0,0,0,0,1,0,0,0,0,0,0,0,0,35.1429,2,0.0640941,0.329394,0,0,0,1.35667,0,0,352,1166.63,231,47,2,0.0869565,0,2,0.0425532,583,142,231,3.13853,0.0889488,8118,462,14.8057
data/selected-PB25/PB24/normalized-PB06/DEC-LIN/submitted-PB06/namasivayam/tsp/normalized-t3002.11tsp11.1900582300.fzn,3.12591,3.12591,1,0,0,0,0.715332,0.715332,0,0,0.417413,0.417413,0,4126.61,4126.61,110,110,1,2,2,1,2597,0,11.2424,7791,8118,2597,0,0,0,0,0,2597,231,0,0,0,0,0,1,1,0,0,0,0,0,0,0,0,0,0,0,0,0,0,0,0,0,0,1,0,0,0,0,0,0,0,0,35.1429,2,0.0640941,0.329394,0,0,0,1.35667,0,0,352,1166.63,231,47,2,0.0869565,0,2,0.0425532,583,142,231,3.13853,0.0889488,8118,462,14.8057
data/selected-PB25/PB24/normalized-PB06/DEC-LIN/submitted-PB06/namasivayam/tsp/normalized-t3002.11tsp11.1900559676.fzn,3.12591,3.12591,1,0,0,0,0.715332,0.715332,0,0,0.417413,0.417413,0,4126.61,4126.61,110,110,1,2,2,1,2597,0,11.2424,7791,8118,2597,0,0,0,0,0,2597,231,0,0,0,0,0,1,1,0,0,0,0,0,0,0,0,0,0,0,0,0,0,0,0,0,0,1,0,0,0,0,0,0,0,0,35.1429,2,0.0640941,0.329394,0,0,0,1.35667,0,0,352,1166.63,231,47,2,0.0869565,0,2,0.0425532,583,142,231,3.13853,0.0889488,8118,462,14.8057
data/selected-PB25/PB24/normalized-PB06/DEC-LIN/submitted-PB06/namasivayam/tsp/normalized-t3002.11tsp11.1900551347.fzn,3.12591,3.12591,1,0,0,0,0.715332,0.715332,0,0,0.417413,0.417413,0,4126.61,4126.61,110,110,1,2,2,1,2597,0,11.2424,7791,8118,2597,0,0,0,0,0,2597,231,0,0,0,0,0,1,1,0,0,0,0,0,0,0,0,0,0,0,0,0,0,0,0,0,0,1,0,0,0,0,0,0,0,0,35.1429,2,0.0640941,0.329394,0,0,0,1.35667,0,0,352,1166.63,231,47,2,0.0869565,0,2,0.0425532,583,142,231,3.13853,0.0889488,8118,462,14.8057
data/selected-PB25/PB24/normalized-PB06/DEC-LIN/submitted-PB06/namasivayam/tsp/normalized-t3002.11tsp11.1900582376.fzn,3.12591,3.12591,1,0,0,0,0.715332,0.715332,0,0,0.417413,0.417413,0,4126.61,4126.61,110,110,1,2,2,1,2597,0,11.2424,7791,8118,2597,0,0,0,0,0,2597,231,0,0,0,0,0,1,1,0,0,0,0,0,0,0,0,0,0,0,0,0,0,0,0,0,0,1,0,0,0,0,0,0,0,0,35.1429,2,0.0640941,0.329394,0,0,0,1.35667,0,0,352,1166.63,231,47,2,0.0869565,0,2,0.0425532,583,142,231,3.13853,0.0889488,8118,462,14.8057
data/selected-PB25/PB24/normalized-PB06/DEC-LIN/submitted-PB06/namasivayam/tsp/normalized-t3002.11tsp11.1900567003.fzn,3.12591,3.12591,1,0,0,0,0.715332,0.715332,0,0,0.417413,0.417413,0,4126.61,4126.61,110,110,1,2,2,1,2597,0,11.2424,7791,8118,2597,0,0,0,0,0,2597,231,0,0,0,0,0,1,1,0,0,0,0,0,0,0,0,0,0,0,0,0,0,0,0,0,0,1,0,0,0,0,0,0,0,0,35.1429,2,0.0640941,0.329394,0,0,0,1.35667,0,0,352,1166.63,231,47,2,0.0869565,0,2,0.0425532,583,142,231,3.13853,0.0889488,8118,462,14.8057
data/selected-PB25/PB24/normalized-PB06/DEC-LIN/submitted-PB06/namasivayam/tsp/normalized-t3002.11tsp11.1900559641.fzn,3.12591,3.12591,1,0,0,0,0.715332,0.715332,0,0,0.417413,0.417413,0,4126.61,4126.61,110,110,1,2,2,1,2597,0,11.2424,7791,8118,2597,0,0,0,0,0,2597,231,0,0,0,0,0,1,1,0,0,0,0,0,0,0,0,0,0,0,0,0,0,0,0,0,0,1,0,0,0,0,0,0,0,0,35.1429,2,0.0640941,0.329394,0,0,0,1.35667,0,0,352,1166.63,231,47,2,0.0869565,0,2,0.0425532,583,142,231,3.13853,0.0889488,8118,462,14.8057
data/selected-PB25/PB24/normalized-PB06/DEC-LIN/submitted-PB06/namasivayam/tsp/normalized-t3002.11tsp11.1900574974.fzn,3.12591,3.12591,1,0,0,0,0.715332,0.715332,0,0,0.417413,0.417413,0,4126.61,4126.61,110,110,1,2,2,1,2597,0,11.2424,7791,8118,2597,0,0,0,0,0,2597,231,0,0,0,0,0,1,1,0,0,0,0,0,0,0,0,0,0,0,0,0,0,0,0,0,0,1,0,0,0,0,0,0,0,0,35.1429,2,0.0640941,0.329394,0,0,0,1.35667,0,0,352,1166.63,231,47,2,0.0869565,0,2,0.0425532,583,142,231,3.13853,0.0889488,8118,462,14.8057
data/selected-PB25/PB24/normalized-PB06/DEC-LIN/submitted-PB06/namasivayam/tsp/normalized-t3002.11tsp11.1900577940.fzn,3.12591,3.12591,1,0,0,0,0.715332,0.715332,0,0,0.417413,0.417413,0,4126.61,4126.61,110,110,1,2,2,1,2597,0,11.2424,7791,8118,2597,0,0,0,0,0,2597,231,0,0,0,0,0,1,1,0,0,0,0,0,0,0,0,0,0,0,0,0,0,0,0,0,0,1,0,0,0,0,0,0,0,0,35.1429,2,0.0640941,0.329394,0,0,0,1.35667,0,0,352,1166.63,231,47,2,0.0869565,0,2,0.0425532,583,142,231,3.13853,0.0889488,8118,462,14.8057
data/selected-PB25/PB24/normalized-PB06/DEC-LIN/submitted-PB06/namasivayam/tsp/normalized-t3002.11tsp11.1900579996.fzn,3.12591,3.12591,1,0,0,0,0.715332,0.715332,0,0,0.417413,0.417413,0,4126.61,4126.61,110,110,1,2,2,1,2597,0,11.2424,7791,8118,2597,0,0,0,0,0,2597,231,0,0,0,0,0,1,1,0,0,0,0,0,0,0,0,0,0,0,0,0,0,0,0,0,0,1,0,0,0,0,0,0,0,0,35.1429,2,0.0640941,0.329394,0,0,0,1.35667,0,0,352,1166.63,231,47,2,0.0869565,0,2,0.0425532,583,142,231,3.13853,0.0889488,8118,462,14.8057
data/selected-PB25/PB24/normalized-PB06/DEC-LIN/submitted-PB06/namasivayam/tsp/normalized-t3002.11tsp11.1900547353.fzn,3.12591,3.12591,1,0,0,0,0.715332,0.715332,0,0,0.417413,0.417413,0,4126.61,4126.61,110,110,1,2,2,1,2597,0,11.2424,7791,8118,2597,0,0,0,0,0,2597,231,0,0,0,0,0,1,1,0,0,0,0,0,0,0,0,0,0,0,0,0,0,0,0,0,0,1,0,0,0,0,0,0,0,0,35.1429,2,0.0640941,0.329394,0,0,0,1.35667,0,0,352,1166.63,231,47,2,0.0869565,0,2,0.0425532,583,142,231,3.13853,0.0889488,8118,462,14.8057
data/selected-PB25/PB24/normalized-PB06/DEC-LIN/submitted-PB06/liu/vdw/normalized-vdw_k3_l6_n1500.fzn,5.99333,5.99333,1,0,0,0,0,0,0,0,0.0228104,0.0228104,0,1.74141e+06,1.74141e+06,6,6,1,3,3,1,674250,0,149.833,2.02275e+06,4.041e+06,674250,0,0,0,0,0,674250,4500,0,0,0,0,0,1,1,0,0,0,0,0,0,0,0,0,0,0,0,0,0,0,0,0,0,1,0,0,0,0,0,0,0,0,898,2,0.00255508,0.299408,0,0,0,7.83832,0,0,0,43763.7,4500,1173,2,0.00666667,0,2,0.00170503,4500,21,4500,1.00467,0.00667408,4.041e+06,9000,11.4979
data/selected-PB25/PB24/normalized-PB06/DEC-LIN/submitted-PB06/liu/vdw/normalized-vdw_k6_l3_n170.fzn,3.01186,3.01186,1,0,0,0,0,0,0,0,0.0372444,0.0372444,0,68339.2,68339.2,6,6,1,3,3,1,43010,0,42.1667,129030,129540,43010,0,0,0,0,0,43010,1020,0,0,0,0,0,1,1,0,0,0,0,0,0,0,0,0,0,0,0,0,0,0,0,0,0,1,0,0,0,0,0,0,0,0,127,2,0.0163788,0.193194,0,0,0,6.40939,0,0,0,7100.02,1020,169,2,0.0235294,0,2,0.0118343,1020,15,1020,1.01471,0.0237154,129540,2040,16.7063
data/selected-PB25/PB24/normalized-PB06/DEC-LIN/submitted-PB06/liu/vdw/normalized-vdw_k3_l5_n550.fzn,4.99028,4.99028,1,0,0,0,0,0,0,0,0.0443443,0.0443443,0,262353,262353,5,5,1,3,3,1,113164,0,68.5842,339492,564720,113164,0,0,0,0,0,113164,1650,0,0,0,0,0,1,1,0,0,0,0,0,0,0,0,0,0,0,0,0,0,0,0,0,0,1,0,0,0,0,0,0,0,0,342.255,2,0.00653161,0.28142,0,0,0,7.54835,0,0,0,13773.2,1650,457,2,0.0144928,0,2,0.00437637,1650,18,1650,1.01091,0.0145806,564720,3300,10.7772
data/selected-PB25/PB24/normalized-PB06/DEC-LIN/submitted-PB06/liu/vdw/normalized-vdw_k5_l4_n750.fzn,4.0016,4.0016,1,0,0,0,0,0,0,0,0.0172025,0.0172025,0,935491,935491,5,5,1,4,4,1,467625,0,124.7,1.40288e+06,1.87125e+06,467625,0,0,0,0,0,467625,3750,0,0,0,0,0,1,1,0,0,0,0,0,0,0,0,0,0,0,0,0,0,0,0,0,0,1,0,0,0,0,0,0,0,0,499,2,0.00433484,0.250493,0,0,0,6.22882,0,0,0,33413.7,3750,624,2,0.008,0,2,0.00320513,3750,17,3750,1.00453,0.00801925,1.87125e+06,7500,16.2557
data/selected-PB25/PB24/normalized-PB06/DEC-LIN/submitted-PB06/liu/vdw/normalized-vdw_k4_l4_n360.fzn,4,4,1,0,0,0,0,0,0,0,0,0,0,172080,172080,4,4,1,4,4,1,86040,0,59.75,258120,344160,86040,0,0,0,0,0,86040,1440,0,0,0,0,0,1,1,0,0,0,0,0,0,0,0,0,0,0,0,0,0,0,0,0,0,1,0,0,0,0,0,0,0,0,239,2,0.00905414,0.251011,0,0,0,5.52289,0,0,0,11301.2,1440,299,2,0.0166667,0,2,0.00668896,1440,12,1440,1.00833,0.0167364,344160,2880,13.038
data/selected-PB25/PB24/normalized-PB06/DEC-LIN/submitted-PB06/liu/dbst/normalized-dbst_v30_e350_d15_mw10_8.opb.PB06.fzn,3.24,3.24,1,0,0,0,0.925925,0.925925,0,0,0.122478,0.122478,0,529925,529925,700,700,1,2,2,1,328901,0,205.563,986703,1.06564e+06,328901,0,0,0,0,0,328901,1600,0,0,0,0,0,1,1,0,0,0,0,0,0,0,0,0,0,0,0,0,0,0,0,0,0,1,0,0,0,0,0,0,0,0,666.025,2,0.00305119,0.128538,0,0,0,2.72754,-1.77636e-15,-1.77636e-15,66570,14988.4,1600,867,2,0.0035524,0,2,0.00230681,68170,2601,1600,44.2319,0.00486469,1.06564e+06,3200,4.8819
data/selected-PB25/PB24/normalized-PB06/DEC-LIN/submitted-PB06/liu/dbst/normalized-dbst_v40_e600_d20_mw10_0.opb.PB06.fzn,3.18497,3.18497,1,0,0,0,0.941925,0.941925,0,0,0.0773386,0.0773386,0,1.58616e+06,1.58616e+06,1200,1200,1,2,2,1,990001,0,353.572,2.97e+06,3.15312e+06,990001,0,0,0,0,0,990001,2800,0,0,0,0,0,1,1,0,0,0,0,0,0,0,0,0,0,0,0,0,0,0,0,0,0,1,0,0,0,0,0,0,0,0,1126.11,2,0.00180706,0.133813,0,0,0,2.82943,0,0,150360,28348.6,2800,1515,2,0.0021097,0,2,0.00132013,153160,4426,2800,56.2807,0.00282828,3.15312e+06,5600,5.05976
data/selected-PB25/PB24/normalized-PB06/DEC-LIN/submitted-PB06/liu/dbst/normalized-dbst_v30_e350_d15_mw10_3.opb.PB06.fzn,3.24,3.24,1,0,0,0,0.925925,0.925925,0,0,0.12303,0.12303,0,529924,529924,700,700,1,2,2,1,328901,0,205.563,986703,1.06564e+06,328901,0,0,0,0,0,328901,1600,0,0,0,0,0,1,1,0,0,0,0,0,0,0,0,0,0,0,0,0,0,0,0,0,0,1,0,0,0,0,0,0,0,0,666.025,2,0.00305245,0.131048,0,0,0,2.76625,-1.77636e-15,-1.77636e-15,66570,14987.9,1600,899,2,0.0035524,0,2,0.00222469,68170,2657,1600,44.2669,0.00486469,1.06564e+06,3200,4.88392
data/selected-PB25/PB24/normalized-PB06/DEC-LIN/submitted-PB06/liu/dbst/normalized-dbst_v30_e350_d15_mw10_2.opb.PB06.fzn,3.24,3.24,1,0,0,0,0.925925,0.925925,0,0,0.123887,0.123887,0,529919,529919,700,700,1,2,2,1,328901,0,205.563,986703,1.06564e+06,328901,0,0,0,0,0,328901,1600,0,0,0,0,0,1,1,0,0,0,0,0,0,0,0,0,0,0,0,0,0,0,0,0,0,1,0,0,0,0,0,0,0,0,666.025,2,0.00305618,0.136524,0,0,0,2.82632,-1.77636e-15,-1.77636e-15,66570,14986.4,1600,867,2,0.0035524,0,2,0.00230681,68170,2641,1600,44.2569,0.00486469,1.06564e+06,3200,4.88989
data/selected-PB25/PB24/normalized-PB06/DEC-LIN/submitted-PB06/liu/dbst/normalized-dbst_v40_e600_d20_mw10_6.opb.PB06.fzn,3.18497,3.18497,1,0,0,0,0.941925,0.941925,0,0,0.0768331,0.0768331,0,1.58617e+06,1.58617e+06,1200,1200,1,2,2,1,990001,0,353.572,2.97e+06,3.15312e+06,990001,0,0,0,0,0,990001,2800,0,0,0,0,0,1,1,0,0,0,0,0,0,0,0,0,0,0,0,0,0,0,0,0,0,1,0,0,0,0,0,0,0,0,1126.11,2,0.00180381,0.125778,0,0,0,2.76884,0,0,150360,28352.4,2800,1473,2,0.00204082,0,2,0.00135777,153160,4254,2800,56.2193,0.00282828,3.15312e+06,5600,5.05067
data/selected-PB25/PB24/normalized-PB06/DEC-LIN/submitted-PB06/liu/dbst/normalized-dbst_v50_e1000_d25_mw10_6.opb.PB06.fzn,3.15077,3.15077,1,0,0,0,1.00365,1.00365,0,0,0.0507981,0.0507981,0,4.08631e+06,4.08631e+06,2000,2000,1,2,2,1,2.5595e+06,0,568.778,7.6785e+06,8.0644e+06,2.5595e+06,0,0,0,0,0,2.5595e+06,4500,0,0,0,0,0,1,1,0,0,0,0,0,0,0,0,0,0,0,0,0,0,0,0,0,0,1,0,0,0,0,0,0,0,0,1792.09,2,0.00114856,0.169537,0,0,0,2.94402,0,0,309950,48539.8,4500,2447,2,0.00135593,0,2,0.000817327,314450,7107,4500,71.4571,0.00175816,8.0644e+06,9000,5.16853
data/selected-PB25/PB24/normalized-PB06/DEC-LIN/submitted-PB06/liu/dbst/normalized-dbst_v50_e1000_d25_mw10_5.opb.PB06.fzn,3.15077,3.15077,1,0,0,0,1.00365,1.00365,0,0,0.0506138,0.0506138,0,4.08631e+06,4.08631e+06,2000,2000,1,2,2,1,2.5595e+06,0,568.778,7.6785e+06,8.0644e+06,2.5595e+06,0,0,0,0,0,2.5595e+06,4500,0,0,0,0,0,1,1,0,0,0,0,0,0,0,0,0,0,0,0,0,0,0,0,0,0,1,0,0,0,0,0,0,0,0,1792.09,2,0.00114823,0.168043,0,0,0,2.90861,0,0,309950,48541,4500,2343,2,0.00135593,0,2,0.000853606,314450,7083,4500,71.4518,0.00175816,8.0644e+06,9000,5.16704
data/selected-PB25/PB24/normalized-PB06/DEC-LIN/submitted-PB06/liu/dbst/normalized-dbst_v30_e350_d15_mw10_9.opb.PB06.fzn,3.24,3.24,1,0,0,0,0.925925,0.925925,0,0,0.122215,0.122215,0,529928,529928,700,700,1,2,2,1,328901,0,205.563,986703,1.06564e+06,328901,0,0,0,0,0,328901,1600,0,0,0,0,0,1,1,0,0,0,0,0,0,0,0,0,0,0,0,0,0,0,0,0,0,1,0,0,0,0,0,0,0,0,666.025,2,0.00304875,0.125656,0,0,0,2.70915,-1.77636e-15,-1.77636e-15,66570,14989.3,1600,867,2,0.0034188,0,2,0.00230681,68170,2563,1600,44.2081,0.00486469,1.06564e+06,3200,4.878
data/selected-PB25/PB24/normalized-PB06/DEC-LIN/submitted-PB06/liu/dbst/normalized-dbst_v40_e600_d20_mw10_2.opb.PB06.fzn,3.18497,3.18497,1,0,0,0,0.941925,0.941925,0,0,0.0774217,0.0774217,0,1.58617e+06,1.58617e+06,1200,1200,1,2,2,1,990001,0,353.572,2.97e+06,3.15312e+06,990001,0,0,0,0,0,990001,2800,0,0,0,0,0,1,1,0,0,0,0,0,0,0,0,0,0,0,0,0,0,0,0,0,0,1,0,0,0,0,0,0,0,0,1126.11,2,0.00180486,0.128758,0,0,0,2.83939,0,0,150360,28351.1,2800,1431,2,0.00204082,0,2,0.00139762,153160,4304,2800,56.2371,0.00282828,3.15312e+06,5600,5.0536
data/selected-PB25/PB24/normalized-PB06/DEC-LIN/submitted-PB06/liu/dbst/normalized-dbst_v50_e1000_d25_mw10_9.opb.PB06.fzn,3.15077,3.15077,1,0,0,0,1.00365,1.00365,0,0,0.0507273,0.0507273,0,4.0863e+06,4.0863e+06,2000,2000,1,2,2,1,2.5595e+06,0,568.778,7.6785e+06,8.0644e+06,2.5595e+06,0,0,0,0,0,2.5595e+06,4500,0,0,0,0,0,1,1,0,0,0,0,0,0,0,0,0,0,0,0,0,0,0,0,0,0,1,0,0,0,0,0,0,0,0,1792.09,2,0.001149,0.170702,0,0,0,2.93041,0,0,309950,48538.5,4500,2447,2,0.00135593,0,2,0.000817327,314450,7245,4500,71.4878,0.00175816,8.0644e+06,9000,5.17048
data/selected-PB25/PB24/normalized-PB06/DEC-LIN/submitted-PB06/liu/dbst/normalized-dbst_v50_e1000_d25_mw10_1.opb.PB06.fzn,3.15077,3.15077,1,0,0,0,1.00365,1.00365,0,0,0.0505442,0.0505442,0,4.08631e+06,4.08631e+06,2000,2000,1,2,2,1,2.5595e+06,0,568.778,7.6785e+06,8.0644e+06,2.5595e+06,0,0,0,0,0,2.5595e+06,4500,0,0,0,0,0,1,1,0,0,0,0,0,0,0,0,0,0,0,0,0,0,0,0,0,0,1,0,0,0,0,0,0,0,0,1792.09,2,0.00114835,0.168525,0,0,0,2.89524,0,0,309950,48540.6,4500,2395,2,0.00135593,0,2,0.000835073,314450,7013,4500,71.4362,0.00175816,8.0644e+06,9000,5.16759
data/selected-PB25/PB24/normalized-PB06/DEC-LIN/submitted-PB06/liu/dbst/normalized-dbst_v40_e600_d20_mw10_9.opb.PB06.fzn,3.18497,3.18497,1,0,0,0,0.941925,0.941925,0,0,0.0780538,0.0780538,0,1.58616e+06,1.58616e+06,1200,1200,1,2,2,1,990001,0,353.572,2.97e+06,3.15312e+06,990001,0,0,0,0,0,990001,2800,0,0,0,0,0,1,1,0,0,0,0,0,0,0,0,0,0,0,0,0,0,0,0,0,0,1,0,0,0,0,0,0,0,0,1126.11,2,0.0018067,0.133954,0,0,0,2.91515,0,0,150360,28348.8,2800,1515,2,0.00204082,0,2,0.00132013,153160,4446,2800,56.2879,0.00282828,3.15312e+06,5600,5.05877
data/selected-PB25/PB24/normalized-PB06/DEC-LIN/submitted-PB06/liu/dbst/normalized-dbst_v50_e1000_d25_mw10_3.opb.PB06.fzn,3.15077,3.15077,1,0,0,0,1.00365,1.00365,0,0,0.0505777,0.0505777,0,4.08631e+06,4.08631e+06,2000,2000,1,2,2,1,2.5595e+06,0,568.778,7.6785e+06,8.0644e+06,2.5595e+06,0,0,0,0,0,2.5595e+06,4500,0,0,0,0,0,1,1,0,0,0,0,0,0,0,0,0,0,0,0,0,0,0,0,0,0,1,0,0,0,0,0,0,0,0,1792.09,2,0.00114823,0.167883,0,0,0,2.90166,0,0,309950,48541,4500,2395,2,0.00135593,0,2,0.000835073,314450,7243,4500,71.4873,0.00175816,8.0644e+06,9000,5.16704
data/selected-PB25/PB24/normalized-PB06/DEC-LIN/submitted-PB06/liu/dbst/normalized-dbst_v40_e600_d20_mw10_5.opb.PB06.fzn,3.18497,3.18497,1,0,0,0,0.941925,0.941925,0,0,0.0767846,0.0767846,0,1.58617e+06,1.58617e+06,1200,1200,1,2,2,1,990001,0,353.572,2.97e+06,3.15312e+06,990001,0,0,0,0,0,990001,2800,0,0,0,0,0,1,1,0,0,0,0,0,0,0,0,0,0,0,0,0,0,0,0,0,0,1,0,0,0,0,0,0,0,0,1126.11,2,0.00180424,0.127128,0,0,0,2.76303,0,0,150360,28351.8,2800,1515,2,0.00204082,0,2,0.00132013,153160,4326,2800,56.245,0.00282828,3.15312e+06,5600,5.05187
data/selected-PB25/PB24/normalized-PB06/DEC-LIN/submitted-PB06/liu/dbst/normalized-dbst_v30_e350_d15_mw10_1.opb.PB06.fzn,3.24,3.24,1,0,0,0,0.925925,0.925925,0,0,0.121294,0.121294,0,529929,529929,700,700,1,2,2,1,328901,0,205.563,986703,1.06564e+06,328901,0,0,0,0,0,328901,1600,0,0,0,0,0,1,1,0,0,0,0,0,0,0,0,0,0,0,0,0,0,0,0,0,0,1,0,0,0,0,0,0,0,0,666.025,2,0.00304772,0.124022,0,0,0,2.64456,-1.77636e-15,-1.77636e-15,66570,14989.8,1600,867,2,0.0034188,0,2,0.00230681,68170,2563,1600,44.2081,0.00486469,1.06564e+06,3200,4.87634
data/selected-PB25/PB24/normalized-PB06/DEC-LIN/submitted-PB06/manquiho/Aardal_1/normalized-prob1.fzn,77,77,1,0,0,0,0,0,0,0,0,0,0,12.5336,12.5336,77,77,1,77,77,1,2,0,0.025974,6,154,2,0,0,0,0,0,2,77,0,0,0,0,0,1,1,0,0,0,0,0,0,0,0,0,0,0,0,0,0,0,0,0,0,1,0,0,0,0,0,0,0,0,2,2,1,0,0,0,0,0,0,0,77,77,77,2,2,1,0,2,1,154,154,77,4,38.5,154,154,77
data/selected-PB25/PB24/normalized-PB06/DEC-LIN/submitted-PB06/manquiho/Aardal_1/normalized-cuww2.fzn,70,70,1,0,0,0,0,0,0,0,0,0,0,12.2586,12.2586,70,70,1,70,70,1,2,0,0.0285714,6,140,2,0,0,0,0,0,2,70,0,0,0,0,0,1,1,0,0,0,0,0,0,0,0,0,0,0,0,0,0,0,0,0,0,1,0,0,0,0,0,0,0,0,2,2,1,0,0,0,0,0,0,0,70,70,70,2,2,1,0,2,1,140,140,70,4,35,140,140,70
data/selected-PB25/PB24/normalized-PB06/DEC-LIN/submitted-PB06/manquiho/Aardal_1/normalized-prob4.fzn,82,82,1,0,0,0,0,0,0,0,0,0,0,12.7151,12.7151,82,82,1,82,82,1,2,0,0.0243902,6,164,2,0,0,0,0,0,2,82,0,0,0,0,0,1,1,0,0,0,0,0,0,0,0,0,0,0,0,0,0,0,0,0,0,1,0,0,0,0,0,0,0,0,2,2,1,0,0,0,0,0,0,0,82,82,82,2,2,1,0,2,1,164,164,82,4,41,164,164,82
data/selected-PB25/PB24/normalized-PB06/DEC-LIN/submitted-PB06/manquiho/Aardal_1/normalized-prob6.fzn,93,93,1,0,0,0,0,0,0,0,0,0,0,13.0783,13.0783,93,93,1,93,93,1,2,0,0.0215054,6,186,2,0,0,0,0,0,2,93,0,0,0,0,0,1,1,0,0,0,0,0,0,0,0,0,0,0,0,0,0,0,0,0,0,1,0,0,0,0,0,0,0,0,2,2,1,0,0,0,0,0,0,0,93,93,93,2,2,1,0,2,1,186,186,93,4,46.5,186,186,93
data/selected-PB25/PB24/normalized-PB06/DEC-LIN/submitted-PB06/manquiho/Aardal_1/normalized-cuww5.fzn,86,86,1,0,0,0,0,0,0,0,0,0,0,12.8525,12.8525,86,86,1,86,86,1,2,0,0.0232558,6,172,2,0,0,0,0,0,2,86,0,0,0,0,0,1,1,0,0,0,0,0,0,0,0,0,0,0,0,0,0,0,0,0,0,1,0,0,0,0,0,0,0,0,2,2,1,0,0,0,0,0,0,0,86,86,86,2,2,1,0,2,1,172,172,86,4,43,172,172,86
data/selected-PB25/PB24/normalized-PB06/DEC-LIN/submitted-PB06/manquiho/Aardal_1/normalized-cuww1.fzn,60,60,1,0,0,0,0,0,0,0,0,0,0,11.8138,11.8138,60,60,1,60,60,1,2,0,0.0333333,6,120,2,0,0,0,0,0,2,60,0,0,0,0,0,1,1,0,0,0,0,0,0,0,0,0,0,0,0,0,0,0,0,0,0,1,0,0,0,0,0,0,0,0,2,2,1,0,0,0,0,0,0,0,60,60,60,2,2,1,0,2,1,120,120,60,4,30,120,120,60
data/selected-PB25/PB24/normalized-PB06/DEC-LIN/submitted-PB06/manquiho/Aardal_1/normalized-cuww3.fzn,68,68,1,0,0,0,0,0,0,0,0,0,0,12.1749,12.1749,68,68,1,68,68,1,2,0,0.0294118,6,136,2,0,0,0,0,0,2,68,0,0,0,0,0,1,1,0,0,0,0,0,0,0,0,0,0,0,0,0,0,0,0,0,0,1,0,0,0,0,0,0,0,0,2,2,1,0,0,0,0,0,0,0,68,68,68,2,2,1,0,2,1,136,136,68,4,34,136,136,68
data/selected-PB25/PB24/normalized-PB06/DEC-LIN/submitted-PB06/manquiho/Aardal_1/normalized-cuww4.fzn,82,82,1,0,0,0,0,0,0,0,0,0,0,12.7151,12.7151,82,82,1,82,82,1,2,0,0.0243902,6,164,2,0,0,0,0,0,2,82,0,0,0,0,0,1,1,0,0,0,0,0,0,0,0,0,0,0,0,0,0,0,0,0,0,1,0,0,0,0,0,0,0,0,2,2,1,0,0,0,0,0,0,0,82,82,82,2,2,1,0,2,1,164,164,82,4,41,164,164,82
data/selected-PB25/PB24/normalized-PB06/DEC-LIN/submitted-PB06/manquiho/Aardal_1/normalized-prob2.fzn,68,68,1,0,0,0,0,0,0,0,0,0,0,12.1749,12.1749,68,68,1,68,68,1,2,0,0.0294118,6,136,2,0,0,0,0,0,2,68,0,0,0,0,0,1,1,0,0,0,0,0,0,0,0,0,0,0,0,0,0,0,0,0,0,1,0,0,0,0,0,0,0,0,2,2,1,0,0,0,0,0,0,0,68,68,68,2,2,1,0,2,1,136,136,68,4,34,136,136,68
data/selected-PB25/PB24/normalized-PB06/DEC-LIN/submitted-PB06/manquiho/Aardal_1/normalized-prob8.fzn,86,86,1,0,0,0,0,0,0,0,0,0,0,12.8525,12.8525,86,86,1,86,86,1,2,0,0.0232558,6,172,2,0,0,0,0,0,2,86,0,0,0,0,0,1,1,0,0,0,0,0,0,0,0,0,0,0,0,0,0,0,0,0,0,1,0,0,0,0,0,0,0,0,2,2,1,0,0,0,0,0,0,0,86,86,86,2,2,1,0,2,1,172,172,86,4,43,172,172,86
data/selected-PB25/PB24/normalized-PB06/DEC-LIN/submitted-PB06/manquiho/Aardal_1/normalized-prob10.fzn,106,106,1,0,0,0,0,0,0,0,0,0,0,13.4558,13.4558,106,106,1,106,106,1,2,0,0.0188679,6,212,2,0,0,0,0,0,2,106,0,0,0,0,0,1,1,0,0,0,0,0,0,0,0,0,0,0,0,0,0,0,0,0,0,1,0,0,0,0,0,0,0,0,2,2,1,0,0,0,0,0,0,0,106,106,106,2,2,1,0,2,1,212,212,106,4,53,212,212,106
data/selected-PB25/PB24/normalized-PB06/DEC-LIN/submitted-PB06/manquiho/Aardal_1/normalized-prob5.fzn,80,80,1,0,0,0,0,0,0,0,0,0,0,12.6439,12.6439,80,80,1,80,80,1,2,0,0.025,6,160,2,0,0,0,0,0,2,80,0,0,0,0,0,1,1,0,0,0,0,0,0,0,0,0,0,0,0,0,0,0,0,0,0,1,0,0,0,0,0,0,0,0,2,2,1,0,0,0,0,0,0,0,80,80,80,2,2,1,0,2,1,160,160,80,4,40,160,160,80
data/selected-PB25/PB24/normalized-PB06/DEC-LIN/submitted-PB06/manquiho/Aardal_1/normalized-prob3.fzn,52,52,1,0,0,0,0,0,0,0,0,0,0,11.4009,11.4009,52,52,1,52,52,1,2,0,0.0384615,6,104,2,0,0,0,0,0,2,52,0,0,0,0,0,1,1,0,0,0,0,0,0,0,0,0,0,0,0,0,0,0,0,0,0,1,0,0,0,0,0,0,0,0,2,2,1,0,0,0,0,0,0,0,52,52,52,2,2,1,0,2,1,104,104,52,4,26,104,104,52
data/selected-PB25/PB24/normalized-PB06/DEC-LIN/submitted-PB06/manquiho/Aardal_1/normalized-prob7.fzn,96,96,1,0,0,0,0,0,0,0,0,0,0,13.1699,13.1699,96,96,1,96,96,1,2,0,0.0208333,6,192,2,0,0,0,0,0,2,96,0,0,0,0,0,1,1,0,0,0,0,0,0,0,0,0,0,0,0,0,0,0,0,0,0,1,0,0,0,0,0,0,0,0,2,2,1,0,0,0,0,-8.88178e-16,-8.88178e-16,-8.88178e-16,96,96,96,2,2,1,0,2,1,192,192,96,4,48,192,192,96
data/selected-PB25/PB24/normalized-PB06/DEC-LIN/submitted-PB06/roussel/normalized-pigeon-clauses-45-40.fzn,2.04313,2.04313,1,0,0,0,0.489444,0.489444,0,0,0.0127411,0.0127411,0,39839.5,39839.5,40,40,1,2,2,1,39645,0,22.025,118935,81000,39645,0,0,0,0,0,39645,1800,0,0,0,0,0,1,1,0,0,0,0,0,0,0,0,0,0,0,0,0,0,0,0,0,0,1,0,0,0,0,0,0,0,0,45,2,0.0444444,0,0,0,0,0,0,0,1800,9885.34,1800,45,2,0.0444444,0,2,0.0444444,3600,46,1800,2.02556,0.045403,81000,3600,80
data/selected-PB25/PB24/normalized-PB06/DEC-LIN/submitted-PB06/roussel/normalized-pigeon-cardinality-11-10.fzn,10.4762,10.4762,1,0,0,0,0,0,0,0,0.998364,0.998364,0,71.1355,71.1355,11,11,1,10,10,1,21,0,0.190909,63,220,21,0,0,0,0,0,21,110,0,0,0,0,0,1,1,0,0,0,0,0,0,0,0,0,0,0,0,0,0,0,0,0,0,1,0,0,0,0,0,0,0,0,2,2,1,0,0,0,0,0,0,0,110,110,110,2,2,1,0,2,1,220,21,110,2.19091,5.2381,220,220,110
data/selected-PB25/PB24/normalized-PB06/DEC-LIN/submitted-PB06/roussel/normalized-pigeon-clauses-61-60.fzn,2.0322,2.0322,1,0,0,0,0.492077,0.492077,0,0,0.0068056,0.0068056,0,110160,110160,60,60,1,2,2,1,109861,0,30.0167,329583,223260,109861,0,0,0,0,0,109861,3660,0,0,0,0,0,1,1,0,0,0,0,0,0,0,0,0,0,0,0,0,0,0,0,0,0,1,0,0,0,0,0,0,0,0,61,2,0.0327869,0,0,0,0,0,0,0,3660,21706.5,3660,61,2,0.0327869,0,2,0.0327869,7320,68,3660,2.01858,0.0333148,223260,7320,120
data/selected-PB25/PB24/normalized-PB06/DEC-LIN/submitted-PB06/roussel/normalized-pigeon-clauses-55-50.fzn,2.03553,2.03553,1,0,0,0,0.491273,0.491273,0,0,0.00876534,0.00876534,0,74560.4,74560.4,50,50,1,2,2,1,74305,0,27.02,222915,151250,74305,0,0,0,0,0,74305,2750,0,0,0,0,0,1,1,0,0,0,0,0,0,0,0,0,0,0,0,0,0,0,0,0,0,1,0,0,0,0,0,0,0,0,55,2,0.0363636,0,0,0,0,0,0,0,2750,15898.7,2750,55,2,0.0363636,0,2,0.0363636,5500,58,2750,2.02109,0.0370096,151250,5500,100
data/selected-PB25/PB24/normalized-PB06/DEC-LIN/submitted-PB06/roussel/normalized-pigeon-cardinality-31-30.fzn,30.4918,30.4918,1,0,0,0,0,0,0,0,0.999806,0.999806,0,300.739,300.739,31,31,1,30,30,1,61,0,0.0655914,183,1860,61,0,0,0,0,0,61,930,0,0,0,0,0,1,1,0,0,0,0,0,0,0,0,0,0,0,0,0,0,0,0,0,0,1,0,0,0,0,0,0,0,0,2,2,1,0,0,0,0,0,0,0,1860,930,930,2,2,1,0,2,1,2790,61,930,3.06559,15.2459,1860,1860,930
data/selected-PB25/PB24/normalized-PB06/DEC-LIN/submitted-PB06/roussel/normalized-pigeon-cardinality-41-40.fzn,40.4938,40.4938,1,0,0,0,0,0,0,0,0.99989,0.99989,0,432.501,432.501,41,41,1,40,40,1,81,0,0.0493902,243,3280,81,0,0,0,0,0,81,1640,0,0,0,0,0,1,1,0,0,0,0,0,0,0,0,0,0,0,0,0,0,0,0,0,0,1,0,0,0,0,0,0,0,0,2,2,1,0,0,0,0,0,0,0,3280,1640,1640,2,2,1,0,2,1,4920,81,1640,3.04939,20.2469,3280,3280,1640
data/selected-PB25/PB24/normalized-PB06/DEC-LIN/submitted-PB06/roussel/normalized-pigeon-cardinality-45-40.fzn,42.3529,42.3529,1,0,0,0,0.0578352,0.0578352,0,0,0.997503,0.997503,0,459.161,459.161,45,45,1,40,40,1,85,0,0.0472222,255,3600,85,0,0,0,0,0,85,1800,0,0,0,0,0,1,1,0,0,0,0,0,0,0,0,0,0,0,0,0,0,0,0,0,0,1,0,0,0,0,0,0,0,0,2,2,1,0,0,0,0,0,0,0,3600,1800,1800,2,2,1,0,2,1,5400,85,1800,3.04722,21.1765,3600,3600,1800
data/selected-PB25/PB24/normalized-PB06/DEC-LIN/submitted-PB06/roussel/normalized-pigeon-clauses-35-30.fzn,2.05479,2.05479,1,0,0,0,0.486667,0.486667,0,0,0.0204275,0.0204275,0,18021.7,18021.7,30,30,1,2,2,1,17885,0,17.0333,53655,36750,17885,0,0,0,0,0,17885,1050,0,0,0,0,0,1,1,0,0,0,0,0,0,0,0,0,0,0,0,0,0,0,0,0,0,1,0,0,0,0,0,0,0,0,35,2,0.0571429,0,0,0,0,0,0,0,1050,5385.75,1050,35,2,0.0571429,0,2,0.0571429,2100,36,1050,2.03429,0.0587084,36750,2100,60
data/selected-PB25/PB24/normalized-PB06/DEC-LIN/submitted-PB06/roussel/normalized-pigeon-clauses-21-20.fzn,2.08955,2.08955,1,0,0,0,0.478571,0.478571,0,0,0.0452246,0.0452246,0,4290.76,4290.76,20,20,1,2,2,1,4221,0,10.05,12663,8820,4221,0,0,0,0,0,4221,420,0,0,0,0,0,1,1,0,0,0,0,0,0,0,0,0,0,0,0,0,0,0,0,0,0,1,0,0,0,0,0,0,0,0,21,2,0.0952381,0,0,0,0,0,0,0,420,1844.77,420,21,2,0.0952381,0,2,0.0952381,840,24,420,2.05714,0.0995025,8820,840,40
data/selected-PB25/PB24/normalized-PB06/DEC-LIN/submitted-PB06/roussel/normalized-pigeon-cardinality-35-30.fzn,32.3077,32.3077,1,0,0,0,0.0758175,0.0758175,0,0,0.995727,0.995727,0,325.62,325.62,35,35,1,30,30,1,65,0,0.0619048,195,2100,65,0,0,0,0,0,65,1050,0,0,0,0,0,1,1,0,0,0,0,0,0,0,0,0,0,0,0,0,0,0,0,0,0,1,0,0,0,0,0,0,0,0,2,2,1,0,0,0,0,0,0,0,2100,1050,1050,2,2,1,0,2,1,3150,65,1050,3.0619,16.1538,2100,2100,1050
data/selected-PB25/PB24/normalized-PB06/DEC-LIN/submitted-PB06/roussel/normalized-pigeon-cardinality-15-10.fzn,12,12,1,0,0,0,0.204124,0.204124,0,0,0.970951,0.970951,0,88.8978,88.8978,15,15,1,10,10,1,25,0,0.166667,75,300,25,0,0,0,0,0,25,150,0,0,0,0,0,1,1,0,0,0,0,0,0,0,0,0,0,0,0,0,0,0,0,0,0,1,0,0,0,0,0,0,0,0,2,2,1,0,0,0,0,0,0,0,150,150,150,2,2,1,0,2,1,300,25,150,2.16667,6,300,300,150
data/selected-PB25/PB24/normalized-PB06/DEC-LIN/submitted-PB06/prestwich/robin/normalized-robin12.fzn,72.6,72.6,1,0,0,0,0.246013,0.246013,0,0,0.529361,0.529361,0,3689.6,3689.6,121,121,1,66,66,1,600,0,0.137741,1800,43560,600,0,0,0,0,0,600,4356,0,0,0,0,0,1,1,0,0,0,0,0,0,0,0,0,0,0,0,0,0,0,0,0,0,1,0,0,0,0,0,0,0,0,10,2,0.2,0,0,0,0,0,0,0,26136,14470.3,4356,10,2,0.2,0,2,0.2,30492,506,4356,7.11616,7.26,43560,8712,871.2
data/selected-PB25/PB24/normalized-PB06/DEC-LIN/submitted-PB06/prestwich/robin/normalized-robin8.fzn,30.625,30.625,1,0,0,0,0.226227,0.226227,0,0,0.543564,0.543564,0,1256.52,1256.52,49,49,1,28,28,1,256,0,0.326531,768,7840,256,0,0,0,0,0,256,784,0,0,0,0,0,1,1,0,0,0,0,0,0,0,0,0,0,0,0,0,0,0,0,0,0,1,0,0,0,0,0,0,0,0,10,2,0.2,0,0,0,0,0,0,0,4704,2604.39,784,10,2,0.2,0,2,0.2,5488,161,784,7.20536,3.0625,7840,1568,156.8
data/selected-PB25/PB24/normalized-PB06/DEC-LIN/submitted-PB06/prestwich/robin/normalized-robin10.fzn,49.3902,49.3902,1,0,0,0,0.237847,0.237847,0,0,0.534944,0.534944,0,2294.06,2294.06,81,81,1,45,45,1,410,0,0.202469,1230,20250,410,0,0,0,0,0,410,2025,0,0,0,0,0,1,1,0,0,0,0,0,0,0,0,0,0,0,0,0,0,0,0,0,0,1,0,0,0,0,0,0,0,0,10,2,0.2,0,0,0,0,0,0,0,12150,6726.9,2025,10,2,0.2,0,2,0.2,14175,261,2025,7.12889,4.93902,20250,4050,405
data/selected-PB25/PB24/normalized-PB06/DEC-LIN/submitted-PB06/prestwich/armies/normalized-army10.14ls.fzn,5.10924,5.10924,1,0,0,0,1.31295,1.31295,0,0,2.09616,2.09616,0,962.217,962.217,100,100,1,2,2,1,476,0,1.50633,1428,2432,476,0,0,0,0,0,476,316,0,0,0,0,0,1,1,0,0,0,0,0,0,0,0,0,0,0,0,0,0,0,0,0,0,1,0,0,0,0,0,0,0,0,7.6962,2,0.280994,0.259868,0,0,0,1.86737,0,0.289079,684,913.213,316,12,2,0.666667,0,2,0.166667,1000,172,316,3.70886,0.663866,2432,632,88.7942
data/selected-PB25/PB24/normalized-PB06/DEC-LIN/submitted-PB06/prestwich/armies/normalized-army13.24ls.fzn,5.45726,5.45726,1,0,0,0,1.67944,1.67944,0,0,2.05566,2.05566,0,1518.11,1518.11,169,169,1,2,2,1,737,0,1.50408,2211,4022,737,0,0,0,0,0,737,490,0,0,0,0,0,1,1,0,0,0,0,0,0,0,0,0,0,0,0,0,0,0,0,0,0,1,0,0,0,0,0,0,0,0,8.20816,2,0.269517,0.344587,0,0,0,1.77828,0,0.207527,1410,1450.42,490,15,2,0.666667,0,2,0.133333,1900,280,490,4.44898,0.664858,4022,980,132.063
data/selected-PB25/PB24/normalized-PB06/DEC-LIN/submitted-PB06/prestwich/armies/normalized-army13.24bt.fzn,5.5217,5.5217,1,0,0,0,1.37924,1.37924,0,0,2.302,2.302,0,2368.92,2368.92,169,169,1,2,2,1,1083,0,2.21472,3249,5980,1083,0,0,0,0,0,1083,489,0,0,0,0,0,1,1,0,0,0,0,0,0,0,0,0,0,0,0,0,0,0,0,0,0,1,0,0,0,0,0,0,0,0,12.229,2,0.201521,0.560605,0,0,0,2.85109,0,0.120483,1520,1681.72,489,29,2,0.5,0,2,0.0689655,2009,328,489,4.77914,0.451524,5980,978,98.544
data/selected-PB25/PB24/normalized-PB06/DEC-LIN/submitted-PB06/prestwich/armies/normalized-army9.12ls.fzn,4.96259,4.96259,1,0,0,0,1.19213,1.19213,0,0,2.10095,2.10095,0,802.462,802.462,81,81,1,2,2,1,401,0,1.50752,1203,1990,401,0,0,0,0,0,401,266,0,0,0,0,0,1,1,0,0,0,0,0,0,0,0,0,0,0,0,0,0,0,0,0,0,1,0,0,0,0,0,0,0,0,7.4812,2,0.287301,0.23152,0,0,0,1.88809,0,0.328042,162,759.497,266,11,2,0.666667,0,2,0.181818,428,142,266,2.14286,0.663342,1990,532,76.4219
data/selected-PB25/PB24/normalized-PB06/DEC-LIN/submitted-PB06/prestwich/armies/normalized-army10.14bt.fzn,5.28655,5.28655,1,0,0,0,1.07005,1.07005,0,0,2.363,2.363,0,1474.47,1474.47,100,100,1,2,2,1,684,0,2.17143,2052,3616,684,0,0,0,0,0,684,315,0,0,0,0,0,1,1,0,0,0,0,0,0,0,0,0,0,0,0,0,0,0,0,0,0,1,0,0,0,0,0,0,0,0,11.4794,2,0.204364,0.44419,0,0,0,2.93949,0,0.170754,776,1070.34,315,23,2,0.5,0,2,0.0869565,1091,214,315,4.14286,0.460526,3616,630,64.3748
data/selected-PB25/PB24/normalized-PB06/DEC-LIN/submitted-PB06/prestwich/armies/normalized-army11.17bt.fzn,5.36679,5.36679,1,0,0,0,1.17846,1.17846,0,0,2.34394,2.34394,0,1749.49,1749.49,121,121,1,2,2,1,807,0,2.18699,2421,4331,807,0,0,0,0,0,807,369,0,0,0,0,0,1,1,0,0,0,0,0,0,0,0,0,0,0,0,0,0,0,0,0,0,1,0,0,0,0,0,0,0,0,11.7371,2,0.203328,0.489435,0,0,0,2.90275,0,0.150773,997,1259.31,369,25,2,0.5,0,2,0.08,1366,247,369,4.37127,0.457249,4331,738,75.0281
data/selected-PB25/PB24/normalized-PB06/DEC-LIN/submitted-PB06/prestwich/armies/normalized-army12.21ls.fzn,5.35404,5.35404,1,0,0,0,1.55147,1.55147,0,0,2.07194,2.07194,0,1320.16,1320.16,144,144,1,2,2,1,644,0,1.50467,1932,3448,644,0,0,0,0,0,644,428,0,0,0,0,0,1,1,0,0,0,0,0,0,0,0,0,0,0,0,0,0,0,0,0,0,1,0,0,0,0,0,0,0,0,8.05607,2,0.272422,0.328417,0,0,0,1.81058,0,0.230163,1148,1258.79,428,14,2,0.666667,0,2,0.142857,1576,241,428,4.24533,0.664596,3448,856,116.596
data/selected-PB25/PB24/normalized-PB06/DEC-LIN/submitted-PB06/prestwich/armies/normalized-army12.21bt.fzn,5.46064,5.46064,1,0,0,0,1.2819,1.2819,0,0,2.32332,2.32332,0,2048.93,2048.93,144,144,1,2,2,1,940,0,2.20141,2820,5133,940,0,0,0,0,0,940,427,0,0,0,0,0,1,1,0,0,0,0,0,0,0,0,0,0,0,0,0,0,0,0,0,0,1,0,0,0,0,0,0,0,0,12.0211,2,0.201678,0.526122,0,0,0,2.89359,0,0.13428,1259,1465.2,427,27,2,0.5,0,2,0.0740741,1686,289,427,4.62529,0.454255,5133,854,86.1165
data/selected-PB25/PB24/normalized-PB06/DEC-LIN/submitted-PB06/prestwich/armies/normalized-army11.17ls.fzn,5.23878,5.23878,1,0,0,0,1.42845,1.42845,0,0,2.08586,2.08586,0,1134.83,1134.83,121,121,1,2,2,1,557,0,1.50541,1671,2918,557,0,0,0,0,0,557,370,0,0,0,0,0,1,1,0,0,0,0,0,0,0,0,0,0,0,0,0,0,0,0,0,0,1,0,0,0,0,0,0,0,0,7.88649,2,0.276159,0.283532,0,0,0,1.84078,0,0.25697,906,1079.68,370,13,2,0.666667,0,2,0.153846,1276,205,370,4.0027,0.664273,2918,740,102.179
data/selected-PB25/PB24/normalized-PB06/DEC-LIN/submitted-PB06/prestwich/armies/normalized-army9.12bt.fzn,5.15937,5.15937,1,0,0,0,0.969111,0.969111,0,0,2.36735,2.36735,0,1219.81,1219.81,81,81,1,2,2,1,571,0,2.15472,1713,2946,571,0,0,0,0,0,571,265,0,0,0,0,0,1,1,0,0,0,0,0,0,0,0,0,0,0,0,0,0,0,0,0,0,1,0,0,0,0,0,0,0,0,11.117,2,0.207692,0.40228,0,0,0,2.93685,0,0.195337,234,892.272,265,21,2,0.5,0,2,0.0952381,499,178,265,2.55472,0.464098,2946,530,55.0384
data/selected-PB25/PB24/normalized-PB06/DEC-LIN/submitted-PB06/prestwich/armies/normalized-army8.9ls.fzn,4.79518,4.79518,1,0,0,0,1.06336,1.06336,0,0,2.09744,2.09744,0,655.718,655.718,64,64,1,2,2,1,332,0,1.50909,996,1592,332,0,0,0,0,0,332,220,0,0,0,0,0,1,1,0,0,0,0,0,0,0,0,0,0,0,0,0,0,0,0,0,0,1,0,0,0,0,0,0,0,0,7.23636,2,0.295613,0.195432,0,0,0,1.89949,0,0.37602,128,618.684,220,10,2,0.666667,0,2,0.2,348,115,220,2.10455,0.662651,1592,440,65.0349
data/selected-PB25/PB24/normalized-PB06/DEC-LIN/submitted-PB06/prestwich/armies/normalized-army8.9bt.fzn,5.04915,5.04915,1,0,0,0,0.863294,0.863294,0,0,2.39033,2.39033,0,990.27,990.27,64,64,1,2,2,1,468,0,2.13699,1404,2363,468,0,0,0,0,0,468,219,0,0,0,0,0,1,1,0,0,0,0,0,0,0,0,0,0,0,0,0,0,0,0,0,0,1,0,0,0,0,0,0,0,0,10.79,2,0.210537,0.358943,0,0,0,2.95815,0,0.226148,200,731.438,219,19,2,0.5,0,2,0.105263,419,151,219,2.60274,0.467949,2363,438,46.1076
data/selected-PB25/PB24/normalized-PB06/OPT-LIN/web/www.ps.uni-sb.de/~walser/benchmarks/course-ass/normalized-ss97-6.fzn,9.70103,9.8252,1.00072,0,0,0,2.18183,2.25527,0,0,1.59896,1.59896,0,200.398,200.495,173,185.045,1.06962,2,2,1,97,0,0.377432,291,953.045,97.0696,0,0,0,0,0,97,257,0,0,0,0,0,1,1,0,0,0,0,0,0,0,0,1,0.273114,0.0103093,0,8449,242.316,8449,16,0,0,2,0,0,0,0,0,0,0,0,3.66148,34.8677,33.428,0,15.0822,15.7345,1,0.9462,0.036753,0.036753,256,477.137,269.045,4,8449,8449,0,2,0.5,512,175,257,2.67315,2.64948,941,8961,8591
data/selected-PB25/PB24/normalized-PB06/OPT-LIN/web/www.ps.uni-sb.de/~walser/benchmarks/course-ass/normalized-ws97-5.fzn,9.24318,9.27803,1.00005,0,0,0,4.70835,4.75462,0,0,1.80208,1.80208,0,701.732,701.758,748,762.047,1.01878,2,2,1,403,0,0.444322,1209,3739.05,403.019,0,0,0,0,0,403,907,0,0,0,0,0,1,1,0,0,0,0,0,0,0,0,1,0.24349,0.00248139,0,33856,860.923,33856,30.0998,0,0,2,0,0,0,0,0,0,0,0,4.10695,39.3252,37.8252,0,28.569,29.7033,1,1.34415,0.0124221,0.823678,906,1832.37,921.047,5,33856,33856,0,2,0.4,1812,533,907,2.58545,2.25062,3725,35668,34307.5
data/selected-PB25/PB24/normalized-PB06/OPT-LIN/web/www.ps.uni-sb.de/~walser/benchmarks/course-ass/normalized-ss97-4.fzn,12.2958,12.3163,1.00001,0,0,0,5.89,5.92153,0,0,1.73068,1.73068,0,1506.72,1506.73,1798,1813.67,1.00871,2,2,1,764,0,0.33377,2292,9409.67,764.009,0,0,0,0,0,764,2289,0,0,0,0,0,1,1,0,0,0,0,0,0,0,0,1,0.243666,0.0013089,0,104117,2192.63,104117,47.833,0,0,2,0,0,0,0,0,0,0,0,4.10398,47.4849,45.9891,0,45.8184,47.3093,1,1.55517,0.00550585,0.757804,2652,4606.77,2304.67,6,104117,104117,0,2,0.333333,4940,963,2289,2.57886,2.99607,9394,108693,105269
data/selected-PB25/PB24/normalized-PB06/OPT-LIN/web/www.ps.uni-sb.de/~walser/benchmarks/course-ass/normalized-ws97-3.fzn,7.76675,7.77653,1,0,0,0,8.70971,8.75088,0,0,1.48042,1.48042,0,2990.92,2990.93,2792,2811.4,1.00695,2,2,1,1985,0,0.601515,5955,15436.4,1985.01,0,0,0,0,0,1985,3300,0,0,0,0,0,1,1,0,0,0,0,0,0,0,0,1,0.214049,0.000503778,0,1.38599e+06,3284.36,1.38599e+06,57.4369,0,0,2,0,0,0,0,0,0,0,0,4.67182,421.995,420.437,0,57.1647,57.3766,1,1.70609,0.00397901,0.987114,3299,7265.81,3319.4,6,1.38599e+06,1.38599e+06,0,2,0.333333,6598,1195,3300,2.36152,1.66247,15417,1.39258e+06,1.38744e+06
data/selected-PB25/PB24/normalized-PB06/OPT-LIN/web/www.ps.uni-sb.de/~walser/benchmarks/radar/normalized-10:10:4.5:0.5:100.fzn,4.25891,4.28015,1.00006,0,0,0,4.28473,4.36469,0,0,1.47749,1.47749,0,592.75,592.784,372,380.943,1.02404,2,2,1,421,0,1.13172,1263,1801.94,421.024,0,0,0,0,0,421,372,0,0,0,0,0,1,1,0,0,0,0,0,0,0,0,1,0.207474,0.0023753,-3.81989,984,212.079,984,19.2625,0,0,2,0,0,0,0,0,0,0,0,4.81989,4.63978,3.08411,0.207474,10.958,16.5109,1,2.14225,0.0268277,1.00055,433,827.196,380.943,8,984,984,0,2,0.25,804,173,372,2.62634,0.88361,1793,1726,1147.29
data/selected-PB25/PB24/normalized-PB06/OPT-LIN/web/www.ps.uni-sb.de/~walser/benchmarks/radar/normalized-30:30:4.5:0.95:98.fzn,4.54342,4.54583,1,0,0,0,14.045,14.0754,0,0,1.31369,1.31369,0,7449.59,7449.6,4624,4636.7,1.00275,2,2,1,5263,0,1.13819,15789,23924.7,5263,0,0,0,0,0,5263,4624,0,0,0,0,0,1,1,0,0,0,0,0,0,0,0,1,0.193376,0.000190006,-4.17128,13336,2730.74,13336,67.9929,0,0,2,0,0,0,0,0,0,0,0,5.17128,4.88365,3.28775,0.193376,40.1475,59.6424,1,1.9041,0.00294495,0.878721,8008,10819.7,4636.7,8,13336,13336,0,2,0.25,12631,257,4624,2.7872,0.878586,23912,22582,15202.5
data/selected-PB25/PB24/normalized-PB06/OPT-LIN/web/www.ps.uni-sb.de/~walser/benchmarks/radar/normalized-10:20:4.5:0.95:98.fzn,4.37247,4.38239,1.00001,0,0,0,6.45252,6.5103,0,0,1.36413,1.36413,0,1470.42,1470.43,906,916.303,1.01137,2,2,1,1039,0,1.1468,3117,4553.3,1039.01,0,0,0,0,0,1039,906,0,0,0,0,0,1,1,0,0,0,0,0,0,0,0,1,0.199428,0.000962464,-4.01435,2527,527.891,2527,30.084,0,0,2,0,0,0,0,0,0,0,0,5.01435,4.78698,3.20849,0.199428,17.514,26.1471,1,2.04175,0.0124341,0.946697,1169,2073.65,916.303,8,2527,2527,0,2,0.25,2074,173,906,2.48013,0.871992,4543,4337,2906.9
data/selected-PB25/PB24/normalized-PB06/OPT-LIN/web/www.ps.uni-sb.de/~walser/benchmarks/radar/normalized-30:30:4.5:0.5:100.fzn,4.71878,4.72134,1,0,0,0,13.4548,13.4858,0,0,1.26321,1.26321,0,6883.85,6883.86,4447,4459.62,1.00284,2,2,1,4925,0,1.10749,14775,23252.6,4925,0,0,0,0,0,4925,4447,0,0,0,0,0,1,1,0,0,0,0,0,0,0,0,1,0.191351,0.000203046,-4.226,12581,2605.49,12581,66.6789,0,0,2,0,0,0,0,0,0,0,0,5.226,4.82865,3.22844,0.191351,39.0602,58.4281,1,1.8678,0.00304951,0.858345,9069,10475,4459.62,8,12581,12581,0,2,0.25,13515,382,4447,3.12503,0.902944,23240,21473,14356.9
data/selected-PB25/PB24/normalized-PB06/OPT-LIN/web/www.ps.uni-sb.de/~walser/benchmarks/radar/normalized-30:30:4.5:0.95:100.fzn,4.55871,4.56112,1,0,0,0,13.9548,13.9853,0,0,1.34422,1.34422,0,7500.16,7500.16,4617,4629.7,1.00275,2,2,1,5280,0,1.1436,15840,24082.7,5280,0,0,0,0,0,5280,4617,0,0,0,0,0,1,1,0,0,0,0,0,0,0,0,1,0.191816,0.000189394,-4.21334,13341,2728.72,13341,67.9415,0,0,2,0,0,0,0,0,0,0,0,5.21334,4.88911,3.2895,0.191816,40.1481,59.678,1,1.86502,0.00294894,0.871583,7721,10860.8,4629.7,8,13341,13341,0,2,0.25,12337,280,4617,2.73273,0.874432,24070,22573,15187.6
data/selected-PB25/PB24/normalized-PB06/OPT-LIN/web/www.ps.uni-sb.de/~walser/benchmarks/radar/normalized-10:10:4.5:0.95:100.fzn,4.23952,4.25787,1.00004,0,0,0,4.59806,4.67364,0,0,1.42563,1.42563,0,712.609,712.639,435,444.191,1.02113,2,2,1,501,0,1.15172,1503,2133.19,501.021,0,0,0,0,0,501,435,0,0,0,0,0,1,1,0,0,0,0,0,0,0,0,1,0.204802,0.00199601,-3.88276,1169,249.639,1169,20.8346,0,0,2,0,0,0,0,0,0,0,0,4.88276,4.68276,3.11912,0.204802,11.934,17.9394,1,2.09502,0.0234619,0.994032,404,976.729,444.191,8,1169,1169,0,2,0.25,838,136,435,2.23908,0.868263,2124,2037,1356.82
data/selected-PB25/PB24/normalized-PB06/OPT-LIN/web/www.ps.uni-sb.de/~walser/benchmarks/radar/normalized-10:20:4.5:0.95:100.fzn,4.43462,4.44435,1.00001,0,0,0,6.4848,6.54064,0,0,1.3735,1.3735,0,1512.12,1512.14,934,944.342,1.01107,2,2,1,1063,0,1.13812,3189,4724.34,1063.01,0,0,0,0,0,1063,934,0,0,0,0,0,1,1,0,0,0,0,0,0,0,0,1,0.198133,0.000940734,-4.04711,2595,543.315,2595,30.5452,0,0,2,0,0,0,0,0,0,0,0,5.04711,4.77623,3.19336,0.198133,17.7545,26.5698,1,1.98636,0.0121084,0.9326,1369,2148.63,944.342,8,2595,2595,0,2,0.25,2302,212,934,2.69165,0.878645,4714,4461,2982.6
data/selected-PB25/PB24/normalized-PB06/OPT-LIN/web/www.nlsde.buaa.edu.cn/~kexu/benchmarks/frb53-24-opb/normalized-frb53-24-1.fzn,2.01349,2.01359,1,0,0,0,2.04774,2.04764,0,0,0.000190671,0.000190671,0,94237.3,94237.3,1273,1282.31,1.00732,2,2,1,94228,0,74.0204,282684,189736,94228,0,0,0,0,0,94228,1273,0,0,0,0,0,1,1,0,0,0,0,0,0,0,0,1,0.00670964,1.06126e-05,-5.41285,1273,424.556,1273,35.6652,0,0,2,0,0,0,0,0,0,0,0,149.039,2.99843,1.01386,0.183506,11.8759,35.1636,1,6.69737,0.00923499,0.00923499,0,9153.9,1282.31,233,1273,1273,0,2,0.00858369,1272,6,1273,1.00393,0.0135098,189727,3817,1290.65
data/selected-PB25/PB24/normalized-PB06/OPT-LIN/web/www.nlsde.buaa.edu.cn/~kexu/benchmarks/frb53-24-opb/normalized-frb53-24-3.fzn,2.0135,2.0136,1,0,0,0,2.04773,2.04763,0,0,0.000190857,0.000190857,0,94137.3,94137.3,1273,1282.31,1.00732,2,2,1,94128,0,73.9419,282384,189536,94128,0,0,0,0,0,94128,1273,0,0,0,0,0,1,1,0,0,0,0,0,0,0,0,1,0.00671672,1.06238e-05,-5.70044,1273,424.556,1273,35.6652,0,0,2,0,0,0,0,0,0,0,0,148.882,2.99843,1.01381,0.174247,11.8759,35.1654,1,6.6052,0.00923499,0.00923499,0,9155.9,1282.31,235,1273,1273,0,2,0.00851064,1272,6,1273,1.00393,0.0135241,189527,3817,1290.58
data/selected-PB25/PB24/normalized-PB06/OPT-LIN/web/www.nlsde.buaa.edu.cn/~kexu/benchmarks/frb45-21-opb/normalized-frb45-21-3.fzn,2.01621,2.01636,1,0,0,0,1.92093,1.92078,0,0,0.000296545,0.000296545,0,58254.9,58254.9,946,954.886,1.00939,2,2,1,58246,0,61.5708,174738,117445,58246,0,0,0,0,0,58246,946,0,0,0,0,0,1,1,0,0,0,0,0,0,0,0,1,0.00805545,1.71686e-05,-5.54593,946,315.556,946,30.741,0,0,2,0,0,0,0,0,0,0,0,124.14,2.99789,1.0166,0.17886,10.2325,30.2228,1,6.36429,0.0119742,0.0119742,0,6553.16,954.886,206,946,946,0,2,0.00970874,945,6,946,1.00529,0.0162415,117436,2836,961.705
data/selected-PB25/PB24/normalized-PB06/OPT-LIN/web/www.nlsde.buaa.edu.cn/~kexu/benchmarks/frb56-25-opb/normalized-frb56-25-3.fzn,2.01279,2.01288,1,0,0,0,2.04845,2.10775,0,0,0.000166225,0.000166225,0,109389,109389,1401,1410.45,1.00675,2,2,1,109380,0,78.0728,328140,220168,109380,0,0,0,0,0,109380,1401,0,0,0,0,0,1,1,0,0,0,0,0,0,0,0,1,0.00636358,9.14244e-06,-5.55888,1401,467.222,1401,37.4167,0,0,2,0,0,0,0,0,0,0,0,157.144,2.99857,1.01311,0.178748,12.4603,36.9192,1,6.71946,0.00848995,0.00848995,0,10184.5,1410.45,240,1401,1401,0,2,0.00833333,1400,8,1401,1.005,0.0128086,220159,4201,1419.37
data/selected-PB25/PB24/normalized-PB06/OPT-LIN/web/www.nlsde.buaa.edu.cn/~kexu/benchmarks/frb56-25-opb/normalized-frb56-25-4.fzn,2.01271,2.0128,1,0,0,0,2.04853,2.10783,0,0,0.000165308,0.000165308,0,110048,110048,1401,1410.45,1.00675,2,2,1,110039,0,78.5432,330117,221486,110039,0,0,0,0,0,110039,1401,0,0,0,0,0,1,1,0,0,0,0,0,0,0,0,1,0.00632571,9.08769e-06,-5.62815,1401,467.222,1401,37.4167,0,0,2,0,0,0,0,0,0,0,0,158.085,2.99857,1.01303,0.176554,12.4603,36.922,1,6.73581,0.00848995,0.00848995,0,10196.7,1410.45,242,1401,1401,0,2,0.00826446,1400,8,1401,1.005,0.0127318,221477,4201,1419.26
data/selected-PB25/PB24/normalized-PB06/OPT-LIN/web/www.nlsde.buaa.edu.cn/~kexu/benchmarks/frb35-17-opb/normalized-frb35-17-2.fzn,2.02133,2.02163,1,0,0,0,1.71377,1.78349,0,0,0.000582015,0.000582015,0,27856.2,27856.2,596,604.219,1.01379,2,2,1,27848,0,46.7248,83544,56298.2,27848,0,0,0,0,0,27848,596,0,0,0,0,0,1,1,0,0,0,0,0,0,0,0,1,0.010588,3.59092e-05,-5.70814,596,198.889,596,24.3929,0,0,2,0,0,0,0,0,0,0,0,94.4463,2.99664,1.02175,0.173333,8.11257,23.8533,1,5.94327,0.017887,0.017887,0,3892.85,604.219,135,596,596,0,2,0.0148148,595,6,596,1.00839,0.0214019,56290,1786,608.962
data/selected-PB25/PB24/normalized-PB06/OPT-LIN/web/www.nlsde.buaa.edu.cn/~kexu/benchmarks/frb35-17-opb/normalized-frb35-17-3.fzn,2.02127,2.02156,1,0,0,0,1.71383,1.71358,0,0,0.00058042,0.00058042,0,27940.2,27940.2,596,604.219,1.01379,2,2,1,27932,0,46.8658,83796,56466.2,27932,0,0,0,0,0,27932,596,0,0,0,0,0,1,1,0,0,0,0,0,0,0,0,1,0.0105565,3.58012e-05,-4.51473,596,198.889,596,24.3929,0,0,2,0,0,0,0,0,0,0,0,94.7282,2.99664,1.02207,0.219159,8.11257,23.8458,1,6.18744,0.017887,0.017887,0,3887.9,604.219,166,596,596,0,2,0.0120482,595,6,596,1.00839,0.0213375,56458,1786,609.156
data/selected-PB25/PB24/normalized-PB06/OPT-LIN/web/www.nlsde.buaa.edu.cn/~kexu/benchmarks/frb35-17-opb/normalized-frb35-17-4.fzn,2.02133,2.02163,1,0,0,0,1.71377,1.78349,0,0,0.00058211,0.00058211,0,27851.2,27851.2,596,604.219,1.01379,2,2,1,27843,0,46.7164,83529,56288.2,27843,0,0,0,0,0,27843,596,0,0,0,0,0,1,1,0,0,0,0,0,0,0,0,1,0.0105899,3.59157e-05,-4.58628,596,198.889,596,24.3929,0,0,2,0,0,0,0,0,0,0,0,94.4295,2.99664,1.02228,0.215733,8.11257,23.841,1,6.1965,0.017887,0.017887,0,3883.94,604.219,151,596,596,0,2,0.013245,595,6,596,1.00839,0.0214057,56280,1786,609.277
data/selected-PB25/PB24/normalized-PB06/OPT-LIN/web/www.nlsde.buaa.edu.cn/~kexu/benchmarks/frb50-23-opb/normalized-frb50-23-4.fzn,2.01432,2.01443,1,0,0,0,1.98579,1.98567,0,0,0.000220973,0.000220973,0,80268.2,80268.2,1151,1160.17,1.00797,2,2,1,80259,0,69.7298,240777,161676,80259,0,0,0,0,0,80259,1151,0,0,0,0,0,1,1,0,0,0,0,0,0,0,0,1,0.00711957,1.24597e-05,-5.51687,1151,383.889,1151,33.9118,0,0,2,0,0,0,0,0,0,0,0,140.458,2.99826,1.01469,0.179972,11.2907,33.4063,1,6.57205,0.0100875,0.0100875,0,8178.88,1160.17,209,1151,1151,0,2,0.00956938,1150,6,1151,1.00434,0.0143411,161667,3451,1167.9
data/selected-PB25/PB24/normalized-PB06/OPT-LIN/web/www.nlsde.buaa.edu.cn/~kexu/benchmarks/frb50-23-opb/normalized-frb50-23-5.fzn,2.01436,2.01447,1,0,0,0,1.98575,1.98563,0,0,0.000221538,0.000221538,0,80045.2,80045.2,1151,1160.17,1.00797,2,2,1,80036,0,69.5361,240108,161230,80036,0,0,0,0,0,80036,1151,0,0,0,0,0,1,1,0,0,0,0,0,0,0,0,1,0.00713927,1.24944e-05,-5.32528,1151,383.889,1151,33.9118,0,0,2,0,0,0,0,0,0,0,0,140.07,2.99826,1.01476,0.186443,11.2907,33.4037,1,6.62155,0.0100875,0.0100875,0,8172.21,1160.17,228,1151,1151,0,2,0.00877193,1150,6,1151,1.00434,0.014381,161221,3451,1167.99
data/selected-PB25/PB24/normalized-PB06/OPT-LIN/mps-v2-20-10/MIPLIB/miplib2003/normalized-mps-v2-20-10-pp08aCUTS.fzn,70.2733,70.3477,1.00002,0,0,0,2.78311,2.79832,0,0,3.64769,3.64769,0,1705.42,1705.43,3425,3448.14,1.00675,17,17,1,311,0,0.067594,933,21878.1,311.007,0,0,0,0,0,311,4601,0,0,0,0,0,1,1,0,0,0,0,0,0,0,0,1,0.210524,0.00321543,0,1.84318e+07,4598.7,1.84318e+07,0,0,0,2,0,0,0,0,0,0,0,0,4.75005,4008.05,4006.48,0,0,0,1,0.873138,0.00295811,0.78457,21854,10303.1,4624.14,5,1.84318e+07,1.84318e+07,0,2,0.4,26454,4091,4601,6.63877,14.7942,21855,1.8441e+07,1.84338e+07
data/selected-PB25/PB24/normalized-PB06/OPT-LIN/mps-v2-20-10/MIPLIB/miplib/normalized-mps-v2-20-10-bell3a.fzn,52.8421,53.0319,1.00011,0,0,0,2.67054,2.70321,0,0,3.35734,3.35734,0,683.97,683.994,1717,1745.84,1.0168,2,2,1,152,0,0.0684685,456,8060.84,152.017,0,0,0,0,0,152,2220,0,0,0,0,0,1,1,0,0,0,0,0,0,0,0,1,0.276394,0.00657895,0,9.64118e+08,2219.99,9.64118e+08,0,0,0,2,0,0,0,0,0,0,0,0,3.61802,434290,434288,0,0,0,1,1.00176,0.00565708,0.0246789,7667,4085.74,2248.84,7,9.64118e+08,9.64118e+08,0,2,0.285714,9886,1470,2220,5.11532,14.6053,8032,9.64123e+08,9.6412e+08
data/selected-PB25/PB24/normalized-PB06/OPT-LIN/mps-v2-20-10/MIPLIB/miplib/normalized-mps-v2-20-10-misc01.fzn,14.6727,0,0,0,0,0,0.853963,0,0,0,2.69679,2.6467,0,202.849,197.849,101,101,1,5,5,1,55,0,0.482456,165,0,0,0,0,0,0,0,55,114,0,0,0,0,0,1,1,0,0,0,0,0,0,0,0,1,0.141264,0.0181818,-1.32654,-2.14748e+09,114,-2.14748e+09,0,0,0,2,0,0,0,0,0,0,0,0,7.07895,-1.88376e+07,-1.88376e+07,0.647353,0,0,1,2.4562,0.0725372,1.06102,620,277.766,0,15,2,1,0,-2.14748e+09,-2.14748e+09,733,267,114,8.77193,2.07273,807,-2.14748e+09,-2.14748e+09
data/selected-PB25/PB24/normalized-PB06/OPT-LIN/mps-v2-20-10/www.csit.fsu.edu/~burkardt/datasets/mps/normalized-mps-v2-20-10-nazareth.fzn,51.25,0,0,0,0,0,0.441511,0,0,0,2,1.5,0,21.9069,15.6032,79,61,1,17,17,1,4,0,0.0506329,12,0,0,0,0,0,0,0,4,79,0,0,0,0,0,1,1,0,0,0,0,0,0,0,0,1,0.385366,0.25,0,-1.07361e+09,79,-1.07361e+09,0,0,0,2,0,0,0,0,0,0,0,0,2.59494,-1.359e+07,-1.359e+07,0,0,0,1,1.04701,0.0979406,0.0979406,126,106.078,0,3,2,1,0,-1.07361e+09,-1.07361e+09,204,126,79,4.17722,19.75,205,-1.07361e+09,-1.07361e+09
data/selected-PB25/PB24/normalized-PB06/OPT-LIN/mps-v2-20-10/www.csit.fsu.edu/~burkardt/datasets/mps/normalized-mps-v2-20-10-maros.fzn,60.1429,0,0,0,0,0,0.518381,0,0,0,1.95021,1.55666,0,39.1191,32.6113,91,90,1,15,15,1,7,0,0.0769231,21,0,0,0,0,0,0,0,7,91,0,0,0,0,0,1,1,0,0,0,0,0,0,0,0,1,0.216152,0.142857,-3.62637,-2.14696e+09,91,-2.14696e+09,0,0,0,2,0,0,0,0,0,0,0,0,4.62637,-2.3593e+07,-2.3593e+07,0.216152,0,0,1,0.995485,0.0872806,0.995485,240,197.549,0,6,2,0.5,0,-2.14696e+09,-2.14696e+09,330,315,91,7.08791,13,421,-2.14696e+09,-2.14696e+09
data/selected-PB25/PB24/normalized-PB06/OPT-LIN/mps-v2-20-10/www.csit.fsu.edu/~burkardt/datasets/mps/normalized-mps-v2-20-10-testprob.fzn,32.3333,0,0,0,0,0,0.520287,0,0,0,2.58496,2.25163,0,28.6478,22.815,57,44,1,12,12,1,6,0,0.105263,18,0,0,0,0,0,0,0,6,57,0,0,0,0,0,1,1,0,0,0,0,0,0,0,0,1,0.293814,0.166667,0,-2.14746e+09,57,-2.14746e+09,0,0,0,2,0,0,0,0,0,0,0,0,3.40351,-3.76747e+07,-3.76747e+07,0,0,0,1,1.10172,0.127419,0.127419,193,99.1338,0,4,2,0.666667,0,-2.14746e+09,-2.14746e+09,249,137,57,6.77193,9.5,194,-2.14746e+09,-2.14746e+09
data/selected-PB25/PB24/normalized-PB06/OPT-LIN/submitted-PB05/manquinho/synthesis-ptl-cmos-circuits/normalized-9symml.fzn,4.66346,4.67231,1.00001,0,0,0,3.4973,3.56212,0,0,2.77953,2.77953,0,2919.39,2919.42,638,651.78,1.0216,2,2,1,1557,0,2.44044,4671,7274.78,1557.02,0,0,0,0,0,1557,638,0,0,0,0,0,1,1,0,0,0,0,0,0,0,0,1,0.0878667,0.000642261,-1.70661,28139,610.366,28139,25.2389,0,0,2,0,0,0,0,0,0,0,0,11.3809,46.1019,44.3204,0.534472,24.1439,25.116,1,4.169,0.0168636,0.142482,752,2134.23,651.78,40,28139,28139,0,2,0.05,1389,493,638,2.94984,0.409762,7261,29413,28276.4
data/selected-PB25/PB24/normalized-PB06/OPT-LIN/submitted-PB05/manquinho/synthesis-ptl-cmos-circuits/normalized-cc.fzn,4.5202,4.57817,1.00047,0,0,0,2.0276,2.16233,0,0,2.32144,2.32144,0,344.322,344.451,123,134.477,1.09331,2,2,1,198,0,1.60976,594,906.477,198.093,0,0,0,0,0,198,123,0,0,0,0,0,1,1,0,0,0,0,0,0,0,0,1,0.13743,0.00505051,-1.52226,5700,117.951,5700,11.0454,0,0,2,0,0,0,0,0,0,0,0,7.27642,48.3252,46.6743,0.566639,10.5882,10.9659,1,3.39302,0.0681246,0.82448,152,330.69,134.477,29,5700,5700,0,2,0.0689655,274,210,123,3.93496,0.621212,895,5944,5740.94
data/selected-PB25/PB24/normalized-PB06/OPT-LIN/submitted-PB05/manquinho/routing/normalized-s3-3-3-4pb.fzn,3.41815,3.42924,1.00005,0,0,0,2.74442,2.81219,0,0,1.48977,1.48977,0,911.662,911.705,229,235.839,1.02987,2,2,1,617,0,2.69432,1851,2115.84,617.03,0,0,0,0,0,617,229,0,0,0,0,0,1,1,0,0,0,0,0,0,0,0,1,0.108582,0.00162075,-3.67145,229,76.5562,229,15.1008,0,0,2,0,0,0,0,0,0,0,0,9.20961,2.99127,1.22619,0.242797,5.00344,12.2873,1,1.93738,0.0405185,0.0405185,456,723.092,235.839,13,229,229,0,2,0.153846,684,42,229,3.17031,0.371151,2109,685,280.798
data/selected-PB25/PB24/normalized-PB06/OPT-LIN/submitted-PB05/manquinho/routing/normalized-s3-3-3-2pb.fzn,3.43759,3.44748,1.00004,0,0,0,2.93796,3.00048,0,0,1.47832,1.47832,0,1054,1054.04,265,272.05,1.0266,2,2,1,713,0,2.69057,2139,2458.05,713.027,0,0,0,0,0,713,265,0,0,0,0,0,1,1,0,0,0,0,0,0,0,0,1,0.108119,0.00140252,-3.68909,265,88.5561,265,16.249,0,0,2,0,0,0,0,0,0,0,0,9.24906,2.99245,1.22574,0.241762,5.38839,13.2306,1,1.90587,0.0358106,0.0358106,528,838.459,272.05,13,265,265,0,2,0.153846,792,45,265,3.15849,0.371669,2451,793,324.822
data/selected-PB25/PB24/normalized-PB06/OPT-LIN/submitted-PB05/manquinho/routing/normalized-s4-4-3-2pb.fzn,3.62878,3.63305,1.00001,0,0,0,4.08744,4.13793,0,0,1.44779,1.44779,0,3117.53,3117.54,649,657.342,1.01285,2,2,1,1953,0,3.00924,5859,7095.34,1953.01,0,0,0,0,0,1953,649,0,0,0,0,0,1,1,0,0,0,0,0,0,0,0,1,0.0915761,0.000512033,-3.74936,649,216.556,649,25.4561,0,0,2,0,0,0,0,0,0,0,0,10.9199,2.99692,1.19468,0.242288,8.46775,21.2912,1,2.37002,0.0166158,0.0166158,1296,2205.97,657.342,16,649,649,0,2,0.125,1944,50,649,3.07242,0.332309,7087,1945,775.349
data/selected-PB25/PB24/normalized-PB06/OPT-LIN/submitted-PB05/manquinho/routing/normalized-s4-4-3-1pb.fzn,3.63874,3.64288,1.00001,0,0,0,4.1497,4.19917,0,0,1.44974,1.44974,0,3246.24,3246.25,673,681.394,1.01247,2,2,1,2029,0,3.01486,6087,7391.39,2029.01,0,0,0,0,0,2029,673,0,0,0,0,0,1,1,0,0,0,0,0,0,0,0,1,0.0911554,0.000492854,-3.52503,673,224.556,673,25.9232,0,0,2,0,0,0,0,0,0,0,0,10.9703,2.99703,1.19439,0.257826,8.62377,21.6878,1,2.4347,0.0161012,0.0161012,1344,2290.73,681.394,16,673,673,0,2,0.125,2016,51,673,3.07132,0.33169,7383,2017,803.824
data/selected-PB25/PB24/normalized-PB06/OPT-LIN/submitted-PB05/manquinho/routing/normalized-s3-3-3-5pb.fzn,3.40185,3.41254,1.00004,0,0,0,2.83482,2.90092,0,0,1.47277,1.47277,0,947.644,947.685,241,247.913,1.02868,2,2,1,647,0,2.68465,1941,2207.91,647.029,0,0,0,0,0,647,241,0,0,0,0,0,1,1,0,0,0,0,0,0,0,0,1,0.109496,0.0015456,-4.06639,241,80.5562,241,15.493,0,0,2,0,0,0,0,0,0,0,0,9.13278,2.9917,1.22735,0.218991,5.13497,12.5959,1,1.9609,0.0388074,0.0388074,480,758.829,247.913,13,241,241,0,2,0.153846,720,43,241,3.16598,0.372488,2201,721,295.792
data/selected-PB25/PB24/normalized-PB06/OPT-LIN/submitted-PB05/manquinho/routing/normalized-s4-4-3-4pb.fzn,3.63329,3.63731,1.00001,0,0,0,4.23716,4.28571,0,0,1.44556,1.44556,0,3345.24,3345.26,697,705.445,1.01212,2,2,1,2097,0,3.00861,6291,7627.45,2097.01,0,0,0,0,0,2097,697,0,0,0,0,0,1,1,0,0,0,0,0,0,0,0,1,0.0914818,0.000476872,-3.51119,697,232.556,697,26.382,0,0,2,0,0,0,0,0,0,0,0,10.9311,2.99713,1.19472,0.25875,8.77703,22.0662,1,2.38344,0.0156193,0.0156193,1392,2369.83,705.445,16,697,697,0,2,0.125,2088,52,697,3.0703,0.33238,7619,2089,832.719
data/selected-PB25/PB24/normalized-PB06/OPT-LIN/submitted-PB05/manquinho/routing/normalized-s3-3-3-3pb.fzn,3.41911,3.42976,1.00004,0,0,0,2.80531,2.88635,0,0,1.48873,1.48873,0,956.814,956.854,241,247.913,1.02868,2,2,1,649,0,2.69295,1947,2225.91,649.029,0,0,0,0,0,649,241,0,0,0,0,0,1,1,0,0,0,0,0,0,0,0,1,0.108607,0.00154083,-3.67049,241,80.5562,241,15.493,0,0,2,0,0,0,0,0,0,0,0,9.20747,2.9917,1.22648,0.242854,5.13497,12.6049,1,1.95513,0.0388074,0.0388074,480,760.892,247.913,13,241,241,0,2,0.153846,720,43,241,3.16598,0.371341,2219,721,295.581
data/selected-PB25/PB24/normalized-PB06/OPT-LIN/submitted-PB05/manquinho/routing/normalized-s4-4-3-8pb.fzn,3.56858,3.57453,1.00001,0,0,0,3.37434,3.43771,0,0,1.50257,1.50257,0,2068.73,2068.75,433,440.758,1.01792,2,2,1,1305,0,3.01386,3915,4664.76,1305.02,0,0,0,0,0,1305,433,0,0,0,0,0,1,1,0,0,0,0,0,0,0,0,1,0.0929783,0.000766284,-3.68712,433,144.556,433,20.7851,0,0,2,0,0,0,0,0,0,0,0,10.7552,2.99538,1.19673,0.245997,6.90669,17.3477,1,2.36712,0.0235549,0.0235549,864,1462.55,440.758,16,433,433,0,2,0.125,1296,41,433,3.08776,0.331801,4657,1297,518.184
data/selected-PB25/PB24/normalized-PB06/OPT-LIN/submitted-PB05/manquinho/routing/normalized-s4-4-3-7pb.fzn,3.64402,3.64815,1.00001,0,0,0,4.14369,4.18413,0,0,1.44871,1.44871,0,3255.41,3255.42,673,681.394,1.01247,2,2,1,2031,0,3.01783,6093,7409.39,2031.01,0,0,0,0,0,2031,673,0,0,0,0,0,1,1,0,0,0,0,0,0,0,0,1,0.0909337,0.000492368,-3.53448,673,224.556,673,25.9232,0,0,2,0,0,0,0,0,0,0,0,10.997,2.99703,1.19417,0.257199,8.62377,21.6918,1,2.46655,0.0161012,0.0161012,1344,2292.46,681.394,16,673,673,0,2,0.125,2016,51,673,3.07132,0.331364,7401,2017,803.677
data/selected-PB25/PB24/normalized-PB06/OPT-LIN/submitted-PB05/manquinho/routing/normalized-s3-3-3-1pb.fzn,3.41709,3.42865,1.00005,0,0,0,2.66613,2.73601,0,0,1.49072,1.49072,0,866.459,866.504,217,223.762,1.03116,2,2,1,585,0,2.69585,1755,2005.76,585.031,0,0,0,0,0,585,217,0,0,0,0,0,1,1,0,0,0,0,0,0,0,0,1,0.108554,0.0017094,-3.67251,217,72.5562,217,14.6982,0,0,2,0,0,0,0,0,0,0,0,9.21198,2.99078,1.22587,0.242735,4.86836,11.9612,1,1.91515,0.0424005,0.0424005,432,685.292,223.762,13,217,217,0,2,0.153846,648,41,217,3.17512,0.37094,1999,649,266.014
data/selected-PB25/PB24/normalized-PB06/OPT-LIN/submitted-PB05/manquinho/primes-dimacs-cnf/normalized-aim-100-6_0-yes1-1.fzn,3.13552,3.14501,1.00005,0,0,0,2.38663,2.44233,0,0,0.617326,0.617326,0,1056.87,1056.92,201,207.651,1.03309,2,2,1,701,0,3.48756,2103,2204.65,701.033,0,0,0,0,0,701,201,0,0,0,0,0,1,1,0,0,0,0,0,0,0,0,1,0.0914468,0.00142653,0,201,67.223,201,14.1436,0,0,2,0,0,0,0,0,0,0,0,10.9353,2.99005,1.18121,0,4.6822,11.9427,1,0.135566,0.0452246,0.0452246,200,691.459,207.651,11,201,201,0,2,0.181818,400,7,201,2.02488,0.286733,2198,601,237.422
data/selected-PB25/PB24/normalized-PB06/OPT-LIN/submitted-PB05/manquinho/primes-dimacs-cnf/normalized-f1000.fzn,3.19006,3.19196,1,0,0,0,8.64188,8.67642,0,0,0.704961,0.704961,0,7747.06,7747.06,2001,2010.97,1.00498,2,2,1,5251,0,2.62419,15753,16761,5251,0,0,0,0,0,5251,2001,0,0,0,0,0,1,1,0,0,0,0,0,0,0,0,1,0.119456,0.00019044,-3.00933,2001,667.222,2001,44.7214,0,0,2,0,0,0,0,0,0,0,0,8.37131,2.999,1.26303,0.292605,14.8972,35.3992,1,3.33854,0.00620132,0.246076,2000,5998.09,2010.97,17,2001,2001,0,2,0.117647,4000,8,2001,2.003,0.38107,16751,6001,2527.32
data/selected-PB25/PB24/normalized-PB06/OPT-LIN/submitted-PB05/manquinho/primes-dimacs-cnf/normalized-aim-200-2_0-yes1-2.fzn,3.32779,3.34051,1.00003,0,0,0,4.87329,4.95521,0,0,0.936181,0.936181,0,842.047,842.075,401,408.647,1.01907,2,2,1,601,0,1.49875,1803,2007.65,601.019,0,0,0,0,0,601,401,0,0,0,0,0,1,1,0,0,0,0,0,0,0,0,1,0.2005,0.00166389,0,401,133.889,401,20.0005,0,0,2,0,0,0,0,0,0,0,0,4.98753,2.99501,1.39925,0,6.6443,14.2755,1,0.050307,0.025158,0.050307,400,928.449,408.647,5,401,401,0,2,0.4,800,7,401,2.01247,0.667221,2000,1201,561.1
data/selected-PB25/PB24/normalized-PB06/OPT-LIN/submitted-PB05/manquinho/primes-dimacs-cnf/normalized-ii32c2.fzn,5.2097,5.21298,1.00001,0,0,0,2.58242,2.60209,0,0,0.538608,0.538608,0,3423.08,3423.1,499,506.963,1.01596,2,2,1,2432,0,4.87375,7296,12678,2432.02,0,0,0,0,0,2432,499,0,0,0,0,0,1,1,0,0,0,0,0,0,0,0,1,0.0393844,0.000411184,-1.52741,499,166.556,499,22.3163,0,0,2,0,0,0,0,0,0,0,0,25.3908,2.99599,1.16909,0.628918,7.41861,19.069,1,4.58245,0.02085,0.550531,8274,2105.65,506.963,53,499,499,0,2,0.0377358,8772,73,499,17.7255,0.205181,12670,1495,583.378
data/selected-PB25/PB24/normalized-PB06/OPT-LIN/submitted-PB05/manquinho/primes-dimacs-cnf/normalized-g125.18.fzn,2.08975,2.0899,1,0,0,0,7.99297,8.02098,0,0,0.0185743,0.0185743,0,72821.4,72821.4,4501,4512.14,1.00247,2,2,1,72414,0,16.0884,217242,151338,72414,0,0,0,0,0,72414,4501,0,0,0,0,0,1,1,0,0,0,0,0,0,0,0,1,0.0297435,1.38095e-05,-1.05724,4501,1500.56,4501,67.0821,0,0,2,0,0,0,0,0,0,0,0,33.6208,2.99956,1.34892,0.917722,22.3541,49.7245,1,3.16719,0.00301679,1.00279,6750,17068.2,4512.14,77,4501,4501,0,2,0.025974,11250,62,4501,2.51322,0.0621565,151327,13501,6071.51
data/selected-PB25/PB24/normalized-PB06/OPT-LIN/submitted-PB05/manquinho/primes-dimacs-cnf/normalized-aim-50-6_0-yes1-3.fzn,3.12857,3.14474,1.00016,0,0,0,1.66087,1.74171,0,0,0.640988,0.640988,0,528.807,528.886,101,106.658,1.05602,2,2,1,350,0,3.46535,1050,1100.66,350.056,0,0,0,0,0,350,101,0,0,0,0,0,1,1,0,0,0,0,0,0,0,0,1,0.0922374,0.00285714,-9.84158,101,33.8904,101,10.0041,0,0,2,0,0,0,0,0,0,0,0,10.8416,2.9802,1.18114,0.0922374,3.28769,8.42397,1,0.399436,0.080136,0.080136,100,345.104,106.658,11,101,101,0,2,0.181818,200,7,101,2.0495,0.288571,1095,301,119.295
data/selected-PB25/PB24/normalized-PB06/OPT-LIN/submitted-PB05/manquinho/primes-dimacs-cnf/normalized-aim-50-2_0-yes1-1.fzn,3.31788,3.35535,1.00037,0,0,0,2.39227,2.51126,0,0,0.969673,0.969673,8.88178e-16,215.154,215.233,101,106.658,1.05602,2,2,1,151,0,1.49505,453,506.658,151.056,0,0,0,0,0,151,101,0,0,0,0,0,1,1,0,0,0,0,0,0,0,0,1,0.201597,0.00662252,0,101,33.8904,101,10.0041,0,0,2,0,0,0,0,0,0,0,0,4.9604,2.9802,1.39604,0,3.28769,7.12721,1,0.080136,0.080136,0.080136,100,232.193,106.658,5,101,101,0,2,0.4,200,5,101,2.0297,0.668874,501,301,141
data/selected-PB25/PB24/normalized-PB06/OPT-LIN/submitted-PB05/manquinho/primes-dimacs-cnf/normalized-ii16d2.fzn,3.0836,3.08433,1,0,0,0,4.83191,4.85248,0,0,0.454649,0.454649,1.77636e-15,16128.7,16128.7,1673,1682.71,1.0058,2,2,1,13290,0,7.94381,39870,40990.7,13290,0,0,0,0,0,13290,1673,0,0,0,0,0,1,1,0,0,0,0,0,0,0,0,1,0.0408238,7.52445e-05,-0.677693,1673,557.889,1673,40.8902,0,0,2,0,0,0,0,0,0,0,0,24.4955,2.9988,1.33231,1.41536,13.6191,30.6818,1,2.26815,0.00726269,0.989698,15816,5773.61,1682.71,167,1673,1673,0,2,0.011976,17488,26,1673,10.4686,0.125884,40981,5017,2228.96
data/selected-PB25/PB24/normalized-PB06/OPT-LIN/submitted-PB05/manquinho/primes-dimacs-cnf/normalized-ssa7552-159.fzn,2.77441,2.77706,1,0,0,0,14.1584,14.2043,0,0,0.628856,0.628856,0,4264.62,4264.63,2463,2473.41,1.00423,2,2,1,3923,0,1.59277,11769,10894.4,3923,0,0,0,0,0,3923,2463,0,0,0,0,0,1,1,0,0,0,0,0,0,0,0,1,0.226295,0.000254907,-0.697901,2727,877.872,2727,49.6239,0,0,2,0,0,0,0,0,0,0,0,4.419,3.10637,1.6225,1.10862,17.6704,33.8478,1,2.20401,0.00515981,0.896456,0,4974.03,2473.41,138,2727,2727,0,2,0.0144928,2462,283,2463,1.11449,0.627836,10884,7651,3996.22
data/selected-PB25/PB24/normalized-PB06/OPT-LIN/submitted-PB05/manquinho/logic-synthesis/normalized-alu4.b.fzn,21.7035,21.7086,1.00001,0,0,0,1.05773,1.06548,0,0,4.3703,4.3703,0,7061.15,7061.17,792,800.658,1.01093,2,2,1,1693,0,2.13763,5079,36752.7,1693.01,0,0,0,0,0,1693,792,0,0,0,0,0,1,1,0,0,0,0,0,0,0,0,1,0.0215545,0.000590667,-1.09012,808,267.756,808,28.1284,0,0,2,0,0,0,0,0,0,0,0,46.3939,3.01768,1.1181,0.89756,9.48351,25.6579,1,6.60463,0.0139787,0.119544,33649,3937.54,800.658,259,808,808,0,2,0.00772201,34440,6855,792,52.1402,0.467809,36744,2390,885.531
data/selected-PB25/PB24/normalized-PB06/OPT-LIN/submitted-PB05/manquinho/logic-synthesis/normalized-count.b.fzn,26.1353,26.1469,1.00002,0,0,0,0.771916,0.780995,0,0,1.76874,1.76874,0,3018.16,3018.18,467,474.867,1.01685,2,2,1,680,0,1.4561,2040,17779.9,680.017,0,0,0,0,0,680,467,0,0,0,0,0,1,1,0,0,0,0,0,0,0,0,1,0.0262773,0.00147059,-1.20734,467,155.889,467,21.5874,0,0,2,0,0,0,0,0,0,0,0,38.0557,2.99572,1.15228,0.806503,7.17497,18.7141,1,4.16485,0.0220737,0.26737,17503,2121.68,474.867,107,467,467,0,2,0.0186916,17969,1296,467,41.2527,0.686765,17772,1399,538.113
data/selected-PB25/PB24/normalized-PB06/OPT-LIN/submitted-PB05/manquinho/logic-synthesis/normalized-sao2.b.fzn,20.0621,20.0738,1.00003,0,0,0,0.941797,0.951736,0,0,4.23938,4.23938,0,2546.74,2546.77,368,375.543,1.0205,2,2,1,644,0,1.75,1932,12927.5,644.02,0,0,0,0,0,644,368,0,0,0,0,0,1,1,0,0,0,0,0,0,0,0,1,0.028483,0.0015528,-1.4929,373,123.996,373,19.1575,0,0,2,0,0,0,0,0,0,0,0,35.1087,3.00815,1.1123,0.65076,6.42029,17.433,1,5.95736,0.0270769,0.0953225,10972,1757.9,375.543,121,373,373,0,2,0.0165289,11339,3312,368,39.8125,0.571429,12920,1107,409.327
data/selected-PB25/PB24/normalized-PB06/OPT-LIN/submitted-PB05/manquinho/ttp/normalized-circ10_3.fzn,7.23167,7.23191,1,0,0,0,0.948004,0.958004,0,0,3.38524,3.38524,0,105014,105014,901,911.288,1.01142,2,2,1,42621,0,15.7797,127863,308231,42621,0,0,0,0,0,42621,2701,0,0,0,0,0,1,1,0,0,0,0,0,0,0,0,1,0.00876319,2.34626e-05,-1.33575,2501,854.981,2501,51.9643,0,0,2,0,0,0,0,0,0,0,0,114.114,2.92521,0.958163,0.742083,16.434,50.2045,1,3.99665,0.00475443,0.00475443,174960,17268.7,2711.29,272,2501,2501,0,2,0.00735294,177660,443,2701,65.9397,0.0633725,308221,7901,2588
data/selected-PB25/PB24/normalized-PB06/OPT-LIN/submitted-PB05/manquinho/ttp/normalized-data8_3.fzn,5.95695,5.95801,1,0,0,0,0.904014,0.919304,0,0,3.10014,3.10014,0,36436.3,36436.4,449,466.093,1.03807,2,2,1,16097,0,11.968,48291,95906.1,16097,0,0,0,0,0,16097,1345,0,0,0,0,0,1,1,0,0,0,0,0,0,0,0,1,0.0140266,6.21234e-05,-1.46475,279537,1332.19,279537,36.6606,0,0,2,0,0,0,0,0,0,0,0,71.2929,209.833,207.88,0.673132,36.3112,36.6526,1,3.82772,0.00879966,0.00879966,37296,7805.14,1362.09,158,279537,279537,0,2,0.0126582,38640,283,1345,28.939,0.0835559,95889,282225,279598
data/selected-PB25/PB24/normalized-PB06/OPT-LIN/submitted-PB05/manquinho/ttp/normalized-data10_3.fzn,7.23167,7.23209,1,0,0,0,0.948004,0.95798,0,0,3.38524,3.38524,0,105014,105014,901,919.094,1.02008,2,2,1,42621,0,15.7797,127863,308239,42621,0,0,0,0,0,42621,2701,0,0,0,0,0,1,1,0,0,0,0,0,0,0,0,1,0.00876319,2.34626e-05,-1.33575,559661,2675.19,559661,51.9615,0,0,2,0,0,0,0,0,0,0,0,114.114,209.204,207.237,0.742083,51.4648,51.9534,1,3.99665,0.00475443,0.00475443,174960,17268.7,2719.09,272,559661,559661,0,2,0.00735294,177660,443,2701,65.9397,0.0633725,308221,565061,559748
data/selected-PB25/PB24/normalized-PB06/OPT-LIN/submitted-PB05/manquinho/ttp/normalized-data4_3.fzn,3.5078,3.52711,1.00039,0,0,0,0.637456,0.750118,0,0,2.03223,2.03223,0,1184.41,1184.77,49,62.6148,1.27785,2,2,1,705,0,4.86207,2115,2486.61,705.278,0,0,0,0,0,705,145,0,0,0,0,0,1,1,0,0,0,0,0,0,0,0,1,0.0586332,0.00141844,-2.42041,25089,143.354,25089,12,0,0,2,0,0,0,0,0,0,0,0,17.0552,175.014,173.164,0.388929,11.8629,11.9905,1,3.21994,0.0594318,0.0594318,192,574.241,158.615,27,25089,25089,0,2,0.0740741,336,52,145,2.67586,0.205674,2473,25377,25108.7
data/selected-PB25/PB24/normalized-PB06/OPT-LIN/submitted-PB05/manquinho/ttp/normalized-circ8_3.fzn,5.95695,5.95751,1,0,0,0,0.904014,0.903929,0,0,3.10014,3.10014,0,36436.3,36436.3,449,458.001,1.02005,2,2,1,16097,0,11.968,48291,95898,16097,0,0,0,0,0,16097,1345,0,0,0,0,0,1,1,0,0,0,0,0,0,0,0,1,0.0140266,6.21234e-05,-1.46475,1025,371.297,1025,36.6726,0,0,2,0,0,0,0,0,0,0,0,71.2929,2.76059,0.807565,0.673132,10.0974,34.5836,1,3.82772,0.00879966,0.00879966,37296,7805.14,1354,158,1025,1025,0,2,0.0126582,38640,283,1345,28.939,0.0835559,95889,3713,1086.18
data/selected-PB25/PB24/normalized-PB06/OPT-LIN/submitted-PB05/manquinho/ttp/normalized-circ6_3.fzn,4.71499,4.71663,1.00001,0,0,0,0.82142,0.821134,0,0,2.7245,2.7245,0,9021.76,9021.82,181,188.344,1.04058,2,2,1,4477,0,8.27542,13431,21116.3,4477.04,0,0,0,0,0,4477,541,0,0,0,0,0,1,1,0,0,0,0,0,0,0,0,1,0.0256289,0.000223364,-1.7299,325,125.142,325,23.2674,0,0,2,0,0,0,0,0,0,0,0,39.0185,2.59704,0.672127,0.563253,5.33546,20.7228,1,3.63046,0.019447,0.019447,1020,2726.43,548.344,76,325,325,0,2,0.0263158,1560,163,541,3.18484,0.12084,21109,1405,363.621
data/selected-PB25/PB24/normalized-PB06/OPT-LIN/submitted-PB05/manquinho/ttp/normalized-circ4_3.fzn,3.5078,3.51493,1.00015,0,0,0,0.637456,0.696882,0,0,2.03223,2.03223,0,1184.41,1184.55,49,54.0224,1.1025,2,2,1,705,0,4.86207,2115,2478.02,705.102,0,0,0,0,0,705,145,0,0,0,0,0,1,1,0,0,0,0,0,0,0,0,1,0.0586332,0.00141844,-2.42041,65,26.6997,65,12.0407,0,0,2,0,0,0,0,0,0,0,0,17.0552,2.43448,0.584301,0.388929,2.1344,9.05613,1,3.21994,0.0594318,0.0594318,192,574.241,150.022,27,65,65,0,2,0.0740741,336,52,145,2.67586,0.205674,2473,353,84.7236
data/selected-PB25/PB24/normalized-PB06/OPT-LIN/submitted-PB05/manquinho/ttp/normalized-data6_3.fzn,4.71499,4.71852,1.00002,0,0,0,0.82142,0.847723,0,0,2.7245,2.7245,0,9021.76,9021.89,181,196.835,1.08749,2,2,1,4477,0,8.27542,13431,21124.8,4477.09,0,0,0,0,0,4477,541,0,0,0,0,0,1,1,0,0,0,0,0,0,0,0,1,0.0256289,0.000223364,-1.7299,116905,536.048,116905,23.2379,0,0,2,0,0,0,0,0,0,0,0,39.0185,218.087,216.162,0.563253,23.0248,23.2302,1,3.63046,0.019447,0.019447,1020,2726.43,556.835,76,116905,116905,0,2,0.0263158,1560,163,541,3.18484,0.12084,21109,117985,116944
data/selected-PB25/PB24/normalized-PB06/OPT-LIN/submitted-PB05/sorensson/garden/normalized-g9x3.fzn,4.96429,5.10026,1.00486,0,0,0,0.900862,0.999756,0,0,1.53409,1.53409,0,59.4007,59.5846,28,31.8074,1.13598,3,3,1,28,0,1,84,142.807,28.136,0,0,0,0,0,28,28,0,0,0,0,0,1,1,0,0,0,0,0,0,0,0,1,0.201439,0.0357143,0,28,9.56098,28,5.22775,0,0,2,0,0,0,0,0,0,0,0,4.96429,2.92857,1.38333,0,1.6376,3.68604,1,1.53409,0.222285,0.805858,27,63.2456,31.8074,6,28,28,0,2,0.333333,54,12,28,2.35714,1,139,82,38.7333
data/selected-PB25/PB24/normalized-PB06/OPT-LIN/submitted-PB05/sorensson/garden/normalized-g4x4.fzn,4.76471,4.94632,1.01068,0,0,0,0.62963,0.756453,0,0,1.73452,1.73452,0,35.715,35.9558,17,20.0875,1.18162,3,3,1,17,0,1,51,84.0875,17.1816,0,0,0,0,0,17,17,0,0,0,0,0,1,1,0,0,0,0,0,0,0,0,1,0.209877,0.0588235,-3.76471,17,5.89796,17,4.07541,0,0,2,0,0,0,0,0,0,0,0,4.76471,2.88235,1.38431,0.209877,1.20183,2.79776,1,1.73452,0.322757,1.08631,16,36.9153,20.0875,6,17,17,0,2,0.333333,32,12,17,2.58824,1,81,49,23.5333
data/selected-PB25/PB24/normalized-PB06/OPT-LIN/submitted-PB05/sorensson/garden/normalized-g15x15.fzn,5.71239,5.74257,1.00013,0,0,0,2.56686,2.63519,0,0,0.938889,0.938889,-8.88178e-16,510.566,510.609,226,232.82,1.03018,3,3,1,226,0,1,678,1297.82,226.03,0,0,0,0,0,226,226,0,0,0,0,0,1,1,0,0,0,0,0,0,0,0,1,0.175058,0.00442478,0,226,75.5562,226,15.0012,0,0,2,0,0,0,0,0,0,0,0,5.71239,2.99115,1.35015,0,4.97002,11.0852,1,0.938889,0.040972,0.169177,225,565.599,232.82,6,226,226,0,2,0.333333,450,12,226,2.04425,1,1291,676,305.133
data/selected-PB25/PB24/normalized-PB06/OPT-LIN/submitted-PB05/sorensson/garden/normalized-g2x2.fzn,3.4,3.66439,1.05288,0,0,0,0,0.272897,0,0,0.721928,0.721928,0,8.66178,9.00021,5,6.32193,1.26439,3,3,1,5,0,1,15,18.3219,5.26439,0,0,0,0,0,5,5,0,0,0,0,0,1,1,0,0,0,0,0,0,0,0,1,0.294118,0.2,-2.4,5,1.92308,5,2.4,0,0,2,0,0,0,0,0,0,0,0,3.4,2.6,1.4,0.294118,0.384615,1.23718,1,0.721928,0.721928,0.721928,0,8,6.32193,4,5,5,0,2,0.5,4,3,5,1.4,1,17,13,7
data/selected-PB25/PB24/normalized-PB06/OPT-LIN/submitted-PB05/sorensson/garden/normalized-g9x9.fzn,5.5,5.56534,1.0008,0,0,0,1.54278,1.6271,0,0,1.26332,1.26332,0,182.472,182.563,82,87.3576,1.06534,3,3,1,82,0,1,246,456.358,82.0653,0,0,0,0,0,82,82,0,0,0,0,0,1,1,0,0,0,0,0,0,0,0,1,0.181818,0.0121951,0,82,27.5574,82,9.00567,0,0,2,0,0,0,0,0,0,0,0,5.5,2.97561,1.36016,0,2.94896,6.57588,1,1.26332,0.0950172,0.375326,81,199.677,87.3576,6,82,82,0,2,0.333333,162,12,82,2.12195,1,451,244,111.533
data/selected-PB25/PB24/normalized-PB06/OPT-LIN/submitted-PB05/sorensson/garden/normalized-g7x7.fzn,5.34,5.43288,1.00186,0,0,0,1.19909,1.28845,0,0,1.43316,1.43316,0,110.032,110.16,50,54.6439,1.09288,3,3,1,50,0,1,150,271.644,50.0929,0,0,0,0,0,50,50,0,0,0,0,0,1,1,0,0,0,0,0,0,0,0,1,0.187266,0.02,0,50,16.8919,50,7.01231,0,0,2,0,0,0,0,0,0,0,0,5.34,2.96,1.36667,0,2.26629,5.06942,1,1.43316,0.141441,0.541188,49,119.063,54.6439,6,50,50,0,2,0.333333,98,12,50,2.2,1,267,148,68.3333
data/selected-PB25/PB24/normalized-PB06/OPT-LIN/submitted-PB06/liu/domset/normalized-domset_v500_e2000_w30_mw19_23.opb.PB06.fzn,9.96875,9.98522,1.00003,0,0,0,2.16779,2.20098,0,0,3.39525,3.39525,0,1496.12,1496.15,480,487.907,1.01647,4,4,1,480,0,1,1440,4792.91,480.016,0,0,0,0,0,480,480,0,0,0,0,0,1,1,0,0,0,0,0,0,0,0,1,0.100313,0.00208333,-3.66148,480,160.223,480,21.8865,0,0,2,0,0,0,0,0,0,0,0,9.96875,2.99583,1.21465,0.245717,7.27494,17.9997,1,3.39525,0.0215585,0.0215585,2062,1566.25,487.907,18,480,480,0,2,0.111111,2541,4305,480,14.2625,1,4785,1438,583.03
data/selected-PB25/PB24/normalized-PB06/OPT-LIN/submitted-PB06/liu/domset/normalized-domset_v500_e2000_w30_mw19_17.opb.PB06.fzn,9.98548,10.0019,1.00003,0,0,0,2.1711,2.20185,0,0,3.40798,3.40798,0,1503.33,1503.36,482,489.913,1.01642,3,3,1,482,0,1,1446,4820.91,482.016,0,0,0,0,0,482,482,0,0,0,0,0,1,1,0,0,0,0,0,0,0,0,1,0.100145,0.00207469,-3.39619,482,160.889,482,21.9321,0,0,2,0,0,0,0,0,0,0,0,9.98548,2.99585,1.21438,0.26496,7.29019,18.0412,1,3.40798,0.0214815,0.0602765,2105,1573.68,489.913,20,482,482,0,2,0.1,2586,4331,482,14.3506,1,4813,1444,585.332
data/selected-PB25/PB24/normalized-PB06/OPT-LIN/submitted-PB06/liu/domset/normalized-domset_v500_e2000_w30_mw19_16.opb.PB06.fzn,9.92662,9.94318,1.00003,0,0,0,2.16999,2.20341,0,0,3.35854,3.35854,0,1485.36,1485.38,477,484.898,1.01656,3,3,1,477,0,1,1431,4742.9,477.017,0,0,0,0,0,477,477,0,0,0,0,0,1,1,0,0,0,0,0,0,0,0,1,0.100739,0.00209644,-3.64428,477,159.223,477,21.8178,0,0,2,0,0,0,0,0,0,0,0,9.92662,2.99581,1.21458,0.24676,7.25199,17.9441,1,3.35854,0.0216751,0.0433439,1951,1554.95,484.898,19,477,477,0,2,0.105263,2427,4258,477,14.0147,1,4735,1429,579.353
data/selected-PB25/PB24/normalized-PB06/OPT-LIN/submitted-PB06/liu/domset/normalized-domset_v500_e2000_w30_mw19_19.opb.PB06.fzn,10.0364,10.0533,1.00004,0,0,0,2.12767,2.15876,0,0,3.31868,3.31868,0,1463.89,1463.91,468,475.87,1.01682,3,3,1,467,0,0.997863,1401,4694.87,467.017,0,0,0,0,0,467,468,0,0,0,0,0,1,1,0,0,0,0,0,0,0,0,1,0.0998507,0.00214133,-3.68034,468,156.223,468,21.6106,0,0,2,0,0,0,0,0,0,0,0,10.015,2.99573,1.21227,0.244583,7.18271,17.8072,1,3.31971,0.0220332,0.0440597,1979,1532.57,475.87,16,468,468,0,2,0.125,2446,4219,468,14.2415,1.00214,4687,1402,567.341
data/selected-PB25/PB24/normalized-PB06/OPT-LIN/submitted-PB06/liu/domset/normalized-domset_v500_e2000_w30_mw19_21.opb.PB06.fzn,9.98539,10.0019,1.00003,0,0,0,2.16418,2.19504,0,0,3.39658,3.39658,0,1494.12,1494.15,479,486.904,1.0165,3,3,1,479,0,1,1437,4790.9,479.017,0,0,0,0,0,479,479,0,0,0,0,0,1,1,0,0,0,0,0,0,0,0,1,0.100146,0.00208768,-3.39616,479,159.889,479,21.8636,0,0,2,0,0,0,0,0,0,0,0,9.98539,2.99582,1.21432,0.264962,7.26729,17.9857,1,3.39658,0.0215972,0.0605974,2106,1563.96,486.904,21,479,479,0,2,0.0952381,2584,4304,479,14.38,1,4783,1435,581.659
data/selected-PB25/PB24/normalized-PB06/OPT-LIN/submitted-PB06/liu/domset/normalized-domset_v500_e2000_w30_mw19_20.opb.PB06.fzn,10.0233,10.0399,1.00004,0,0,0,2.14443,2.17763,0,0,3.38013,3.38013,0,1479.53,1479.56,474,481.889,1.01664,3,3,1,473,0,0.99789,1419,4748.89,473.017,0,0,0,0,0,473,474,0,0,0,0,0,1,1,0,0,0,0,0,0,0,0,1,0.0999789,0.00211416,-3.6751,474,158.223,474,21.749,0,0,2,0,0,0,0,0,0,0,0,10.0021,2.99578,1.21332,0.244897,7.22897,17.9059,1,3.37253,0.0217931,0.0435797,2050,1550.02,481.889,18,474,474,0,2,0.111111,2523,4267,474,14.3249,1.00211,4741,1420,575.113
data/selected-PB25/PB24/normalized-PB06/OPT-LIN/submitted-PB06/liu/domset/normalized-domset_v500_e2000_w30_mw19_22.opb.PB06.fzn,10.0998,10.1165,1.00004,0,0,0,2.12126,2.15435,0,0,3.45553,3.45553,-1.77636e-15,1475.84,1475.86,471,478.88,1.01673,4,4,1,471,0,1,1413,4764.88,471.017,0,0,0,0,0,471,471,0,0,0,0,0,1,1,0,0,0,0,0,0,0,0,1,0.099012,0.00212314,-3.4394,471,157.223,471,21.6799,0,0,2,0,0,0,0,0,0,0,0,10.0998,2.99575,1.21285,0.261961,7.20588,17.8559,1,3.45553,0.0219124,0.0219124,2220,1543.83,478.88,21,471,471,0,2,0.0952381,2690,4286,471,14.811,1,4757,1411,571.251
data/selected-PB25/PB24/normalized-PB06/OPT-LIN/submitted-PB06/liu/domset/normalized-domset_v500_e2000_w30_mw19_14.opb.PB06.fzn,10.0235,10.0402,1.00004,0,0,0,2.13275,2.16385,0,0,3.4207,3.4207,0,1465.74,1465.76,469,476.873,1.01679,3,3,1,469,0,1,1407,4708.87,469.017,0,0,0,0,0,469,469,0,0,0,0,0,1,1,0,0,0,0,0,0,0,0,1,0.099766,0.0021322,-3.41055,469,156.556,469,21.6337,0,0,2,0,0,0,0,0,0,0,0,10.0235,2.99574,1.21365,0.263956,7.19044,17.8059,1,3.4207,0.0219928,0.0616941,2066,1533.72,476.873,18,469,469,0,2,0.111111,2534,4232,469,14.4264,1,4701,1405,569.203
data/selected-PB25/PB24/normalized-PB06/OPT-LIN/submitted-PB06/liu/domset/normalized-domset_v500_e2000_w30_mw19_18.opb.PB06.fzn,10.034,10.0508,1.00004,0,0,0,2.13516,2.16615,0,0,3.3327,3.3327,0,1472.27,1472.3,471,478.88,1.01673,3,3,1,470,0,0.997877,1410,4723.88,470.017,0,0,0,0,0,470,471,0,0,0,0,0,1,1,0,0,0,0,0,0,0,0,1,0.0998728,0.00212766,-3.67944,471,157.223,471,21.6799,0,0,2,0,0,0,0,0,0,0,0,10.0127,2.99575,1.21262,0.244637,7.20588,17.8593,1,3.33913,0.0219124,0.0438183,2097,1541.63,478.88,19,471,471,0,2,0.105263,2567,4245,471,14.4628,1.00213,4716,1411,571.142
data/selected-PB25/PB24/normalized-PB06/OPT-LIN/submitted-PB06/liu/domset/normalized-domset_v500_e2000_w30_mw19_13.opb.PB06.fzn,9.96855,9.98511,1.00003,0,0,0,2.16319,2.19416,0,0,3.39162,3.39162,0,1487.25,1487.27,477,484.898,1.01656,3,3,1,477,0,1,1431,4762.9,477.017,0,0,0,0,0,477,477,0,0,0,0,0,1,1,0,0,0,0,0,0,0,0,1,0.100315,0.00209644,-3.38979,477,159.223,477,21.8178,0,0,2,0,0,0,0,0,0,0,0,9.96855,2.99581,1.2143,0.26541,7.25199,17.9483,1,3.39162,0.0216751,0.0608134,1988,1556.74,484.898,21,477,477,0,2,0.0952381,2464,4278,477,14.1342,1,4755,1429,579.219
data/selected-PB25/PB24/normalized-PB06/OPT-LIN/submitted-PB06/liu/vtxcov/normalized-vtxcov_v2000_e4000_36.opb.PB06.fzn,2.49188,2.49436,1,0,0,0,12.4792,12.5311,0,0,0.00335133,0.00335133,0,4010.94,4010.95,1970,1979.94,1.00505,2,2,1,4001,0,2.03096,12003,9979.94,4001.01,0,0,0,0,0,4001,1970,0,0,0,0,0,1,1,0,0,0,0,0,0,0,0,1,0.197593,0.000249938,-2.34457,1970,656.889,1970,44.3735,0,0,2,0,0,0,0,0,0,0,0,5.06091,2.99898,1.46385,0.342241,14.7811,30.3051,1,2.93626,0.00628747,0.989974,1969,4388.71,1979.94,14,1970,1970,0,2,0.142857,3938,2,1970,2,0.492377,9970,5908,2883.79
data/selected-PB25/PB24/normalized-PB06/OPT-LIN/submitted-PB06/liu/vtxcov/normalized-vtxcov_v2000_e4000_7.opb.PB06.fzn,2.49163,2.49411,1,0,0,0,12.474,12.5259,0,0,0.00335133,0.00335133,0,4010.94,4010.95,1969,1978.94,1.00505,2,2,1,4001,0,2.032,12003,9978.94,4001.01,0,0,0,0,0,4001,1969,0,0,0,0,0,1,1,0,0,0,0,0,0,0,0,1,0.197512,0.000249938,-2.34576,1969,656.556,1969,44.3622,0,0,2,0,0,0,0,0,0,0,0,5.06298,2.99898,1.46548,0.342101,14.7773,30.2636,1,2.93585,0.00629029,0.98441,1968,4384.29,1978.94,14,1969,1969,0,2,0.142857,3936,2,1969,2,0.492127,9969,5905,2885.54
data/selected-PB25/PB24/normalized-PB06/OPT-LIN/submitted-PB06/liu/vtxcov/normalized-vtxcov_v2000_e4000_6.opb.PB06.fzn,2.49038,2.49286,1,0,0,0,12.4479,12.5,0,0,0.00335133,0.00335133,0,4010.94,4010.95,1964,1973.94,1.00506,2,2,1,4001,0,2.03717,12003,9973.94,4001.01,0,0,0,0,0,4001,1964,0,0,0,0,0,1,1,0,0,0,0,0,0,0,0,1,0.19711,0.000249938,-2.35173,1964,654.889,1964,44.3058,0,0,2,0,0,0,0,0,0,0,0,5.07332,2.99898,1.46327,0.341404,14.7585,30.2709,1,2.93906,0.00630443,0.993012,1963,4380.97,1973.94,13,1964,1964,0,2,0.153846,3926,2,1964,2,0.490877,9964,5890,2873.86
data/selected-PB25/PB24/normalized-PB06/OPT-LIN/submitted-PB06/liu/vtxcov/normalized-vtxcov_v2000_e4000_11.opb.PB06.fzn,2.49063,2.49311,1,0,0,0,12.4531,12.5052,0,0,0.00335133,0.00335133,0,4010.94,4010.95,1965,1974.94,1.00506,2,2,1,4001,0,2.03613,12003,9974.94,4001.01,0,0,0,0,0,4001,1965,0,0,0,0,0,1,1,0,0,0,0,0,0,0,0,1,0.19719,0.000249938,-2.03562,1965,655.222,1965,44.3171,0,0,2,0,0,0,0,0,0,0,0,5.07125,2.99898,1.46642,0.39438,14.7623,30.2136,1,2.96662,0.0063016,0.994266,1964,4372.17,1974.94,13,1965,1965,0,2,0.153846,3928,2,1965,2,0.491127,9965,5893,2881.51
data/selected-PB25/PB24/normalized-PB06/OPT-LIN/submitted-PB06/liu/vtxcov/normalized-vtxcov_v2000_e4000_21.opb.PB06.fzn,2.48938,2.49186,1,0,0,0,12.427,12.4793,0,0,0.00335133,0.00335133,0,4010.94,4010.94,1960,1969.94,1.00507,2,2,1,4001,0,2.04133,12003,9969.94,4001.01,0,0,0,0,0,4001,1960,0,0,0,0,0,1,1,0,0,0,0,0,0,0,0,1,0.196787,0.000249938,-2.04082,1960,653.556,1960,44.2606,0,0,2,0,0,0,0,0,0,0,0,5.08163,2.99898,1.4663,0.393574,14.7435,30.1775,1,2.97039,0.0063158,0.987558,1959,4366.04,1969.94,14,1960,1960,0,2,0.142857,3918,2,1960,2,0.489878,9960,5878,2873.95
data/selected-PB25/PB24/normalized-PB06/OPT-LIN/submitted-PB06/liu/vtxcov/normalized-vtxcov_v2000_e4000_2.opb.PB06.fzn,2.49163,2.49411,1,0,0,0,12.474,12.5259,0,0,0.00335133,0.00335133,0,4010.94,4010.95,1969,1978.94,1.00505,2,2,1,4001,0,2.032,12003,9978.94,4001.01,0,0,0,0,0,4001,1969,0,0,0,0,0,1,1,0,0,0,0,0,0,0,0,1,0.197512,0.000249938,-2.34576,1969,656.556,1969,44.3622,0,0,2,0,0,0,0,0,0,0,0,5.06298,2.99898,1.46384,0.342101,14.7773,30.2976,1,2.93963,0.00629029,0.98941,1968,4386.18,1978.94,14,1969,1969,0,2,0.142857,3936,2,1969,2,0.492127,9969,5905,2882.3
data/selected-PB25/PB24/normalized-PB06/OPT-LIN/submitted-PB06/liu/vtxcov/normalized-vtxcov_v2000_e4000_12.opb.PB06.fzn,2.49163,2.49411,1,0,0,0,12.474,12.5259,0,0,0.00335133,0.00335133,0,4010.94,4010.95,1969,1978.94,1.00505,2,2,1,4001,0,2.032,12003,9978.94,4001.01,0,0,0,0,0,4001,1969,0,0,0,0,0,1,1,0,0,0,0,0,0,0,0,1,0.197512,0.000249938,-2.03149,1969,656.556,1969,44.3622,0,0,2,0,0,0,0,0,0,0,0,5.06298,2.99898,1.46817,0.395025,14.7773,30.2083,1,2.96855,0.00629029,0.990502,1968,4374.53,1978.94,13,1969,1969,0,2,0.153846,3936,2,1969,2,0.492127,9969,5905,2890.82
data/selected-PB25/PB24/normalized-PB06/OPT-LIN/submitted-PB06/liu/vtxcov/normalized-vtxcov_v2000_e4000_34.opb.PB06.fzn,2.48963,2.49211,1,0,0,0,12.4322,12.4845,0,0,0.00335133,0.00335133,0,4010.94,4010.94,1961,1970.94,1.00507,2,2,1,4001,0,2.04029,12003,9970.94,4001.01,0,0,0,0,0,4001,1961,0,0,0,0,0,1,1,0,0,0,0,0,0,0,0,1,0.196868,0.000249938,-2.35533,1961,653.889,1961,44.2719,0,0,2,0,0,0,0,0,0,0,0,5.07955,2.99898,1.46504,0.340985,14.7472,30.2112,1,2.9619,0.00631295,0.988388,1960,4370.73,1970.94,13,1961,1961,0,2,0.153846,3920,2,1961,2,0.490127,9961,5881,2872.94
data/selected-PB25/PB24/normalized-PB06/OPT-LIN/submitted-PB06/liu/vtxcov/normalized-vtxcov_v2000_e4000_1.opb.PB06.fzn,2.49038,2.49286,1,0,0,0,12.4479,12.5,0,0,0.00335133,0.00335133,0,4010.94,4010.95,1964,1973.94,1.00506,2,2,1,4001,0,2.03717,12003,9973.94,4001.01,0,0,0,0,0,4001,1964,0,0,0,0,0,1,1,0,0,0,0,0,0,0,0,1,0.19711,0.000249938,-2.35173,1964,654.889,1964,44.3058,0,0,2,0,0,0,0,0,0,0,0,5.07332,2.99898,1.46291,0.341404,14.7585,30.2783,1,2.92438,0.00630443,0.982353,1963,4384.33,1973.94,12,1964,1964,0,2,0.166667,3926,2,1964,2,0.490877,9964,5890,2873.16
data/selected-PB25/PB24/normalized-PB06/OPT-LIN/submitted-PB06/liu/vtxcov/normalized-vtxcov_v2000_e4000_33.opb.PB06.fzn,2.49088,2.49336,1,0,0,0,12.4584,12.5104,0,0,0.00335133,0.00335133,0,4010.94,4010.95,1966,1975.94,1.00506,2,2,1,4001,0,2.0351,12003,9975.94,4001.01,0,0,0,0,0,4001,1966,0,0,0,0,0,1,1,0,0,0,0,0,0,0,0,1,0.197271,0.000249938,-2.34934,1966,655.556,1966,44.3284,0,0,2,0,0,0,0,0,0,0,0,5.06918,2.99898,1.46247,0.341683,14.7661,30.3028,1,2.9377,0.00629877,0.991829,1965,4384.99,1975.94,13,1966,1966,0,2,0.153846,3930,2,1966,2,0.491377,9966,5896,2875.23
data/selected-PB25/PB24/normalized-PB06/OPT-LIN/submitted-PB06/manquiho/golomb-rulers/normalized-OGR_13.fzn,29.5328,29.5342,1.00016,0,0,0,0.15143,0.151422,0,0,1.15727,1.15619,0.00287771,23084.6,23085.5,33,33,1.77778,9,16,1,4745,0,1.92028,14235,140140,4745.78,0,0,0,0,0,4745,2471,0,0,0,0,0,1,1,0,0,0,0,0,0,0,0,1,0.0176332,0.000210748,-0.213443,256,121.743,256,49.7933,0,0,2,0,0,0,0,0,0,0,0,56.711,2.10279,1.06117,4.60248,2.42488,4.80508,1,0.273373,0.00514499,0.256906,70191,3442.03,2478,1302,256,256,0,2,0.0015361,72661,846,2471,29.7479,0.520759,140133,5196,2622.16
data/selected-PB25/PB24/normalized-PB06/OPT-LIN/submitted-PB06/manquiho/golomb-rulers/normalized-OGR_11.fzn,25.4455,25.448,1.00031,0,0,0,0.162037,0.162021,0,0,1.24549,1.2435,0.00521996,11298.2,11299,29,29,1.75,8,14,1,2431,0,1.88742,7293,61864,2431.75,0,0,0,0,0,2431,1288,0,0,0,0,0,1,1,0,0,0,0,0,0,0,0,1,0.0208219,0.000411353,-0.257633,128,61.0155,128,36.3448,0,0,2,0,0,0,0,0,0,0,0,48.0264,2.09783,1.03897,3.80066,1.65128,3.33415,1,0.361927,0.00914057,0.335653,30995,1948.61,1294,772,128,128,0,2,0.00259067,32282,540,1288,25.4829,0.529823,61858,2702,1338.2
data/selected-PB25/PB24/normalized-PB06/OPT-LIN/submitted-PB06/manquiho/golomb-rulers/normalized-OGR_7.fzn,20.3383,20.3509,1.00179,0,0,0,0.190428,0.19031,0,0,1.47213,1.46175,0.025266,1721.94,1722.72,25,25,1.71429,7,12,1,399,0,1.66946,1197,8120,399.714,0,0,0,0,0,399,239,0,0,0,0,0,1,1,0,0,0,0,0,0,0,0,1,0.0294516,0.00250627,-0.476146,64,28.3259,64,15.4351,0,0,2,0,0,0,0,0,0,0,0,33.954,2.25941,1.08978,2.03834,1.77037,3.67047,1,0.81254,0.0390818,0.708564,4090,511.942,244,184,64,64,0,2,0.0108696,4328,530,239,20.3264,0.598997,8115,540,260.457
data/selected-PB25/PB24/normalized-PB06/OPT-LIN/submitted-PB06/manquiho/bounded_golomb_rulers/normalized-bogr_5.fzn,15.0857,15.121,1.00705,0,0,0,0.219852,0.209132,0,0,2.43587,2.43587,0.0776195,406.914,407.714,21,21,1.74009,5,8.70044,1,105,0,1.4,315,1587.7,105.74,0,0,0,0,0,105,75,0,0,0,0,0,1,1,0,0,0,0,0,0,0,0,1,0.0473485,0.00952381,-0.721337,26,11.2069,26,8.9502,0,0,2,0,0,0,0,0,0,0,0,21.12,2.32,1.02369,1.32067,1.14041,2.76297,1,1.23531,0.102158,0.99906,730,192.783,78.7004,62,26,26,0,2,0.0322581,804,402,75,16.08,0.714286,1584,174,76.7768
data/selected-PB25/PB24/normalized-PB06/OPT-LIN/submitted-PB06/manquiho/bounded_golomb_rulers/normalized-bogr_12.fzn,27.4927,27.4947,1.00024,0,0,0,0.158547,0.158536,0,0,2.9382,2.9382,0.00383053,16393,16393.9,33,33,1.82499,8,14,1,3444,0,1.90592,10332,94691.6,3444.82,0,0,0,0,0,3444,1807,0,0,0,0,0,1,1,0,0,0,0,0,0,0,0,1,0.0190843,0.00029036,-0.23349,194,92.1067,194,42.9087,0,0,2,0,0,0,0,0,0,0,0,52.399,2.10625,1.0571,4.20111,2.12327,4.23058,1,0.313872,0.00678565,0.292318,47421,2614.71,1813.6,1014,194,194,0,2,0.00197239,49227,1938,1807,28.3149,0.524681,94685,3806,1910.18
data/selected-PB25/PB24/normalized-PB06/OPT-LIN/submitted-PB06/manquiho/bounded_golomb_rulers/normalized-bogr_14.fzn,29.2549,29.2559,1.00013,0,0,0,0.148997,0.148992,0,0,2.33035,2.33035,0.00220596,30976.8,30977.6,33,33,1.84685,8,14,1,6384,0,1.93689,19152,186770,6384.85,0,0,0,0,0,6384,3296,0,0,0,0,0,1,1,0,0,0,0,0,0,0,0,1,0.017648,0.000156642,-0.18921,219,106.01,219,57.9781,0,0,2,0,0,0,0,0,0,0,0,56.6635,2.06584,1.03281,5.19185,1.81121,3.6228,1,0.227556,0.00398331,0.215007,93480,4359.74,3302.77,1640,219,219,0,2,0.00121951,96775,1266,3296,29.7454,0.516291,186763,6809,3404.13
data/selected-PB25/PB24/normalized-PB06/OPT-LIN/submitted-PB06/manquiho/bounded_golomb_rulers/normalized-bogr_4.fzn,12.4091,12.4877,1.01572,0,0,0,0.227932,0.211868,0,0,2.37467,2.37467,0.156491,157.858,158.616,18,18,1.69189,5,8,1,44,0,1.15789,132,549.459,44.6919,0,0,0,0,0,44,38,0,0,0,0,0,1,1,0,0,0,0,0,0,0,0,1,0.0695971,0.0227273,-0.969847,22,8.70833,22,6.15812,0,0,2,0,0,0,0,0,0,0,0,14.3684,2.52632,1.13539,0.959329,1.25173,2.92113,1,1.53562,0.175565,1.14463,201,103.173,41.4594,30,22,22,0,2,0.0666667,238,358,38,15.6842,0.863636,546,96,43.1448
data/selected-PB25/PB24/normalized-PB06/OPT-LIN/submitted-PB06/manquiho/bounded_golomb_rulers/normalized-bogr_6.fzn,18.0602,18.0813,1.00351,0,0,0,0.207177,0.199408,0,0,2.90163,2.90163,0.0425659,894.114,894.929,24,24,1.7591,6,10,1,216,0,1.55396,648,3905.55,216.759,0,0,0,0,0,216,139,0,0,0,0,0,1,1,0,0,0,0,0,0,0,0,1,0.0356319,0.00462963,-0.579265,47,20.226,47,11.9402,0,0,2,0,0,0,0,0,0,0,0,28.0647,2.32374,1.09777,1.66481,1.61019,3.52804,1,1.01184,0.0615571,0.849439,1955,329.565,143.555,112,47,47,0,2,0.0178571,2093,1016,139,22.3669,0.643519,3901,323,152.59
data/selected-PB25/PB24/normalized-PB06/OPT-LIN/submitted-PB06/manquiho/logic_synthesis/normalized-m100_50_40_40.r.fzn,40.1089,40.1552,1.00091,0,0,0,0.0249321,0.0352187,0,0,0.080136,0.080136,8.88178e-16,537.865,537.992,51,55.6724,1.09162,40,40,1,101,0,1.98039,303,4055.67,101.092,0,0,0,0,0,101,51,0,0,0,0,0,1,1,0,0,0,0,0,0,0,0,1,0.0125895,0.00990099,-6.62866,51,17.2252,51,7.083,0,0,2,0,0,0,0,0,0,0,0,79.4314,2.96078,1.02427,0.148961,2.29072,6.83412,1,3.87147,0.139233,0.139233,4050,316.897,55.6724,89,51,51,0,2,0.0224719,4100,40,51,81.1765,0.50495,4051,151,52.2379
data/selected-PB25/PB24/normalized-PB06/OPT-LIN/submitted-PB06/manquiho/logic_synthesis/normalized-m100_300_10_20.r.fzn,17.3465,17.4181,1.00024,0,0,0,1.63665,1.67086,0,0,3.39836,3.39836,8.88178e-16,391.475,391.51,300,307.229,1.0241,10,10,1,101,0,0.336667,303,1759.23,101.024,0,0,0,0,0,101,300,0,0,0,0,0,1,1,0,0,0,0,0,0,0,0,1,0.171233,0.00990099,-2.16451,300,100.223,300,17.2924,0,0,2,0,0,0,0,0,0,0,0,5.84,2.99333,1.40325,0.382888,5.73794,12.3019,1,3.17181,0.0322304,0.931115,1711,727.988,307.229,14,300,300,0,2,0.142857,2010,165,300,7.25,2.9703,1752,898,420.976
data/selected-PB25/PB24/normalized-PB06/OPT-LIN/submitted-PB06/manquiho/logic_synthesis/normalized-ex6inp.r.fzn,47.5862,47.7793,1.00199,0,0,0,0.2748,0.290009,0,0,2.06645,2.06645,8.88178e-16,157.755,157.836,97,102.6,1.05773,2,2,1,29,0,0.298969,87,1385.6,29.0577,0,0,0,0,0,29,97,0,0,0,0,0,1,1,0,0,0,0,0,0,0,0,1,0.0702899,0.0344828,-4.40893,97,32.5571,97,9.80233,0,0,2,0,0,0,0,0,0,0,0,14.2268,2.97938,1.14569,0.21087,3.21935,8.50737,1,1.95466,0.0828366,0.0828366,1377,365.661,102.6,17,97,97,0,2,0.117647,1473,215,97,17.4021,3.34483,1380,289,111.132
data/selected-PB25/PB24/normalized-PB06/OPT-LIN/submitted-PB06/manquiho/logic_synthesis/normalized-addm4.r.fzn,7.7587,7.76959,1.00001,0,0,0,4.77928,4.81233,0,0,3.44651,3.44651,0,2113.3,2113.31,1074,1083.07,1.00844,2,2,1,833,0,0.775605,2499,6472.07,833.008,0,0,0,0,0,833,1074,0,0,0,0,0,1,1,0,0,0,0,0,0,0,0,1,0.166177,0.00120048,-1.58673,1074,358.222,1074,32.7568,0,0,2,0,0,0,0,0,0,0,0,6.01769,2.99814,1.42152,0.525497,10.9053,23.0327,1,3.1045,0.0107177,0.925656,1967,2588.92,1083.07,24,1074,1074,0,2,0.0833333,3040,157,1074,2.97672,1.28932,6463,3220,1526.71
data/selected-PB25/PB24/normalized-PB06/OPT-LIN/submitted-PB06/manquiho/logic_synthesis/normalized-max1024.r.fzn,7.77819,7.78671,1.00001,0,0,0,4.91581,4.94724,0,0,3.63676,3.63676,0,2756.1,2756.11,1265,1274.3,1.00736,2,2,1,1091,0,0.862451,3273,8495.3,1091.01,0,0,0,0,0,1091,1265,0,0,0,0,0,1,1,0,0,0,0,0,0,0,0,1,0.149069,0.00091659,-1.30957,1265,421.889,1265,35.5529,0,0,2,0,0,0,0,0,0,0,0,6.7083,2.99842,1.41552,0.649777,11.8384,25.1065,1,3.71541,0.0092862,0.952503,3232,3153.41,1274.3,38,1265,1265,0,2,0.0526316,4496,190,1265,3.70435,1.15949,8486,3793,1790.63
data/selected-PB25/PB24/normalized-PB06/OPT-LIN/submitted-PB06/manquiho/market-split/normalized-opt-market-split_4_30_3.fzn,47.8889,48.9995,1.01709,0,0,0,0.12529,0.187046,0,0,1.22439,1.22439,0,50.1474,50.3538,65,74.9951,1.15377,45,45,1,9,0,0.0947368,27,440.995,9.15377,0,0,0,0,0,9,95,0,0,0,0,0,1,1,0,0,0,0,0,0,0,0,1,0.220418,0.111111,-1.58172,2041,86.9874,2041,9.69544,0,0,2,0,0,0,0,0,0,0,0,4.53684,23.4632,22.0132,0.492869,8.86885,9.45992,1,1.04479,0.0842624,0.978206,247,191.023,104.995,8,2041,2041,0,2,0.25,341,366,95,7.44211,10.5556,431,2229,2091.25
data/selected-PB25/PB24/normalized-PB06/OPT-LIN/submitted-PB06/manquiho/market-split/normalized-opt-market-split_8_70_4.fzn,88.0588,88.7056,1.00501,0,0,0,0.116365,0.144368,0,0,1.54515,1.54515,0,109.696,109.814,129,139.995,1.08523,84,84,1,17,0,0.0854271,51,1507.99,17.0852,0,0,0,0,0,17,199,0,0,0,0,0,1,1,0,0,0,0,0,0,0,0,1,0.132933,0.0588235,-1.05811,4081,181.398,4081,14.0713,0,0,2,0,0,0,0,0,0,0,0,7.52261,22.4975,20.9807,0.819451,12.8203,13.7523,1,1.08924,0.0456065,0.978083,812,482.105,209.995,16,4081,4081,0,2,0.125,1010,1368,199,11.9497,11.7059,1497,4477,4175.15
data/selected-PB25/PB24/normalized-PB06/OPT-LIN/submitted-PB06/manquiho/market-split/normalized-opt-market-split_8_70_3.fzn,87.2353,87.882,1.00501,0,0,0,0.120228,0.148363,0,0,1.78045,1.78045,0,109.457,109.575,129,139.995,1.08523,82,82,1,17,0,0.0854271,51,1493.99,17.0852,0,0,0,0,0,17,199,0,0,0,0,0,1,1,0,0,0,0,0,0,0,0,1,0.134187,0.0588235,-1.06075,4081,181.398,4081,14.0713,0,0,2,0,0,0,0,0,0,0,0,7.45226,22.4975,20.9814,0.81623,12.8203,13.7518,1,1.19554,0.0456065,0.978083,805,480.656,209.995,16,4081,4081,0,2,0.125,1003,1354,199,11.8442,11.7059,1483,4477,4175.3
data/selected-PB25/PB24/normalized-PB06/OPT-LIN/submitted-PB06/manquiho/market-split/normalized-market-split_7_60_2.fzn,59.5714,59.5714,1,0,0,0,0,0,0,0,1.14883,1.14883,0,82.5502,82.5502,60,60,1,58,58,1,14,0,0.229508,42,834,14,0,0,0,0,0,14,61,0,0,0,0,0,1,1,0,0,0,0,0,0,0,0,0,0,0,-7.89361,1,0.504132,0,0,0,0,2,0,0,0,0,0,0,0,0,13.6721,1.98361,0.141686,0.126685,0,0,0,0.402383,0.120681,0.120681,177,227.774,60,14,2,0.166667,0,1,0.142857,237,835,61,17.5738,4.35714,834,121,8.64286
data/selected-PB25/PB24/normalized-PB06/OPT-LIN/submitted-PB06/manquiho/market-split/normalized-market-split_4_30_3.fzn,29.75,29.75,1,0,0,0,0,0,0,0,0.811278,0.811278,0,39.1573,39.1573,30,30,1,29,29,1,8,0,0.258065,24,238,8,0,0,0,0,0,8,31,0,0,0,0,0,1,1,0,0,0,0,0,0,0,0,0,0,0,-5.42876,1,0.508197,0,0,0,0,2,0,0,0,0,0,0,0,0,7.67742,1.96774,0.244624,0.184204,0,0,0,0.409633,0.205593,0.205593,59,89.585,30,8,2,0.333333,0,1,0.25,89,239,31,10.5806,3.875,238,61,7.58333
data/selected-PB25/PB24/normalized-PB06/OPT-LIN/submitted-PB06/manquiho/market-split/normalized-opt-market-split_5_40_4.fzn,58.0909,59.0288,1.01158,0,0,0,0.124135,0.172764,0,0,1.0958,1.0958,4.44089e-16,64.3614,64.5344,81,91.3168,1.12737,55,55,1,11,0,0.0909091,33,649.317,11.1274,0,0,0,0,0,11,121,0,0,0,0,0,1,1,0,0,0,0,0,0,0,0,1,0.189358,0.0909091,-1.35377,2551,110.595,2551,10.9545,0,0,2,0,0,0,0,0,0,0,0,5.28099,23.0661,21.5899,0.598804,10.0046,10.6949,1,1.03552,0.0690544,0.979761,359,259.352,131.317,10,2551,2551,0,2,0.2,479,558,121,8.57025,11,639,2791,2612.38
data/selected-PB25/PB24/normalized-PB06/OPT-LIN/submitted-PB06/manquiho/market-split/normalized-opt-market-split_7_60_2.fzn,78.0667,78.7868,1.00637,0,0,0,0.11948,0.152838,0,0,1.42561,1.42561,0,94.176,94.3077,113,123.802,1.09559,74,74,1,15,0,0.0867052,45,1181.8,15.0956,0,0,0,0,0,15,173,0,0,0,0,0,1,1,0,0,0,0,0,0,0,0,1,0.147737,0.0666667,-1.1102,3571,157.799,3571,13.1149,0,0,2,0,0,0,0,0,0,0,0,6.76879,22.6301,21.1232,0.767664,11.9558,12.8141,1,1.07825,0.0512899,0.978922,641,405.29,183.802,14,3571,3571,0,2,0.142857,813,1058,173,10.815,11.5333,1171,3915,3654.31
data/selected-PB25/PB24/normalized-PB06/OPT-LIN/submitted-PB06/manquiho/market-split/normalized-opt-market-split_5_40_3.fzn,57.7273,58.6652,1.01158,0,0,0,0.127296,0.175498,0,0,1.32218,1.32218,4.44089e-16,64.2574,64.4304,81,91.3168,1.12737,55,55,1,11,0,0.0909091,33,645.317,11.1274,0,0,0,0,0,11,121,0,0,0,0,0,1,1,0,0,0,0,0,0,0,0,1,0.190551,0.0909091,-1.34331,2551,110.595,2551,10.9545,0,0,2,0,0,0,0,0,0,0,0,5.24793,23.0661,21.591,0.602576,10.0046,10.6943,1,1.09097,0.0690544,0.979761,357,258.615,131.317,10,2551,2551,0,2,0.2,477,554,121,8.52066,11,635,2791,2612.52
data/selected-PB25/PB24/normalized-PB06/OPT-LIN/submitted-PB06/manquiho/market-split/normalized-opt-market-split_8_70_1.fzn,87.8235,88.4703,1.00501,0,0,0,0.117231,0.145632,0,0,1.08631,1.08631,0,109.629,109.747,129,139.995,1.08523,85,85,1,17,0,0.0854271,51,1503.99,17.0852,0,0,0,0,0,17,199,0,0,0,0,0,1,1,0,0,0,0,0,0,0,0,1,0.133289,0.0588235,-1.06901,4081,181.398,4081,14.0713,0,0,2,0,0,0,0,0,0,0,0,7.50251,22.4975,20.9809,0.810763,12.8203,13.7522,1,1.12653,0.0456065,0.978083,810,481.719,209.995,16,4081,4081,0,2,0.125,1008,1364,199,11.9196,11.7059,1493,4477,4175.19
data/selected-PB25/PB24/normalized-PB06/OPT-LIN/submitted-PB06/manquiho/market-split/normalized-market-split_6_50_1.fzn,50,50,1,0,0,0,0,0,0,0,0,0,0,67.7263,67.7263,50,50,1,50,50,1,12,0,0.235294,36,600,12,0,0,0,0,0,12,51,0,0,0,0,0,1,1,0,0,0,0,0,0,0,0,0,0,0,-8.3189,1,0.50495,0,0,0,0,2,0,0,0,0,0,0,0,0,11.7647,1.98039,0.163399,0.120208,0,0,0,0.139233,0.139233,0.139233,50,179.248,50,12,2,0.166667,0,1,0.166667,100,601,51,13.7451,4.25,600,101,8.33333
data/selected-PB25/PB24/normalized-PB06/OPT-LIN/submitted-PB06/roussel/factor/normalized-factor-size=9-P=131-Q=277.fzn,2.68571,2.71837,1.00327,0,0,0,1.8617,1.87577,0,0,0.987317,0.987317,0.038271,300.044,300.892,81,81,1.8,2,2,1,245,0,2.45,735,666,245.8,0,0,0,0,0,245,100,0,0,0,0,0,1,1,0,0,0,0,0,0,0,0,1,0.151976,0.00408163,-1.0022,512,72.1127,512,9.95179,0,0,2,0,0,0,0,0,0,0,0,6.58,7.1,5.54447,0.846165,7.14572,9.17888,1,0.937991,0.0807931,0.757991,81,237.761,108,19,512,512,0,2,0.105263,180,86,100,2.66,0.408163,658,710,554.447
data/selected-PB25/PB24/normalized-PB06/OPT-LIN/submitted-PB06/roussel/factor/normalized-factor-size=9-P=229-Q=239.fzn,2.68571,2.71837,1.00327,0,0,0,1.8617,1.87577,0,0,0.987317,0.987317,0.038271,300.044,300.892,81,81,1.8,2,2,1,245,0,2.45,735,666,245.8,0,0,0,0,0,245,100,0,0,0,0,0,1,1,0,0,0,0,0,0,0,0,1,0.151976,0.00408163,-1.0022,512,72.1127,512,9.95179,0,0,2,0,0,0,0,0,0,0,0,6.58,7.1,5.54447,0.846165,7.14572,9.17888,1,0.937991,0.0807931,0.757991,81,237.761,108,19,512,512,0,2,0.105263,180,86,100,2.66,0.408163,658,710,554.447
data/selected-PB25/PB24/normalized-PB06/OPT-LIN/submitted-PB06/roussel/factor/normalized-factor-size=9-P=331-Q=379.fzn,2.68571,2.71837,1.00327,0,0,0,1.8617,1.87577,0,0,0.987317,0.987317,0.038271,300.044,300.892,81,81,1.8,2,2,1,245,0,2.45,735,666,245.8,0,0,0,0,0,245,100,0,0,0,0,0,1,1,0,0,0,0,0,0,0,0,1,0.151976,0.00408163,-1.0022,512,72.1127,512,9.95179,0,0,2,0,0,0,0,0,0,0,0,6.58,7.1,5.54447,0.846165,7.14572,9.17888,1,0.937991,0.0807931,0.757991,81,237.761,108,19,512,512,0,2,0.105263,180,86,100,2.66,0.408163,658,710,554.447
data/selected-PB25/PB24/normalized-PB06/OPT-LIN/submitted-PB06/roussel/factor/normalized-factor-size=9-P=71-Q=409.fzn,2.68571,2.71837,1.00327,0,0,0,1.8617,1.87577,0,0,0.987317,0.987317,0.038271,300.044,300.892,81,81,1.8,2,2,1,245,0,2.45,735,666,245.8,0,0,0,0,0,245,100,0,0,0,0,0,1,1,0,0,0,0,0,0,0,0,1,0.151976,0.00408163,-1.0022,512,72.1127,512,9.95179,0,0,2,0,0,0,0,0,0,0,0,6.58,7.1,5.54447,0.846165,7.14572,9.17888,1,0.937991,0.0807931,0.757991,81,237.761,108,19,512,512,0,2,0.105263,180,86,100,2.66,0.408163,658,710,554.447
data/selected-PB25/PB24/normalized-PB06/OPT-LIN/submitted-PB06/roussel/factor/normalized-factor-size=9-P=109-Q=419.fzn,2.68571,2.71837,1.00327,0,0,0,1.8617,1.87577,0,0,0.987317,0.987317,0.038271,300.044,300.892,81,81,1.8,2,2,1,245,0,2.45,735,666,245.8,0,0,0,0,0,245,100,0,0,0,0,0,1,1,0,0,0,0,0,0,0,0,1,0.151976,0.00408163,-1.0022,512,72.1127,512,9.95179,0,0,2,0,0,0,0,0,0,0,0,6.58,7.1,5.54447,0.846165,7.14572,9.17888,1,0.937991,0.0807931,0.757991,81,237.761,108,19,512,512,0,2,0.105263,180,86,100,2.66,0.408163,658,710,554.447
data/selected-PB25/PB24/normalized-PB06/OPT-LIN/submitted-PB06/roussel/factor/normalized-factor-size=9-P=149-Q=509.fzn,2.68571,2.71837,1.00327,0,0,0,1.8617,1.87577,0,0,0.987317,0.987317,0.038271,300.044,300.892,81,81,1.8,2,2,1,245,0,2.45,735,666,245.8,0,0,0,0,0,245,100,0,0,0,0,0,1,1,0,0,0,0,0,0,0,0,1,0.151976,0.00408163,-1.0022,512,72.1127,512,9.95179,0,0,2,0,0,0,0,0,0,0,0,6.58,7.1,5.54447,0.846165,7.14572,9.17888,1,0.937991,0.0807931,0.757991,81,237.761,108,19,512,512,0,2,0.105263,180,86,100,2.66,0.408163,658,710,554.447
data/selected-PB25/PB24/normalized-PB06/OPT-LIN/submitted-PB06/roussel/factor/normalized-factor-size=9-P=223-Q=383.fzn,2.68571,2.71837,1.00327,0,0,0,1.8617,1.87577,0,0,0.987317,0.987317,0.038271,300.044,300.892,81,81,1.8,2,2,1,245,0,2.45,735,666,245.8,0,0,0,0,0,245,100,0,0,0,0,0,1,1,0,0,0,0,0,0,0,0,1,0.151976,0.00408163,-1.0022,512,72.1127,512,9.95179,0,0,2,0,0,0,0,0,0,0,0,6.58,7.1,5.54447,0.846165,7.14572,9.17888,1,0.937991,0.0807931,0.757991,81,237.761,108,19,512,512,0,2,0.105263,180,86,100,2.66,0.408163,658,710,554.447
data/selected-PB25/PB24/normalized-PB24/DEC-LIN/devriendt/bitvector_multiplication_selection/inequalities/ineq8/normalized-28array_alg_ineq8.fzn,2.62935,2.62935,1,0,0,0,6.37537,6.37537,0,0,0.448224,0.448224,0,2351.6,2351.6,644,644,1,2,2,1,2215,0,1.8835,6645,5824,2215,0,0,0,0,0,2215,1176,0,0,0,0,0,1,1,0,0,0,0,0,0,0,0,0,0,0,0,0,0,0,0,0,0,1,0,0,0,0,0,0,0,0,4.95238,2,0.637386,1.85066,0,0,0,1.56807,0,0.413849,112,2060.63,1176,58,2,1,0,2,0.0344828,1288,773,1176,1.75255,0.530926,5824,2352,749.566
data/selected-PB25/PB24/normalized-PB24/DEC-LIN/devriendt/bitvector_multiplication_selection/inequalities/ineq8/normalized-27array_alg_ineq8.fzn,2.63409,2.63409,1,0,0,0,6.1567,6.1567,0,0,0.468674,0.468674,0,2213.33,2213.33,614,614,1,2,2,1,2077,0,1.88647,6231,5471,2077,0,0,0,0,0,2077,1101,0,0,0,0,0,1,1,0,0,0,0,0,0,0,0,0,0,0,0,0,0,0,0,0,0,1,0,0,0,0,0,0,0,0,4.96912,2,0.635483,1.82233,0,0,0,1.60911,0,0.421569,108,1938.26,1101,56,2,1,0,2,0.0357143,1209,725,1101,1.75658,0.530091,5471,2202,699.667
data/selected-PB25/PB24/normalized-PB24/DEC-LIN/devriendt/bitvector_multiplication_selection/inequalities/ineq8/normalized-22array_ineq8.fzn,3.11826,3.11826,1,0,0,0,0.641383,0.641383,0,0,1.64183,1.64183,0,3464.93,3464.93,87,87,1,2,2,1,2300,0,0.913061,6900,7172,2300,0,0,0,0,0,2300,2519,0,0,0,0,0,1,1,0,0,0,0,0,0,0,0,0,0,0,0,0,0,0,0,0,0,1,0,0,0,0,0,0,0,0,2.84716,2,0.891242,1.57073,0,0,0,1.16865,0,0.182487,0,3089.13,2519,46,2,1,0,2,0.0434783,2639,449,2519,1.22588,1.09522,7172,5038,2245.04
data/selected-PB25/PB24/normalized-PB24/DEC-LIN/devriendt/bitvector_multiplication_selection/inequalities/ineq8/normalized-21array_ineq8.fzn,3.1148,3.1148,1,0,0,0,0.642096,0.642096,0,0,1.65322,1.65322,0,3172.86,3172.86,83,83,1,2,2,1,2108,0,0.918519,6324,6566,2108,0,0,0,0,0,2108,2295,0,0,0,0,0,1,1,0,0,0,0,0,0,0,0,0,0,0,0,0,0,0,0,0,0,1,0,0,0,0,0,0,0,0,2.861,2,0.889397,1.52356,0,0,0,1.18519,0,0.189085,0,2826.91,2295,44,2,1,0,2,0.0454545,2409,414,2295,1.23007,1.08871,6566,4590,2041.17
data/selected-PB25/PB24/normalized-PB24/DEC-LIN/devriendt/bitvector_multiplication_selection/inequalities/ineq10/normalized-13array_ineq10.fzn,3.1099,3.1099,1,0,0,0,0.643107,0.643107,0,0,1.71705,1.71705,0,1517.45,1517.45,54,54,1,2,2,1,1010,0,0.964661,3030,3141,1010,0,0,0,0,0,1010,1047,0,0,0,0,0,1,1,0,0,0,0,0,0,0,0,0,0,0,0,0,0,0,0,0,0,1,0,0,0,0,0,0,0,0,3,2,0.876954,1.24722,0,0,0,1.35778,0,0.264246,54,1351.88,1047,30,2,2,0,2,0.0666667,1175,230,1047,1.34193,1.03663,3141,2094,918.17
data/selected-PB25/PB24/normalized-PB24/DEC-LIN/devriendt/bitvector_multiplication_selection/inequalities/ineq5/normalized-16array_alg_ineq5.fzn,2.71955,2.71955,1,0,0,0,3.7499,3.7499,0,0,0.829332,0.829332,0,1227.24,1227.24,288,288,1,2,2,1,1059,0,2.13508,3177,2880,1059,0,0,0,0,0,1059,496,0,0,0,0,0,1,1,0,0,0,0,0,0,0,0,0,0,0,0,0,0,0,0,0,0,1,0,0,0,0,0,0,0,0,5.80645,2,0.594639,1.62474,0,0,0,1.74098,0,0.345117,352,965.634,496,48,2,1,0,2,0.0416667,848,519,496,2.75605,0.468366,2880,992,294.941
data/selected-PB25/PB24/normalized-PB24/DEC-LIN/devriendt/bitvector_multiplication_selection/equalities/diag_spec/normalized-16diag_spec_greater.fzn,3.29505,3.29505,1,0,0,0,2.798,2.798,0,0,1.59514,1.59514,0,1484.03,1484.03,288,288,1,2,2,1,1010,0,1.2625,3030,3328,1010,0,0,0,0,0,1010,800,0,0,0,0,0,1,1,0,0,0,0,0,0,0,0,0,0,0,0,0,0,0,0,0,0,1,0,0,0,0,0,0,0,0,4.16,2,0.7705,1.40167,0,0,0,1.12386,0,0.942683,352,1266.41,800,32,2,1,0,2,0.0625,1200,366,800,1.9575,0.792079,3328,1600,616.4
data/selected-PB25/PB24/normalized-PB24/DEC-LIN/devriendt/bitvector_multiplication_selection/equalities/diag_spec/normalized-9diag_spec_less.fzn,3.32177,3.32177,1,0,0,0,1.72937,1.72937,0,0,1.6595,1.6595,0,466.463,466.463,99,99,1,2,2,1,317,0,1.21456,951,1053,317,0,0,0,0,0,317,261,0,0,0,0,0,1,1,0,0,0,0,0,0,0,0,0,0,0,0,0,0,0,0,0,0,1,0,0,0,0,0,0,0,0,4.03448,2,0.75249,0.991453,0,0,0,1.21702,0,0.957553,135,425.135,261,18,2,1,0,2,0.111111,423,149,261,2.19157,0.823344,1053,522,196.4
data/selected-PB25/PB24/normalized-PB24/DEC-LIN/devriendt/bitvector_multiplication_selection/equalities/array_comm/normalized-20arraycomm_teq_tvars_less.fzn,5.04336,5.04336,1,0,0,0,0.524601,0.524601,0,0,0.311554,0.311554,0,1758.07,1758.07,78,78,1,4,4,1,761,0,0.396354,2283,3838,761,0,0,0,0,0,761,1920,0,0,0,0,0,1,1,0,0,0,0,0,0,0,0,0,0,0,0,0,0,0,0,0,0,1,0,0,0,0,0,0,0,0,1.99896,2,0.999479,0,0,0,0,0.00643188,0,0.00643188,78,1919,1920,2,2,1,0,2,1,2518,87,1920,1.35677,2.523,3838,3840,1919
data/selected-PB25/PB24/normalized-PB24/DEC-LIN/devriendt/bitvector_multiplication_selection/equalities/array_comm/normalized-16arraycomm_teq_tvars_greater.fzn,5.05198,5.05198,1,0,0,0,0.484858,0.484858,0,0,0.374145,0.374145,0,1110.18,1110.18,62,62,1,4,4,1,481,0,0.395559,1443,2430,481,0,0,0,0,0,481,1216,0,0,0,0,0,1,1,0,0,0,0,0,0,0,0,0,0,0,0,0,0,0,0,0,0,1,0,0,0,0,0,0,0,0,1.99836,2,0.999178,0,0,0,0,0.00961351,0,0.00961351,62,1215,1216,2,2,1,0,2,1,1630,71,1216,1.39885,2.52807,2430,2432,1215
data/selected-PB25/PB24/normalized-PB24/DEC-LIN/devriendt/bitvector_multiplication_selection/equalities/array_comm/normalized-9arraycomm_teq_tvars_greater.fzn,5.07586,5.07586,1,0,0,0,0.44053,0.44053,0,0,0.599248,0.599248,8.88178e-16,333.65,333.65,34,34,1,4,4,1,145,0,0.392954,435,736,145,0,0,0,0,0,145,369,0,0,0,0,0,1,1,0,0,0,0,0,0,0,0,0,0,0,0,0,0,0,0,0,0,1,0,0,0,0,0,0,0,0,1.99458,2,0.99729,0,0,0,0,0.0270141,0,0.0270141,34,368,369,2,2,1,0,2,1,538,43,369,1.57453,2.54483,736,738,368
data/selected-PB25/PB24/normalized-PB24/DEC-LIN/devriendt/bitvector_multiplication_selection/equalities/array_diag/normalized-13array_diag_greater.fzn,3.37439,3.37439,1,0,0,0,0.5927,0.5927,0,0,1.69633,1.69633,0,1327.57,1327.57,50,50,1,2,2,1,820,0,1.00122,2460,2767,820,0,0,0,0,0,820,819,0,0,0,0,0,1,1,0,0,0,0,0,0,0,0,0,0,0,0,0,0,0,0,0,0,1,0,0,0,0,0,0,0,0,3.37851,2,0.847212,1.25577,0,0,0,0.937534,0,0.789803,50,1137.88,819,26,2,1,0,2,0.0769231,947,64,819,1.23443,0.99878,2767,1638,693.867
data/selected-PB25/PB24/normalized-PB24/DEC-LIN/devriendt/bitvector_multiplication_selection/equalities/array_diag/normalized-16array_diag_less.fzn,3.3803,3.3803,1,0,0,0,0.591663,0.591663,0,0,1.67031,1.67031,0,2027.93,2027.93,62,62,1,2,2,1,1249,0,1.0008,3747,4222,1249,0,0,0,0,0,1249,1248,0,0,0,0,0,1,1,0,0,0,0,0,0,0,0,0,0,0,0,0,0,0,0,0,0,1,0,0,0,0,0,0,0,0,3.38301,2,0.853098,1.41762,0,0,0,0.90305,0,0.777955,62,1713.68,1248,32,2,1,0,2,0.0625,1406,76,1248,1.1875,0.999199,4222,2496,1064.67
data/selected-PB25/PB24/normalized-PB24/DEC-LIN/devriendt/bitvector_multiplication_selection/equalities/array_diag/normalized-15array_diag_greater.fzn,3.37865,3.37865,1,0,0,0,0.591952,0.591952,0,0,1.67799,1.67799,0,1778.03,1778.03,58,58,1,2,2,1,1096,0,1.00091,3288,3703,1096,0,0,0,0,0,1096,1095,0,0,0,0,0,1,1,0,0,0,0,0,0,0,0,0,0,0,0,0,0,0,0,0,0,1,0,0,0,0,0,0,0,0,3.38174,2,0.851385,1.3551,0,0,0,0.913135,0,0.781418,58,1508.9,1095,30,2,1,0,2,0.0666667,1243,72,1095,1.20091,0.999088,3703,2190,932.267
data/selected-PB25/PB24/normalized-PB24/DEC-LIN/devriendt/bitvector_multiplication_selection/equalities/array_diag/normalized-11array_diag_less.fzn,3.36815,3.36815,1,0,0,0,0.593798,0.593798,0,0,1.72019,1.72019,0,942.915,942.915,42,42,1,2,2,1,584,0,1.00172,1752,1967,584,0,0,0,0,0,584,583,0,0,0,0,0,1,1,0,0,0,0,0,0,0,0,0,0,0,0,0,0,0,0,0,0,1,0,0,0,0,0,0,0,0,3.37393,2,0.841624,1.14792,0,0,0,0.969972,0,0.800923,42,818.324,583,22,2,1,0,2,0.0909091,691,56,583,1.2813,0.998288,1967,1166,490.667
data/selected-PB25/PB24/normalized-PB24/DEC-LIN/nordstrom/CombinatorialBenchmarksPBsolvers/sumineq/sumineq_pyr_4/normalized-sumineqArity4pyramidP035.fzn,11.5562,11.5562,1,0,0,0,0.14988,0.14988,0,0,0.309203,0.309203,0,2332.53,2332.53,12,12,1,4,4,1,667,0,0.250375,2001,7708,667,0,0,0,0,0,667,2664,0,0,0,0,0,1,1,0,0,0,0,0,0,0,0,0,0,0,0,0,0,0,0,0,0,1,0,0,0,0,0,0,0,0,2.89339,2,0.702202,0,0,0,0,0.489595,0,0,7560,4056.21,2664,3,2,1,0,2,0.666667,10224,32,2664,3.84985,3.994,7708,5328,1870.67
data/selected-PB25/PB24/normalized-PB24/DEC-LIN/nordstrom/CombinatorialBenchmarksPBsolvers/sumineq/sumineq_pyr_5_shuffle/normalized-sumineqArity5pyramidP015.shuf-3.fzn,13.7591,13.7591,1,0,0,0,0.229831,0.229831,0,0,0.540997,0.540997,0,508.3,508.3,15,15,1,5,5,1,137,0,0.201471,411,1885,137,0,0,0,0,0,137,680,0,0,0,0,0,1,1,0,0,0,0,0,0,0,0,0,0,0,0,0,0,0,0,0,0,1,0,0,0,0,0,0,0,0,2.77206,2,0.742647,0,0,0,0,0.774405,0,0,1800,987.105,680,3,2,1,0,2,0.666667,2480,1870,680,6.39706,4.9635,1885,1360,505
data/selected-PB25/PB24/normalized-PB24/DEC-LIN/nordstrom/CombinatorialBenchmarksPBsolvers/sumineq/sumineq_pyr_5_shuffle/normalized-sumineqArity5pyramidP025.shuf-1.fzn,14.233,14.233,1,0,0,0,0.185889,0.185889,0,0,0.39046,0.39046,0,1332.43,1332.43,15,15,1,5,5,1,352,0,0.20057,1056,5010,352,0,0,0,0,0,352,1755,0,0,0,0,0,1,1,0,0,0,0,0,0,0,0,0,0,0,0,0,0,0,0,0,0,1,0,0,0,0,0,0,0,0,2.8547,2,0.7151,0,0,0,0,0.59795,0,0,4875,2632.44,1755,3,2,1,0,2,0.666667,6630,4975,1755,6.61254,4.9858,5010,3510,1255
data/selected-PB25/PB24/normalized-PB24/DEC-LIN/nordstrom/CombinatorialBenchmarksPBsolvers/sumineq/sumineq_pyr_5_shuffle/normalized-sumineqArity5pyramidP035.shuf-2.fzn,14.4453,14.4453,1,0,0,0,0.154796,0.154796,0,0,0.309203,0.309203,0,2547.25,2547.25,15,15,1,5,5,1,667,0,0.2003,2001,9635,667,0,0,0,0,0,667,3330,0,0,0,0,0,1,1,0,0,0,0,0,0,0,0,0,0,0,0,0,0,0,0,0,0,1,0,0,0,0,0,0,0,0,2.89339,2,0.702202,0,0,0,0,0.489595,0,0,9450,5070.26,3330,3,2,1,0,2,0.666667,12780,9560,3330,6.70871,4.9925,9635,6660,2338.33
data/selected-PB25/PB24/normalized-PB24/DEC-LIN/nordstrom/CombinatorialBenchmarksPBsolvers/sumineq/sumineq_pyr_4_shuffle/normalized-sumineqArity4pyramidP015.shuf-1.fzn,11.0073,11.0073,1,0,0,0,0.222533,0.222533,0,0,0.540997,0.540997,0,464.196,464.196,12,12,1,4,4,1,137,0,0.251838,411,1508,137,0,0,0,0,0,137,544,0,0,0,0,0,1,1,0,0,0,0,0,0,0,0,0,0,0,0,0,0,0,0,0,0,1,0,0,0,0,0,0,0,0,2.77206,2,0.742647,0,0,0,0,0.774405,0,0,1440,789.684,544,3,2,1,0,2,0.666667,1984,1476,544,6.36029,3.9708,1508,1088,404
data/selected-PB25/PB24/normalized-PB24/DEC-LIN/nordstrom/CombinatorialBenchmarksPBsolvers/vertex-cover/vc-large-v4/normalized-grid10_66.fzn,2.49811,2.49811,1,0,0,0,7.23874,7.23874,0,0,0.00893987,0.00893987,0,1329.37,1329.37,660,660,1,2,2,1,1321,0,2.00152,3963,3300,1321,0,0,0,0,0,1321,660,0,0,0,0,0,1,1,0,0,0,0,0,0,0,0,0,0,0,0,0,0,0,0,0,0,1,0,0,0,0,0,0,0,0,5,2,0.4,0,0,0,0,0,0,0,660,1532.47,660,5,2,0.4,0,2,0.4,1320,662,660,3.00303,0.499621,3300,1320,264
data/selected-PB25/PB24/normalized-PB24/DEC-LIN/nordstrom/CombinatorialBenchmarksPBsolvers/vertex-cover/vc-large-v4/normalized-grid8_60.fzn,2.4974,2.4974,1,0,0,0,6.16434,6.16434,0,0,0.011811,0.011811,0,968.907,968.907,480,480,1,2,2,1,961,0,2.00208,2883,2400,961,0,0,0,0,0,961,480,0,0,0,0,0,1,1,0,0,0,0,0,0,0,0,0,0,0,0,0,0,0,0,0,0,1,0,0,0,0,0,0,0,0,5,2,0.4,0,0,0,0,0,0,0,480,1114.53,480,5,2,0.4,0,2,0.4,960,482,480,3.00417,0.49948,2400,960,192
data/selected-PB25/PB24/normalized-PB24/DEC-LIN/nordstrom/CombinatorialBenchmarksPBsolvers/vertex-cover/vc-large-v4/normalized-grid4_06.fzn,2.44898,2.44898,1,0,0,0,1.225,1.225,0,0,0.143726,0.143726,8.88178e-16,52.585,52.585,24,24,1,2,2,1,49,0,2.04167,147,120,49,0,0,0,0,0,49,24,0,0,0,0,0,1,1,0,0,0,0,0,0,0,0,0,0,0,0,0,0,0,0,0,0,1,0,0,0,0,0,0,0,0,5,2,0.4,0,0,0,0,0,0,0,24,55.7263,24,5,2,0.4,0,2,0.4,48,26,24,3.08333,0.489796,120,48,9.6
data/selected-PB25/PB24/normalized-PB24/DEC-LIN/nordstrom/CombinatorialBenchmarksPBsolvers/vertex-cover/vc-large-v2/normalized-grid8_97.fzn,2.49839,2.49839,1,0,0,0,7.85362,7.85362,0,0,0.00775472,0.00775472,-1.77636e-15,1561.6,1561.6,776,776,1,2,2,1,1553,0,2.00129,4659,3880,1553,0,0,0,0,0,1553,776,0,0,0,0,0,1,1,0,0,0,0,0,0,0,0,0,0,0,0,0,0,0,0,0,0,1,0,0,0,0,0,0,0,0,5,2,0.4,0,0,0,0,0,0,0,776,1801.82,776,5,2,0.4,0,2,0.4,1552,778,776,3.00258,0.499678,3880,1552,310.4
data/selected-PB25/PB24/normalized-PB24/DEC-LIN/nordstrom/CombinatorialBenchmarksPBsolvers/vertex-cover/vc-grids-v2_shuffle/normalized-grid4_33.shuf-3.fzn,2.49057,2.49057,1,0,0,0,3.18693,3.18693,0,0,0.0358106,0.0358106,0,271.044,271.044,132,132,1,2,2,1,265,0,2.00758,795,660,265,0,0,0,0,0,265,132,0,0,0,0,0,1,1,0,0,0,0,0,0,0,0,0,0,0,0,0,0,0,0,0,0,1,0,0,0,0,0,0,0,0,5,2,0.4,0,0,0,0,0,0,0,132,306.495,132,5,2,0.4,0,2,0.4,264,140,132,3.06061,0.498113,660,264,52.8
data/selected-PB25/PB24/normalized-PB24/DEC-LIN/nordstrom/CombinatorialBenchmarksPBsolvers/vertex-cover/vc-grids-v2_shuffle/normalized-grid4_51.shuf-3.fzn,2.49389,2.49389,1,0,0,0,3.9897,3.9897,0,0,0.0247357,0.0247357,0,415.672,415.672,204,204,1,2,2,1,409,0,2.0049,1227,1020,409,0,0,0,0,0,409,204,0,0,0,0,0,1,1,0,0,0,0,0,0,0,0,0,0,0,0,0,0,0,0,0,0,1,0,0,0,0,0,0,0,0,5,2,0.4,0,0,0,0,0,0,0,204,473.673,204,5,2,0.4,0,2,0.4,408,212,204,3.03922,0.498778,1020,408,81.6
data/selected-PB25/PB24/normalized-PB24/DEC-LIN/nordstrom/CombinatorialBenchmarksPBsolvers/vertex-cover/noverticaledges-v1/normalized-grid4_27.fzn,2.97248,2.97248,1,0,0,0,3.39767,3.39767,0,0,0.0752683,0.0752683,0,114.755,114.755,108,108,1,2,2,1,109,0,1.00926,327,324,109,0,0,0,0,0,109,108,0,0,0,0,0,1,1,0,0,0,0,0,0,0,0,0,0,0,0,0,0,0,0,0,0,1,0,0,0,0,0,0,0,0,3,2,0.666667,0,0,0,0,0,0,0,108,171.176,108,3,2,0.666667,0,2,0.666667,216,110,108,3.01852,0.990826,324,216,72
data/selected-PB25/PB24/normalized-PB24/DEC-LIN/nordstrom/CombinatorialBenchmarksPBsolvers/vertex-cover/larger/vc-lines-v2_shuffle/normalized-grid4_121.shuf-1.fzn,2.99381,2.99381,1,0,0,0,7.30279,7.30279,0,0,0.0213671,0.0213671,0,492.919,492.919,484,484,1,2,2,1,485,0,1.00207,1455,1452,485,0,0,0,0,0,485,484,0,0,0,0,0,1,1,0,0,0,0,0,0,0,0,0,0,0,0,0,0,0,0,0,0,1,0,0,0,0,0,0,0,0,3,2,0.666667,0,0,0,0,0,0,0,484,767.122,484,3,2,0.666667,0,2,0.666667,968,492,484,3.01653,0.997938,1452,968,322.667
data/selected-PB25/PB24/normalized-PB24/DEC-LIN/nordstrom/CombinatorialBenchmarksPBsolvers/vertex-cover/larger/vc-grids-v1_shuffle/normalized-grid8_161.shuf-2.fzn,2.49903,2.49903,1,0,0,0,10.1311,10.1311,0,0,0.00495688,0.00495688,0,2586.33,2586.33,1288,1288,1,2,2,1,2577,0,2.00078,7731,6440,2577,0,0,0,0,0,2577,1288,0,0,0,0,0,1,1,0,0,0,0,0,0,0,0,0,0,0,0,0,0,0,0,0,0,1,0,0,0,0,0,0,0,0,5,2,0.4,0,0,0,0,0,0,0,1288,2990.64,1288,5,2,0.4,0,2,0.4,2576,1296,1288,3.00621,0.499806,6440,2576,515.2
data/selected-PB25/PB24/normalized-PB24/DEC-LIN/nordstrom/CombinatorialBenchmarksPBsolvers/vertex-cover/vc-nve-large-v4/normalized-grid10_64.fzn,2.99532,2.99532,1,0,0,0,8.40623,8.40623,0,0,0.0167952,0.0167952,0,649.322,649.322,640,640,1,2,2,1,641,0,1.00156,1923,1920,641,0,0,0,0,0,641,640,0,0,0,0,0,1,1,0,0,0,0,0,0,0,0,0,0,0,0,0,0,0,0,0,0,1,0,0,0,0,0,0,0,0,3,2,0.666667,0,0,0,0,0,0,0,640,1014.38,640,3,2,0.666667,0,2,0.666667,1280,642,640,3.00312,0.99844,1920,1280,426.667
data/selected-PB25/PB24/normalized-PB24/DEC-LIN/nordstrom/CombinatorialBenchmarksPBsolvers/vertex-cover/vc-lines-v3_shuffle/normalized-grid6_85.shuf-3.fzn,2.99413,2.99413,1,0,0,0,7.49799,7.49799,0,0,0.0204275,0.0204275,0,518.994,518.994,510,510,1,2,2,1,511,0,1.00196,1533,1530,511,0,0,0,0,0,511,510,0,0,0,0,0,1,1,0,0,0,0,0,0,0,0,0,0,0,0,0,0,0,0,0,0,1,0,0,0,0,0,0,0,0,3,2,0.666667,0,0,0,0,0,0,0,510,808.331,510,3,2,0.666667,0,2,0.666667,1020,518,510,3.01569,0.998043,1530,1020,340
data/selected-PB25/PB24/normalized-PB24/DEC-LIN/nordstrom/CombinatorialBenchmarksPBsolvers/vertex-cover/vc-grids-v3_shuffle/normalized-grid10_27.shuf-3.fzn,2.49538,2.49538,1,0,0,0,4.60416,4.60416,0,0,0.019447,0.019447,0,548.077,548.077,270,270,1,2,2,1,541,0,2.0037,1623,1350,541,0,0,0,0,0,541,270,0,0,0,0,0,1,1,0,0,0,0,0,0,0,0,0,0,0,0,0,0,0,0,0,0,1,0,0,0,0,0,0,0,0,5,2,0.4,0,0,0,0,0,0,0,270,626.921,270,5,2,0.4,0,2,0.4,540,278,270,3.02963,0.499076,1350,540,108
data/selected-PB25/PB24/normalized-PB24/DEC-LIN/nordstrom/CombinatorialBenchmarksPBsolvers/vertex-cover/vc-grids-v3_shuffle/normalized-grid8_99.shuf-2.fzn,2.49842,2.49842,1,0,0,0,7.9347,7.9347,0,0,0.00761672,0.00761672,-1.77636e-15,1593.63,1593.63,792,792,1,2,2,1,1585,0,2.00126,4755,3960,1585,0,0,0,0,0,1585,792,0,0,0,0,0,1,1,0,0,0,0,0,0,0,0,0,0,0,0,0,0,0,0,0,0,1,0,0,0,0,0,0,0,0,5,2,0.4,0,0,0,0,0,0,0,792,1838.97,792,5,2,0.4,0,2,0.4,1584,800,792,3.0101,0.499685,3960,1584,316.8
data/selected-PB25/PB24/normalized-PB24/DEC-LIN/nordstrom/CombinatorialBenchmarksPBsolvers/vertex-cover/vc-grids-v3_shuffle/normalized-grid4_11.shuf-2.fzn,2.47191,2.47191,1,0,0,0,1.76337,1.76337,0,0,0.0888797,0.0888797,-8.88178e-16,93.4594,93.4594,44,44,1,2,2,1,89,0,2.02273,267,220,89,0,0,0,0,0,89,44,0,0,0,0,0,1,1,0,0,0,0,0,0,0,0,0,0,0,0,0,0,0,0,0,0,1,0,0,0,0,0,0,0,0,5,2,0.4,0,0,0,0,0,0,0,44,102.165,44,5,2,0.4,0,2,0.4,88,52,44,3.18182,0.494382,220,88,17.6
data/selected-PB25/PB24/normalized-PB24/DEC-LIN/nordstrom/CombinatorialBenchmarksPBsolvers/vertex-cover/vc-grids-v1_shuffle/normalized-grid10_35.shuf-3.fzn,2.49643,2.49643,1,0,0,0,5.25345,5.25345,0,0,0.015542,0.015542,0,708.451,708.451,350,350,1,2,2,1,701,0,2.00286,2103,1750,701,0,0,0,0,0,701,350,0,0,0,0,0,1,1,0,0,0,0,0,0,0,0,0,0,0,0,0,0,0,0,0,0,1,0,0,0,0,0,0,0,0,5,2,0.4,0,0,0,0,0,0,0,350,812.675,350,5,2,0.4,0,2,0.4,700,358,350,3.02286,0.499287,1750,700,140
data/selected-PB25/PB24/normalized-PB24/DEC-LIN/nordstrom/CombinatorialBenchmarksPBsolvers/php-exit/normalized-phpexit_v1_10_016.fzn,16.4955,16.4955,1,0,0,0,0,0,0,0,1.02596,1.02596,0,1338.19,1338.19,17,17,1,10,10,1,331,0,0.121245,993,5460,331,0,0,0,0,0,331,2730,0,0,0,0,0,1,1,0,0,0,0,0,0,0,0,0,0,0,0,0,0,0,0,0,0,1,0,0,0,0,0,0,0,0,2,2,1,0,0,0,0,0,0,0,5450,2730,2730,2,2,1,0,2,1,8180,110,2730,3.03663,8.24773,5460,5460,2730
data/selected-PB25/PB24/normalized-PB24/DEC-LIN/nordstrom/CombinatorialBenchmarksPBsolvers/php-exit/normalized-phpexit_v2_02_004.fzn,4.84211,4.84211,1,0,0,0,0,0,0,0,0.297472,0.297472,0,42.7947,42.7947,5,5,1,2,2,1,19,0,0.452381,57,92,19,0,0,0,0,0,19,42,0,0,0,0,0,1,1,0,0,0,0,0,0,0,0,0,0,0,0,0,0,0,0,0,0,1,0,0,0,0,0,0,0,0,2.19048,2,0.968254,0,0,0,0,0.276195,0,0.276195,0,45.1699,42,6,2,1,0,2,0.333333,42,12,42,1.28571,2.21053,92,84,40.6667
data/selected-PB25/PB24/normalized-PB24/DEC-LIN/nordstrom/CombinatorialBenchmarksPBsolvers/php-exit/normalized-phpexit_v1_06_004.fzn,4.58182,4.58182,1,0,0,0,0,0,0,0,1.10416,1.10416,0,120.243,120.243,6,6,1,4,4,1,55,0,0.436508,165,252,55,0,0,0,0,0,55,126,0,0,0,0,0,1,1,0,0,0,0,0,0,0,0,0,0,0,0,0,0,0,0,0,0,1,0,0,0,0,0,0,0,0,2,2,1,0,0,0,0,0,0,0,0,126,126,2,2,1,0,2,1,126,20,126,1.15873,2.29091,252,252,126
data/selected-PB25/PB24/normalized-PB24/DEC-LIN/nordstrom/CombinatorialBenchmarksPBsolvers/subsetcard/random4reg_opb_shuffle/normalized-subsetcard-geq-random4reg-15.shuf-1.fzn,4.06667,4.06667,1,0,0,0,0,0,0,0,0.353359,0.353359,0,60.6439,60.6439,5,5,1,4,4,1,30,0,0.491803,90,122,30,0,0,0,0,0,30,61,0,0,0,0,0,1,1,0,0,0,0,0,0,0,0,0,0,0,0,0,0,0,0,0,0,1,0,0,0,0,0,0,0,0,2,2,1,0,0,0,0,0,0,0,0,61,61,2,2,1,0,2,1,61,62,61,2.01639,2.03333,122,122,61
data/selected-PB25/PB24/normalized-PB24/DEC-LIN/nordstrom/CombinatorialBenchmarksPBsolvers/subsetcard/random4reg_opb_shuffle/normalized-subsetcard-geq-random4reg-15.shuf-2.fzn,4.06667,4.06667,1,0,0,0,0,0,0,0,0.353359,0.353359,0,60.6439,60.6439,5,5,1,4,4,1,30,0,0.491803,90,122,30,0,0,0,0,0,30,61,0,0,0,0,0,1,1,0,0,0,0,0,0,0,0,0,0,0,0,0,0,0,0,0,0,1,0,0,0,0,0,0,0,0,2,2,1,0,0,0,0,0,0,0,0,61,61,2,2,1,0,2,1,61,58,61,1.95082,2.03333,122,122,61
data/selected-PB25/PB24/normalized-PB24/DEC-LIN/nordstrom/CombinatorialBenchmarksPBsolvers/subsetcard/random4reg_opb/normalized-subsetcard-geq-random4reg-60.fzn,4.01667,4.01667,1,0,0,0,0,0,0,0,0.122292,0.122292,0,240.644,240.644,5,5,1,4,4,1,120,0,0.497925,360,482,120,0,0,0,0,0,120,241,0,0,0,0,0,1,1,0,0,0,0,0,0,0,0,0,0,0,0,0,0,0,0,0,0,1,0,0,0,0,0,0,0,0,2,2,1,0,0,0,0,0,0,0,0,241,241,2,2,1,0,2,1,241,18,241,1.07469,2.00833,482,482,241
data/selected-PB25/PB24/normalized-PB24/DEC-LIN/nordstrom/CombinatorialBenchmarksPBsolvers/subsetcard/larger/random4reg_opb_shuffle/normalized-subsetcard-eq-random4reg-1000.shuf-3.fzn,4.001,4.001,1,0,0,0,0,0,0,0,0.0114078,0.0114078,-1.77636e-15,8001.29,8001.29,5,5,1,4,4,1,4000,0,0.99975,12000,16004,4000,0,0,0,0,0,4000,4001,0,0,0,0,0,1,1,0,0,0,0,0,0,0,0,0,0,0,0,0,0,0,0,0,0,1,0,0,0,0,0,0,0,0,4,2,0.5,0,0,0,0,0,0,0,0,8002,4001,4,2,0.5,0,2,0.5,4001,148,4001,1.03699,1.00025,16004,8002,2000.5
data/selected-PB25/PB24/normalized-PB24/DEC-LIN/nordstrom/CombinatorialBenchmarksPBsolvers/subsetcard/larger/random4reg_opb_shuffle/normalized-subsetcard-geq-random4reg-1000.shuf-2.fzn,4.001,4.001,1,0,0,0,0,0,0,0,0.0114078,0.0114078,-1.77636e-15,4000.64,4000.64,5,5,1,4,4,1,2000,0,0.499875,6000,8002,2000,0,0,0,0,0,2000,4001,0,0,0,0,0,1,1,0,0,0,0,0,0,0,0,0,0,0,0,0,0,0,0,0,0,1,0,0,0,0,0,0,0,0,2,2,1,0,0,0,0,0,0,0,0,4001,4001,2,2,1,0,2,1,4001,138,4001,1.03449,2.0005,8002,8002,4001
data/selected-PB25/PB24/normalized-PB24/DEC-LIN/nordstrom/CombinatorialBenchmarksPBsolvers/subsetcard/fixedbw_opb_shuffle/normalized-subsetcard-geq-fixedbandwidth-30.shuf-1.fzn,4.03333,4.03333,1,0,0,0,0,0,0,0,0.210842,0.210842,0,120.644,120.644,5,5,1,4,4,1,60,0,0.495868,180,242,60,0,0,0,0,0,60,121,0,0,0,0,0,1,1,0,0,0,0,0,0,0,0,0,0,0,0,0,0,0,0,0,0,1,0,0,0,0,0,0,0,0,2,2,1,0,0,0,0,0,0,0,0,121,121,2,2,1,0,2,1,121,74,121,1.61157,2.01667,242,242,121
data/selected-PB25/PB24/normalized-PB24/DEC-LIN/nordstrom/CombinatorialBenchmarksPBsolvers/subsetcard/fixedbw_opb_shuffle/normalized-subsetcard-geq-fixedbandwidth-40.shuf-3.fzn,4.025,4.025,1,0,0,0,0,0,0,0,0.168661,0.168661,0,160.644,160.644,5,5,1,4,4,1,80,0,0.496894,240,322,80,0,0,0,0,0,80,161,0,0,0,0,0,1,1,0,0,0,0,0,0,0,0,0,0,0,0,0,0,0,0,0,0,1,0,0,0,0,0,0,0,0,2,2,1,0,0,0,0,0,0,0,0,161,161,2,2,1,0,2,1,161,70,161,1.43478,2.0125,322,322,161
data/selected-PB25/PB24/normalized-PB24/DEC-LIN/nordstrom/CombinatorialBenchmarksPBsolvers/extended-even-colouring/grids_norational_opb/normalized-ec_grid_norational_03_100.fzn,3.19681,3.19681,1,0,0,0,9.67191,9.67191,0,0,0.728626,0.728626,0,1813.23,1813.23,1202,1202,1,2,2,1,1504,0,0.834165,4512,4808,1504,0,0,0,0,0,1504,1803,0,0,0,0,0,1,1,0,0,0,0,0,0,0,0,0,0,0,0,0,0,0,0,0,0,1,0,0,0,0,0,0,0,0,2.66667,2,0.833333,0,0,0,0,0.918296,0,0,1202,2404,1803,4,2,1,0,2,0.5,3005,1212,1803,2.33888,1.1988,4808,3606,1502.5
data/selected-PB25/PB24/normalized-PB24/DEC-LIN/nordstrom/CombinatorialBenchmarksPBsolvers/extended-even-colouring/random_norational_opb/normalized-ec_random_norational_random4reg_split_350.fzn,3.19726,3.19726,1,0,0,0,10.4485,10.4485,0,0,0.727798,0.727798,0,2113.45,2113.45,1402,1402,1,2,2,1,1754,0,0.834047,5262,5608,1754,0,0,0,0,0,1754,2103,0,0,0,0,0,1,1,0,0,0,0,0,0,0,0,0,0,0,0,0,0,0,0,0,0,1,0,0,0,0,0,0,0,0,2.66667,2,0.833333,0,0,0,0,0.918296,0,0,1402,2804,2103,4,2,1,0,2,0.5,3505,1412,2103,2.33809,1.19897,5608,4206,1752.5
data/selected-PB25/PB24/normalized-PB24/DEC-LIN/nordstrom/CombinatorialBenchmarksPBsolvers/even-colouring/ec-stargrid-04/normalized-ec_stargrid_04_021.fzn,7.92941,7.92941,1,0,0,0,0,0,0,0,0.0922772,0.0922772,0,506,506,8,8,1,2,2,1,170,0,0.504451,510,1348,170,0,0,0,0,0,170,337,0,0,0,0,0,1,1,0,0,0,0,0,0,0,0,0,0,0,0,0,0,0,0,0,0,1,0,0,0,0,0,0,0,0,4,2,0.5,0,0,0,0,0,0,0,0,674,337,4,2,0.5,0,2,0.5,337,20,337,1.05935,1.98235,1348,674,168.5
data/selected-PB25/PB24/normalized-PB24/DEC-LIN/nordstrom/CombinatorialBenchmarksPBsolvers/even-colouring/ec-stargrid-05_shuffle/normalized-ec_stargrid_05_075.shuf-3.fzn,7.98404,7.98404,1,0,0,0,0,0,0,0,0.0265834,0.0265834,0,2252,2252,8,8,1,2,2,1,752,0,0.500999,2256,6004,752,0,0,0,0,0,752,1501,0,0,0,0,0,1,1,0,0,0,0,0,0,0,0,0,0,0,0,0,0,0,0,0,0,1,0,0,0,0,0,0,0,0,4,2,0.5,0,0,0,0,0,0,0,0,3002,1501,4,2,0.5,0,2,0.5,1501,1932,1501,2.28714,1.99601,6004,3002,750.5
data/selected-PB25/PB24/normalized-PB24/DEC-LIN/nordstrom/CombinatorialBenchmarksPBsolvers/even-colouring/ec-stargrid-05_shuffle/normalized-ec_stargrid_05_021.shuf-2.fzn,7.9434,7.9434,1,0,0,0,0,0,0,0,0.0770169,0.0770169,0,632,632,8,8,1,2,2,1,212,0,0.503563,636,1684,212,0,0,0,0,0,212,421,0,0,0,0,0,1,1,0,0,0,0,0,0,0,0,0,0,0,0,0,0,0,0,0,0,1,0,0,0,0,0,0,0,0,4,2,0.5,0,0,0,0,0,0,0,0,842,421,4,2,0.5,0,2,0.5,421,1132,421,3.68884,1.98585,1684,842,210.5
data/selected-PB25/PB24/normalized-PB24/DEC-LIN/nordstrom/CombinatorialBenchmarksPBsolvers/even-colouring/ec-stargrid-06_shuffle/normalized-ec_stargrid_06_072.shuf-3.fzn,7.98614,7.98614,1,0,0,0,0,0,0,0,0.0235549,0.0235549,0,2594,2594,8,8,1,2,2,1,866,0,0.500868,2598,6916,866,0,0,0,0,0,866,1729,0,0,0,0,0,1,1,0,0,0,0,0,0,0,0,0,0,0,0,0,0,0,0,0,0,1,0,0,0,0,0,0,0,0,4,2,0.5,0,0,0,0,0,0,0,0,3458,1729,4,2,0.5,0,2,0.5,1729,1996,1729,2.15442,1.99654,6916,3458,864.5
data/selected-PB25/PB24/normalized-PB24/DEC-LIN/nordstrom/CombinatorialBenchmarksPBsolvers/even-colouring/grids_large_opb/normalized-ECgrid_split_4_250.fzn,3.998,3.998,1,0,0,0,0,0,0,0,0.0113978,0.0113978,0,4002,4002,4,4,1,2,2,1,2002,0,1.0005,6006,8004,2002,0,0,0,0,0,2002,2001,0,0,0,0,0,1,1,0,0,0,0,0,0,0,0,0,0,0,0,0,0,0,0,0,0,1,0,0,0,0,0,0,0,0,4,2,0.5,0,0,0,0,0,0,0,0,4002,2001,4,2,0.5,0,2,0.5,2001,20,2001,1.01,0.9995,8004,4002,1000.5
data/selected-PB25/PB24/normalized-PB24/DEC-LIN/nordstrom/CombinatorialBenchmarksPBsolvers/even-colouring/ec-stargrid-06/normalized-ec_stargrid_06_012.fzn,7.91781,7.91781,1,0,0,0,0,0,0,0,0.104419,0.104419,0,434,434,8,8,1,2,2,1,146,0,0.50519,438,1156,146,0,0,0,0,0,146,289,0,0,0,0,0,1,1,0,0,0,0,0,0,0,0,0,0,0,0,0,0,0,0,0,0,1,0,0,0,0,0,0,0,0,4,2,0.5,0,0,0,0,0,0,0,0,578,289,4,2,0.5,0,2,0.5,289,20,289,1.0692,1.97945,1156,578,144.5
data/selected-PB25/PB24/normalized-PB24/DEC-LIN/nordstrom/CombinatorialBenchmarksPBsolvers/even-colouring/ec-stargrid-04_shuffle/normalized-ec_stargrid_04_066.shuf-1.fzn,7.97736,7.97736,1,0,0,0,0,0,0,0,0.0358106,0.0358106,0,1586,1586,8,8,1,2,2,1,530,0,0.501419,1590,4228,530,0,0,0,0,0,530,1057,0,0,0,0,0,1,1,0,0,0,0,0,0,0,0,0,0,0,0,0,0,0,0,0,0,1,0,0,0,0,0,0,0,0,4,2,0.5,0,0,0,0,0,0,0,0,2114,1057,4,2,0.5,0,2,0.5,1057,1802,1057,2.70482,1.99434,4228,2114,528.5
data/selected-PB25/PB24/normalized-PB24/DEC-LIN/nordstrom/CombinatorialBenchmarksPBsolvers/even-colouring/ec-stargrid-04_shuffle/normalized-ec_stargrid_04_036.shuf-2.fzn,7.95862,7.95862,1,0,0,0,0,0,0,0,0.0594318,0.0594318,0,866,866,8,8,1,2,2,1,290,0,0.5026,870,2308,290,0,0,0,0,0,290,577,0,0,0,0,0,1,1,0,0,0,0,0,0,0,0,0,0,0,0,0,0,0,0,0,0,1,0,0,0,0,0,0,0,0,4,2,0.5,0,0,0,0,0,0,0,0,1154,577,4,2,0.5,0,2,0.5,577,1418,577,3.45754,1.98966,2308,1154,288.5
data/selected-PB25/PB24/normalized-PB24/DEC-LIN/nordstrom/CombinatorialBenchmarksPBsolvers/domset/domset-fixedrows-r04_shuffle/normalized-domset-hexgrid_04_064.shuf-1.fzn,4.98054,4.98054,1,0,0,0,3.14913,3.14913,0,0,0.036753,0.036753,0,520,520,256,256,1,4,4,1,257,0,1.00391,771,1280,257,0,0,0,0,0,257,256,0,0,0,0,0,1,1,0,0,0,0,0,0,0,0,0,0,0,0,0,0,0,0,0,0,1,0,0,0,0,0,0,0,0,5,2,0.4,0,0,0,0,0,0,0,256,594.414,256,5,2,0.4,0,2,0.4,512,320,256,3.25,0.996109,1280,512,102.4
data/selected-PB25/PB24/normalized-PB24/DEC-LIN/nordstrom/CombinatorialBenchmarksPBsolvers/domset/domset-fixedrows-r04_shuffle/normalized-domset-hexgrid_04_028.shuf-1.fzn,4.95575,4.95575,1,0,0,0,2.03794,2.03794,0,0,0.0730661,0.0730661,-8.88178e-16,230.807,230.807,112,112,1,4,4,1,113,0,1.00893,339,560,113,0,0,0,0,0,113,112,0,0,0,0,0,1,1,0,0,0,0,0,0,0,0,0,0,0,0,0,0,0,0,0,0,1,0,0,0,0,0,0,0,0,5,2,0.4,0,0,0,0,0,0,0,112,260.056,112,5,2,0.4,0,2,0.4,224,176,112,3.57143,0.99115,560,224,44.8
data/selected-PB25/PB24/normalized-PB24/DEC-LIN/nordstrom/CombinatorialBenchmarksPBsolvers/domset/domset-fixedrows-r04_shuffle/normalized-domset-hexgrid_04_008.shuf-1.fzn,4.84848,4.84848,1,0,0,0,0.98914,0.98914,0,0,0.195909,0.195909,0,69,69,32,32,1,4,4,1,33,0,1.03125,99,160,33,0,0,0,0,0,33,32,0,0,0,0,0,1,1,0,0,0,0,0,0,0,0,0,0,0,0,0,0,0,0,0,0,1,0,0,0,0,0,0,0,0,5,2,0.4,0,0,0,0,0,0,0,32,74.3017,32,5,2,0.4,0,2,0.4,64,92,32,4.875,0.969697,160,64,12.8
data/selected-PB25/PB24/normalized-PB24/DEC-LIN/nordstrom/CombinatorialBenchmarksPBsolvers/domset/domset_large_fixedcols_final/normalized-domset-hexgrid-fixedcols_03_058.fzn,4.97143,4.97143,1,0,0,0,2.57597,2.57597,0,0,0.0507987,0.0507987,0,355.443,355.443,174,174,1,4,4,1,175,0,1.00575,525,870,175,0,0,0,0,0,175,174,0,0,0,0,0,1,1,0,0,0,0,0,0,0,0,0,0,0,0,0,0,0,0,0,0,1,0,0,0,0,0,0,0,0,5,2,0.4,0,0,0,0,0,0,0,174,404.015,174,5,2,0.4,0,2,0.4,348,178,174,3.02299,0.994286,870,348,69.6
data/selected-PB25/PB24/normalized-PB24/DEC-LIN/nordstrom/CombinatorialBenchmarksPBsolvers/domset/domset_large/normalized-domset-hexgrid_08_020.fzn,4.96894,4.96894,1,0,0,0,2.4648,2.4648,0,0,0.0544666,0.0544666,0,327.322,327.322,160,160,1,4,4,1,161,0,1.00625,483,800,161,0,0,0,0,0,161,160,0,0,0,0,0,1,1,0,0,0,0,0,0,0,0,0,0,0,0,0,0,0,0,0,0,1,0,0,0,0,0,0,0,0,5,2,0.4,0,0,0,0,-8.88178e-16,-8.88178e-16,-8.88178e-16,160,371.508,160,5,2,0.4,0,2,0.4,320,164,160,3.025,0.993789,800,320,64
data/selected-PB25/PB24/normalized-PB24/DEC-LIN/nordstrom/CombinatorialBenchmarksPBsolvers/domset/domset_large/normalized-domset-hexgrid_07_054.fzn,4.98681,4.98681,1,0,0,0,3.84682,3.84682,0,0,0.0264033,0.0264033,0,764.562,764.562,378,378,1,4,4,1,379,0,1.00265,1137,1890,379,0,0,0,0,0,379,378,0,0,0,0,0,1,1,0,0,0,0,0,0,0,0,0,0,0,0,0,0,0,0,0,0,1,0,0,0,0,0,0,0,0,5,2,0.4,0,0,0,0,0,0,0,378,877.689,378,5,2,0.4,0,2,0.4,756,382,378,3.01058,0.997361,1890,756,151.2
data/selected-PB25/PB24/normalized-PB24/DEC-LIN/nordstrom/CombinatorialBenchmarksPBsolvers/domset/domset-fixedrows-r10-tiling/normalized-domset-hexgrid_10_007.fzn,4.46809,4.46809,1,0,0,0,1.22586,1.22586,0,0,0.0608306,0.0608306,0,286.129,286.129,70,70,1,4,4,1,141,0,2.01429,423,630,141,0,0,0,0,0,141,70,0,0,0,0,0,1,1,0,0,0,0,0,0,0,0,0,0,0,0,0,0,0,0,0,0,1,0,0,0,0,0,0,0,0,9,2,0.222222,0,0,0,0,0,0,0,70,221.895,70,9,2,0.222222,0,2,0.222222,140,78,70,3.11429,0.496454,630,140,15.5556
data/selected-PB25/PB24/normalized-PB24/DEC-LIN/nordstrom/CombinatorialBenchmarksPBsolvers/domset/larger/domset_large-tiling/normalized-domset-hexgrid_03_094.fzn,4.49204,4.49204,1,0,0,0,2.59613,2.59613,0,0,0.0187319,0.0187319,0,1136.14,1136.14,282,282,1,4,4,1,565,0,2.00355,1695,2538,565,0,0,0,0,0,565,282,0,0,0,0,0,1,1,0,0,0,0,0,0,0,0,0,0,0,0,0,0,0,0,0,0,1,0,0,0,0,0,0,0,0,9,2,0.222222,0,0,0,0,0,0,0,282,893.919,282,9,2,0.222222,0,2,0.222222,564,290,282,3.02837,0.499115,2538,564,62.6667
data/selected-PB25/PB24/normalized-PB24/DEC-LIN/nordstrom/CombinatorialBenchmarksPBsolvers/domset/larger/domset_large-tiling/normalized-domset-hexgrid_05_100.fzn,4.4955,4.4955,1,0,0,0,3.48181,3.48181,0,0,0.0113978,0.0113978,0,2008.97,2008.97,500,500,1,4,4,1,1001,0,2.002,3003,4500,1001,0,0,0,0,0,1001,500,0,0,0,0,0,1,1,0,0,0,0,0,0,0,0,0,0,0,0,0,0,0,0,0,0,1,0,0,0,0,0,0,0,0,9,2,0.222222,0,0,0,0,-1.77636e-15,-1.77636e-15,-1.77636e-15,500,1584.96,500,9,2,0.222222,0,2,0.222222,1000,508,500,3.016,0.4995,4500,1000,111.111
data/selected-PB25/PB24/normalized-PB24/DEC-LIN/nordstrom/CombinatorialBenchmarksPBsolvers/domset/larger/domset_large_shuffle/normalized-domset-hexgrid_03_084.shuf-1.fzn,4.98024,4.98024,1,0,0,0,3.12362,3.12362,0,0,0.0372444,0.0372444,0,511.977,511.977,252,252,1,4,4,1,253,0,1.00397,759,1260,253,0,0,0,0,0,253,252,0,0,0,0,0,1,1,0,0,0,0,0,0,0,0,0,0,0,0,0,0,0,0,0,0,1,0,0,0,0,0,0,0,0,5,2,0.4,0,0,0,0,0,0,0,252,585.126,252,5,2,0.4,0,2,0.4,504,316,252,3.25397,0.996047,1260,504,100.8
data/selected-PB25/PB24/normalized-PB24/DEC-LIN/nordstrom/CombinatorialBenchmarksPBsolvers/domset/larger/domset_large_shuffle/normalized-domset-hexgrid_05_110.shuf-2.fzn,4.99093,4.99093,1,0,0,0,4.65603,4.65603,0,0,0.0191421,0.0191421,0,1109.1,1109.1,550,550,1,4,4,1,551,0,1.00182,1653,2750,551,0,0,0,0,0,551,550,0,0,0,0,0,1,1,0,0,0,0,0,0,0,0,0,0,0,0,0,0,0,0,0,0,1,0,0,0,0,0,0,0,0,5,2,0.4,0,0,0,0,0,0,0,550,1277.06,550,5,2,0.4,0,2,0.4,1100,614,550,3.11636,0.998185,2750,1100,220
data/selected-PB25/PB24/normalized-PB24/DEC-LIN/nordstrom/CombinatorialBenchmarksPBsolvers/domset/larger/domset_large_fixedcols/normalized-domset-hexgrid-fixedcols_07_140.fzn,4.9949,4.9949,1,0,0,0,6.23532,6.23532,0,0,0.0116005,0.0116005,0,1969.94,1969.94,980,980,1,4,4,1,981,0,1.00102,2943,4900,981,0,0,0,0,0,981,980,0,0,0,0,0,1,1,0,0,0,0,0,0,0,0,0,0,0,0,0,0,0,0,0,0,1,0,0,0,0,0,0,0,0,5,2,0.4,0,0,0,0,0,0,0,980,2275.49,980,5,2,0.4,0,2,0.4,1960,984,980,3.00408,0.998981,4900,1960,392
data/selected-PB25/PB24/normalized-PB24/DEC-LIN/nordstrom/CombinatorialBenchmarksPBsolvers/domset/domset-fixedrows-r07_shuffle/normalized-domset-hexgrid_07_010.shuf-1.fzn,4.92958,4.92958,1,0,0,0,1.57132,1.57132,0,0,0.106792,0.106792,0,146.129,146.129,70,70,1,4,4,1,71,0,1.01429,213,350,71,0,0,0,0,0,71,70,0,0,0,0,0,1,1,0,0,0,0,0,0,0,0,0,0,0,0,0,0,0,0,0,0,1,0,0,0,0,0,0,0,0,5,2,0.4,0,0,0,0,0,0,0,70,162.535,70,5,2,0.4,0,2,0.4,140,134,70,3.91429,0.985915,350,140,28
data/selected-PB25/PB24/normalized-PB24/DEC-LIN/nordstrom/CombinatorialBenchmarksPBsolvers/domset/domset-stargrid-9-split/normalized-domset-stargod_09_009.fzn,9.80723,9.80723,1,0,0,0,0.809327,0.809327,0,0,0.187957,0.187957,0,264.706,264.706,82,82,1,3,3,1,83,0,1.0122,249,814,83,0,0,0,0,0,83,82,0,0,0,0,0,1,1,0,0,0,0,0,0,0,0,0,0,0,0,0,0,0,0,0,0,1,0,0,0,0,0,0,0,0,9.92683,2,0.203659,0,0,0,0,0.0950172,0,0.0950172,82,271.076,82,10,2,0.5,0,2,0.2,164,94,82,3.14634,0.987952,814,164,16.7
data/selected-PB25/PB24/normalized-PB24/DEC-LIN/nordstrom/CombinatorialBenchmarksPBsolvers/domset/domset-hubgraph-opb/normalized-domset-hubgraph_068.fzn,18.9304,18.9304,1,0,0,0,1.34055,1.34055,0,0,1.52942,1.52942,0,928.923,928.923,272,272,1,5,5,1,273,0,1.00368,819,5168,273,0,0,0,0,0,273,272,0,0,0,0,0,1,1,0,0,0,0,0,0,0,0,0,0,0,0,0,0,0,0,0,0,1,0,0,0,0,0,0,0,0,19,2,0.225926,1.06701,0,0,0,1.5,0,0,3876,968.778,272,54,2,0.333333,0,2,0.037037,4148,339,272,16.4963,0.996337,5168,544,61.4519
data/selected-PB25/PB24/normalized-PB24/DEC-LIN/nordstrom/MIPLIB01/dec/miplib3/normalized-p0201.0.u.fzn,15.8507,15.8507,1,0,0,0,1.43171,1.43171,0,0,2.65225,2.65225,0,446.693,446.693,201,201,1,3,3,1,134,0,0.666667,402,2124,134,0,0,0,0,0,134,201,0,0,0,0,0,1,1,0,0,0,0,0,0,0,0,0,0,0,0,0,0,0,0,0,0,1,0,0,0,0,0,0,0,0,10.5672,2,0.208738,0.267662,0,0,0,3.26469,0,0,1401,670.728,201,15,2,0.4,0,2,0.133333,1602,1035,201,13.1194,1.5,2124,402,41.9562
data/selected-PB25/PB24/normalized-PB24/DEC-LIN/nordstrom/MIPLIB01/dec/miplib3/normalized-seymour.0.u.fzn,7.18455,7.18455,1,0,0,0,2.53612,2.53612,0,0,3.59405,3.59405,0,12706.1,12706.1,1255,1255,1,2,2,1,4828,0,3.84701,14484,34687,4828,0,0,0,0,0,4828,1255,0,0,0,0,0,1,1,0,0,0,0,0,0,0,0,0,0,0,0,0,0,0,0,0,0,1,0,0,0,0,0,0,0,0,27.639,2,0.253418,1.1251,0,0,0,5.95399,0,0.717121,8306,4898.62,1255,274,2,1,0,2,0.00729927,9561,476,1255,7.99761,0.259942,34687,2510,318.04
data/selected-PB25/PB24/normalized-PB24/DEC-LIN/nordstrom/MIPLIB01/dec/miplib2017/normalized-cvs16r70-62.0.s.fzn,2.93748,2.93748,1,0,0,0,6.85943,6.85943,0,0,0.183615,0.183615,0,3556.2,3556.2,1120,1120,1,2,2,1,3279,0,1.55256,9837,9632,3279,0,0,0,0,0,3279,2112,0,0,0,0,0,1,1,0,0,0,0,0,0,0,0,0,0,0,0,0,0,0,0,0,0,1,0,0,0,0,0,0,0,0,4.56061,2,0.466631,0.219269,0,0,0,2.08925,0,0.998509,3232,4527.8,2112,10,2,0.666667,0,2,0.2,5344,1224,2112,3.10985,0.644099,9632,4224,985.524
data/selected-PB25/PB24/normalized-PB24/DEC-LIN/nordstrom/MIPLIB01/dec/miplib2017/normalized-chromaticindex32-8.0.s.fzn,3.99621,3.99621,1,0,0,0,0,0,0,0,0.03594,0.03594,0,4218.68,4218.68,4,4,1,3,3,1,2111,0,0.916233,6333,8436,2111,0,0,0,0,0,2111,2304,0,0,0,0,0,1,1,0,0,0,0,0,0,0,0,0,0,0,0,0,0,0,0,0,0,1,0,0,0,0,0,0,0,0,3.66146,2,0.665518,4.32696,0,0,0,0.0184225,0,0.0184225,0,3679.75,2304,384,2,0.666667,0,2,0.00520833,2304,22,2304,1.00955,1.09143,8436,4608,1533.35
data/selected-PB25/PB24/normalized-PB24/DEC-LIN/nordstrom/MIPLIB01/dec/miplib2017/normalized-stein45inf.0.d.fzn,3.25,3.25,1,0,0,0,0.973009,0.973009,0,0,0.0826313,0.0826313,0,533.436,533.436,45,45,1,2,2,1,332,0,7.37778,996,1079,332,0,0,0,0,0,332,45,0,0,0,0,0,1,1,0,0,0,0,0,0,0,0,0,0,0,0,0,0,0,0,0,0,1,0,0,0,0,0,0,0,0,23.9778,2,0.0834332,0,0,0,0,0.776828,0,0,45,206.254,45,25,2,0.0869565,0,2,0.08,90,95,45,4.11111,0.135542,1079,90,3.75449
data/selected-PB25/PB24/normalized-PB24/DEC-LIN/nordstrom/vliew-nonlinear-d139f28/inequalities/OPB/ineq6/normalized-31array_alg_ineq6.fzn,2.63967,2.63967,1,0,0,0,7.51012,7.51012,0,0,0.612778,0.612778,0,3696.14,3696.14,1023,1023,1,2,2,1,3383,0,2.07801,10149,8930,3383,0,0,0,0,0,3383,1628,0,0,0,0,0,1,1,0,0,0,0,0,0,0,0,0,0,0,0,0,0,0,0,0,0,1,0,0,0,0,0,0,0,0,5.48526,2,0.619886,2.45269,0,0,0,1.56092,0,0.299832,1147,2904.25,1628,92,2,1,0,2,0.0217391,2775,1706,1628,2.75246,0.48123,8930,3256,1009.17
data/selected-PB25/PB24/normalized-PB24/DEC-LIN/nordstrom/vliew-nonlinear-d139f28/inequalities/OPB/ineq6/normalized-20array_ineq6.fzn,3.06282,3.06282,1,0,0,0,0.652994,0.652994,0,0,1.62252,1.62252,0,3229.25,3229.25,79,79,1,2,2,1,2181,0,1.00507,6543,6680,2181,0,0,0,0,0,2181,2170,0,0,0,0,0,1,1,0,0,0,0,0,0,0,0,0,0,0,0,0,0,0,0,0,0,1,0,0,0,0,0,0,0,0,3.07834,2,0.874567,1.97599,0,0,0,1.27135,0,0.162813,0,2736.05,2170,60,2,1,0,2,0.0333333,2279,271,2170,1.17512,0.994956,6680,4340,1897.81
data/selected-PB25/PB24/normalized-PB24/DEC-LIN/nordstrom/vliew-nonlinear-d139f28/equalities/wallace_spec/normalized-28wallace_spec_greater_tvars.fzn,5.88362,5.88362,1,0,0,0,4.80729,4.80729,0,0,0.713956,0.713956,0,2015.18,2015.18,840,840,1,3,3,1,885,0,0.339601,2655,5207,885,0,0,0,0,0,885,2606,0,0,0,0,0,1,1,0,0,0,0,0,0,0,0,0,0,0,0,0,0,0,0,0,0,1,0,0,0,0,0,0,0,0,1.99808,2,1.00192,0,0,0,0,0.0200825,0,0.0200825,952,2601,2606,2,2,2,0,2,1,4467,1017,2606,2.10437,2.94463,5207,5212,2611
data/selected-PB25/PB24/normalized-PB24/DEC-LIN/nordstrom/vliew-nonlinear-d139f28/equalities/diag_spec/normalized-22diag_spec_greater.fzn,3.28392,3.28392,1,0,0,0,3.70457,3.70457,0,0,1.57189,1.57189,0,2816.27,2816.27,528,528,1,2,2,1,1916,0,1.28075,5748,6292,1916,0,0,0,0,0,1916,1496,0,0,0,0,0,1,1,0,0,0,0,0,0,0,0,0,0,0,0,0,0,0,0,0,0,1,0,0,0,0,0,0,0,0,4.20588,2,0.777807,1.66434,0,0,0,1.08272,0,0.936667,616,2332.03,1496,44,2,1,0,2,0.0454545,2178,630,1496,1.87701,0.780793,6292,2992,1163.6
data/selected-PB25/PB24/normalized-PB24/DEC-LIN/nordstrom/vliew-nonlinear-d139f28/equalities/diag_spec/normalized-24diag_spec_greater.fzn,3.28133,3.28133,1,0,0,0,4.01998,4.01998,0,0,1.56664,1.56664,0,3354.79,3354.79,624,624,1,2,2,1,2282,0,1.28491,6846,7488,2282,0,0,0,0,0,2282,1776,0,0,0,0,0,1,1,0,0,0,0,0,0,0,0,0,0,0,0,0,0,0,0,0,0,1,0,0,0,0,0,0,0,0,4.21622,2,0.779505,1.75897,0,0,0,1.07273,0,0.935269,720,2757.51,1776,48,2,1,0,2,0.0416667,2568,744,1776,1.86486,0.778265,7488,3552,1384.4
data/selected-PB25/PB24/normalized-PB24/DEC-LIN/nordstrom/vliew-nonlinear-d139f28/equalities/array_comm/arraycomm_teq/normalized-22arraycomm_teq_less.fzn,2.9872,2.9872,1,0,0,0,0.579824,0.579824,0,0,1.56371,1.56371,0,5607.97,5607.97,86,86,1,2,2,1,3829,0,1.61153,11487,11438,3829,0,0,0,0,0,3829,2376,0,0,0,0,0,1,1,0,0,0,0,0,0,0,0,0,0,0,0,0,0,0,0,0,0,1,0,0,0,0,0,0,0,0,4.81397,2,0.82916,2.42251,0,0,0,0.860524,0,0.764205,86,3583.8,2376,88,2,1,0,2,0.0227273,3078,114,2376,1.34343,0.620528,11438,4752,1970.08
data/selected-PB25/PB24/normalized-PB24/DEC-LIN/nordstrom/vliew-nonlinear-d139f28/equalities/array_comm/arraycomm_teq/normalized-20arraycomm_teq_less.fzn,2.98576,2.98576,1,0,0,0,0.580103,0.580103,0,0,1.5685,1.5685,1.77636e-15,4626.04,4626.04,78,78,1,2,2,1,3161,0,1.61276,9483,9438,3161,0,0,0,0,0,3161,1960,0,0,0,0,0,1,1,0,0,0,0,0,0,0,0,0,0,0,0,0,0,0,0,0,0,1,0,0,0,0,0,0,0,0,4.81531,2,0.827083,2.30318,0,0,0,0.872089,0,0.768281,78,2972.46,1960,80,2,1,0,2,0.025,2558,106,1960,1.35918,0.620057,9438,3920,1621.08
data/selected-PB25/PB24/normalized-PB24/DEC-LIN/nordstrom/vliew-nonlinear-d139f28/equalities/array_comm/arraycomm/normalized-17arraycomm_less.fzn,2.98376,2.98376,1,0,0,0,0.580492,0.580492,0,0,1.57743,1.57743,0,3330.38,3330.38,68,68,1,2,2,1,2279,0,1.34059,6837,6800,2279,0,0,0,0,0,2279,1700,0,0,0,0,0,1,1,0,0,0,0,0,0,0,0,0,0,0,0,0,0,0,0,0,0,1,0,0,0,0,0,0,0,0,4,2,0.810588,2.29129,0,0,0,1.05412,0,0.141441,68,2450.97,1700,68,2,1,0,2,0.0294118,1870,92,1700,1.15412,0.745941,6800,3400,1378
data/selected-PB25/PB24/normalized-PB24/DEC-LIN/nordstrom/vliew-nonlinear-d139f28/equalities/diag_comm/normalized-27diagcomm_less_teq.fzn,2.98979,2.98979,1,0,0,0,0.579322,0.579322,0,0,1.55443,1.55443,1.77636e-15,8476.21,8476.21,106,106,1,2,2,1,5779,0,1.6093,17337,17278,5779,0,0,0,0,0,5779,3591,0,0,0,0,0,1,1,0,0,0,0,0,0,0,0,0,0,0,0,0,0,0,0,0,0,1,0,0,0,0,0,0,0,0,4.81147,2,0.833008,2.69387,0,0,0,0.838575,0,0.756582,106,5359.35,3591,108,2,1,0,2,0.0185185,4588,130,3591,1.31384,0.621388,17278,7182,2991.33
data/selected-PB25/PB24/normalized-PB24/DEC-LIN/nordstrom/vliew-nonlinear-d139f28/equalities/array_diag/normalized-26array_diag_greater.fzn,3.38901,3.38901,1,0,0,0,0.590144,0.590144,0,0,1.6229,1.6229,0,5431.87,5431.87,102,102,1,2,2,1,3329,0,1.0003,9987,11282,3329,0,0,0,0,0,3329,3328,0,0,0,0,0,1,1,0,0,0,0,0,0,0,0,0,0,0,0,0,0,0,0,0,0,1,0,0,0,0,0,0,0,0,3.39002,2,0.863181,1.8184,0,0,0,0.842343,-1.77636e-15,0.757326,102,4465.31,3328,52,2,1,0,2,0.0384615,3586,130,3328,1.11659,0.9997,11282,6656,2872.67
data/selected-PB25/PB24/normalized-PB24/DEC-LIN/nordstrom/vliew-nonlinear-d139f28/equalities/array_diag/normalized-31array_diag_less.fzn,3.39102,3.39102,1,0,0,0,0.589793,0.589793,0,0,1.60958,1.60958,0,7750.91,7750.91,122,122,1,2,2,1,4744,0,1.00021,14232,16087,4744,0,0,0,0,0,4744,4743,0,0,0,0,0,1,1,0,0,0,0,0,0,0,0,0,0,0,0,0,0,0,0,0,0,1,0,0,0,0,0,0,0,0,3.39174,2,0.865837,1.99966,0,0,0,0.825749,0,0.751819,122,6319.8,4743,62,2,1,0,2,0.0322581,5051,150,4743,1.09656,0.999789,16087,9486,4106.67
data/selected-PB25/PB24/normalized-PB24/DEC-LIN/nordstrom/composed_pebbling_php_pyramid/dec/normalized-composed_pebbling_php_pyramid_height5_pigeons4_holes3.fzn,5.56432,5.56432,1,0,0,0,0.359433,0.359433,0,0,2.24849,2.24849,0,570.379,570.379,8,8,1,3,3,1,241,0,0.819728,723,1341,241,0,0,0,0,0,241,294,0,0,0,0,0,1,1,0,0,0,0,0,0,0,0,0,0,0,0,0,0,0,0,0,0,1,0,0,0,0,0,0,0,0,4.56122,2,0.689099,0.790479,0,0,0,1.95224,0,0.992476,0,533.075,294,16,2,1,0,2,0.125,294,42,294,1.14286,1.21992,1341,588,202.595
data/selected-PB25/PB24/normalized-PB24/DEC-LIN/nordstrom/composed_pebbling_php_pyramid/dec/normalized-composed_pebbling_php_pyramid_height10_pigeons9_holes8.fzn,9.71909,9.71909,1,0,0,0,0.178211,0.178211,0,0,1.9944,1.9944,0,4738.87,4738.87,13,13,1,8,8,1,1456,0,0.298116,4368,14151,1456,0,0,0,0,0,1456,4884,0,0,0,0,0,1,1,0,0,0,0,0,0,0,0,0,0,0,0,0,0,0,0,0,0,1,0,0,0,0,0,0,0,0,2.89742,2,0.866971,0.771744,0,0,0,0.976888,0,0.73611,5621,6454.29,4884,16,2,1,0,2,0.125,10505,124,4884,2.17629,3.3544,14151,9768,4234.29
data/selected-PB25/PB24/normalized-PB24/OPT-LIN/pettersson/StableMatchings/KidneyTransplantBenchmarks/normalized-KE_120_003.fzn,22.4167,22.6182,1.00048,0,0,0,2.46203,2.50492,0,0,4.39335,4.39335,0,234.751,234.8,423,437.511,1.0343,2,2,1,72,0,0.170213,216,1628.51,72.0343,0,0,0,0,0,72,423,0,0,0,0,0,1,1,0,0,0,0,0,0,0,0,1,0.262082,0.0138889,0,46686,415.489,46686,20.5426,0,0,2,0,0,0,0,0,0,0,0,3.8156,112.364,110.898,0,20.177,20.4445,1,0.710326,0.0240319,0.0240319,1424,812.702,437.511,4,46686,46686,0,2,0.5,1846,830,423,6.32624,5.875,1614,47530,46909.7
data/selected-PB25/PB24/normalized-PB24/OPT-LIN/pettersson/StableMatchings/KidneyTransplantBenchmarks/normalized-KE_60_004.fzn,16.1429,16.5808,1.00362,0,0,0,1.70213,1.76041,0,0,3.72647,3.72647,0,84.1224,84.2617,121,133.263,1.10135,2,2,1,28,0,0.231405,84,464.263,28.1013,0,0,0,0,0,28,121,0,0,0,0,0,1,1,0,0,0,0,0,0,0,0,1,0.267699,0.0357143,0,9829,118.116,9829,10.9545,0,0,2,0,0,0,0,0,0,0,0,3.73554,83.2149,81.7672,0,10.6912,10.8821,1,0.860262,0.0690544,0.0690544,343,227.964,133.263,4,9829,9829,0,2,0.5,463,249,121,5.8843,4.32143,452,10069,9893.83
data/selected-PB25/PB24/normalized-PB24/OPT-LIN/nordstrom/MIPLIB01/opt/miplib2/normalized-lp4l.fzn,67.0233,67.2162,1.00018,0,0,0,2.36371,2.37545,0,0,5.49442,5.49442,0,462.383,462.405,1087,1103.59,1.01526,4,4,1,86,0,0.0791168,258,5780.59,86.0153,0,0,0,0,0,86,1087,0,0,0,0,0,1,1,0,0,0,0,0,0,0,0,1,0.188584,0.0116279,0,197192,1075.16,197192,32.9545,0,0,2,0,0,0,0,0,0,0,0,5.30267,183.408,181.79,0,32.5952,32.8854,1,1.20499,0.0106055,0.291637,4673,2605.93,1103.59,6,197192,197192,0,2,0.333333,5759,3355,1087,8.38454,12.6395,5764,199364,197606
data/selected-PB25/PB24/normalized-PB24/OPT-LIN/nordstrom/MIPLIB01/opt/miplib2017/normalized-sorrell8.fzn,2.10794,2.10847,1,0,0,0,7.03643,7.06657,0,0,0.000826191,0.000826191,0,18955,18955,2047,2057,1.00488,2,2,1,18945,0,9.25501,56835,39945,18945,0,0,0,0,0,18945,2047,0,0,0,0,0,1,1,0,0,0,0,0,0,0,0,1,0.0512583,5.27844e-05,-2.45158,2047,682.556,2047,45.2328,0,0,2,0,0,0,0,0,0,0,0,19.509,2.99902,1.12476,0.386992,15.0677,40.2055,1,4.73372,0.00607799,0.0980896,0,8515.44,2057,47,2047,2047,0,2,0.0425532,2046,6,2047,1.00244,0.10805,39935,6139,2302.39
data/selected-PB25/PB24/normalized-PB24/OPT-LIN/nordstrom/MIPLIB01/opt/miplib2017/normalized-2club200v15p5scn.fzn,6.17209,6.17248,1,0,0,0,0.396865,0.39684,0,0,3.00719,3.00719,0,43281.9,43281.9,201,207.651,1.03309,2,2,1,17014,0,84.6468,51042,105019,17014,0,0,0,0,0,17014,201,0,0,0,0,0,1,1,0,0,0,0,0,0,0,0,1,0.00191407,5.87751e-05,-4.3945,201,67.223,201,14.1436,0,0,2,0,0,0,0,0,0,0,0,522.448,2.99005,1.00396,0.227122,4.6822,14.0511,1,7.21061,0.0452246,0.0452246,4713,1800.82,207.651,985,201,201,0,2,0.00203046,4913,4622,201,47.4378,0.0118138,105012,601,201.796
data/selected-PB25/PB24/normalized-PB24/OPT-LIN/nordstrom/MIPLIB01/opt/miplib2010/normalized-opm2-z7-s2.fzn,2.57115,2.57167,1,0,0,0,13.2008,13.2096,0,0,0.00409079,0.00409079,0,31888.8,31888.8,2023,2023,1.0082,2,2,1,31799,0,15.711,95397,81776.4,31799,0,0,0,0,0,31799,2024,0,0,0,0,0,1,1,0,0,0,0,0,0,0,0,1,0.0247554,3.14475e-05,-4.06331,170609,1977.11,170609,44.9778,0,0,2,0,0,0,0,0,0,0,0,40.3953,86.292,84.3459,0.240012,43.9353,44.9495,1,2.05806,0.006139,0.006139,6067,10702.4,2040.38,50,170609,170609,0,2,0.04,8090,16192,2024,11.997,0.0636498,81760,174655,170716
data/selected-PB25/PB24/normalized-PB24/OPT-LIN/nordstrom/MIPLIB01/opt/miplib2010/normalized-ns1769397.fzn,21.2458,21.2474,1.00004,0,0,0,3.19994,3.19971,0,0,2.64951,2.65026,0,14336.1,14336.4,470,470,1.21523,2,2,1,5525,0,1.46552,16575,117392,5525.22,0,0,0,0,0,5525,3770,0,0,0,0,0,1,1,0,0,0,0,0,0,0,0,1,0.0321171,0.000180995,-1.37409,781,353.933,781,61.569,0,0,2,0,0,0,0,0,0,0,0,31.1361,2.20663,0.2963,0.704383,5.73232,42.8234,1,5.64653,0.00353391,0.0206213,93648,17823.3,3778.61,521,781,781,0,2,0.00383877,97417,30524,3770,33.9366,0.682353,117383,8319,1117.05
data/selected-PB25/PB24/normalized-PB24/OPT-LIN/nordstrom/CoreGuidedPB/maxcut/maxcut_opt_complete_5-partite_inlv/normalized-maxcut_opt_complete_5-partite_inlv_nvert_20.fzn,3.03464,3.03603,1.00001,0,0,0,0.736847,0.736511,0,0,0.00298129,0.00298129,0,7234.76,7234.82,161,167.331,1.03932,3,3,1,4561,0,23.8796,13683,13847.3,4561.04,0,0,0,0,0,4561,191,0,0,0,0,0,1,1,0,0,0,0,0,0,0,0,1,0.0137996,0.00021925,-13.7536,161,56.841,161,13.8192,0,0,2,0,0,0,0,0,0,0,0,72.466,2.83246,0.870246,0.0717047,4.04084,13.3018,1,0.673161,0.047206,0.047206,0,1175.47,197.331,73,161,161,0,2,0.0273973,190,9,191,1.04188,0.0418768,13841,541,166.217
data/selected-PB25/PB24/normalized-PB24/OPT-LIN/nordstrom/CoreGuidedPB/maxcut/maxcut_opt_complete_5-partite_inlv/normalized-maxcut_opt_complete_5-partite_inlv_nvert_25.fzn,3.02695,3.02771,1,0,0,0,0.809226,0.873845,0,0,0.00158789,0.00158789,0,14589.6,14589.7,251,257.972,1.02778,3,3,1,9201,0,30.5681,27603,27858,9201.03,0,0,0,0,0,9201,301,0,0,0,0,0,1,1,0,0,0,0,0,0,0,0,1,0.0108075,0.000108684,-17.2972,251,88.7791,251,17.3331,0,0,2,0,0,0,0,0,0,0,0,92.5282,2.82724,0.85536,0.057188,5.06424,16.861,1,0.680002,0.0321393,0.0321393,0,1960.97,307.972,93,251,251,0,2,0.0215054,300,9,301,1.02658,0.0327138,27851,851,257.463
data/selected-PB25/PB24/normalized-PB24/OPT-LIN/nordstrom/CoreGuidedPB/maxcut/maxcut_opt_complete_5-partite_inlv/normalized-maxcut_opt_complete_5-partite_inlv_nvert_50.fzn,3.01273,3.01284,1,0,0,0,1.14982,1.14978,0,0,0.000225779,0.000225779,0,124271,124271,1001,1009.97,1.00896,3,3,1,78401,0,63.9486,235203,236210,78401,0,0,0,0,0,78401,1226,0,0,0,0,0,1,1,0,0,0,0,0,0,0,0,1,0.00519049,1.27549e-05,-34.9921,1001,355.615,1001,35.0079,0,0,2,0,0,0,0,0,0,0,0,192.66,2.81485,0.82684,0.0284295,10.1296,34.548,1,0.697031,0.00954474,0.00954474,0,9299.07,1234.97,193,1001,1001,0,2,0.0103627,1225,12,1226,1.00897,0.0156376,236201,3451,1013.71
data/selected-PB25/PB24/normalized-PB24/OPT-LIN/nordstrom/CoreGuidedPB/maxcut/maxcut_opt_complete_6-partite_inlv/normalized-maxcut_opt_complete_6-partite_inlv_nvert_18.fzn,3.04074,3.0426,1.00001,0,0,0,0.735371,0.73492,0,0,0.00401695,0.00401695,-1.77636e-15,5180.41,5180.47,136,142.087,1.04476,3,3,1,3265,0,21.2013,9795,9934.09,3265.04,0,0,0,0,0,3265,154,0,0,0,0,0,1,1,0,0,0,0,0,0,0,0,1,0.0155117,0.000306279,-12.447,136,47.3846,136,12.4144,0,0,2,0,0,0,0,0,0,0,0,64.4675,2.87013,0.913743,0.0790944,3.73635,11.9385,1,0.575691,0.0565246,0.0565246,0,921.02,160.087,65,136,136,0,2,0.0307692,153,9,154,1.05195,0.0471669,9928,442,140.716
data/selected-PB25/PB24/normalized-PB24/OPT-LIN/nordstrom/CoreGuidedPB/maxcut/maxcut_opt_complete_6-partite_inlv/normalized-maxcut_opt_complete_6-partite_inlv_nvert_84.fzn,3.00771,3.00774,1,0,0,0,1.55946,1.55945,0,0,5.2429e-05,5.2429e-05,0,604098,604098,2941,2951.52,1.00358,3,3,1,381137,0,109.302,1.14341e+06,1.14636e+06,381137,0,0,0,0,0,381137,3487,0,0,0,0,0,1,1,0,0,0,0,0,0,0,0,1,0.00304183,2.62373e-06,-59.8386,2941,1034.53,2941,59.0473,0,0,2,0,0,0,0,0,0,0,0,328.749,2.84284,0.849499,0.0166608,17.5034,58.6105,1,0.629787,0.00378843,0.00378843,0,29147.3,3497.52,329,2941,2941,0,2,0.00607903,3486,12,3487,1.00315,0.00914894,1.14635e+06,9913,2962.2
data/selected-PB25/PB24/normalized-PB24/OPT-LIN/nordstrom/CoreGuidedPB/maxcut/maxcut_opt_complete_6-partite_inlv/normalized-maxcut_opt_complete_6-partite_inlv_nvert_69.fzn,3.00945,3.0095,1,0,0,0,1.40977,1.40975,0,0,9.12305e-05,9.12305e-05,0,332181,332181,1984,1993.95,1.00502,3,3,1,209577,0,89.2957,628731,630722,209577,0,0,0,0,0,209577,2347,0,0,0,0,0,1,1,0,0,0,0,0,0,0,0,1,0.00372119,4.77152e-06,-48.8808,1984,697.491,1984,48.4363,0,0,2,0,0,0,0,0,0,0,0,268.731,2.84448,0.852771,0.0203818,14.3795,48.007,1,0.626676,0.00538517,0.00538517,0,18933.7,2356.95,269,1984,1984,0,2,0.00743494,2346,12,2347,1.00469,0.0111987,630712,6676,2001.45
data/selected-PB25/PB24/normalized-PB24/OPT-LIN/nordstrom/CoreGuidedPB/maxcut/maxcut_opt_complete_6-partite_inlv/normalized-maxcut_opt_complete_6-partite_inlv_nvert_87.fzn,3.00743,3.00746,1,0,0,0,1.59466,1.59465,0,0,4.74935e-05,4.74935e-05,0,672004,672004,3154,3164.62,1.00337,3,3,1,423981,0,113.303,1.27194e+06,1.2751e+06,423981,0,0,0,0,0,423981,3742,0,0,0,0,0,1,1,0,0,0,0,0,0,0,0,1,0.00293469,2.3586e-06,-62.0299,3154,1109.65,3154,61.1674,0,0,2,0,0,0,0,0,0,0,0,340.752,2.84233,0.848731,0.0160739,18.1249,60.7331,1,0.630903,0.00355748,0.00355748,0,31472.9,3752.62,341,3154,3154,0,2,0.0058651,3741,12,3742,1.00294,0.00882587,1.27509e+06,10636,3175.95
data/selected-PB25/PB24/normalized-PB24/OPT-LIN/nordstrom/CoreGuidedPB/maxcut/maxcut_opt_complete_5-partite_block/normalized-maxcut_opt_complete_5-partite_block_nvert_90.fzn,3.00689,3.00691,1,0,0,0,1.55989,1.55988,0,0,4.31663e-05,4.31663e-05,0,744817,744817,3241,3251.66,1.00329,3,3,1,469921,0,117.304,1.40976e+06,1.41301e+06,469921,0,0,0,0,0,469921,4006,0,0,0,0,0,1,1,0,0,0,0,0,0,0,0,1,0.0028351,2.12802e-06,-63.171,3241,1153.98,3241,63.2875,0,0,2,0,0,0,0,0,0,0,0,352.721,2.80854,0.814704,0.0157852,18.2182,62.8396,1,0.706754,0.00334759,0.00334759,0,33893.3,4016.66,353,3241,3241,0,2,0.00566572,4005,12,4006,1.00275,0.00852484,1.413e+06,11251,3263.7
data/selected-PB25/PB24/normalized-PB24/OPT-LIN/nordstrom/CoreGuidedPB/maxcut/maxcut_opt_complete_5-partite_block/normalized-maxcut_opt_complete_5-partite_block_nvert_12.fzn,3.06243,3.06794,1.0001,0,0,0,0.565581,0.651903,0,0,0.0127411,0.0127411,0,1400.62,1400.74,58,62.858,1.08376,3,3,1,881,0,13.1493,2643,2702.86,881.084,0,0,0,0,0,881,67,0,0,0,0,0,1,1,0,0,0,0,0,0,0,0,1,0.0248332,0.00113507,-8.18808,58,20.4526,58,8.13351,0,0,2,0,0,0,0,0,0,0,0,40.2687,2.83582,0.913888,0.119096,2.39166,7.65958,1,0.677969,0.11191,0.11191,0,353.278,71.858,41,58,58,0,2,0.0487805,66,6,67,1.07463,0.0760499,2698,190,61.2305
data/selected-PB25/PB24/normalized-PB24/OPT-LIN/nordstrom/CoreGuidedPB/maxcut/maxcut_opt_complete_5-partite_block/normalized-maxcut_opt_complete_5-partite_block_nvert_47.fzn,3.01358,3.01372,1,0,0,0,1.10056,1.14944,0,0,0.000268694,0.000268694,0,102810,102810,884,892.788,1.00994,3,3,1,64861,0,59.9455,194583,195473,64861,0,0,0,0,0,64861,1082,0,0,0,0,0,1,1,0,0,0,0,0,0,0,0,1,0.00553555,1.54176e-05,-32.7996,884,314.014,884,32.8855,0,0,2,0,0,0,0,0,0,0,0,180.651,2.81516,0.828056,0.0303194,9.5183,32.4271,1,0.696963,0.0106483,0.0106483,0,8105.75,1090.79,181,884,884,0,2,0.0110497,1081,12,1082,1.01017,0.0166818,195464,3046,895.957
data/selected-PB25/PB24/normalized-PB24/OPT-LIN/nordstrom/CoreGuidedPB/evencolouring/linear/normalized-evencolouring_opt_linear_random6regular_nvert_021.fzn,7.68182,7.99354,1.01417,0,0,0,0.390533,0.559468,0,0,0.266765,0.266765,0,63.4139,63.8054,22,28.858,1.31173,7,7,1,22,0,0.258824,66,175.858,22.3117,0,0,0,0,0,22,85,0,0,0,0,0,1,1,0,0,0,0,0,0,0,0,1,0.502959,0.0454545,0,232,49.3,232,9.16538,0,0,2,0,0,0,0,0,0,0,0,1.98824,4.70588,3.71765,0,5.26983,6.69773,1,0.0922772,0.0922772,0.0922772,21,84,91.858,2,232,232,0,2,1,105,7,85,1.31765,3.86364,169,400,316
data/selected-PB25/PB24/normalized-PB24/OPT-LIN/nordstrom/CoreGuidedPB/evencolouring/linear/normalized-evencolouring_opt_linear_random6regular_nvert_071.fzn,7.90278,8.04611,1.00199,0,0,0,0.955339,1.09058,0,0,0.105591,0.105591,0,205.492,205.685,72,82.3202,1.14334,7,7,1,72,0,0.252632,216,579.32,72.1433,0,0,0,0,0,72,285,0,0,0,0,0,1,1,0,0,0,0,0,0,0,0,1,0.500879,0.0138889,0,2557,233.198,2557,16.8527,0,0,2,0,0,0,0,0,0,0,0,1.99649,10.9649,9.96842,0,13.7781,15.1614,1,0.0336666,0.0336666,0.0336666,71,284,295.32,2,2557,2557,0,2,1,355,7,285,1.27018,3.95833,569,3125,2841
data/selected-PB25/PB24/normalized-PB24/OPT-LIN/nordstrom/CoreGuidedPB/evencolouring/linear/normalized-evencolouring_opt_linear_random6regular_nvert_101.fzn,7.93137,8.04246,1.00109,0,0,0,1.17601,1.29815,0,0,0.0794904,0.0794904,0,290.215,290.367,102,113.331,1.11109,7,7,1,102,0,0.251852,306,820.331,102.111,0,0,0,0,0,102,405,0,0,0,0,0,1,1,0,0,0,0,0,0,0,0,1,0.500618,0.00980392,0,5152,350.094,5152,20.0999,0,0,2,0,0,0,0,0,0,0,0,1.99753,14.716,13.7185,0,17.3679,18.6345,1,0.0249449,0.0249449,0.0249449,101,404,416.331,2,5152,5152,0,2,1,505,7,405,1.2642,3.97059,809,5960,5556
data/selected-PB25/PB24/normalized-PB24/OPT-LIN/nordstrom/CoreGuidedPB/evencolouring/unit/normalized-evencolouring_opt_unit_random6regular_nvert_451.fzn,7.98451,8.00181,1.00004,0,0,0,2.61814,2.65693,0,0,0.0227019,0.0227019,0,1274.94,1274.96,452,459.82,1.0173,7,7,1,452,0,0.250416,1356,3616.82,452.017,0,0,0,0,0,452,1805,0,0,0,0,0,1,1,0,0,0,0,0,0,0,0,1,0.500139,0.00221239,0,452,200.951,452,42.4974,0,0,2,0,0,0,0,0,0,0,0,1.99945,2.24931,1.24986,0,4.70501,8.46734,1,0.00679229,0.00679229,0.00679229,451,1804,1812.82,2,452,452,0,2,1,2255,7,1805,1.25319,3.99336,3609,4060,2256
data/selected-PB25/PB24/normalized-PB24/OPT-LIN/nordstrom/CoreGuidedPB/evencolouring/unit/normalized-evencolouring_opt_unit_random6regular_nvert_091.fzn,7.92391,7.98395,1.00065,0,0,0,1.1074,1.17496,0,0,0.0865042,0.0865042,0,261.993,262.077,92,97.5236,1.06004,7,7,1,92,0,0.252055,276,734.524,92.06,0,0,0,0,0,92,365,0,0,0,0,0,1,1,0,0,0,0,0,0,0,0,1,0.500686,0.0108696,0,92,40.9512,92,19.1355,0,0,2,0,0,0,0,0,0,0,0,1.99726,2.24658,1.24932,0,2.08781,3.75439,1,0.027267,0.027267,0.027267,91,364,370.524,2,92,92,0,2,1,455,7,365,1.26575,3.96739,729,820,456
data/selected-PB25/PB24/normalized-PB24/OPT-LIN/nordstrom/CoreGuidedPB/evencolouring/unit/normalized-evencolouring_opt_unit_random6regular_nvert_111.fzn,7.9375,7.98935,1.00046,0,0,0,1.2408,1.30077,0,0,0.0736035,0.0736035,0,318.424,318.497,112,117.807,1.05185,7,7,1,112,0,0.251685,336,894.807,112.052,0,0,0,0,0,112,445,0,0,0,0,0,1,1,0,0,0,0,0,0,0,0,1,0.500562,0.00892857,0,112,49.84,112,21.1219,0,0,2,0,0,0,0,0,0,0,0,1.99775,2.24719,1.24944,0,2.31229,4.15879,1,0.0230084,0.0230084,0.0230084,111,444,450.807,2,112,112,0,2,1,555,7,445,1.26292,3.97321,889,1000,556
data/selected-PB25/PB24/normalized-PB24/OPT-LIN/nordstrom/CoreGuidedPB/evencolouring/unit/normalized-evencolouring_opt_unit_random6regular_nvert_501.fzn,7.98606,8.00194,1.00003,0,0,0,2.76333,2.79999,0,0,0.0207426,0.0207426,0,1415.46,1415.48,502,509.972,1.01588,7,7,1,502,0,0.250374,1506,4016.97,502.016,0,0,0,0,0,502,2005,0,0,0,0,0,1,1,0,0,0,0,0,0,0,0,1,0.500125,0.00199203,0,502,223.173,502,44.8789,0,0,2,0,0,0,0,0,0,0,0,1.9995,2.24938,1.24988,0,4.9505,8.94516,1,0.00619038,0.00619038,0.00619038,501,2004,2012.97,2,502,502,0,2,1,2505,7,2005,1.25287,3.99402,4009,4510,2506
data/selected-PB25/PB24/normalized-PB24/OPT-LIN/nordstrom/CoreGuidedPB/evencolouring/unit/normalized-evencolouring_opt_unit_random6regular_nvert_351.fzn,7.98011,8.00131,1.00006,0,0,0,2.30041,2.34149,0,0,0.0281252,0.0281252,0,993.841,993.871,352,359.459,1.02119,7,7,1,352,0,0.250534,1056,2816.46,352.021,0,0,0,0,0,352,1405,0,0,0,0,0,1,1,0,0,0,0,0,0,0,0,1,0.500178,0.00284091,0,352,156.506,352,37.4972,0,0,2,0,0,0,0,0,0,0,0,1.99929,2.24911,1.24982,0,4.14714,7.46297,1,0.00846871,0.00846871,0.00846871,351,1404,1412.46,2,352,352,0,2,1,1755,7,1405,1.25409,3.99148,2809,3160,1756
data/selected-PB25/PB24/normalized-PB24/OPT-LIN/nordstrom/CoreGuidedPB/evencolouring/unit/normalized-evencolouring_opt_unit_random6regular_nvert_401.fzn,7.98259,8.00162,1.00005,0,0,0,2.4644,2.50573,0,0,0.0251044,0.0251044,0,1134.4,1134.43,402,409.651,1.01903,7,7,1,402,0,0.250467,1206,3216.65,402.019,0,0,0,0,0,402,1605,0,0,0,0,0,1,1,0,0,0,0,0,0,0,0,1,0.500156,0.00248756,0,402,178.729,402,40.1765,0,0,2,0,0,0,0,0,0,0,0,1.99938,2.24922,1.24984,0,4.4237,8.001,1,0.00753309,0.00753309,0.00753309,401,1604,1612.65,2,402,402,0,2,1,2005,7,1605,1.25358,3.99254,3209,3610,2006
data/selected-PB25/PB24/normalized-PB24/OPT-LIN/nordstrom/CoreGuidedPB/evencolouring/unit/normalized-evencolouring_opt_unit_random6regular_nvert_031.fzn,7.78125,7.90625,1.00391,0,0,0,0.545239,0.632411,0,0,0.200622,0.200622,0,92.028,92.1979,32,36,1.125,7,7,1,32,0,0.256,96,253,32.125,0,0,0,0,0,32,125,0,0,0,0,0,1,1,0,0,0,0,0,0,0,0,1,0.502008,0.03125,0,32,14.2857,32,11.2482,0,0,2,0,0,0,0,0,0,0,0,1.992,2.24,1.248,0,1.18114,2.11999,1,0.0672215,0.0672215,0.0672215,31,124,129,2,32,32,0,2,1,155,7,125,1.296,3.90625,249,280,156
data/selected-PB25/PB24/normalized-PB24/OPT-LIN/nordstrom/CoreGuidedPB/multverif/diagcomm_less/normalized-mult_diagcomm_opt_less_teq_nbits_04.fzn,2.90083,2.96692,1.00441,0,0,0,0.487521,0.6741,0,0,1.69572,1.69572,0.0690544,171.777,172.393,15,22.9972,1.53315,2,2,1,121,0,1.65753,363,358.997,121.533,0,0,0,0,0,121,73,0,0,0,0,0,1,1,0,0,0,0,0,0,0,0,1,0.207977,0.00826446,-0.831022,511,56.9511,511,8.48581,0,0,2,0,0,0,0,0,0,0,0,4.80822,8.9726,7.72717,0.953071,6.59349,7.67478,1,1.38597,0.104419,1.01014,0,127.585,80.9972,16,511,511,0,2,0.125,112,14,73,1.72603,0.603306,351,655,564.083
data/selected-PB25/PB24/normalized-PB24/OPT-LIN/nordstrom/CoreGuidedPB/multverif/diagcomm_less/normalized-mult_diagcomm_opt_less_teq_nbits_08.fzn,2.95976,2.99195,1.00104,0,0,0,0.477814,0.747361,0,0,1.63284,1.63284,0.0209222,718.734,719.335,31,47,1.51613,2,2,1,497,0,1.62951,1491,1487,497.516,0,0,0,0,0,497,305,0,0,0,0,0,1,1,0,0,0,0,0,0,0,0,1,0.207342,0.00201207,-0.563663,131071,303.592,131071,17.4356,0,0,2,0,0,0,0,0,0,0,0,4.82295,431.734,430.531,1.40626,17.3548,17.4035,1,1.07425,0.0317803,0.860529,0,495.585,321,32,131071,131071,0,2,0.0625,416,14,305,1.40984,0.613682,1471,131679,131312
data/selected-PB25/PB24/normalized-PB24/OPT-LIN/nordstrom/CoreGuidedPB/multverif/diagcomm_less/normalized-mult_diagcomm_opt_less_teq_nbits_17.fzn,2.98333,0,0,0,0,0,0.580577,0,0,0,1.57743,1.57234,0,3330.36,3324.29,67,5,1,2,2,1,2279,0,1.61402,6837,0,0,0,0,0,0,0,2279,1412,0,0,0,0,0,1,1,0,0,0,0,0,0,0,0,1,0.207678,0.000438789,-0.374107,-1,-0.500532,-1,0,0,0,2,0,0,0,0,0,0,0,0,4.81516,1.99788,0.821766,2.1179,0,0,1,0.901859,0.0084318,0.783998,0,2161.56,0,68,2,1,0,-1,-1,1802,24,1412,1.2932,0.61957,6799,2821,1160.33
data/selected-PB25/PB24/normalized-PB24/OPT-LIN/nordstrom/CoreGuidedPB/multverif/diagcomm_less/normalized-mult_diagcomm_opt_less_teq_nbits_26.fzn,2.98955,0,0,0,0,0,0.579369,0,0,0,1.55604,1.55364,1.77636e-15,7855.32,7848.64,103,5,1,2,2,1,5357,0,1.60919,16071,0,0,0,0,0,0,0,5357,3329,0,0,0,0,0,1,1,0,0,0,0,0,0,0,0,1,0.207868,0.000186672,-0.300329,-1,-0.500225,-1,0,0,0,2,0,0,0,0,0,0,0,0,4.81075,1.9991,0.831806,2.63754,0,0,1,0.846039,0.00394814,0.761599,0,4976.01,0,104,2,1,0,-1,-1,4160,28,3329,1.25804,0.62143,16015,6655,2769.08
data/selected-PB25/PB24/normalized-PB24/OPT-LIN/nordstrom/CoreGuidedPB/multverif/diagcomm_less/normalized-mult_diagcomm_opt_less_teq_nbits_19.fzn,2.98527,0,0,0,0,0,0.580199,0,0,0,1.57122,1.56703,0,4170.54,4164.31,75,5,1,2,2,1,2851,0,1.61256,8553,0,0,0,0,0,0,0,2851,1768,0,0,0,0,0,1,1,0,0,0,0,0,0,0,0,1,0.207731,0.000350754,-0.352596,-1,-0.500425,-1,0,0,0,2,0,0,0,0,0,0,0,0,4.81391,1.9983,0.824849,2.24696,0,0,1,0.885125,0.00691753,0.777111,0,2688.01,0,76,2,1,0,-1,-1,2242,24,1768,1.28167,0.620133,8511,3533,1458.33
data/selected-PB25/PB24/normalized-PB24/OPT-LIN/nordstrom/CoreGuidedPB/multverif/diagcomm_greater/normalized-mult_diagcomm_opt_greater_teq_nbits_16.fzn,2.98215,0,0,0,0,0,0.580806,0,0,0,1.58102,1.57535,0,2945.7,2939.72,63,5,1,2,2,1,2017,0,1.61489,6051,0,0,0,0,0,0,0,2017,1249,0,0,0,0,0,1,1,0,0,0,0,0,0,0,0,1,0.207648,0.000495786,-0.387441,-1,-0.500601,-1,0,0,0,2,0,0,0,0,0,0,0,0,4.81585,1.9976,0.819923,2.04509,0,0,1,0.911718,0.00939045,0.788116,0,1919.58,0,64,2,1,0,-1,-1,1600,14,1249,1.29223,0.619236,6015,2495,1024.08
data/selected-PB25/PB24/normalized-PB24/OPT-LIN/nordstrom/CoreGuidedPB/multverif/diagcomm_greater/normalized-mult_diagcomm_opt_greater_teq_nbits_03.fzn,2.85075,2.94013,1.00813,0,0,0,0.350785,0.589107,0,0,1.70496,1.70496,0.11191,93.9203,94.5474,11,16.9887,1.54443,2,2,1,67,0,1.675,201,196.989,67.5444,0,0,0,0,0,67,40,0,0,0,0,0,1,1,0,0,0,0,0,0,0,0,1,0.209424,0.0149254,-1.00891,127,24.7805,127,6.25206,0,0,2,0,0,0,0,0,0,0,0,4.775,5.125,3.85833,0.783593,3.80363,5.10524,1,1.58321,0.168661,1.10587,0,72.0947,45.9887,12,127,127,0,2,0.166667,66,14,40,2,0.597015,191,205,154.333
data/selected-PB25/PB24/normalized-PB24/OPT-LIN/nordstrom/CoreGuidedPB/vertex_cover/vertexcover_opt_grid_oddrowevencolsquare/normalized-vertexcover_opt_grid_oddrowevencolsquare_dim_054.fzn,2.49975,2.50152,1,0,0,0,15.4055,15.4515,0,0,0.00235298,0.00235298,0,5951.54,5951.54,2971,2981.54,1.00355,2,2,1,5941,0,1.99966,17823,14861.5,5941,0,0,0,0,0,5941,2971,0,0,0,0,0,1,1,0,0,0,0,0,0,0,0,1,0.200054,0.000168322,0,2971,990.556,2971,54.4977,0,0,2,0,0,0,0,0,0,0,0,4.99865,2.99933,1.39987,0,18.1577,38.9241,1,0.00436863,0.00436863,0.00436863,2970,6896.13,2981.54,5,2971,2971,0,2,0.4,5940,4,2971,2.00067,0.500084,14851,8911,4159
data/selected-PB25/PB24/normalized-PB24/OPT-LIN/nordstrom/CoreGuidedPB/vertex_cover/vertexcover_opt_grid_oddrowevencolsquare/normalized-vertexcover_opt_grid_oddrowevencolsquare_dim_022.fzn,2.49852,2.5064,1.00002,0,0,0,6.34095,6.42095,0,0,0.0112798,0.0112798,0,1020.99,1021.01,507,514.986,1.01575,2,2,1,1013,0,1.99803,3039,2538.99,1013.02,0,0,0,0,0,1013,507,0,0,0,0,0,1,1,0,0,0,0,0,0,0,0,1,0.200316,0.000987167,0,507,169.223,507,22.4948,0,0,2,0,0,0,0,0,0,0,0,4.99211,2.99606,1.39921,0,7.47829,16.0606,1,0.0205663,0.0205663,0.0205663,506,1174.9,514.986,5,507,507,0,2,0.4,1012,2,507,2,0.500494,2531,1519,709.4
data/selected-PB25/PB24/normalized-PB24/OPT-LIN/nordstrom/CoreGuidedPB/vertex_cover/vertexcover_opt_grid_oddrowevencolsquare/normalized-vertexcover_opt_grid_oddrowevencolsquare_dim_070.fzn,2.49985,2.50098,1,0,0,0,19.9331,19.9681,0,0,0.00148092,0.00148092,1.77636e-15,9952.28,9952.28,4971,4982.28,1.00227,2,2,1,9941,0,1.9998,29823,24862.3,9941,0,0,0,0,0,9941,4971,0,0,0,0,0,1,1,0,0,0,0,0,0,0,0,1,0.200032,0.000100594,0,4971,1657.22,4971,70.4982,0,0,2,0,0,0,0,0,0,0,0,4.9992,2.9996,1.39992,0,23.4931,50.3537,1,0.00276038,0.00276038,0.00276038,4970,11540,4982.28,5,4971,4971,0,2,0.4,9940,4,4971,2.0004,0.50005,24851,14911,6959
data/selected-PB25/PB24/normalized-PB24/OPT-LIN/nordstrom/CoreGuidedPB/vertex_cover/vertexcover_opt_grid_oddrowevencolsquare/normalized-vertexcover_opt_grid_oddrowevencolsquare_dim_042.fzn,2.49958,2.5023,1,0,0,0,12.0087,12.062,0,0,0.00367049,0.00367049,0,3622.82,3622.83,1807,1816.82,1.00543,2,2,1,3613,0,1.99945,10839,9040.82,3613.01,0,0,0,0,0,3613,1807,0,0,0,0,0,1,1,0,0,0,0,0,0,0,0,1,0.200089,0.000276778,0,1807,602.556,1807,42.4971,0,0,2,0,0,0,0,0,0,0,0,4.99779,2.99889,1.39978,0,14.1552,30.3514,1,0.00678565,0.00678565,0.00678565,1806,4193.4,1816.82,5,1807,1807,0,2,0.4,3612,2,1807,2,0.500138,9031,5419,2529.4
data/selected-PB25/PB24/normalized-PB24/OPT-LIN/nordstrom/CoreGuidedPB/vertex_cover/vertexcover_opt_grid_evenrowoddcolsquare/normalized-vertexcover_opt_grid_evenrowoddcolsquare_dim_038.fzn,2.49949,2.50271,1,0,0,0,10.876,10.9353,0,0,0.00437648,0.00437648,0,2974.53,2974.54,1483,1492.53,1.00643,2,2,1,2965,0,1.99933,8895,7420.53,2965.01,0,0,0,0,0,2965,1483,0,0,0,0,0,1,1,0,0,0,0,0,0,0,0,1,0.200108,0.000337268,0,1483,494.556,1483,38.4968,0,0,2,0,0,0,0,0,0,0,0,4.9973,2.99865,1.39973,0,12.8207,27.4937,1,0.00807587,0.00807587,0.00807587,1482,3441.1,1492.53,5,1483,1483,0,2,0.4,2964,2,1483,2,0.500169,7411,4447,2075.8
data/selected-PB25/PB24/normalized-PB24/OPT-LIN/nordstrom/CoreGuidedPB/vertex_cover/vertexcover_opt_grid_evenrowoddcolsquare/normalized-vertexcover_opt_grid_evenrowoddcolsquare_dim_058.fzn,2.49978,2.50135,1,0,0,0,16.5375,16.5802,0,0,0.00207209,0.00207209,0,6855.74,6855.75,3423,3433.74,1.00314,2,2,1,6845,0,1.99971,20535,17121.7,6845,0,0,0,0,0,6845,3423,0,0,0,0,0,1,1,0,0,0,0,0,0,0,0,1,0.200047,0.000146092,0,3423,1141.22,3423,58.4979,0,0,2,0,0,0,0,0,0,0,0,4.99883,2.99942,1.39988,0,19.4917,41.7816,1,0.00385145,0.00385145,0.00385145,3422,7945.64,3433.74,5,3423,3423,0,2,0.4,6844,4,3423,2.00058,0.500073,17111,10267,4791.8
data/selected-PB25/PB24/normalized-PB24/OPT-LIN/nordstrom/CoreGuidedPB/injcomp/injcomp_opt_3layers_maxall_lastlayerdecr1/normalized-injcomp_opt_3layers_maxall_lastlayerdecr1_size_12.fzn,6.93889,6.97841,1.00014,0,0,0,2.96401,3.0229,0,0,1.08961,1.08961,-8.88178e-16,387.208,387.244,277,284.114,1.02568,3,3,1,180,0,0.427553,540,1256.11,180.026,0,0,0,0,0,180,421,0,0,0,0,0,1,1,0,0,0,0,0,0,0,0,1,0.33707,0.00555556,-1.1355,277,104.402,277,20.5056,0,0,2,0,0,0,0,0,0,0,0,2.96675,2.65321,1.41294,0.583822,5.04261,9.49541,1,1.091,0.0241298,0.210861,576,613.855,428.114,13,277,277,0,2,0.153846,996,40,421,2.46081,2.33889,1249,1117,594.846
data/selected-PB25/PB24/normalized-PB24/OPT-LIN/nordstrom/CoreGuidedPB/injcomp/injcomp_opt_3layers_maxall_lastlayerdecr1/normalized-injcomp_opt_3layers_maxall_lastlayerdecr1_size_29.fzn,8.03233,8.04277,1.00001,0,0,0,6.81557,6.84522,0,0,0.653463,0.653463,0,1857.77,1857.78,1654,1663.69,1.00586,3,3,1,928,0,0.371944,2784,7463.69,928.006,0,0,0,0,0,928,2495,0,0,0,0,0,1,1,0,0,0,0,0,0,0,0,1,0.33472,0.00107759,-0.702714,1654,621.308,1654,49.9489,0,0,2,0,0,0,0,0,0,0,0,2.98758,2.66212,1.43084,0.94673,12.4189,23.1269,1,0.999796,0.00510109,0.0964661,3364,3574.24,2504.69,30,1654,1654,0,2,0.0666667,5858,120,2495,2.39599,2.68858,7454,6642,3569.93
data/selected-PB25/PB24/normalized-PB24/OPT-LIN/nordstrom/CoreGuidedPB/injcomp/injcomp_opt_3layers_maxall_lastlayerdiv2/normalized-injcomp_opt_3layers_maxall_lastlayerdiv2_size_22.fzn,9.21562,9.24221,1.00004,0,0,0,4.43306,4.47166,0,0,1.19991,1.19991,0,718.616,718.632,727,735.506,1.0117,3,3,1,320,0,0.322906,960,2957.51,320.012,0,0,0,0,0,320,991,0,0,0,0,0,1,1,0,0,0,0,0,0,0,0,1,0.336046,0.003125,-1.39709,727,266.146,727,31.4899,0,0,2,0,0,0,0,0,0,0,0,2.97578,2.73158,1.46961,0.475241,8.42002,15.68,1,0.957535,0.0114982,0.165085,1496,1474.09,999.506,13,727,727,0,2,0.153846,2486,60,991,2.56912,3.09687,2949,2707,1456.38
data/selected-PB25/PB24/normalized-PB24/OPT-LIN/nordstrom/CoreGuidedPB/injcomp/injcomp_opt_3layers_maxall_lastlayerdiv2/normalized-injcomp_opt_3layers_maxall_lastlayerdiv2_size_20.fzn,9.00738,9.03775,1.00005,0,0,0,4.07006,4.11035,0,0,1.25981,1.25981,0,612.917,612.936,601,609.231,1.0137,3,3,1,271,0,0.330085,813,2449.23,271.014,0,0,0,0,0,271,821,0,0,0,0,0,1,1,0,0,0,0,0,0,0,0,1,0.336338,0.00369004,-1.39527,601,220.179,601,28.652,0,0,2,0,0,0,0,0,0,0,0,2.9732,2.7296,1.46691,0.475653,7.6497,14.267,1,0.969301,0.0135482,0.178774,1240,1222.68,829.231,12,601,601,0,2,0.166667,2060,55,821,2.57613,3.02952,2441,2241,1204.33
data/selected-PB25/PB24/normalized-PB24/OPT-LIN/nordstrom/CoreGuidedPB/injcomp/injcomp_opt_4layers_maxall_lastlayerdecr1/normalized-injcomp_opt_4layers_maxall_lastlayerdecr1_size_26.fzn,7.13859,7.1452,1,0,0,0,7.28031,7.30849,0,0,0.655642,0.655642,0,2967.65,2967.66,2003,2012.97,1.00498,3,3,1,1508,0,0.446022,4524,10775,1508,0,0,0,0,0,1508,3381,0,0,0,0,0,1,1,0,0,0,0,0,0,0,0,1,0.314073,0.00066313,-0.72799,2003,772.811,2003,58.1602,0,0,2,0,0,0,0,0,0,0,0,3.18397,2.59184,1.31385,0.94222,13.2704,26.2008,1,0.835201,0.00389403,0.118536,4784,5143.15,3390.97,28,2003,2003,0,2,0.0714286,8164,135,3381,2.4546,2.24204,10765,8763,4442.12
data/selected-PB25/PB24/normalized-PB24/OPT-LIN/nordstrom/CoreGuidedPB/injcomp/injcomp_opt_4layers_maxfirst_lastlayerdecr1/normalized-injcomp_opt_4layers_maxfirst_lastlayerdecr1_size_30.fzn,6.34899,6.35344,1,0,0,0,3.43275,3.45911,0,0,0.596626,0.596626,0,3845,3845.01,901,909.815,1.00978,3,3,1,1980,0,0.439902,5940,12579.8,1980.01,0,0,0,0,0,1980,4501,0,0,0,0,0,1,1,0,0,0,0,0,0,0,0,1,0.358046,0.000505051,-0.54059,901,409.595,901,67.1795,0,0,2,0,0,0,0,0,0,0,0,2.79293,2.19973,1.05417,1.18751,6.08214,12.727,1,1.07931,0.00301679,0.105152,6360,5791.56,4509.82,32,901,901,0,2,0.0625,10860,185,4501,2.4539,2.27323,12571,9901,4744.81
data/selected-PB25/PB24/normalized-PB24/OPT-LIN/nordstrom/CoreGuidedPB/injcomp/injcomp_opt_3layers_maxfirst_lastlayerdecr1/normalized-injcomp_opt_3layers_maxfirst_lastlayerdecr1_size_18.fzn,6.71693,6.73636,1.00006,0,0,0,2.59577,2.63887,0,0,0.876001,0.876001,0,790.812,790.844,325,332.344,1.0226,3,3,1,378,0,0.395812,1134,2546.34,378.023,0,0,0,0,0,378,955,0,0,0,0,0,1,1,0,0,0,0,0,0,0,0,1,0.376132,0.0026455,-0.741766,325,138.995,325,30.9054,0,0,2,0,0,0,0,0,0,0,0,2.65864,2.33822,1.20931,0.841057,4.46507,8.63325,1,1.05884,0.0118757,0.146771,1296,1201.99,962.344,19,325,325,0,2,0.105263,2250,58,955,2.41675,2.52646,2539,2233,1154.89
data/selected-PB25/PB24/normalized-PB24/OPT-LIN/nordstrom/CoreGuidedPB/injcomp/injcomp_opt_4layers_maxfirst_lastlayerdiv2/normalized-injcomp_opt_4layers_maxfirst_lastlayerdiv2_size_32.fzn,6.82235,6.82751,1.00001,0,0,0,3.80818,3.83619,0,0,0.70803,0.70803,-1.77636e-15,3459.56,3459.58,1025,1034,1.00878,3,3,1,1745,0,0.41937,5235,11914,1745.01,0,0,0,0,0,1745,4161,0,0,0,0,0,1,1,0,0,0,0,0,0,0,0,1,0.349517,0.000573066,-0.620364,1025,456.396,1025,64.5557,0,0,2,0,0,0,0,0,0,0,0,2.86109,2.24585,1.06796,1.04855,7.05432,14.8644,1,1.11764,0.00323606,0.117884,6272,5590.24,4170,34,1025,1025,0,2,0.0588235,10432,150,4161,2.54314,2.38453,11905,9345,4443.77
data/selected-PB25/PB24/normalized-PB24/OPT-LIN/nordstrom/CoreGuidedPB/dominating_set/normalized-dominating_set_hexgrid_opt_r6_c60.fzn,4.98892,5.00968,1.00006,0,0,0,3.76067,3.82404,0,0,0.0275251,0.0275251,0,728.496,728.526,361,368.496,1.02076,4,4,1,361,0,1,1083,1808.5,361.021,0,0,0,0,0,361,361,0,0,0,0,0,1,1,0,0,0,0,0,0,0,0,1,0.200444,0.00277008,0,361,120.556,361,18.9743,0,0,2,0,0,0,0,0,0,0,0,4.98892,2.99446,1.39889,0,6.30096,13.5445,1,0.0275251,0.0275251,0.0275251,360,835.894,368.496,5,361,361,0,2,0.4,720,4,361,2.00554,1,1801,1081,505
data/selected-PB25/PB24/normalized-PB24/OPT-LIN/nordstrom/CoreGuidedPB/dominating_set/normalized-dominating_set_hexgrid_opt_r6_c50.fzn,4.98671,5.01074,1.00008,0,0,0,3.42671,3.49107,0,0,0.0321393,0.0321393,0,608.234,608.268,301,308.234,1.02403,4,4,1,301,0,1,903,1508.23,301.024,0,0,0,0,0,301,301,0,0,0,0,0,1,1,0,0,0,0,0,0,0,0,1,0.200533,0.00332226,0,301,100.556,301,17.3213,0,0,2,0,0,0,0,0,0,0,0,4.98671,2.99336,1.39867,0,5.74761,12.3629,1,0.0321393,0.0321393,0.0321393,300,696.578,308.234,5,301,301,0,2,0.4,600,4,301,2.00664,1,1501,901,421
data/selected-PB25/PB24/normalized-PB24/OPT-LIN/nordstrom/CoreGuidedPB/dominating_set/normalized-dominating_set_hexgrid_opt_r6_c80.fzn,4.99168,5.00813,1.00003,0,0,0,4.35235,4.40645,0,0,0.0215199,0.0215199,0,968.91,968.933,481,488.91,1.01644,4,4,1,481,0,1,1443,2408.91,481.016,0,0,0,0,0,481,481,0,0,0,0,0,1,1,0,0,0,0,0,0,0,0,1,0.200333,0.002079,0,481,160.556,481,21.9093,0,0,2,0,0,0,0,0,0,0,0,4.99168,2.99584,1.39917,0,7.28257,15.6422,1,0.0215199,0.0215199,0.0215199,480,1114.53,488.91,5,481,481,0,2,0.4,960,4,481,2.00416,1,2401,1441,673
data/selected-PB25/PB24/normalized-PB24/OPT-LIN/nordstrom/CoreGuidedPB/dominating_set/hexgrid_nrowsdiv30add5/normalized-domset_opt_hexgrid_nrowsdiv30add5_ncols_160.fzn,4.9975,5.00353,1,0,0,0,7.98396,8.0218,0,0,0.00754966,0.00754966,0,3210.64,3210.65,1601,1610.64,1.00602,4,4,1,1601,0,1,4803,8010.64,1601.01,0,0,0,0,0,1601,1601,0,0,0,0,0,1,1,0,0,0,0,0,0,0,0,1,0.2001,0.00062461,0,1601,533.889,1601,40.0001,0,0,2,0,0,0,0,0,0,0,0,4.9975,2.99875,1.39975,0,13.3222,28.5676,1,0.00754966,0.00754966,0.00754966,1600,3715.08,1610.64,5,1601,1601,0,2,0.4,3200,4,1601,2.00125,1,8001,4801,2241
data/selected-PB25/PB24/normalized-PB24/OPT-LIN/nordstrom/CoreGuidedPB/dominating_set/hexgrid_nrowsdiv30add5/normalized-domset_opt_hexgrid_nrowsdiv30add5_ncols_290.fzn,4.99902,5.00172,1,0,0,0,12.7336,12.7596,0,0,0.0033071,0.0033071,0,8131.99,8131.99,4061,4071.99,1.00271,4,4,1,4061,0,1,12183,20312,4061,0,0,0,0,0,4061,4061,0,0,0,0,0,1,1,0,0,0,0,0,0,0,0,1,0.200039,0.000246245,0,4061,1353.89,4061,63.7181,0,0,2,0,0,0,0,0,0,0,0,4.99902,2.99951,1.3999,0,21.2324,45.5105,1,0.0033071,0.0033071,0.0033071,4060,9427.03,4071.99,5,4061,4061,0,2,0.4,8120,4,4061,2.00049,1,20301,12181,5685
data/selected-PB25/PB24/normalized-PB24/OPT-LIN/nordstrom/CoreGuidedPB/comppebphp_pyrheight_equals_nholes/normalized-comppebphp_opt_pyrheightequalsnholes_06.fzn,8,8.00984,1.00017,0,0,0,0.353553,0.374539,0,0,2.11021,2.11021,-1.77636e-15,1445.96,1446.08,57,61.8329,1.08479,6,6,1,491,0,0.398216,1473,3932.83,491.085,0,0,0,0,0,491,1233,0,0,0,0,0,1,1,0,0,0,0,0,0,0,0,1,0.3139,0.00203666,-0.826127,57,27.8782,57,38.8593,0,0,2,0,0,0,0,0,0,0,0,3.18573,2.04461,0.881983,0.830502,0.69168,1.60345,1,1.16406,0.00949722,0.820117,980,1731.29,1237.83,17,57,57,0,2,0.117647,2212,51,1233,1.83536,2.5112,3928,2521,1087.49
data/selected-PB25/PB24/normalized-PB24/OPT-LIN/nordstrom/CoreGuidedPB/comppebphp_pyrheight_equals_nholes/normalized-comppebphp_opt_pyrheightequalsnholes_05.fzn,7.14907,7.16281,1.00032,0,0,0,0.395636,0.41883,0,0,2.17627,2.17627,0,890.721,890.862,43,47.4263,1.10294,5,5,1,322,0,0.478455,966,2306.43,322.103,0,0,0,0,0,322,673,0,0,0,0,0,1,1,0,0,0,0,0,0,0,0,1,0.292354,0.00310559,-0.855778,43,20.8645,43,28.9483,0,0,2,0,0,0,0,0,0,0,0,3.42051,2.06092,0.873202,0.826903,0.686205,1.61957,1,1.32567,0.0161012,0.877939,42,991.962,677.426,17,43,43,0,2,0.117647,714,45,673,1.12779,2.09006,2302,1387,587.665
data/selected-PB25/PB24/normalized-PB24/OPT-LIN/nordstrom/CoreGuidedPB/linpeb/linearized_pebbling_opt_layeredfan_up/normalized-linearized_pebbling_opt_layeredfan_up_r17_c34_a4.fzn,15.7482,15.758,1,0,0,0,8.54482,8.56048,0,0,0.203646,0.203646,0,4041.54,4041.54,4557,4568.15,1.00245,4,4,1,1140,0,0.250165,3420,17964.2,1140,0,0,0,0,0,1140,4557,0,0,0,0,0,1,1,0,0,0,0,0,0,0,0,1,0.253829,0.000877193,0,4557,1519.22,4557,67.4982,0,0,2,0,0,0,0,0,0,0,0,3.93965,2.99956,1.50998,0,22.4928,44.6914,1,0.332251,0.00298363,0.00298363,17816,8998.43,4568.15,4,4557,4557,0,2,0.5,22372,16,4557,4.91288,3.99737,17953,13669,6881
data/selected-PB25/PB24/normalized-PB24/OPT-LIN/nordstrom/CoreGuidedPB/linpeb/linearized_pebbling_opt_layeredfan_down/normalized-linearized_pebbling_opt_layeredfan_down_r10_c20_a6.fzn,23.3274,23.3534,1.00001,0,0,0,5.03221,5.04862,0,0,0.31678,0.31678,0,1605.76,1605.77,2341,2351.19,1.00435,6,6,1,391,0,0.167023,1173,9131.19,391.004,0,0,0,0,0,391,2341,0,0,0,0,0,1,1,0,0,0,0,0,0,0,0,1,0.25666,0.00255754,0,2341,780.556,2341,48.3736,0,0,2,0,0,0,0,0,0,0,0,3.8962,2.99915,1.5173,0,16.1153,31.8677,1,0.491389,0.00539739,0.00539739,9000,4579.37,2351.19,4,2341,2341,0,2,0.5,11340,42,2341,4.86202,5.98721,9121,7021,3552
data/selected-PB25/PB24/normalized-PB24/OPT-LIN/nordstrom/CoreGuidedPB/linpeb/linearized_pebbling_opt_layeredfan_down/normalized-linearized_pebbling_opt_layeredfan_down_r10_c19_a4.fzn,15.5387,15.5649,1.00002,0,0,0,4.84294,4.86669,0,0,0.324111,0.324111,0,1274.55,1274.56,1445,1454.5,1.00657,4,4,1,362,0,0.250519,1086,5634.5,362.007,0,0,0,0,0,362,1445,0,0,0,0,0,1,1,0,0,0,0,0,0,0,0,1,0.256889,0.00276243,0,1445,481.889,1445,38.0001,0,0,2,0,0,0,0,0,0,0,0,3.89273,2.99862,1.51765,0,12.6549,25.0214,1,0.503141,0.00826232,0.00826232,5548,2824.23,1454.5,4,1445,1445,0,2,0.5,6992,28,1445,4.85813,3.99171,5625,4333,2193
data/selected-PB25/PB24/normalized-PB24/OPT-LIN/nordstrom/CoreGuidedPB/linpeb/linearized_pebbling_opt_layeredfan_down/normalized-linearized_pebbling_opt_layeredfan_down_r7_c14_a4.fzn,15.3316,15.3767,1.00006,0,0,0,3.52093,3.55134,0,0,0.426356,0.426356,0,664.933,664.949,757,765.564,1.01131,4,4,1,190,0,0.250991,570,2921.56,190.011,0,0,0,0,0,190,757,0,0,0,0,0,1,1,0,0,0,0,0,0,0,0,1,0.25987,0.00526316,0,757,252.556,757,27.4956,0,0,2,0,0,0,0,0,0,0,0,3.84808,2.99736,1.52488,0,9.14893,18.0074,1,0.638035,0.0145388,0.0145388,2856,1464.84,765.564,4,757,757,0,2,0.5,3612,16,757,4.7926,3.98421,2913,2269,1154.33
data/selected-PB25/PB24/normalized-PB24/OPT-LIN/nordstrom/KNAP/weakly_correlated_span/normalized-knapPI_12_1000_1000_3_-17136.fzn,3000.5,3010.17,1.00322,0,0,0,0,0.00337153,0,0,1,1,0,23.102,23.1112,3001,3020.35,1.00645,3000,3000,1,2,0,0.000666445,6,6020.35,2.00645,0,0,0,0,0,2,3001,0,0,0,0,0,1,1,0,0,0,0,0,0,0,0,1,0.500083,0.5,0,1.33483e+06,2987.57,1.33483e+06,54.7723,0,0,2,0,0,0,0,0,0,0,0,1.99967,446.794,445.794,0,54.5271,54.6494,1,0.00432978,0.00432978,0.00432978,3000,3000,3020.35,2,1.33483e+06,1.33483e+06,0,2,1,6000,3000,3001,2.999,1500.5,6001,1.34083e+06,1.33783e+06
data/selected-PB25/PB24/normalized-PB24/OPT-LIN/nordstrom/KNAP/uncorrelated/normalized-knapPI_1_500_10000_2_-399276.fzn,1000.5,1011.11,1.0106,0,0,0,0,0.0109686,0,0,1,1,0,19.933,19.9633,1001,1022.23,1.02121,1000,1000,1,2,0,0.001998,6,2022.23,2.02121,0,0,0,0,0,2,1001,0,0,0,0,0,1,1,0,0,0,0,0,0,0,0,1,0.50025,0.5,0,4.90898e+06,1000.59,4.90898e+06,0,0,0,2,0,0,0,0,0,0,0,0,1.999,4906.08,4905.08,0,0,0,1,0.0113978,0.0113978,0.0113978,1000,1000,1022.23,2,4.90898e+06,4.90898e+06,0,2,1,2000,1000,1001,2.997,500.5,2001,4.91098e+06,4.90998e+06
data/selected-PB25/PB24/normalized-PB24/OPT-LIN/nordstrom/KNAP/subset_sum/normalized-knapPI_6_200_10000_5_-48992.fzn,1000.5,1011.14,1.01063,0,0,0,0,0.0110129,0,0,1,1,0,19.933,19.9634,1001,1022.28,1.02126,1000,1000,1,2,0,0.001998,6,2022.28,2.02126,0,0,0,0,0,2,1001,0,0,0,0,0,1,1,0,0,0,0,0,0,0,0,1,0.50025,0.5,0,5.08524e+06,1000.61,5.08524e+06,0,0,0,2,0,0,0,0,0,0,0,0,1.999,5082.15,5081.15,0,0,0,1,0.0113978,0.0113978,0.0113978,1000,1000,1022.28,2,5.08524e+06,5.08524e+06,0,2,1,2000,1000,1001,2.997,500.5,2001,5.08724e+06,5.08624e+06
data/selected-PB25/PB24/normalized-PB24/OPT-LIN/nordstrom/KNAP/uncorrelated_span/normalized-knapPI_11_1000_1000_5_-23276.fzn,5000.5,5010.71,1.00204,0,0,0,0,0.00213085,0,0,1,1,0,24.5757,24.5816,5001,5021.41,1.00408,5000,5000,1,2,0,0.00039992,6,10021.4,2.00408,0,0,0,0,0,2,5001,0,0,0,0,0,1,1,0,0,0,0,0,0,0,0,1,0.50005,0.5,0,2.79098e+06,4983.15,2.79098e+06,70.7107,0,0,2,0,0,0,0,0,0,0,0,1.9998,560.083,559.084,0,70.4582,70.5842,1,0.00274556,0.00274556,0.00274556,10000,5000,5021.41,2,2.79098e+06,2.79098e+06,0,2,1,15000,5000,5001,3.9992,2500.5,10001,2.80098e+06,2.79598e+06
data/selected-PB25/PB24/normalized-PB24/OPT-LIN/nordstrom/KNAP/strongly_correlated/normalized-knapPI_3_200_10000_5_-93992.fzn,1000.5,1011.27,1.01076,0,0,0,0,0.0110999,0,0,1,1,0,19.933,19.9637,1001,1022.54,1.02152,1000,1000,1,2,0,0.001998,6,2022.54,2.02152,0,0,0,0,0,2,1001,0,0,0,0,0,1,1,0,0,0,0,0,0,0,0,1,0.50025,0.5,0,6.08524e+06,1000.67,6.08524e+06,0,0,0,2,0,0,0,0,0,0,0,0,1.999,6081.15,6080.15,0,0,0,1,0.0113978,0.0113978,0.0113978,1000,1000,1022.54,2,6.08524e+06,6.08524e+06,0,2,1,2000,1000,1001,2.997,500.5,2001,6.08724e+06,6.08624e+06
data/selected-PB25/PB24/normalized-PB24/OPT-LIN/nordstrom/KNAP/strongly_correlated/normalized-knapPI_3_50_1000_2_-1678.fzn,100.5,107.993,1.07419,0,0,0,0,0.0734977,0,0,1,1,0,13.3021,13.5017,101,115.987,1.14838,100,100,1,2,0,0.019802,6,215.987,2.14838,0,0,0,0,0,2,101,0,0,0,0,0,1,1,0,0,0,0,0,0,0,0,1,0.502488,0.5,0,64929,100.69,64929,10,0,0,2,0,0,0,0,0,0,0,0,1.9901,644.842,643.851,0,9.96898,9.98447,1,0.080136,0.080136,0.080136,100,100,115.987,2,64929,64929,0,2,1,200,100,101,2.9703,50.5,201,65129,65029
data/selected-PB25/PB24/normalized-PB24/OPT-LIN/nordstrom/KNAP/similar_weights/normalized-knapPI_9_5000_1000_1_-48768.fzn,5000.5,5010.63,1.00203,0,0,0,0,0.00212152,0,0,1,1,0,24.5757,24.5815,5001,5021.27,1.00405,5000,5000,1,2,0,0.00039992,6,10021.3,2.00405,0,0,0,0,0,2,5001,0,0,0,0,0,1,1,0,0,0,0,0,0,0,0,1,0.50005,0.5,0,2.52665e+06,4981.29,2.52665e+06,70.7107,0,0,2,0,0,0,0,0,0,0,0,1.9998,507.228,506.228,0,70.4319,70.571,1,0.00274556,0.00274556,0.00274556,5000,5000,5021.27,2,2.52665e+06,2.52665e+06,0,2,1,10000,5000,5001,2.9994,2500.5,10001,2.53665e+06,2.53165e+06
data/selected-PB25/PB24/normalized-PB24/OPT-LIN/ihalainen/PBO-clique-coloring/normalized-clique-coloring-max-clique-n=14-t=2.fzn,3.01906,3.01924,1.00001,0,0,0,0,0,0,0,0.0298001,0.0301159,0,26664.5,26664.8,15,17.9069,1.19379,2,2,1,16787,0,50.8697,50361,50683.9,16787.2,0,0,0,0,0,16787,330,0,0,0,0,0,1,1,0,0,0,0,0,0,0,0,1,0.00651132,5.95699e-05,-2.72593,15,7.35513,15,0,0,0,2,0,0,0,0,0,0,0,0,153.579,2.03939,0.109944,0.364459,0,0,1,1.47965,0.0297177,0.282827,420,2259.15,332.907,184,15,15,0,2,0.0108696,749,43,330,2.4,0.0196581,50681,673,36.2815
data/selected-PB25/PB24/normalized-PB24/OPT-LIN/ihalainen/PBO-clique-coloring/normalized-clique-coloring-max-clique-n=7-t=3.fzn,3.07032,3.07239,1.00026,0,0,0,0,0,0,0,0.130901,0.135397,0,1552.54,1552.86,8,10,1.25,3,3,1,967,0,9.76768,2901,2971,967.25,0,0,0,0,0,967,99,0,0,0,0,0,1,1,0,0,0,0,0,0,0,0,1,0.0333446,0.00103413,-1.81542,8,3.88235,8,0,0,0,2,0,0,0,0,0,0,0,0,29.9899,2.06061,0.247599,0.53247,0,0,1,1.78845,0.081462,0.448945,0,438.432,101,45,8,8,0,2,0.0444444,98,24,99,1.23232,0.102378,2969,204,24.5123
data/selected-PB25/PB24/normalized-PB24/OPT-LIN/ihalainen/PBO-clique-coloring/normalized-clique-coloring-max-clique-n=13-t=7.fzn,3.02634,3.02656,1.00002,0,0,0,0,0,0,0,0.0355692,0.0359767,0,20289.1,20289.4,14,16.8074,1.20053,3,3,1,12754,0,36.233,38262,38600.8,12754.2,0,0,0,0,0,12754,352,0,0,0,0,0,1,1,0,0,0,0,0,0,0,0,1,0.00911964,7.84068e-05,-1.68846,14,6.88268,14,0,0,0,2,0,0,0,0,0,0,0,0,109.653,2.03409,0.125773,0.586855,0,0,1,1.6943,0.0281252,0.256014,364,2138.02,354.807,163,14,14,0,2,0.0122699,715,46,352,2.16193,0.0275992,38598,716,44.2721
data/selected-PB25/PB24/normalized-PB24/OPT-LIN/ihalainen/PBO-clique-coloring/normalized-clique-coloring-max-clique-n=20-t=2.fzn,3.00961,3.00966,1,0,0,0,0,0,0,0,0.011122,0.0112018,0,115235,115235,21,24.3923,1.16154,2,2,1,72641,0,111.584,217923,218624,72641.2,0,0,0,0,0,72641,651,0,0,0,0,0,1,1,0,0,0,0,0,0,0,0,1,0.00297776,1.37663e-05,-3.22184,21,10.349,21,0,0,0,2,0,0,0,0,0,0,0,0,335.823,2.02919,0.0740378,0.309457,0,0,1,1.36628,0.0165716,0.214502,840,5224.12,654.392,382,21,21,0,2,0.0052356,1490,55,651,2.37327,0.00896188,218621,1321,48.1986
data/selected-PB25/PB24/normalized-PB24/OPT-LIN/ihalainen/PBO-clique-coloring/normalized-clique-coloring-max-clique-n=8-t=3.fzn,3.05605,3.05735,1.00014,0,0,0,0,0,0,0,0.0918128,0.0945137,0,2683.57,2683.88,9,11.1699,1.2411,3,3,1,1677,0,13.416,5031,5127.17,1677.24,0,0,0,0,0,1677,125,0,0,0,0,0,1,1,0,0,0,0,0,0,0,0,1,0.0243902,0.000596303,-1.90046,9,4.37743,9,0,0,0,2,0,0,0,0,0,0,0,0,41,2.056,0.211672,0.513355,0,0,1,1.74462,0.0672215,0.409578,0,607.749,127.17,59,9,9,0,2,0.0338983,124,26,125,1.2,0.0745379,5125,257,26.459
data/selected-PB25/PB24/normalized-PB24/OPT-LIN/ihalainen/PBO-clique-coloring/normalized-clique-coloring-max-clique-n=11-t=8.fzn,3.03847,3.03887,1.00003,0,0,0,0,0,0,0,0.0552773,0.0560384,-1.77636e-15,10400.5,10400.8,12,14.585,1.21541,3,3,1,6524,0,23.6377,19572,19825.6,6524.22,0,0,0,0,0,6524,276,0,0,0,0,0,1,1,0,0,0,0,0,0,0,0,1,0.0139232,0.00015328,-1.50448,12,5.89324,12,0,0,0,2,0,0,0,0,0,0,0,0,71.8225,2.03623,0.153278,0.655427,0,0,1,1.72577,0.0345964,0.276011,264,1501.34,278.585,118,12,12,0,2,0.0169492,539,43,276,2.1087,0.0423053,19823,562,42.3048
data/selected-PB25/PB24/normalized-PB24/OPT-LIN/ihalainen/PBO-clique-coloring/normalized-clique-coloring-max-clique-n=10-t=3.fzn,3.03748,3.03806,1.00005,0,0,0,0,0,0,0,0.0502426,0.0513893,0,6720.19,6720.48,11,13.4594,1.22358,3,3,1,4216,0,22.6667,12648,12808.5,4216.22,0,0,0,0,0,4216,186,0,0,0,0,0,1,1,0,0,0,0,0,0,0,0,1,0.0145244,0.000237192,-2.07228,11,5.37008,11,0,0,0,2,0,0,0,0,0,0,0,0,68.8495,2.04839,0.163319,0.475551,0,0,1,1.66849,0.0482686,0.350012,110,1041.42,188.459,93,11,11,0,2,0.0215054,295,33,186,1.76344,0.0441176,12806,381,30.3774
data/selected-PB25/PB24/normalized-PB24/OPT-LIN/ihalainen/PBO-clique-coloring/normalized-clique-coloring-max-clique-n=13-t=8.fzn,3.0272,3.02742,1.00002,0,0,0,0,0,0,0,0.0353804,0.0357855,0,20415.2,20415.5,14,16.8074,1.20053,3,3,1,12832,0,35.1562,38496,38847.8,12832.2,0,0,0,0,0,12832,365,0,0,0,0,0,1,1,0,0,0,0,0,0,0,0,1,0.00939632,7.79302e-05,-1.60047,14,6.88679,14,0,0,0,2,0,0,0,0,0,0,0,0,106.425,2.03288,0.126757,0.618946,0,0,1,1.7009,0.027267,0.248943,364,2186.82,367.807,164,14,14,0,2,0.0121951,728,47,365,2.12329,0.0284445,38845,742,46.2663
data/selected-PB25/PB24/normalized-PB24/OPT-LIN/ihalainen/PBO-clique-coloring/normalized-clique-coloring-max-clique-n=18-t=2.fzn,3.01178,3.01185,1,0,0,0,0,0,0,0,0.0148879,0.0150077,-1.77636e-15,74863.5,74863.8,19,22.2479,1.17094,2,2,1,47179,0,88.6823,141537,142096,47179.2,0,0,0,0,0,47179,532,0,0,0,0,0,1,1,0,0,0,0,0,0,0,0,1,0.00374403,2.11959e-05,-3.06481,19,9.3506,19,0,0,0,2,0,0,0,0,0,0,0,0,267.092,2.03195,0.0831209,0.325063,0,0,1,1.39801,0.0197305,0.232909,684,4084.84,535.248,308,19,19,0,2,0.00649351,1215,51,532,2.3797,0.0112762,142093,1081,44.2203
data/selected-PB25/PB24/normalized-PB24/OPT-LIN/ihalainen/PBO-clique-coloring/normalized-clique-coloring-max-clique-n=10-t=9.fzn,3.0486,3.04914,1.00005,0,0,0,0,0,0,0,0.0704735,0.0715511,0,7163.98,7164.27,11,13.4594,1.22358,3,3,1,4486,0,18.2358,13458,13678.5,4486.22,0,0,0,0,0,4486,246,0,0,0,0,0,1,1,0,0,0,0,0,0,0,0,1,0.0179877,0.000222916,-1.39162,11,5.4012,11,0,0,0,2,0,0,0,0,0,0,0,0,55.5935,2.03659,0.172027,0.70566,0,0,1,1.72705,0.0381393,0.283162,110,1244.8,248.459,99,11,11,0,2,0.020202,355,39,246,1.60163,0.0548373,13676,501,42.3187
data/selected-PB25/PB24/normalized-PB12/DEC-LIN/sroussel/ShortestPathBA/normalized-BeauxArts_K71.fzn,6.00667,6.00667,1,0,0,0,2.03217,2.03217,0,0,2.09454,2.09454,0,7506.69,7506.69,71,71,1,2,2,1,4045,0,1.03665,12135,24297,4045,0,0,0,0,0,4045,3902,0,0,0,0,0,1,1,0,0,0,0,0,0,0,0,0,0,0,0,0,0,0,0,0,0,1,0,0,0,0,0,0,0,0,6.22681,2,0.329999,0.160596,0,0,0,1.96498,0,0.213244,7432,10219.4,3902,9,2,0.666667,0,2,0.222222,11334,224,3902,2.96207,0.964648,24297,7804,1287.66
data/selected-PB25/PB24/normalized-PB12/DEC-LIN/sroussel/ShortestPathBA/normalized-BeauxArts_K69.fzn,6.00534,6.00534,1,0,0,0,2.01893,2.01893,0,0,2.09652,2.09652,0,7299.81,7299.81,69,69,1,2,2,1,3931,0,1.03666,11793,23607,3931,0,0,0,0,0,3931,3792,0,0,0,0,0,1,1,0,0,0,0,0,0,0,0,0,0,0,0,0,0,0,0,0,0,1,0,0,0,0,0,0,0,0,6.22547,2,0.330096,0.16063,0,0,0,1.9666,0,0.215434,7218,9929.89,3792,9,2,0.666667,0,2,0.222222,11010,222,3792,2.96203,0.96464,23607,7584,1251.73
data/selected-PB25/PB24/normalized-PB12/DEC-LIN/sroussel/ShortestPathBA/normalized-BeauxArts_K76.fzn,6.0097,6.0097,1,0,0,0,2.06494,2.06494,0,0,2.08998,2.08998,0,8023.63,8023.63,76,76,1,2,2,1,4330,0,1.03663,12990,26022,4330,0,0,0,0,0,4330,4177,0,0,0,0,0,1,1,0,0,0,0,0,0,0,0,0,0,0,0,0,0,0,0,0,0,1,0,0,0,0,0,0,0,0,6.22983,2,0.329779,0.160518,0,0,0,1.96129,0,0.208238,7967,10943,4177,9,2,0.666667,0,2,0.222222,12144,219,4177,2.95978,0.964665,26022,8354,1377.49
data/selected-PB25/PB24/normalized-PB12/DEC-LIN/sroussel/ShortestPathBA/normalized-BeauxArts_K72.fzn,6.00731,6.00731,1,0,0,0,2.03876,2.03876,0,0,2.09359,2.09359,0,7610.11,7610.11,72,72,1,2,2,1,4102,0,1.03664,12306,24642,4102,0,0,0,0,0,4102,3957,0,0,0,0,0,1,1,0,0,0,0,0,0,0,0,0,0,0,0,0,0,0,0,0,0,1,0,0,0,0,0,0,0,0,6.22745,2,0.329953,0.160579,0,0,0,1.96421,0,0.212191,7539,10364.1,3957,9,2,0.666667,0,2,0.222222,11496,225,3957,2.96209,0.964651,24642,7914,1305.62
data/selected-PB25/PB24/normalized-PB12/DEC-LIN/sroussel/ShortestPathBA/normalized-BeauxArts_K75.fzn,6.00913,6.00913,1,0,0,0,2.05842,2.05842,0,0,2.09085,2.09085,0,7920.27,7920.27,75,75,1,2,2,1,4273,0,1.03663,12819,25677,4273,0,0,0,0,0,4273,4122,0,0,0,0,0,1,1,0,0,0,0,0,0,0,0,0,0,0,0,0,0,0,0,0,0,1,0,0,0,0,0,0,0,0,6.22926,2,0.329821,0.160533,0,0,0,1.96199,0,0.20919,7860,10798.3,4122,9,2,0.666667,0,2,0.222222,11982,218,4122,2.95973,0.964662,25677,8244,1359.52
data/selected-PB25/PB24/normalized-PB12/OPT-LIN/zahidi/IC/normalized-minisat15_5_3_3_ic.fzn,4.00713,0,0,0,0,0,1.3439,0,0,0,0.608562,0.607687,-1.77636e-15,10962.2,10953.8,331,105,1,2,2,1,6173,0,1.97789,18519,0,0,0,0,0,0,0,6173,3121,0,0,0,0,0,1,1,0,0,0,0,0,0,0,0,1,0.126172,0.000161996,-0.35764,-1.02673e+09,3121.02,-1.02673e+09,0,0,0,2,0,0,0,0,0,0,0,0,7.92566,-328972,-328974,2.44332,0,0,1,0.840253,0.00418143,0.548786,3960,6899.57,0,111,2,2,0,-1.02673e+09,-1.02673e+09,7395,245,3121,2.44793,0.505589,24736,-1.02672e+09,-1.02673e+09
data/selected-PB25/PB24/normalized-PB15eval/OPT-NLC/minlplib2-pb-0.1.0/opb/normalized-edgecross20-080.fzn,3.34443,4.0035,1.15513,0,0,0,10.512,13.4,0,0,0.309537,1.21273,0.00185345,12042.1,13512.4,3099,4726.17,1.52506,2,2.58496,1,7749,0,2.1712,23247,31023.1,8951.14,0,0,0,0,0,7749,3569,0,0,0,0,0,1,1,0,0,0,0,0,0,0,0,1,0.137714,0.000129049,-0.460349,8718,1634,8718,59.7333,0,0,2,0,0,0,0,0,0,0,0,7.26142,5.33539,3.68365,1.87311,27.3381,39.6039,3189,1.74208,0.492848,0.904988,3188,5941.74,5445.95,84,8718,8718,0,2,0.0238095,380,13,3569,0.110115,0.460576,25916,19042,13146.9
data/selected-PB25/PB24/normalized-PB15eval/OPT-NLC/minlplib2-pb-0.1.0/opb/normalized-graphpart_clique-40.fzn,3.02498,8.13092,2.48889,0,0,0,11.3895,14.9043,0,0,1.0019,5.81323,1.60819,6006.4,11780.8,2341,8228.41,3.88129,2,2.58496,1,4604,0,0.982921,13812,37434.7,11458.9,0,0,0,0,0,4604,4684,0,0,0,0,0,1,1,0,0,0,0,0,0,0,0,1,0.336325,0.000217202,-0.328886,31981,1488.66,31981,68.419,0,0,2,0,0,0,0,0,0,0,0,2.97331,21.4831,14.1311,2.01795,21.7433,33.0585,4564,0.174825,5.0256,4.12794,6903,5201.63,16444.9,40,31981,31981,0,2,0.05,2460,3,4684,0.525833,1.01738,13927,100627,66190
data/selected-PB25/PB24/normalized-PB15eval/OPT-NLC/minlplib2-pb-0.1.0/opb/normalized-autocorr_bern30-08.fzn,3.2066,11.8428,3.502,0,0,0,6.08719,7.9633,0,0,0.738667,4.25934,1.8371,3290.5,7269.49,927,4473.66,5.19641,2,4.16993,2.08496,2241,0,0.98679,6723,26539.8,7847.99,0,0,0,0,0,2241,2271,0,0,0,0,0,1,1,0,0,0,0,0,0,0,0,1,0.316031,0.000446229,-0.243497,41585,694.097,41585,47.6119,0,0,2,0,0,0,0,0,0,0,0,3.16424,59.9124,38.2037,2.80895,14.5572,22.8293,2241,0.835285,3.71754,4.2241,3166,2642.8,11191.3,93,41585,41585,0,2,0.0215054,956,0,2271,0.42096,1.01339,7186,136061,86760.5
data/selected-PB25/PB24/normalized-PB15eval/OPT-NLC/minlplib2-pb-0.1.0/opb/normalized-autocorr_bern45-23.fzn,3.34665,15.3688,4.36124,0,0,0,20.4808,27.175,0,0,0.435294,5.56562,2.10649,37875.5,89423.5,10777,65657.2,7.70035,2,4.16993,2.08496,24705,0,0.998182,74115,379686,107744,0,0,0,0,0,24705,24750,0,0,0,0,0,1,1,0,0,0,0,0,0,0,0,1,0.299351,4.04776e-05,-0.0896907,1.52913e+06,8049.13,1.52913e+06,157.288,0,0,2,0,0,0,0,0,0,0,0,3.34057,189.975,123.793,7.81184,51.1683,78.516,24705,0.592842,5.2214,5.52069,35480,27719,152809,880,1.52913e+06,1.52913e+06,0,2,0.00227273,10821,0,24750,0.437212,1.00182,82679,4.70188e+06,3.06387e+06
data/selected-PB25/PB24/normalized-PB15eval/OPT-NLC/minlplib2-pb-0.1.0/opb/normalized-sporttournament28.fzn,3.83874,3.84852,1.00001,0,0,0,8.30752,8.36346,0,0,0.755316,0.755316,0,1358.78,1358.79,973,982.035,1.00929,2,2,1,924,0,0.709677,2772,3556.03,924.009,0,0,0,0,0,924,1302,0,0,0,0,0,1,1,0,0,0,0,0,0,0,0,1,0.367071,0.00108225,-1.72427,1049,374.089,1049,36.0757,0,0,2,0,0,0,0,0,0,0,0,2.72427,2.80415,1.64104,0.367071,10.3418,17.6927,924,1.39931,0.00905427,0.640741,923,1744.72,1311.03,5,1049,1049,0,2,0.4,378,0,1302,0.290323,1.40909,3547,3651,2136.63
data/selected-PB25/PB24/normalized-PB15eval/OPT-NLC/minlplib2-pb-0.1.0/opb/normalized-edgecross10-070.fzn,3.65228,4.8528,1.27517,0,0,0,8.05276,9.40938,0,0,0.327891,1.15445,0.00710935,2666.8,3242.69,1221,1894.67,1.55174,2,2.58496,1,1714,0,1.29456,5142,8317.69,2185.64,0,0,0,0,0,1714,1324,0,0,0,0,0,1,1,0,0,0,0,0,0,0,0,1,0.211502,0.000583431,-0.452098,3844,659,3844,36.373,0,0,2,0,0,0,0,0,0,0,0,4.7281,5.83308,4.21916,1.74409,18.0904,25.0204,1234,1.2067,0.367169,0.656611,1233,1908.21,2056.17,50,3844,3844,0,2,0.04,90,13,1324,0.0777946,0.772462,6260,7723,5586.16
data/selected-PB25/PB24/normalized-PB15eval/OPT-NLC/minlplib2-pb-0.1.0/opb/normalized-autocorr_bern25-03.fzn,3.48936,4.75225,1.34222,0,0,0,1.92247,1.96273,0,0,1.12727,1.12727,8.88178e-16,65.0688,84.9811,49,67.9933,1.38998,2,2.58496,1.29248,47,0,0.652778,141,223.356,63.0841,0,0,0,0,0,47,72,0,0,0,0,0,1,1,0,0,0,0,0,0,0,0,1,0.439024,0.0212766,0,93,23.8292,93,8.4189,0,0,2,0,0,0,0,0,0,0,0,2.27778,3.90278,2.5,0,2.71166,4.28952,47,0.969488,1.02853,1.02853,46,83.2842,104.447,3,93,93,0,2,0.666667,25,0,72,0.347222,1.53191,164,281,180
data/selected-PB25/PB24/normalized-PB15eval/OPT-NLC/minlplib2-pb-0.1.0/opb/normalized-edgecross14-176.fzn,3.59889,4.68709,1.24864,0,0,0,11.5238,13.736,0,0,0.269514,1.17534,0.00324651,6471.08,7729.42,2674,4149.73,1.55188,2,2.58496,1,4146,0,1.44359,12438,19432.7,5176.87,0,0,0,0,0,4146,2872,0,0,0,0,0,1,1,0,0,0,0,0,0,0,0,1,0.19248,0.000241196,-0.40184,13679,1776.85,13679,53.5821,0,0,2,0,0,0,0,0,0,0,0,5.19533,7.69847,6.09697,2.00955,33.1426,41.8533,2690,1.12491,0.345151,0.59154,2689,4109.42,4457.7,76,13679,13679,0,2,0.0263158,182,13,2872,0.0678969,0.692716,14921,22110,17510.5
data/selected-PB25/PB24/normalized-PB15eval/OPT-NLC/minlplib2-pb-0.1.0/opb/normalized-graphpart_3g-0344-0344.fzn,2.99781,30.8897,9.1436,0,0,0,4.74102,7.28131,0.24455,0,1.00926,8.04095,2.71918,1201.54,4006.5,433,6817.39,15.7445,2,3,1,913,0,0.904856,2739,28202.3,8348.11,0,0,0,0,0,913,1009,0,0,0,0,0,1,1,0,0,0,0,0,0,0,0,1,0.368652,0.00109529,-0.988762,3.53548e+07,336.33,3.53548e+07,0,0,0,2,0,0,0,0,0,0,0,0,2.71259,105119,70079.3,0.638524,0,0,865,0.602405,6.74196,6.74196,1296,1268.26,13753.7,7,3.53548e+07,3.53548e+07,0,2,0.285714,576,3,1009,0.573835,1.10515,2737,1.06065e+08,7.071e+07
data/selected-PB25/PB24/normalized-PB15eval/OPT-NLC/minlplib2-pb-0.1.0/opb/normalized-faclay60.fzn,3.40062,12.5735,3.22449,0,0,0,63.3665,112.003,0.537156,0,0.504351,5.5637,2.20709,269152,504830,90684,592639,7.16923,2,2.58496,1,177090,0,1.60379,531270,2.22665e+06,571024,0,0,0,0,0,177090,110420,0,0,0,0,0,1,1,0,0,0,0,0,0,0,0,1,0.183356,5.64685e-06,-0.199583,2.12177e+07,60480.6,2.12177e+07,0,0,0,2,0,0,0,0,0,0,0,0,5.45387,350.819,264.758,4.09176,0,0,108650,1.27323,6.90119,7.0355,108649,144759,730990,228,2.12177e+07,2.12177e+07,0,2,0.00877193,1770,16,110420,0.0161746,0.623525,602216,3.87374e+07,2.92346e+07
data/selected-PB25/PB24/normalized-PB15eval/DEC-LIN/ECGRID-FromCNF/normalized-ECgrid5x70split.cnf-extracted.pb.metafix.fzn,3.99592,3.99592,1,0,0,0,0,0,0,0,0.0211793,0.0211793,0,1958,1958,4,4,1,2,2,1,980,0,1.398,2940,3916,980,0,0,0,0,0,980,701,0,0,0,0,0,1,1,0,0,0,0,0,0,0,0,0,0,0,0,0,0,0,0,0,0,1,0,0,0,0,0,0,0,0,5.58631,2,0.367808,0,0,0,0,0.735413,0,0.735413,0,1727.24,701,6,2,0.5,0,2,0.333333,701,12,701,1.01712,0.715306,3916,1402,257.833
data/selected-PB25/PB24/normalized-PB15eval/DEC-LIN/ECGRID-FromCNF/normalized-ECgrid5x100split.cnf-plain.pb.metafix.fzn,2.9995,2.9995,1,0,0,0,0,0,0,0,0.00620132,0.00620132,0,6341.85,6341.85,3,3,1,2,2,1,4002,0,3.998,12006,12004,4002,0,0,0,0,0,4002,1001,0,0,0,0,0,1,1,0,0,0,0,0,0,0,0,0,0,0,0,0,0,0,0,0,0,1,0,0,0,0,0,0,0,0,11.992,2,0.166833,0,0,0,0,0.0207962,0,0,0,3587.38,1001,12,2,0.25,0,2,0.166667,1001,16,1001,1.01598,0.250125,12004,2002,167
data/selected-PB25/PB24/normalized-PB15eval/DEC-LIN/ECGRID-FromCNF/normalized-ECgrid3x90split.cnf-plain.pb.metafix.fzn,2.99907,2.99907,1,0,0,0,0,0,0,0,0.010657,0.010657,0,3425.52,3425.52,3,3,1,2,2,1,2162,0,3.9963,6486,6484,2162,0,0,0,0,0,2162,541,0,0,0,0,0,1,1,0,0,0,0,0,0,0,0,0,0,0,0,0,0,0,0,0,0,1,0,0,0,0,0,0,0,0,11.9852,2,0.166975,0,0,0,0,0.0351923,0,0,0,1938.29,541,12,2,0.25,0,2,0.166667,541,10,541,1.01848,0.250231,6484,1082,90.3333
data/selected-PB25/PB24/normalized-PB15eval/DEC-LIN/ECGRID-FromCNF/normalized-ECgrid5x90split.cnf-extracted.pb.metafix.fzn,3.99682,3.99682,1,0,0,0,0,0,0,0,0.017084,0.017084,0,2512,2512,4,4,1,2,2,1,1257,0,1.39512,3771,5024,1257,0,0,0,0,0,1257,901,0,0,0,0,0,1,1,0,0,0,0,0,0,0,0,0,0,0,0,0,0,0,0,0,0,1,0,0,0,0,0,0,0,0,5.57603,2,0.36859,0,0,0,0,0.780612,0,0.741037,0,2217.44,901,6,2,0.5,0,2,0.333333,901,12,901,1.01332,0.716786,5024,1802,332.1
data/selected-PB25/PB24/normalized-PB15eval/DEC-LIN/ECGRID-FromCNF/normalized-ECgrid5x60split.cnf-extracted.pb.metafix.fzn,3.99522,3.99522,1,0,0,0,0,0,0,0,0.0242534,0.0242534,0,1672,1672,4,4,1,2,2,1,837,0,1.39268,2511,3344,837,0,0,0,0,0,837,601,0,0,0,0,0,1,1,0,0,0,0,0,0,0,0,0,0,0,0,0,0,0,0,0,0,1,0,0,0,0,0,0,0,0,5.56406,2,0.369551,0,0,0,0,0.805632,0,0.750263,0,1477.05,601,6,2,0.5,0,2,0.333333,601,12,601,1.01997,0.718041,3344,1202,222.1
data/selected-PB25/PB24/normalized-PB15eval/DEC-LIN/ECGRID-FromCNF/normalized-ECgrid3x20split.cnf-extracted.pb.metafix.fzn,3.975,3.975,1,0,0,0,0,0,0,0,0.0969446,0.0969446,-8.88178e-16,318,318,4,4,1,2,2,1,160,0,1.32231,480,636,160,0,0,0,0,0,160,121,0,0,0,0,0,1,1,0,0,0,0,0,0,0,0,0,0,0,0,0,0,0,0,0,0,1,0,0,0,0,0,0,0,0,5.2562,2,0.395317,0,0,0,0,0.95212,0,0.95212,0,286.457,121,6,2,0.5,0,2,0.333333,121,12,121,1.09917,0.75625,636,242,47.8333
data/selected-PB25/PB24/normalized-PB15eval/DEC-LIN/ECGRID-FromCNF/normalized-ECgrid5x50split.cnf-extracted.pb.metafix.fzn,3.99427,3.99427,1,0,0,0,0,0,0,0,0.0283315,0.0283315,0,1394,1394,4,4,1,2,2,1,698,0,1.39321,2094,2788,698,0,0,0,0,0,698,501,0,0,0,0,0,1,1,0,0,0,0,0,0,0,0,0,0,0,0,0,0,0,0,0,0,1,0,0,0,0,0,0,0,0,5.56487,2,0.369594,0,0,0,0,0.755696,0,0.755696,0,1231.31,501,6,2,0.5,0,2,0.333333,501,12,501,1.02395,0.717765,2788,1002,185.167
data/selected-PB25/PB24/normalized-PB15eval/DEC-LIN/ECGRID-FromCNF/normalized-ECgrid3x90split.cnf-extracted.pb.metafix.fzn,3.99446,3.99446,1,0,0,0,0,0,0,0,0.0275251,0.0275251,0,1442,1442,4,4,1,2,2,1,722,0,1.33457,2166,2884,722,0,0,0,0,0,722,541,0,0,0,0,0,1,1,0,0,0,0,0,0,0,0,0,0,0,0,0,0,0,0,0,0,1,0,0,0,0,0,0,0,0,5.33087,2,0.389094,0,0,0,0,0.919523,0,0.919523,0,1292.59,541,6,2,0.5,0,2,0.333333,541,12,541,1.02218,0.749307,2884,1082,210.5
data/selected-PB25/PB24/normalized-PB15eval/DEC-LIN/ECGRID-FromCNF/normalized-ECgrid3x50split.cnf-extracted.pb.metafix.fzn,3.99005,3.99005,1,0,0,0,0,0,0,0,0.0452246,0.0452246,0,802,802,4,4,1,2,2,1,402,0,1.33555,1206,1604,402,0,0,0,0,0,402,301,0,0,0,0,0,1,1,0,0,0,0,0,0,0,0,0,0,0,0,0,0,0,0,0,0,1,0,0,0,0,0,0,0,0,5.3289,2,0.389258,0,0,0,0,0.920495,0,0.920495,0,718.993,301,6,2,0.5,0,2,0.333333,301,12,301,1.03987,0.748756,1604,602,117.167
data/selected-PB25/PB24/normalized-PB15eval/DEC-LIN/ECGRID-FromCNF/normalized-ECgrid5x20split.cnf-plain.pb.metafix.fzn,2.99751,2.99751,1,0,0,0,0,0,0,0,0.025158,0.025158,0,1269.97,1269.97,3,3,1,2,2,1,802,0,3.99005,2406,2404,802,0,0,0,0,0,802,201,0,0,0,0,0,1,1,0,0,0,0,0,0,0,0,0,0,0,0,0,0,0,0,0,0,1,0,0,0,0,0,0,0,0,11.9602,2,0.167496,0,0,0,0,0.0804631,0,0,0,719.408,201,12,2,0.25,0,2,0.166667,201,10,201,1.04975,0.250623,2404,402,33.6667
data/selected-PB25/PB24/normalized-PB15eval/DEC-LIN/ECGRID-FromCNF/normalized-ECgrid5x30split.cnf-plain.pb.metafix.fzn,2.99834,2.99834,1,0,0,0,0,0,0,0,0.0177583,0.0177583,0,1903.96,1903.96,3,3,1,2,2,1,1202,0,3.99336,3606,3604,1202,0,0,0,0,0,1202,301,0,0,0,0,0,1,1,0,0,0,0,0,0,0,0,0,0,0,0,0,0,0,0,0,0,1,0,0,0,0,0,0,0,0,11.9734,2,0.16722,0,0,0,0,0.057618,0,0,0,1077.9,301,12,2,0.25,0,2,0.166667,301,10,301,1.03322,0.250416,3604,602,50.3333
data/selected-PB25/PB24/normalized-PB15eval/DEC-LIN/ECGRID-FromCNF/normalized-ECgrid5x10split.cnf-plain.pb.metafix.fzn,2.99502,2.99502,1,0,0,0,0,0,0,0,0.0452246,0.0452246,0,635.985,635.985,3,3,1,2,2,1,402,0,3.9802,1206,1204,402,0,0,0,0,0,402,101,0,0,0,0,0,1,1,0,0,0,0,0,0,0,0,0,0,0,0,0,0,0,0,0,0,1,0,0,0,0,0,0,0,0,11.9208,2,0.168317,0,0,0,0,0.140327,8.88178e-16,8.88178e-16,0,360.911,101,12,2,0.25,0,2,0.166667,101,10,101,1.09901,0.251244,1204,202,17
data/selected-PB25/PB24/normalized-PB15eval/DEC-LIN/ECGRID-FromCNF/normalized-ECgrid5x70split.cnf-plain.pb.metafix.fzn,2.99929,2.99929,1,0,0,0,0,0,0,0,0.00848995,0.00848995,0,4439.9,4439.9,3,3,1,2,2,1,2802,0,3.99715,8406,8404,2802,0,0,0,0,0,2802,701,0,0,0,0,0,1,1,0,0,0,0,0,0,0,0,0,0,0,0,0,0,0,0,0,0,1,0,0,0,0,0,0,0,0,11.9886,2,0.166904,0,0,0,0,0.028228,0,0,0,2511.89,701,12,2,0.25,0,2,0.166667,701,16,701,1.02282,0.250178,8404,1402,117
data/selected-PB25/PB24/normalized-PB15eval/DEC-LIN/ECGRID-FromCNF/normalized-ECgrid3x70split.cnf-plain.pb.metafix.fzn,2.99881,2.99881,1,0,0,0,0,0,0,0,0.0132673,0.0132673,0,2664.74,2664.74,3,3,1,2,2,1,1682,0,3.99525,5046,5044,1682,0,0,0,0,0,1682,421,0,0,0,0,0,1,1,0,0,0,0,0,0,0,0,0,0,0,0,0,0,0,0,0,0,1,0,0,0,0,0,0,0,0,11.981,2,0.167063,0,0,0,0,0.0435009,0,0,0,1508.1,421,12,2,0.25,0,2,0.166667,421,10,421,1.02375,0.250297,5044,842,70.3333
data/selected-PB25/PB24/normalized-PB15eval/DEC-LIN/ECGRID-FromCNF/normalized-ECgrid3x80split.cnf-extracted.pb.metafix.fzn,3.99375,3.99375,1,0,0,0,0,0,0,0,0.0305074,0.0305074,0,1278,1278,4,4,1,2,2,1,640,0,1.33056,1920,2556,640,0,0,0,0,0,640,481,0,0,0,0,0,1,1,0,0,0,0,0,0,0,0,0,0,0,0,0,0,0,0,0,0,1,0,0,0,0,0,0,0,0,5.31393,2,0.390506,0,0,0,0,0.927694,0,0.927694,0,1146.85,481,6,2,0.5,0,2,0.333333,481,12,481,1.02495,0.751563,2556,962,187.833
data/selected-PB25/PB24/normalized-PB15eval/DEC-LIN/EC_ODD_GRIDS/normalized-ECgrid5x20split.fzn,3.9802,3.9802,1,0,0,0,0,0,0,0,0.080136,0.080136,8.88178e-16,201,201,4,4,1,2,2,1,101,0,0.502488,303,402,101,0,0,0,0,0,101,201,0,0,0,0,0,1,1,0,0,0,0,0,0,0,0,0,0,0,0,0,0,0,0,0,0,1,0,0,0,0,0,0,0,0,2,2,1,0,0,0,0,0,0,0,0,201,201,2,2,1,0,2,1,201,6,201,1.02985,1.9901,402,402,201
data/selected-PB25/PB24/normalized-PB15eval/DEC-LIN/EC_ODD_GRIDS/normalized-ECgrid3x10split.fzn,3.93548,3.93548,1,0,0,0,0,0,0,0,0.205593,0.205593,0,61,61,4,4,1,2,2,1,31,0,0.508197,93,122,31,0,0,0,0,0,31,61,0,0,0,0,0,1,1,0,0,0,0,0,0,0,0,0,0,0,0,0,0,0,0,0,0,1,0,0,0,0,0,0,0,0,2,2,1,0,0,0,0,0,0,0,0,61,61,2,2,1,0,2,1,61,6,61,1.09836,1.96774,122,122,61
data/selected-PB25/PB24/normalized-PB15eval/DEC-LIN/EC_ODD_GRIDS/normalized-ECgrid5x50split.fzn,3.99203,3.99203,1,0,0,0,0,0,0,0,0.0374955,0.0374955,0,501,501,4,4,1,2,2,1,251,0,0.500998,753,1002,251,0,0,0,0,0,251,501,0,0,0,0,0,1,1,0,0,0,0,0,0,0,0,0,0,0,0,0,0,0,0,0,0,1,0,0,0,0,0,0,0,0,2,2,1,0,0,0,0,0,0,0,0,501,501,2,2,1,0,2,1,501,6,501,1.01198,1.99602,1002,1002,501
data/selected-PB25/PB24/normalized-PB15eval/DEC-LIN/EC_ODD_GRIDS/normalized-ECgrid3x60split.fzn,3.98895,3.98895,1,0,0,0,0,0,0,0,0.0493842,0.0493842,0,361,361,4,4,1,2,2,1,181,0,0.501385,543,722,181,0,0,0,0,0,181,361,0,0,0,0,0,1,1,0,0,0,0,0,0,0,0,0,0,0,0,0,0,0,0,0,0,1,0,0,0,0,0,0,0,0,2,2,1,0,0,0,0,0,0,0,0,361,361,2,2,1,0,2,1,361,6,361,1.01662,1.99448,722,722,361
data/selected-PB25/PB24/normalized-PB15eval/DEC-LIN/EC_ODD_GRIDS/normalized-ECgrid3x20split.fzn,3.96721,3.96721,1,0,0,0,0,0,0,0,0.120681,0.120681,0,121,121,4,4,1,2,2,1,61,0,0.504132,183,242,61,0,0,0,0,0,61,121,0,0,0,0,0,1,1,0,0,0,0,0,0,0,0,0,0,0,0,0,0,0,0,0,0,1,0,0,0,0,0,0,0,0,2,2,1,0,0,0,0,0,0,0,0,121,121,2,2,1,0,2,1,121,6,121,1.04959,1.98361,242,242,121
data/selected-PB25/PB24/normalized-PB15eval/DEC-LIN/EC_ODD_GRIDS/normalized-ECgrid3x40split.fzn,3.98347,3.98347,1,0,0,0,0,0,0,0,0.0690544,0.0690544,0,241,241,4,4,1,2,2,1,121,0,0.502075,363,482,121,0,0,0,0,0,121,241,0,0,0,0,0,1,1,0,0,0,0,0,0,0,0,0,0,0,0,0,0,0,0,0,0,1,0,0,0,0,0,0,0,0,2,2,1,0,0,0,0,0,0,0,0,241,241,2,2,1,0,2,1,241,6,241,1.0249,1.99174,482,482,241
data/selected-PB25/PB24/normalized-PB15eval/DEC-LIN/EC_ODD_GRIDS/normalized-ECgrid5x60split.fzn,3.99336,3.99336,1,0,0,0,0,0,0,0,0.0321393,0.0321393,0,601,601,4,4,1,2,2,1,301,0,0.500832,903,1202,301,0,0,0,0,0,301,601,0,0,0,0,0,1,1,0,0,0,0,0,0,0,0,0,0,0,0,0,0,0,0,0,0,1,0,0,0,0,0,0,0,0,2,2,1,0,0,0,0,0,0,0,0,601,601,2,2,1,0,2,1,601,6,601,1.00998,1.99668,1202,1202,601
data/selected-PB25/PB24/normalized-PB15eval/DEC-LIN/EC_ODD_GRIDS/normalized-ECgrid3x80split.fzn,3.9917,3.9917,1,0,0,0,0,0,0,0,0.0388074,0.0388074,0,481,481,4,4,1,2,2,1,241,0,0.50104,723,962,241,0,0,0,0,0,241,481,0,0,0,0,0,1,1,0,0,0,0,0,0,0,0,0,0,0,0,0,0,0,0,0,0,1,0,0,0,0,0,0,0,0,2,2,1,0,0,0,0,0,0,0,0,481,481,2,2,1,0,2,1,481,6,481,1.01247,1.99585,962,962,481
data/selected-PB25/PB24/normalized-PB15eval/DEC-LIN/EC_ODD_GRIDS/normalized-ECgrid3x100split.fzn,3.99336,3.99336,1,0,0,0,0,0,0,0,0.0321393,0.0321393,0,601,601,4,4,1,2,2,1,301,0,0.500832,903,1202,301,0,0,0,0,0,301,601,0,0,0,0,0,1,1,0,0,0,0,0,0,0,0,0,0,0,0,0,0,0,0,0,0,1,0,0,0,0,0,0,0,0,2,2,1,0,0,0,0,0,0,0,0,601,601,2,2,1,0,2,1,601,6,601,1.00998,1.99668,1202,1202,601
data/selected-PB25/PB24/normalized-PB15eval/DEC-LIN/EC_ODD_GRIDS/normalized-ECgrid5x40split.fzn,3.99005,3.99005,1,0,0,0,0,0,0,0,0.0452246,0.0452246,0,401,401,4,4,1,2,2,1,201,0,0.501247,603,802,201,0,0,0,0,0,201,401,0,0,0,0,0,1,1,0,0,0,0,0,0,0,0,0,0,0,0,0,0,0,0,0,0,1,0,0,0,0,0,0,0,0,2,2,1,0,0,0,0,0,0,0,0,401,401,2,2,1,0,2,1,401,6,401,1.01496,1.99502,802,802,401
data/selected-PB25/PB24/normalized-PB15eval/DEC-LIN/EC_ODD_GRIDS/normalized-ECgrid5x30split.fzn,3.98675,3.98675,1,0,0,0,0,0,0,0,0.057459,0.057459,8.88178e-16,301,301,4,4,1,2,2,1,151,0,0.501661,453,602,151,0,0,0,0,0,151,301,0,0,0,0,0,1,1,0,0,0,0,0,0,0,0,0,0,0,0,0,0,0,0,0,0,1,0,0,0,0,0,0,0,0,2,2,1,0,0,0,0,0,0,0,0,301,301,2,2,1,0,2,1,301,6,301,1.01993,1.99338,602,602,301
data/selected-PB25/PB24/normalized-PB15eval/DEC-LIN/EC_ODD_GRIDS/normalized-ECgrid5x100split.fzn,3.99601,3.99601,1,0,0,0,0,0,0,0,0.0207783,0.0207783,0,1001,1001,4,4,1,2,2,1,501,0,0.5005,1503,2002,501,0,0,0,0,0,501,1001,0,0,0,0,0,1,1,0,0,0,0,0,0,0,0,0,0,0,0,0,0,0,0,0,0,1,0,0,0,0,0,0,0,0,2,2,1,0,0,0,0,0,0,0,0,1001,1001,2,2,1,0,2,1,1001,6,1001,1.00599,1.998,2002,2002,1001
data/selected-PB25/PB24/normalized-PB15eval/DEC-LIN/EC_ODD_GRIDS/normalized-ECgrid3x50split.fzn,3.98675,3.98675,1,0,0,0,0,0,0,0,0.057459,0.057459,8.88178e-16,301,301,4,4,1,2,2,1,151,0,0.501661,453,602,151,0,0,0,0,0,151,301,0,0,0,0,0,1,1,0,0,0,0,0,0,0,0,0,0,0,0,0,0,0,0,0,0,1,0,0,0,0,0,0,0,0,2,2,1,0,0,0,0,0,0,0,0,301,301,2,2,1,0,2,1,301,6,301,1.01993,1.99338,602,602,301
data/selected-PB25/PB24/normalized-PB15eval/DEC-LIN/EC_ODD_GRIDS/normalized-ECgrid3x30split.fzn,3.97802,3.97802,1,0,0,0,0,0,0,0,0.0872806,0.0872806,0,181,181,4,4,1,2,2,1,91,0,0.502762,273,362,91,0,0,0,0,0,91,181,0,0,0,0,0,1,1,0,0,0,0,0,0,0,0,0,0,0,0,0,0,0,0,0,0,1,0,0,0,0,0,0,0,0,2,2,1,0,0,0,0,0,0,0,0,181,181,2,2,1,0,2,1,181,6,181,1.03315,1.98901,362,362,181
data/selected-PB25/PB24/normalized-PB15eval/DEC-LIN/EC_ODD_GRIDS/normalized-ECgrid5x80split.fzn,3.99501,3.99501,1,0,0,0,0,0,0,0,0.025158,0.025158,0,801,801,4,4,1,2,2,1,401,0,0.500624,1203,1602,401,0,0,0,0,0,401,801,0,0,0,0,0,1,1,0,0,0,0,0,0,0,0,0,0,0,0,0,0,0,0,0,0,1,0,0,0,0,0,0,0,0,2,2,1,0,0,0,0,0,0,0,0,801,801,2,2,1,0,2,1,801,6,801,1.00749,1.99751,1602,1602,801
data/selected-PB25/PB24/normalized-PB15eval/DEC-LIN/3COL/normalized-3col-left3reg-l010-r010-n1.fzn,2.15648,2.15648,1,0,0,0,0,0,0,0,0.625831,0.625831,0,1750.83,1750.83,3,3,1,2,2,1,1604,0,2.13015,4812,3459,1604,0,0,0,0,0,1604,753,0,0,0,0,0,1,1,0,0,0,0,0,0,0,0,0,0,0,0,0,0,0,0,0,0,1,0,0,0,0,0,0,0,0,4.59363,2,0.478911,0.688406,0,0,0,0.738859,0,0.48026,0,1580.62,753,36,2,0.5,0,2,0.0555556,753,5,753,1.00664,0.469451,3459,1506,360.62
data/selected-PB25/PB24/normalized-PB15eval/DEC-LIN/3COL/normalized-3col-left3reg-l020-r019-n1.fzn,2.1549,2.1549,1,0,0,0,0,0,0,0,0.621977,0.621977,0,3569.58,3569.58,3,3,1,2,2,1,3273,0,2.15187,9819,7053,3273,0,0,0,0,0,3273,1521,0,0,0,0,0,1,1,0,0,0,0,0,0,0,0,0,0,0,0,0,0,0,0,0,0,1,0,0,0,0,0,0,0,0,4.63708,2,0.478641,0.988246,0,0,0,0.781942,0,0.530267,0,3188.14,1521,77,2,0.5,0,2,0.025974,1521,7,1521,1.0046,0.464711,7053,3042,728.013
data/selected-PB25/PB24/normalized-PB15eval/DEC-LIN/SUMINEQ/normalized-sumineqArity3pyramidP0032.fzn,8.63701,8.63701,1,0,0,0,0.163739,0.163739,0,0,0.32942,0.32942,0,1727.61,1727.61,9,9,1,3,3,1,562,0,0.333928,1686,4854,562,0,0,0,0,0,562,1683,0,0,0,0,0,1,1,0,0,0,0,0,0,0,0,0,0,0,0,0,0,0,0,0,0,1,0,0,0,0,0,0,0,0,2.88414,2,0.705288,0,0,0,0,0.517356,0,0,0,2553.42,1683,3,2,1,0,2,0.666667,1683,15,1683,1.00891,2.99466,4854,3366,1187
data/selected-PB25/PB24/normalized-PB15eval/DEC-LIN/SUMINEQ/normalized-sumineqArity4pyramidP0032.fzn,11.516,11.516,1,0,0,0,0.150404,0.150404,0,0,0.32942,0.32942,0,1960.86,1960.86,12,12,1,4,4,1,562,0,0.250446,1686,6472,562,0,0,0,0,0,562,2244,0,0,0,0,0,1,1,0,0,0,0,0,0,0,0,0,0,0,0,0,0,0,0,0,0,1,0,0,0,0,0,0,0,0,2.88414,2,0.705288,0,0,0,0,0.517356,0,0,6336,3404.57,2244,3,2,1,0,2,0.666667,8580,32,2244,3.83779,3.99288,6472,4488,1582.67
data/selected-PB25/PB24/normalized-PB15eval/DEC-LIN/ProofComplexity-Extracted-Cardinality-Constraints/ProofComplexity/normalized-regular-n30-d4-i1.cnf.gz-plain.pb.metafix.fzn,3,3,1,0,0,0,0,0,0,0,0,0,0,399.411,399.411,3,3,1,3,3,1,252,0,2.08264,756,756,252,0,0,0,0,0,252,121,0,0,0,0,0,1,1,0,0,0,0,0,0,0,0,0,0,0,0,0,0,0,0,0,0,1,0,0,0,0,0,0,0,0,6.24793,2,0.32461,0,0,0,0,0.419493,0,0,0,318.46,121,12,2,0.333333,0,2,0.166667,121,6,121,1.04959,0.480159,756,242,39.2778
data/selected-PB25/PB24/normalized-PB15eval/DEC-LIN/ProofComplexity-Extracted-Cardinality-Constraints/ProofComplexity/normalized-fixed-bandwidth-46.cnf.gz-plain.pb.metafix.fzn,3,3,1,0,0,0,0,0,0,0,0,0,0,602.286,602.286,3,3,1,3,3,1,380,0,2.05405,1140,1140,380,0,0,0,0,0,380,185,0,0,0,0,0,1,1,0,0,0,0,0,0,0,0,0,0,0,0,0,0,0,0,0,0,1,0,0,0,0,0,0,0,0,6.16216,2,0.327628,0,0,0,0,0.305111,0,0,0,483.898,185,12,2,0.333333,0,2,0.166667,185,6,185,1.03243,0.486842,1140,370,60.6111
data/selected-PB25/PB24/normalized-PB15eval/DEC-LIN/ProofComplexity-Extracted-Cardinality-Constraints/ProofComplexity/normalized-tseitin-regular-n48-d3-i1-f.cnf.gz-plain.pb.metafix.fzn,3,3,1,0,0,0,0,0,0,0,-8.88178e-16,-8.88178e-16,-8.88178e-16,304.313,304.313,3,3,1,3,3,1,192,0,2.66667,576,576,192,0,0,0,0,0,192,72,0,0,0,0,0,1,1,0,0,0,0,0,0,0,0,0,0,0,0,0,0,0,0,0,0,1,0,0,0,0,0,0,0,0,8,2,0.25,0,0,0,0,0,0,0,0,216,72,8,2,0.25,0,2,0.25,72,24,72,1.33333,0.375,576,144,18
data/selected-PB25/PB24/normalized-PB15eval/DEC-LIN/ProofComplexity-Extracted-Cardinality-Constraints/ProofComplexity/normalized-tseitin-regular-n134-d3-i3-f.cnf.gz-plain.pb.metafix.fzn,3,3,1,0,0,0,0,0,0,0,0,0,0,849.54,849.54,3,3,1,3,3,1,536,0,2.66667,1608,1608,536,0,0,0,0,0,536,201,0,0,0,0,0,1,1,0,0,0,0,0,0,0,0,0,0,0,0,0,0,0,0,0,0,1,0,0,0,0,0,0,0,0,8,2,0.25,0,0,0,0,0,0,0,0,603,201,8,2,0.25,0,2,0.25,201,24,201,1.1194,0.375,1608,402,50.25
data/selected-PB25/PB24/normalized-PB15eval/DEC-LIN/ProofComplexity-Extracted-Cardinality-Constraints/ProofComplexity/normalized-tseitin-regular-n232-d3-i1-f.cnf.gz-plain.pb.metafix.fzn,3,3,1,0,0,0,0,0,0,0,0,0,0,1470.85,1470.85,3,3,1,3,3,1,928,0,2.66667,2784,2784,928,0,0,0,0,0,928,348,0,0,0,0,0,1,1,0,0,0,0,0,0,0,0,0,0,0,0,0,0,0,0,0,0,1,0,0,0,0,0,0,0,0,8,2,0.25,0,0,0,0,0,0,0,0,1044,348,8,2,0.25,0,2,0.25,348,24,348,1.06897,0.375,2784,696,87
data/selected-PB25/PB24/normalized-PB15eval/DEC-LIN/ProofComplexity-Extracted-Cardinality-Constraints/ProofComplexity/normalized-pmg-14-UNSAT.shuffled-as.sat05-3942.cnf.gz-plain.pb.metafix.fzn,2.99896,2.99896,1,0,0,0,0,0,0,0,0.011811,0.011811,0,3045.13,3045.13,3,3,1,2,2,1,1922,0,3.33102,5766,5764,1922,0,0,0,0,0,1922,577,0,0,0,0,0,1,1,0,0,0,0,0,0,0,0,0,0,0,0,0,0,0,0,0,0,1,0,0,0,0,0,0,0,0,9.9896,2,0.200297,0,0,0,0,0.0333193,0,0,0,1915.72,577,10,2,0.285714,0,2,0.2,577,28,577,1.04853,0.300208,5764,1154,115.571
data/selected-PB25/PB24/normalized-PB15eval/DEC-LIN/ProofComplexity-Extracted-Cardinality-Constraints/ProofComplexity/normalized-tseitin-regular-n34-d3-i2-r2.cnf.gz-plain.pb.metafix.fzn,3,3,1,0,0,0,0,0,0,0,0,0,0,215.555,215.555,3,3,1,3,3,1,136,0,2.66667,408,408,136,0,0,0,0,0,136,51,0,0,0,0,0,1,1,0,0,0,0,0,0,0,0,0,0,0,0,0,0,0,0,0,0,1,0,0,0,0,0,0,0,0,8,2,0.25,0,0,0,0,0,0,0,0,153,51,8,2,0.25,0,2,0.25,51,24,51,1.47059,0.375,408,102,12.75
data/selected-PB25/PB24/normalized-PB15eval/DEC-LIN/ProofComplexity-Extracted-Cardinality-Constraints/ProofComplexity/normalized-tseitin-regular-n258-d3-i1-r2.cnf.gz-plain.pb.metafix.fzn,3,3,1,0,0,0,0,0,0,0,0,0,0,1635.68,1635.68,3,3,1,3,3,1,1032,0,2.66667,3096,3096,1032,0,0,0,0,0,1032,387,0,0,0,0,0,1,1,0,0,0,0,0,0,0,0,0,0,0,0,0,0,0,0,0,0,1,0,0,0,0,0,0,0,0,8,2,0.25,0,0,0,0,0,0,0,0,1161,387,8,2,0.25,0,2,0.25,387,24,387,1.06202,0.375,3096,774,96.75
data/selected-PB25/PB24/normalized-PB15eval/DEC-LIN/ProofComplexity-Extracted-Cardinality-Constraints/ProofComplexity/normalized-tseitin-regular-n184-d3-i1-r2.cnf.gz-plain.pb.metafix.fzn,3,3,1,0,0,0,0,0,0,0,0,0,0,1166.53,1166.53,3,3,1,3,3,1,736,0,2.66667,2208,2208,736,0,0,0,0,0,736,276,0,0,0,0,0,1,1,0,0,0,0,0,0,0,0,0,0,0,0,0,0,0,0,0,0,1,0,0,0,0,0,0,0,0,8,2,0.25,0,0,0,0,0,0,0,0,828,276,8,2,0.25,0,2,0.25,276,24,276,1.08696,0.375,2208,552,69
data/selected-PB25/PB24/normalized-PB15eval/DEC-LIN/ProofComplexity-Extracted-Cardinality-Constraints/ProofComplexity/normalized-tseitin-regular-n32-d3-i1-r2.cnf.gz-plain.pb.metafix.fzn,3,3,1,0,0,0,0,0,0,0,0,0,0,202.875,202.875,3,3,1,3,3,1,128,0,2.66667,384,384,128,0,0,0,0,0,128,48,0,0,0,0,0,1,1,0,0,0,0,0,0,0,0,0,0,0,0,0,0,0,0,0,0,1,0,0,0,0,0,0,0,0,8,2,0.25,0,0,0,0,-8.88178e-16,-8.88178e-16,-8.88178e-16,0,144,48,8,2,0.25,0,2,0.25,48,24,48,1.5,0.375,384,96,12
data/selected-PB25/PB24/normalized-PB15eval/DEC-LIN/ProofComplexity-Extracted-Cardinality-Constraints/ProofComplexity/normalized-subsetCardinalitySigma-41-3.cnf.gz-extracted.pb.metafix.fzn,4.02454,4.02454,1,0,0,0,0,0,0,0,0.166223,0.166223,8.88178e-16,327.288,327.288,5,5,1,4,4,1,163,0,0.987879,489,656,163,0,0,0,0,0,163,165,0,0,0,0,0,1,1,0,0,0,0,0,0,0,0,0,0,0,0,0,0,0,0,0,0,1,0,0,0,0,0,0,0,0,3.97576,2,0.50404,0,0,0,0,0.16464,0,0,0,328.34,165,4,2,0.666667,0,2,0.5,165,18,165,1.10909,1.01227,656,330,83.1667
data/selected-PB25/PB24/normalized-PB15eval/DEC-LIN/ProofComplexity-Extracted-Cardinality-Constraints/ProofComplexity/normalized-tseitin-regular-n182-d3-i1-r2.cnf.gz-plain.pb.metafix.fzn,3,3,1,0,0,0,0,0,0,0,0,0,0,1153.85,1153.85,3,3,1,3,3,1,728,0,2.66667,2184,2184,728,0,0,0,0,0,728,273,0,0,0,0,0,1,1,0,0,0,0,0,0,0,0,0,0,0,0,0,0,0,0,0,0,1,0,0,0,0,0,0,0,0,8,2,0.25,0,0,0,0,0,0,0,0,819,273,8,2,0.25,0,2,0.25,273,24,273,1.08791,0.375,2184,546,68.25
data/selected-PB25/PB24/normalized-PB15eval/DEC-LIN/ProofComplexity-Extracted-Cardinality-Constraints/ProofComplexity/normalized-tseitin-regular-n230-d3-i1-r2.cnf.gz-plain.pb.metafix.fzn,3,3,1,0,0,0,0,0,0,0,0,0,0,1458.17,1458.17,3,3,1,3,3,1,920,0,2.66667,2760,2760,920,0,0,0,0,0,920,345,0,0,0,0,0,1,1,0,0,0,0,0,0,0,0,0,0,0,0,0,0,0,0,0,0,1,0,0,0,0,0,0,0,0,8,2,0.25,0,0,0,0,0,0,0,0,1035,345,8,2,0.25,0,2,0.25,345,24,345,1.06957,0.375,2760,690,86.25
data/selected-PB25/PB24/normalized-PB15eval/DEC-LIN/ProofComplexity-Extracted-Cardinality-Constraints/ProofComplexity/normalized-regular-n17-d4-i3.cnf.gz-extracted.pb.metafix.fzn,4.05882,4.05882,1,0,0,0,0,0,0,0,0.322757,0.322757,0,137.288,137.288,5,5,1,4,4,1,68,0,0.985507,204,276,68,0,0,0,0,0,68,69,0,0,0,0,0,1,1,0,0,0,0,0,0,0,0,0,0,0,0,0,0,0,0,0,0,1,0,0,0,0,0,0,0,0,4,2,0.5,0,0,0,0,0,0,0,0,138,69,4,2,0.5,0,2,0.5,69,18,69,1.26087,1.01471,276,138,34.5
data/selected-PB25/PB24/normalized-PB15eval/DEC-LIN/ProofComplexity-Extracted-Cardinality-Constraints/ProofComplexity/normalized-tseitin-regular-n98-d3-i3-r1.cnf.gz-plain.pb.metafix.fzn,3,3,1,0,0,0,0,0,0,0,0,0,0,621.305,621.305,3,3,1,3,3,1,392,0,2.66667,1176,1176,392,0,0,0,0,0,392,147,0,0,0,0,0,1,1,0,0,0,0,0,0,0,0,0,0,0,0,0,0,0,0,0,0,1,0,0,0,0,0,0,0,0,8,2,0.25,0,0,0,0,-8.88178e-16,-8.88178e-16,-8.88178e-16,0,441,147,8,2,0.25,0,2,0.25,147,24,147,1.16327,0.375,1176,294,36.75
data/selected-PB25/PB24/normalized-PB15eval/DEC-LIN/3COL-FromCNF/normalized-3col-almost3reg-l090-r089-n1.cnf-plain.pb.metafix.fzn,2.10634,2.10634,1,0,0,0,0,0,0,0,0.488779,0.488779,0,16081.8,16081.8,3,3,1,2,2,1,15140,0,3.13458,45420,31890,15140,0,0,0,0,0,15140,4830,0,0,0,0,0,1,1,0,0,0,0,0,0,0,0,0,0,0,0,0,0,0,0,0,0,1,0,0,0,0,0,0,0,0,6.60248,2,0.322244,1.19258,0,0,0,0.781358,0,0,0,12786.3,4830,193,2,0.333333,0,2,0.0103627,4830,12,4830,1.00248,0.319022,31890,9660,1556.44
data/selected-PB25/PB24/normalized-PB15eval/DEC-LIN/3COL-FromCNF/normalized-3col-left3reg-l030-r029-n1.cnf-extracted.pb.metafix.fzn,2.66798,2.66798,1,0,0,0,0,0,0,0,0.916975,0.916975,0,7753.4,7753.4,3,3,1,2,2,1,5575,0,2.36429,16725,14874,5575,0,0,0,0,0,5575,2358,0,0,0,0,0,1,1,0,0,0,0,0,0,0,0,0,0,0,0,0,0,0,0,0,0,1,0,0,0,0,0,0,0,0,6.30789,2,0.344644,0.896791,0,0,0,1.53282,0,0,0,6050.01,2358,112,2,0.4,0,2,0.0178571,2358,10,2358,1.00424,0.42296,14874,4716,812.671
data/selected-PB25/PB24/normalized-PB15eval/DEC-LIN/3COL-FromCNF/normalized-3col-almost3reg-l060-r059-n1.cnf-plain.pb.metafix.fzn,2.10659,2.10659,1,0,0,0,0,0,0,0,0.489556,0.489556,0,10923.1,10923.1,3,3,1,2,2,1,10282,0,3.12713,30846,21660,10282,0,0,0,0,0,10282,3288,0,0,0,0,0,1,1,0,0,0,0,0,0,0,0,0,0,0,0,0,0,0,0,0,0,1,0,0,0,0,0,0,0,0,6.58759,2,0.322531,0.971998,0,0,0,0.75732,0,0,0,8705.33,3288,132,2,0.333333,0,2,0.0151515,3288,7,3288,1.00213,0.319782,21660,6576,1060.48
data/selected-PB25/PB24/normalized-PB15eval/DEC-LIN/3COL-FromCNF/normalized-3col-left3reg-l040-r039-n1.cnf-plain.pb.metafix.fzn,2.1051,2.1051,1,0,0,0,0,0,0,0,0.484954,0.484954,0,11927.8,11927.8,3,3,1,2,2,1,11237,0,3.17161,33711,23655,11237,0,0,0,0,0,11237,3543,0,0,0,0,0,1,1,0,0,0,0,0,0,0,0,0,0,0,0,0,0,0,0,0,0,1,0,0,0,0,0,0,0,0,6.67655,2,0.322693,1.05909,0,0,0,0.766102,0,0,0,9397.37,3543,179,2,0.333333,0,2,0.0111732,3543,7,3543,1.00198,0.315298,23655,7086,1143.3
data/selected-PB25/PB24/normalized-PB15eval/DEC-LIN/3COL-FromCNF/normalized-3col-almost3reg-l050-r049-n1.cnf-extracted.pb.metafix.fzn,2.67157,2.67157,1,0,0,0,0,0,0,0,0.91331,0.91331,-1.77636e-15,8893.32,8893.32,3,3,1,2,2,1,6385,0,2.34398,19155,17058,6385,0,0,0,0,0,6385,2724,0,0,0,0,0,1,1,0,0,0,0,0,0,0,0,0,0,0,0,0,0,0,0,0,0,1,0,0,0,0,0,0,0,0,6.26211,2,0.343901,0.944742,0,0,0,1.53582,0,0,0,6984.1,2724,110,2,0.4,0,2,0.0181818,2724,14,2724,1.00514,0.426625,17058,5448,936.786
data/selected-PB25/PB24/normalized-PB15eval/OPT-LIN/minlplib2-pb-0.1.0/opb/normalized-graphpart_2pm-0088-0888.lin.fzn,3.45858,3.46769,1.00002,0,0,0,3.81396,3.8797,0,0,0.0133782,0.0133782,0,1327.28,1327.31,385,392.589,1.01971,3,3,1,833,0,1.44367,2499,2888.59,833.02,0,0,0,0,0,833,577,0,0,0,0,0,1,1,0,0,0,0,0,0,0,0,1,0.200278,0.00120048,-1.41176,385,144.532,385,24.0373,0,0,2,0,0,0,0,0,0,0,0,4.99307,2.66378,1.18486,0.566471,5.97121,13.4773,1,0.935099,0.0183949,0.935099,0,1217.25,584.589,9,385,385,0,2,0.222222,576,9,577,1.01386,0.692677,2881,1537,683.667
data/selected-PB25/PB24/normalized-PB15eval/OPT-LIN/minlplib2-pb-0.1.0/opb/normalized-sporttournament26.lin.fzn,3.68054,3.68763,1.00001,0,0,0,6.52643,6.58687,0,0,0.00939045,0.00939045,0,1987.77,1987.78,853,861.847,1.01037,3,3,1,1249,0,1.31474,3747,4605.85,1249.01,0,0,0,0,0,1249,950,0,0,0,0,0,1,1,0,0,0,0,0,0,0,0,1,0.206657,0.000800641,-1.45099,921,310.376,921,30.8072,0,0,2,0,0,0,0,0,0,0,0,4.83895,2.96737,1.49185,0.546762,10.0423,19.9972,1,1.37582,0.0119302,0.92785,0,1979.19,958.847,9,921,921,0,2,0.222222,949,6,950,1.00526,0.760608,4597,2819,1417.26
data/selected-PB25/PB24/normalized-PB15eval/OPT-LIN/minlplib2-pb-0.1.0/opb/normalized-edgecross14-019.lin.fzn,3.13051,3.1351,1.00002,0,0,0,1.72022,1.77594,0,0,0.00699081,0.00699081,-1.77636e-15,2775.2,2775.25,231,239.022,1.03473,3,3,1,1747,0,5.32622,5241,5477.02,1747.03,0,0,0,0,0,1747,328,0,0,0,0,0,1,1,0,0,0,0,0,0,0,0,1,0.0599744,0.00057241,-1.23145,520,145.281,520,18.0894,0,0,2,0,0,0,0,0,0,0,0,16.6738,3.57927,1.92118,0.76335,7.97599,14.9053,1,2.4394,0.0298721,1.0176,0,1098.17,336.022,53,520,520,0,2,0.0377358,327,16,328,1.04573,0.18775,5469,1174,630.146
data/selected-PB25/PB24/normalized-PB15eval/OPT-LIN/minlplib2-pb-0.1.0/opb/normalized-sporttournament18.lin.fzn,3.67071,3.68409,1.00003,0,0,0,4.38429,4.45191,0,0,0.0183949,0.0183949,0,921.546,921.574,390,397.718,1.01979,3,3,1,577,0,1.30543,1731,2125.72,577.02,0,0,0,0,0,577,442,0,0,0,0,0,1,1,0,0,0,0,0,0,0,0,1,0.208687,0.0017331,-1.54802,421,142.81,421,21.0079,0,0,2,0,0,0,0,0,0,0,0,4.79186,2.94796,1.47496,0.511178,6.75034,13.5427,1,1.45113,0.0231425,0.943819,0,916.76,449.718,9,421,421,0,2,0.222222,441,6,442,1.01131,0.766031,2118,1303,651.933
data/selected-PB25/PB24/normalized-PB15eval/OPT-LIN/minlplib2-pb-0.1.0/opb/normalized-graphpart_clique-40.lin.fzn,3.49523,3.49819,1,0,0,0,9.73174,9.78216,0,0,0.00289079,0.00289079,0,7492.22,7492.22,2341,2354.96,1.00597,3,3,1,4721,0,1.91833,14163,16515,4721.01,0,0,0,0,0,4721,2461,0,0,0,0,0,1,1,0,0,0,0,0,0,0,0,1,0.149142,0.00021182,-0.34914,31981,2132.88,31981,49.5984,0,0,2,0,0,0,0,0,0,0,0,6.705,14.9943,13.6302,2.43701,42.9827,47.2863,1,0.286243,0.00516352,0.286243,2340,4465.27,2474.96,79,31981,31981,0,2,0.0253165,4800,15,2461,1.95652,0.521288,16501,36901,33544
data/selected-PB25/PB24/normalized-PB15eval/OPT-LIN/minlplib2-pb-0.1.0/opb/normalized-graphpart_2pm-0055-0055.lin.fzn,3.45399,3.47312,1.00013,0,0,0,2.35208,2.44313,0,0,0.0300282,0.0300282,0,522.351,522.41,151,157.238,1.04131,3,3,1,326,0,1.44248,978,1132.24,326.041,0,0,0,0,0,326,226,0,0,0,0,0,1,1,0,0,0,0,0,0,0,0,1,0.20071,0.00306748,-1.40796,151,56.782,151,15.0617,0,0,2,0,0,0,0,0,0,0,0,4.9823,2.65929,1.18437,0.567695,3.70356,8.40101,1,0.955205,0.040972,0.955205,0,475.489,232.238,9,151,151,0,2,0.222222,225,9,226,1.0354,0.693252,1126,601,267.667
data/selected-PB25/PB24/normalized-PB15eval/OPT-LIN/pbfvmc-formulae/hw32/normalized-hw32-vm25p-opt.opb.negationfix.fzn,48.308,48.3234,1.00047,0,0,0,0.594937,0.594748,0,0,0.835069,0.835069,0,1419.32,1419.49,99,99,1.12256,32,32,1,263,0,0.0829915,789,12709,263.123,0,0,0,0,0,263,3169,0,0,0,0,0,1,1,0,0,0,0,0,0,0,0,1,0.249429,0.00380228,0,33,16.4197,33,0,0,0,2,0,0,0,0,0,0,0,0,4.00915,2.00978,0.509246,0,0,0,1,0.0855614,0.00412505,0.0855614,7524,6346.3,3173.04,5,33,33,0,2,0.4,10692,821,3169,3.63301,12.0494,12705,6369,1613.8
data/selected-PB25/PB24/normalized-PB15eval/OPT-LIN/dt-problems/normalized-lo_8x8_000.opb.metafix.fzn,7,7.1168,1.00191,0,0,0,1.22057,1.30306,0,0,2.72304,2.72304,0,106.637,106.751,61,66.0224,1.08233,2,2,1,43,0,0.704918,129,306.022,43.0823,0,0,0,0,0,43,61,0,0,0,0,0,1,1,0,0,0,0,0,0,0,0,1,0.202658,0.0232558,0,65,21.4324,65,7.80714,0,0,2,0,0,0,0,0,0,0,0,4.93443,3.03279,1.45902,0,2.61715,5.61019,1,0.120681,0.120681,0.120681,0,139.316,66.0224,5,65,65,0,2,0.4,60,39,61,1.62295,1.4186,301,185,89
data/selected-PB25/PB24/normalized-PB15eval/OPT-LIN/dt-problems/normalized-lo_16x16_009.opb.metafix.fzn,13.8571,13.9341,1.0003,0,0,0,1.84973,1.8906,0,0,3.5207,3.5207,0,303.828,303.867,253,260.006,1.02769,2,2,1,91,0,0.359684,273,1268.01,91.0277,0,0,0,0,0,91,253,0,0,0,0,0,1,1,0,0,0,0,0,0,0,0,1,0.200634,0.010989,0,257,85.4415,257,15.9056,0,0,2,0,0,0,0,0,0,0,0,4.98419,3.00791,1.41423,0,5.30892,11.3797,1,0.0372444,0.0372444,0.0372444,708,585.126,260.006,5,257,257,0,2,0.4,960,139,253,4.34387,2.78022,1261,761,357.8
data/selected-PB25/PB24/normalized-PB15eval/OPT-LIN/dt-problems/normalized-lo_10x10_002.opb.metafix.fzn,8.74545,8.84833,1.00106,0,0,0,1.4051,1.47354,0,0,2.99555,2.99555,0,151.627,151.709,97,102.658,1.05833,2,2,1,55,0,0.56701,165,486.658,55.0583,0,0,0,0,0,55,97,0,0,0,0,0,1,1,0,0,0,0,0,0,0,0,1,0.201663,0.0181818,0,101,33.4369,101,9.8473,0,0,2,0,0,0,0,0,0,0,0,4.95876,3.02062,1.43711,0,3.29399,7.062,1,0.0828366,0.0828366,0.0828366,0,222.905,102.658,5,101,101,0,2,0.4,96,58,97,1.58763,1.76364,481,293,139.4
data/selected-PB25/PB24/normalized-PB15eval/OPT-LIN/dt-problems/normalized-lo_12x12_000.opb.metafix.fzn,10.4627,10.5549,1.00065,0,0,0,1.56759,1.62173,0,0,3.20552,3.20552,0,199.772,199.834,141,147.18,1.04383,2,2,1,67,0,0.475177,201,707.18,67.0438,0,0,0,0,0,67,141,0,0,0,0,0,1,1,0,0,0,0,0,0,0,0,1,0.201141,0.0149254,0,145,48.1059,145,11.8735,0,0,2,0,0,0,0,0,0,0,0,4.97163,3.01418,1.42553,0,3.96733,8.50515,1,0.0608306,0.0608306,0.0608306,284,325.07,147.18,5,145,145,0,2,0.4,424,81,141,3.58156,2.10448,701,425,201
data/selected-PB25/PB24/normalized-PB15eval/OPT-LIN/dt-problems/normalized-lo_6x6_004.opb.metafix.fzn,5.19355,5.32934,1.00411,0,0,0,1.0005,1.1101,0,0,2.33422,2.33422,0,65.3517,65.5249,33,37.2095,1.12756,2,2,1,31,0,0.939394,93,165.209,31.1276,0,0,0,0,0,31,33,0,0,0,0,0,1,1,0,0,0,0,0,0,0,0,1,0.204969,0.0322581,0,37,12.0891,37,5.7368,0,0,2,0,0,0,0,0,0,0,0,4.87879,3.06061,1.50909,0,1.93298,4.13825,1,0.195909,0.195909,0.195909,0,74.3017,37.2095,5,37,37,0,2,0.4,32,24,33,1.69697,1.06452,161,101,49.8
data/selected-PB25/PB24/normalized-PB15eval/OPT-LIN/dt-problems/normalized-lo_10x10_004.opb.metafix.fzn,8.74545,8.84833,1.00106,0,0,0,1.4051,1.47354,0,0,2.99555,2.99555,0,151.627,151.709,97,102.658,1.05833,2,2,1,55,0,0.56701,165,486.658,55.0583,0,0,0,0,0,55,97,0,0,0,0,0,1,1,0,0,0,0,0,0,0,0,1,0.201663,0.0181818,0,101,33.4369,101,9.8473,0,0,2,0,0,0,0,0,0,0,0,4.95876,3.02062,1.43711,0,3.29399,7.062,1,0.0828366,0.0828366,0.0828366,0,222.905,102.658,5,101,101,0,2,0.4,96,58,97,1.58763,1.76364,481,293,139.4
data/selected-PB25/PB24/normalized-PB15eval/OPT-LIN/dt-problems/normalized-lo_8x8_005.opb.metafix.fzn,7,7.1168,1.00191,0,0,0,1.22057,1.30306,0,0,2.72304,2.72304,0,106.637,106.751,61,66.0224,1.08233,2,2,1,43,0,0.704918,129,306.022,43.0823,0,0,0,0,0,43,61,0,0,0,0,0,1,1,0,0,0,0,0,0,0,0,1,0.202658,0.0232558,0,65,21.4324,65,7.80714,0,0,2,0,0,0,0,0,0,0,0,4.93443,3.03279,1.45902,0,2.61715,5.61019,1,0.120681,0.120681,0.120681,0,139.316,66.0224,5,65,65,0,2,0.4,60,39,61,1.62295,1.4186,301,185,89
data/selected-PB25/PB24/normalized-PB15eval/OPT-LIN/dt-problems/normalized-lo_6x6_000.opb.metafix.fzn,5.19355,5.32934,1.00411,0,0,0,1.0005,1.1101,0,0,2.33422,2.33422,0,65.3517,65.5249,33,37.2095,1.12756,2,2,1,31,0,0.939394,93,165.209,31.1276,0,0,0,0,0,31,33,0,0,0,0,0,1,1,0,0,0,0,0,0,0,0,1,0.204969,0.0322581,0,37,12.0891,37,5.7368,0,0,2,0,0,0,0,0,0,0,0,4.87879,3.06061,1.50909,0,1.93298,4.13825,1,0.195909,0.195909,0.195909,0,74.3017,37.2095,5,37,37,0,2,0.4,32,24,33,1.69697,1.06452,161,101,49.8
data/selected-PB25/PB24/normalized-PB15eval/OPT-LIN/dt-problems/normalized-lo_10x10_008.opb.metafix.fzn,8.74545,8.84833,1.00106,0,0,0,1.4051,1.47354,0,0,2.99555,2.99555,0,151.627,151.709,97,102.658,1.05833,2,2,1,55,0,0.56701,165,486.658,55.0583,0,0,0,0,0,55,97,0,0,0,0,0,1,1,0,0,0,0,0,0,0,0,1,0.201663,0.0181818,0,101,33.4369,101,9.8473,0,0,2,0,0,0,0,0,0,0,0,4.95876,3.02062,1.43711,0,3.29399,7.062,1,0.0828366,0.0828366,0.0828366,0,222.905,102.658,5,101,101,0,2,0.4,96,58,97,1.58763,1.76364,481,293,139.4
data/selected-PB25/PB24/normalized-PB15eval/OPT-LIN/dt-problems/normalized-lo_14x14_007.opb.metafix.fzn,12.1646,12.2484,1.00043,0,0,0,1.71454,1.76244,0,0,3.37646,3.37646,0,250.622,250.671,193,199.622,1.03431,2,2,1,79,0,0.409326,237,967.622,79.0343,0,0,0,0,0,79,193,0,0,0,0,0,1,1,0,0,0,0,0,0,0,0,1,0.200832,0.0126582,0,197,65.4406,197,13.8919,0,0,2,0,0,0,0,0,0,0,0,4.97927,3.01036,1.41865,0,4.63872,9.94375,1,0.0467949,0.0467949,0.0467949,480,445.81,199.622,5,197,197,0,2,0.4,672,108,193,4.04145,2.44304,961,581,273.8
data/selected-PB25/PB24/normalized-PB10/OPT-NLC/oren/keeloq_tasca_instances/normalized-90_rounds_15_errors.fzn,3.59062,3.5917,1.00001,0,0,0,1.18159,1.18124,0,0,0.621802,0.621802,0,9979.77,9979.82,183,189.516,1.0356,2,2,1,6031,0,0.974628,18093,21661.5,6031.04,0,0,0,0,0,6031,6188,0,0,0,0,0,1,1,0,0,0,0,0,0,0,0,1,0.285754,0.00016581,-0.390359,183,90.1811,183,80.9326,0,0,2,0,0,0,0,0,0,0,0,3.49952,2.02925,0.939574,1.82972,1.10192,2.37988,5672,1.14226,0.00226856,0.402657,8896,7862.24,6194.52,55,183,183,0,2,0.0363636,3743,155,6188,0.629929,1.02603,21655,12557,5814.08
data/selected-PB25/PB24/normalized-PB10/OPT-NLC/oren/keeloq_tasca_instances/normalized-90_rounds_5_errors.fzn,3.59062,3.5917,1.00001,0,0,0,1.18159,1.18124,0,0,0.621802,0.621802,0,9979.77,9979.82,183,189.516,1.0356,2,2,1,6031,0,0.974628,18093,21661.5,6031.04,0,0,0,0,0,6031,6188,0,0,0,0,0,1,1,0,0,0,0,0,0,0,0,1,0.285754,0.00016581,-0.390359,183,90.1811,183,80.9326,0,0,2,0,0,0,0,0,0,0,0,3.49952,2.02925,0.939574,1.82972,1.10192,2.37988,5672,1.14226,0.00226856,0.402657,8896,7862.24,6194.52,55,183,183,0,2,0.0363636,3743,155,6188,0.629929,1.02603,21655,12557,5814.08
data/selected-PB25/PB24/normalized-PB10/OPT-NLC/oren/keeloq_tasca_instances/normalized-90_rounds_0_errors.fzn,3.59062,3.5917,1.00001,0,0,0,1.18159,1.18124,0,0,0.621802,0.621802,0,9979.77,9979.82,183,189.516,1.0356,2,2,1,6031,0,0.974628,18093,21661.5,6031.04,0,0,0,0,0,6031,6188,0,0,0,0,0,1,1,0,0,0,0,0,0,0,0,1,0.285754,0.00016581,-0.390359,183,90.1811,183,80.9326,0,0,2,0,0,0,0,0,0,0,0,3.49952,2.02925,0.939574,1.82972,1.10192,2.37988,5672,1.14226,0.00226856,0.402657,8896,7862.24,6194.52,55,183,183,0,2,0.0363636,3743,155,6188,0.629929,1.02603,21655,12557,5814.08
data/selected-PB25/PB24/normalized-PB10/OPT-NLC/oren/keeloq_tasca_instances/normalized-90_rounds_10_errors.fzn,3.59062,3.5917,1.00001,0,0,0,1.18159,1.18124,0,0,0.621802,0.621802,0,9979.77,9979.82,183,189.516,1.0356,2,2,1,6031,0,0.974628,18093,21661.5,6031.04,0,0,0,0,0,6031,6188,0,0,0,0,0,1,1,0,0,0,0,0,0,0,0,1,0.285754,0.00016581,-0.390359,183,90.1811,183,80.9326,0,0,2,0,0,0,0,0,0,0,0,3.49952,2.02925,0.939574,1.82972,1.10192,2.37988,5672,1.14226,0.00226856,0.402657,8896,7862.24,6194.52,55,183,183,0,2,0.0363636,3743,155,6188,0.629929,1.02603,21655,12557,5814.08
data/selected-PB25/PB24/normalized-PB10/DEC-LIN/leberre/opb-paranoid/misc2010/datasets/caixa/normalized-1096.cudf.paranoid.fzn,0,0,0,0,0,0,0,0,0,0,0,0,0,0,0,0,0,0,0,0,0,0,0,0,0,0,0,0,0,0,0,0,0,0,0,0,0,0,0,0,0,0,0,0,0,0,0,0,0,0,0,0,0,0,0,0,0,0,0,1,0,0,0,0,0,0,0,0,0,0,0,0,0,0,0,0,0,0,0,0,0,0,0,0,0,0,0,0,0,0,0,0,0,0,0
data/selected-PB25/PB24/normalized-PB10/DEC-LIN/oliveras/j30/normalized-j3013_3-sat.fzn,2.80304,2.80304,1,0,0,0,1.23584,1.23584,0,0,0.986714,0.986714,0,8658.55,8658.55,28,28,1,2,2,1,7179,0,2.79883,21537,20123,7179,0,0,0,0,0,7179,2565,0,0,0,0,0,1,1,0,0,0,0,0,0,0,0,0,0,0,0,0,0,0,0,0,0,1,0,0,0,0,0,0,0,0,7.84522,2,0.269323,0.285023,0,0,0,2.3981,0,0.096791,0,7515.71,2565,32,2,1,0,2,0.0625,2565,2229,2565,1.86901,0.357292,20123,5130,690.813
data/selected-PB25/PB24/normalized-PB10/DEC-LIN/oliveras/j30/normalized-j3022_10-unsat.fzn,2.40573,2.40573,1,0,0,0,0.415674,0.415674,0,0,1.03396,1.03396,0,1760.63,1760.63,13,13,1,2,2,1,1501,0,2.34165,4503,3611,1501,0,0,0,0,0,1501,641,0,0,0,0,0,1,1,0,0,0,0,0,0,0,0,0,0,0,0,0,0,0,0,0,0,1,0,0,0,0,0,0,0,0,5.63339,2,0.396418,0.307462,0,0,0,2.77052,0,0.93497,0,1548.89,641,10,2,1,0,2,0.2,641,2787,641,5.34789,0.427049,3611,1282,254.104
data/selected-PB25/PB24/normalized-PB10/OPT-LIN/leberre/opb-trendy/misc2010/datasets/caixa/normalized-1098.cudf.trendy.fzn,2.42556,2.45919,1.00029,0,0,0,1.74914,2.07346,0,0,0.836307,0.836307,0,823.718,823.989,116,139.943,1.20641,2,2,1,712,0,3.06897,2136,1750.94,712.206,0,0,0,0,0,712,232,0,0,0,0,0,1,1,0,0,0,0,0,0,0,0,1,0.134337,0.00140449,-0.606197,3.22586e+07,231.997,3.22586e+07,0,0,0,2,0,0,0,0,0,0,0,0,7.44397,139047,139046,1.42802,0,0,1,3.19118,0.0400757,1.01073,15,557.516,255.943,94,3.22586e+07,3.22586e+07,0,2,0.0212766,246,782,232,4.43103,0.325843,1727,3.2259e+07,3.22587e+07
data/selected-PB25/PB24/normalized-PB10/OPT-LIN/leberre/opb-trendy/misc2010/datasets/caixa/normalized-1021.cudf.trendy.fzn,0,0,0,0,0,0,0,0,0,0,0,0,0,0,0,0,0,0,0,0,0,0,0,0,0,0,0,0,1,0,0,0,0,0,0,0,0,0,0,0,0,0,0,0,0,0,0,0,0,0,0,0,0,0,0,0,0,0,0,1,0,0,0,0,0,0,0,0,0,0,0,0,0,0,0,0,0,0,0,0,0,0,0,0,0,0,0,0,0,0,0,0,0,0,0
data/selected-PB25/PB24/normalized-PB10/OPT-LIN/leberre/opb-trendy/misc2010/datasets/caixa/normalized-121.cudf.trendy.fzn,0,0,0,0,0,0,0,0,0,0,0,0,0,0,0,0,0,0,0,0,0,0,0,0,0,0,0,0,1,0,0,0,0,0,0,0,0,0,0,0,0,0,0,0,0,0,0,0,0,0,0,0,0,0,0,0,0,0,0,1,0,0,0,0,0,0,0,0,0,0,0,0,0,0,0,0,0,0,0,0,0,0,0,0,0,0,0,0,0,0,0,0,0,0,0
data/selected-PB25/PB24/normalized-PB10/OPT-LIN/leberre/opb-trendy/misc2010/datasets/caixa/normalized-990.cudf.trendy.fzn,2.32494,2.33182,1.00002,0,0,0,3.07167,3.23774,0,0,0.740494,0.740494,0,4004.73,4004.81,429,453.61,1.05737,2,2,1,3573,0,4.17895,10719,8331.61,3573.06,0,0,0,0,0,3573,855,0,0,0,0,0,1,1,0,0,0,0,0,0,0,0,1,0.102925,0.000279877,-0.560272,5.12025e+07,854.971,5.12025e+07,0,0,0,2,0,0,0,0,0,0,0,0,9.71579,59887.9,59886.3,1.60114,0,0,1,3.65887,0.0130779,1.00734,15,2229.07,879.61,297,5.12025e+07,5.12025e+07,0,2,0.00673401,869,353,855,1.42924,0.239295,8307,5.12042e+07,5.12028e+07
data/selected-PB25/PB24/normalized-PB10/OPT-LIN/leberre/opb-trendy/misc2010/datasets/caixa/normalized-1077.cudf.trendy.fzn,0,0,0,0,0,0,0,0,0,0,0,0,0,0,0,0,0,0,0,0,0,0,0,0,0,0,0,0,1,0,0,0,0,0,0,0,0,0,0,0,0,0,0,0,0,0,0,0,0,0,0,0,0,0,0,0,0,0,0,1,0,0,0,0,0,0,0,0,0,0,0,0,0,0,0,0,0,0,0,0,0,0,0,0,0,0,0,0,0,0,0,0,0,0,0
data/selected-PB25/PB24/normalized-PB09/OPT-LIN/aries-da_nrp/normalized-aries-da_network_20_2__17_12.fzn,6.61905,7.55878,1.02292,0,0,0,1.19915,1.59854,0,0,2.65868,2.65868,0,48.4197,48.9866,41,60.7344,1.48133,2,2,1,21,0,0.355932,63,158.734,21.4813,0,0,0,0,0,21,59,0,0,0,0,0,1,1,0,0,0,0,0,0,0,0,1,0.42446,0.047619,0,1.74456e+06,58.9961,1.74456e+06,0,0,0,2,0,0,0,0,0,0,0,0,2.35593,29570.8,29569.9,0,0,0,1,0.90658,0.12395,1.00238,40,63.3985,78.7344,3,1.74456e+06,1.74456e+06,0,2,0.666667,98,40,59,2.33898,2.80952,139,1.74468e+06,1.74463e+06
data/selected-PB25/PB24/normalized-PB09/OPT-LIN/aries-da_nrp/normalized-aries-da_network_50_2__8_45.fzn,6.84314,7.2486,1.00401,0,0,0,1.97143,2.25425,0,0,2.76623,2.76623,0,115.345,115.614,101,121.679,1.20474,2,2,1,51,0,0.342282,153,369.679,51.2047,0,0,0,0,0,51,149,0,0,0,0,0,1,1,0,0,0,0,0,0,0,0,1,0.426934,0.0196078,0,3.35654e+06,148.987,3.35654e+06,0,0,0,2,0,0,0,0,0,0,0,0,2.34228,22529.1,22528.2,0,0,0,1,0.913756,0.0581007,0.961022,100,158.496,169.679,3,3.35654e+06,3.35654e+06,0,2,0.666667,248,63,149,2.08725,2.92157,349,3.35683e+06,3.3567e+06
data/selected-PB25/PB24/normalized-PB09/OPT-LIN/featureSubscription/normalized-50-250-false-45-90-4-5000opt.fzn,2.98363,2.98374,1,0,0,0,0,0,0,0,0.133041,0.133041,0,99717.4,99717.5,136,143.313,1.05377,2,2,1,63343,0,31.2651,190029,188999,63343.1,0,0,0,0,0,63343,2026,0,0,0,0,0,1,1,0,0,0,0,0,0,0,0,1,0.01072,1.57871e-05,-3.64782,318,147.497,318,45.1206,0,0,2,0,0,0,0,0,0,0,0,93.2833,2.15597,0.183338,0.271198,3.24679,38.1808,1,5.08368,0.00613364,0.00613364,0,13056.4,2033.31,118,318,318,0,2,0.0169492,2025,13,2026,1.00592,0.0319846,188992,4368,371.443
data/selected-PB25/PB24/normalized-PB09/OPT-LIN/featureSubscription/normalized-50-750-false-45-90-4-3000opt.fzn,2.9659,2.96614,1,0,0,0,0,0,0,0,0.235805,0.235805,1.77636e-15,47515.1,47515.1,136,143.414,1.05451,2,2,1,30407,0,15.0084,91221,90191.4,30407.1,0,0,0,0,0,30407,2026,0,0,0,0,0,1,1,0,0,0,0,0,0,0,0,1,0.0224652,3.28872e-05,-2.40262,341,157.337,341,45.2784,0,0,2,0,0,0,0,0,0,0,0,44.5133,2.16732,0.223596,0.406862,3.45279,33.7655,1,5.66328,0.00613364,0.00613364,0,10806.4,2033.41,83,341,341,0,2,0.0240964,2025,15,2026,1.00691,0.0666294,90184,4391,453.005
data/selected-PB25/PB24/normalized-PB09/OPT-LIN/featureSubscription/normalized-50-250-false-45-90-4-2000opt.fzn,2.98323,2.98334,1,0,0,0,0,0,0,0,0.135643,0.135643,0,97306.6,97306.7,136,143.353,1.05407,2,2,1,61822,0,30.5143,185466,184436,61822.1,0,0,0,0,0,61822,2026,0,0,0,0,0,1,1,0,0,0,0,0,0,0,0,1,0.0109853,1.61755e-05,-3.54223,327,151.36,327,45.0471,0,0,2,0,0,0,0,0,0,0,0,91.0311,2.16041,0.188355,0.279207,3.33783,38.2847,1,5.22991,0.00613364,0.00613364,0,12979.7,2033.35,117,327,327,0,2,0.017094,2025,13,2026,1.00592,0.0327715,184429,4377,381.607
data/selected-PB25/PB24/normalized-PB09/OPT-LIN/featureSubscription/normalized-50-250-false-45-90-4-1000opt.fzn,2.98354,2.98366,1,0,0,0,0,0,0,0,0.133627,0.133627,0,99165.8,99165.9,136,143.358,1.0541,2,2,1,62995,0,31.0933,188985,187955,62995.1,0,0,0,0,0,62995,2026,0,0,0,0,0,1,1,0,0,0,0,0,0,0,0,1,0.0107796,1.58743e-05,-3.60499,328,151.788,328,45.1858,0,0,2,0,0,0,0,0,0,0,0,92.768,2.16091,0.188455,0.274403,3.33707,38.6304,1,5.19935,0.00613364,0.00613364,0,13037.2,2033.36,121,328,328,0,2,0.0165289,2025,13,2026,1.00592,0.0321613,187948,4378,381.81
data/selected-PB25/PB24/normalized-PB09/OPT-LIN/featureSubscription/normalized-50-250-false-45-90-4-3000opt.fzn,2.98377,2.98388,1,0,0,0,0,0,0,0,0.132151,0.132151,0,100565,100565,136,143.414,1.05451,2,2,1,63878,0,31.5291,191634,190604,63878.1,0,0,0,0,0,63878,2026,0,0,0,0,0,1,1,0,0,0,0,0,0,0,0,1,0.0106298,1.56548e-05,-3.68201,341,157.337,341,45.2784,0,0,2,0,0,0,0,0,0,0,0,94.0755,2.16732,0.194475,0.268704,3.45279,38.8216,1,5.06555,0.00613364,0.00613364,0,13082.9,2033.41,120,341,341,0,2,0.0166667,2025,13,2026,1.00592,0.0317167,190597,4391,394.006
data/selected-PB25/PB24/normalized-PB09/OPT-LIN/featureSubscription/normalized-50-250-false-45-90-4-8000opt.fzn,2.98335,2.98347,1,0,0,0,0,0,0,0,0.134855,0.134855,0,98026.2,98026.3,136,143.418,1.05454,2,2,1,62276,0,30.7384,186828,185798,62276.1,0,0,0,0,0,62276,2026,0,0,0,0,0,1,1,0,0,0,0,0,0,0,0,1,0.0109047,1.60576e-05,-3.57421,342,157.762,342,45.0119,0,0,2,0,0,0,0,0,0,0,0,91.7034,2.16782,0.195551,0.276731,3.48269,38.6081,1,5.18767,0.00613364,0.00613364,0,13003.2,2033.42,119,342,342,0,2,0.0168067,2025,13,2026,1.00592,0.0325326,185791,4392,396.185
data/selected-PB25/PB24/normalized-PB09/OPT-LIN/featureSubscription/normalized-50-250-false-45-90-4-4000opt.fzn,2.98361,2.98372,1,0,0,0,0,0,0,0,0.133195,0.133195,0,99571.6,99571.6,136,143.308,1.05374,2,2,1,63251,0,31.2196,189753,188723,63251.1,0,0,0,0,0,63251,2026,0,0,0,0,0,1,1,0,0,0,0,0,0,0,0,1,0.0107357,1.581e-05,-3.63393,317,147.067,317,45.4439,0,0,2,0,0,0,0,0,0,0,0,93.1471,2.15548,0.182895,0.27223,3.21423,38.2734,1,5.142,0.00613364,0.00613364,0,13051.1,2033.31,118,317,317,0,2,0.0169492,2025,13,2026,1.00592,0.0320311,188716,4367,370.545
data/selected-PB25/PB24/normalized-PB09/OPT-LIN/featureSubscription/normalized-50-750-false-45-90-4-2000opt.fzn,2.96519,2.96544,1,0,0,0,0,0,0,0,0.239509,0.239509,0,46535.5,46535.6,136,143.353,1.05407,2,2,1,29789,0,14.7034,89367,88337.4,29789.1,0,0,0,0,0,29789,2026,0,0,0,0,0,1,1,0,0,0,0,0,0,0,0,1,0.0229367,3.35694e-05,-2.39255,327,151.36,327,45.0471,0,0,2,0,0,0,0,0,0,0,0,43.5982,2.16041,0.217948,0.408377,3.33783,33.0864,1,5.67617,0.00613364,0.00613364,0,10743.4,2033.35,83,327,327,0,2,0.0240964,2025,15,2026,1.00691,0.0680117,88330,4377,441.562
data/selected-PB25/PB24/normalized-PB09/OPT-LIN/featureSubscription/normalized-50-750-false-45-90-4-8000opt.fzn,2.96436,2.96462,1,0,0,0,0,0,0,0,0.243813,0.243813,0,45438.8,45438.8,136,143.418,1.05454,2,2,1,29097,0,14.3618,87291,86261.4,29097.1,0,0,0,0,0,29097,2026,0,0,0,0,0,1,1,0,0,0,0,0,0,0,0,1,0.0234888,3.43678e-05,-2.39229,342,157.762,342,45.0119,0,0,2,0,0,0,0,0,0,0,0,42.5735,2.16782,0.226619,0.408191,3.48269,33.3151,1,5.63112,0.00613364,0.00613364,0,10675.6,2033.42,83,342,342,0,2,0.0240964,2025,13,2026,1.00592,0.0696292,86254,4392,459.13
data/selected-PB25/PB24/normalized-PB09/OPT-LIN/featureSubscription/normalized-50-250-false-45-90-4-6000opt.fzn,2.98331,2.98343,1,0,0,0,0,0,0,0,0.13508,0.13508,1.77636e-15,97820.2,97820.3,136,143.464,1.05488,2,2,1,62146,0,30.6742,186438,185408,62146.1,0,0,0,0,0,62146,2026,0,0,0,0,0,1,1,0,0,0,0,0,0,0,0,1,0.0109277,1.60911e-05,-3.5694,353,162.43,353,45.2915,0,0,2,0,0,0,0,0,0,0,0,91.5109,2.17325,0.201066,0.277098,3.56424,38.8442,1,5.20014,0.00613364,0.00613364,0,12996.6,2033.46,118,353,353,0,2,0.0169492,2025,13,2026,1.00592,0.0326007,185401,4403,407.36
data/selected-PB25/PB24/normalized-PB09/OPT-LIN/flexray/normalized-fx60.fzn,9.32353,9.32406,1.00008,0,0,0,2.34004,2.33991,0,0,0.675825,0.675825,0,5542.74,5543.07,384,384,1.25819,2,2,1,3434,0,1.14658,10302,32018.8,3434.26,0,0,0,0,0,3434,2995,0,0,0,0,0,1,1,0,0,0,0,0,0,0,0,1,0.0935441,0.000291206,-0.392665,7,3.49708,7,0,0,0,2,0,0,0,0,0,0,0,0,10.6902,2.00167,0.386464,2.30847,0,0,1,2.1468,0.00433749,0.965358,25944,8254.36,2996.81,500,7,7,0,2,0.004,28938,1192,2995,10.0601,0.872161,32017,5995,1157.46
data/selected-PB25/PB24/normalized-PB09/OPT-LIN/flexray/normalized-fx57.fzn,9.25859,9.25914,1.00008,0,0,0,2.31651,2.31637,0,0,0.689712,0.689712,0,5353.56,5353.9,384,384,1.25819,2,2,1,3287,0,1.15293,9861,30434.8,3287.26,0,0,0,0,0,3287,2851,0,0,0,0,0,1,1,0,0,0,0,0,0,0,0,1,0.0936812,0.000304229,-0.397956,7,3.49693,7,0,0,0,2,0,0,0,0,0,0,0,0,10.6745,2.00175,0.395882,2.27744,0,0,1,2.13968,0.00453164,0.977551,24648,7775.58,2852.81,476,7,7,0,2,0.00420168,27498,787,2851,9.92108,0.867356,30433,5707,1128.66
data/selected-PB25/PB24/normalized-PB09/OPT-LIN/flexray/normalized-fx75.fzn,8.83076,8.83112,1.00005,0,0,0,2.78074,2.78063,0,0,0.546511,0.546511,-1.77636e-15,8141.87,8142.19,448,448,1.25,2,2,1,5495,0,1.10386,16485,48527,5495.25,0,0,0,0,0,5495,4978,0,0,0,0,0,1,1,0,0,0,0,0,0,0,0,1,0.102586,0.000181984,-0.308131,8,3.99759,8,0,0,0,2,0,0,0,0,0,0,0,0,9.74789,2.00121,0.424476,2.91244,0,0,1,2.18956,0.00275691,1.00249,38458,12916.3,4980,712,8,8,0,2,0.00280899,43435,1066,4978,8.93953,0.905914,48525,9962,2113.04
data/selected-PB25/PB24/normalized-PB09/OPT-LIN/flexray/normalized-fx30.fzn,8.1206,8.12161,1.00025,0,0,0,1.71519,1.71498,0,0,0.980589,0.980589,0,1824.26,1824.58,192,192,1.25,2,2,1,995,0,1.28387,2985,8081,995.25,0,0,0,0,0,995,775,0,0,0,0,0,1,1,0,0,0,0,0,0,0,0,1,0.0959158,0.00100503,-0.486747,4,1.99742,4,0,0,0,2,0,0,0,0,0,0,0,0,10.4258,2.00258,0.428884,1.8574,0,0,1,2.03738,0.0142449,1.01291,6492,2048.4,776,259,4,4,0,2,0.00772201,7266,350,775,9.8271,0.778894,8080,1552,332.385
data/selected-PB25/PB24/normalized-PB09/OPT-LIN/flexray/normalized-fx49.fzn,8.84054,8.84118,1.00011,0,0,0,2.19047,2.19031,0,0,0.740541,0.740541,0,4143.39,4143.73,320,320,1.26416,2,2,1,2496,0,1.17128,7488,22067.6,2496.26,0,0,0,0,0,2496,2131,0,0,0,0,0,1,1,0,0,0,0,0,0,0,0,1,0.0965739,0.000400641,-0.40558,6,2.99719,6,0,0,0,2,0,0,0,0,0,0,0,0,10.3548,2.00188,0.411132,2.22749,0,0,1,2.06387,0.00586564,0.998377,17720,5707.45,2132.58,427,6,6,0,2,0.00468384,19850,531,2131,9.56405,0.853766,22066,4266,876.121
data/selected-PB25/PB24/normalized-PB09/OPT-LIN/flexray/normalized-fx63.fzn,9.24706,9.24756,1.00007,0,0,0,2.39872,2.39859,0,0,0.653889,0.653889,0,5806.52,5806.85,384,384,1.25819,2,2,1,3659,0,1.1374,10977,33836.8,3659.26,0,0,0,0,0,3659,3217,0,0,0,0,0,1,1,0,0,0,0,0,0,0,0,1,0.0950791,0.000273299,-0.374464,7,3.49728,7,0,0,0,2,0,0,0,0,0,0,0,0,10.5176,2.00155,0.390521,2.41658,0,0,1,2.35441,0.00407024,0.984233,27312,8775.32,3218.81,537,7,7,0,2,0.00372439,30528,1309,3217,9.89649,0.879202,33835,6439,1256.31
data/selected-PB25/PB24/normalized-PB11/DEC-LIN/heinz/normalized-neos-820157.fzn,4.09794,4.09794,1,0,0,0,0.976101,0.976101,0,0,1.20645,1.20645,0,1671.38,1671.38,20,20,1,2,2,1,970,0,0.808333,2910,3975,970,0,0,0,0,0,970,1200,0,0,0,0,0,1,1,0,0,0,0,0,0,0,0,0,0,0,0,0,0,0,0,0,0,1,0,0,0,0,0,0,0,0,3.3125,2,1.30208,1.04577,0,0,0,1.36631,0,1.36631,1050,1287.74,1200,12,2,2,0,2,0.166667,2250,68,1200,1.93167,1.23711,3975,2400,1562.5
data/selected-PB25/PB24/normalized-PB11/DEC-LIN/heinz/normalized-neos-849702.fzn,18.5476,18.5476,1,0,0,0,0.304992,0.304992,0,0,2.52789,2.52789,0,4329.9,4329.9,32,32,1,9,9,1,1041,0,0.599309,3123,19308,1041,0,0,0,0,0,1041,1737,0,0,0,0,0,1,1,0,0,0,0,0,0,0,0,0,0,0,0,0,0,0,0,0,0,1,0,0,0,0,0,0,0,0,11.1157,2,0.297798,0.508906,0,0,0,3.47703,0,0.673809,19281,5554.96,1737,20,2,2,0,2,0.1,21018,248,1737,12.2429,1.66859,19308,3474,517.275
data/selected-PB25/PB24/normalized-PB11/DEC-LIN/heinz/normalized-neos-820146.fzn,3.53503,3.53503,1,0,0,0,0.489968,0.489968,0,0,0.389485,0.389485,0,1348.41,1348.41,10,10,1,3,3,1,785,0,1.30833,2355,2775,785,0,0,0,0,0,785,600,0,0,0,0,0,1,1,0,0,0,0,0,0,0,0,0,0,0,0,0,0,0,0,0,0,1,0,0,0,0,0,0,0,0,4.625,2,0.982955,0.837402,0,0,0,1.56128,0,1.56128,0,968.915,600,11,2,2,0,2,0.181818,600,16,600,1.02667,0.764331,2775,1200,589.773
data/selected-PB25/PB24/normalized-PB11/DEC-LIN/lopes/normalized-185.fzn,3.56026,3.56026,1,0,0,0,0.280879,0.280879,0,0,1.65579,1.65579,-1.77636e-15,79919.1,79919.1,42,42,1,2,2,1,46243,0,25.1321,138729,164637,46243,0,0,0,0,0,46243,1840,0,0,0,0,0,1,1,0,0,0,0,0,0,0,0,0,0,0,0,0,0,0,0,0,0,1,0,0,0,0,0,0,0,0,89.4766,2,0.0704408,1.06824,0,0,0,4.95738,0,0.267632,991,10722.9,1840,504,2,0.666667,0,2,0.00396825,2831,446,1840,1.78098,0.0397898,164637,3680,129.611
data/selected-PB25/PB24/normalized-PB11/DEC-LIN/lopes/normalized-188.fzn,3.70412,3.70412,1,0,0,0,0.269969,0.269969,0,0,1.65382,1.65382,0,14344.9,14344.9,17,17,1,2,2,1,8027,0,16.619,24081,29733,8027,0,0,0,0,0,8027,483,0,0,0,0,0,1,1,0,0,0,0,0,0,0,0,0,0,0,0,0,0,0,0,0,0,1,0,0,0,0,0,0,0,0,61.559,2,0.0992923,0.791829,0,0,0,4.67957,0,0.36739,253,2582.91,483,180,2,0.666667,0,2,0.0111111,736,261,483,2.06418,0.0601719,29733,966,47.9582
data/selected-PB25/PB24/normalized-PB11/OPT-LIN/heinz/normalized-hanoi5.fzn,2.71804,2.71902,1,0,0,0,10.4645,10.4994,0,0,1.04542,1.04542,-1.77636e-15,13937.8,13937.8,3001,3011.92,1.00364,2,2,1,11115,0,3.70377,33345,30221.9,11115,0,0,0,0,0,11115,3001,0,0,0,0,0,1,1,0,0,0,0,0,0,0,0,1,0.0993347,8.99685e-05,-1.41602,3863,1175.39,3863,54.7766,0,0,2,0,0,0,0,0,0,0,0,10.067,3.28657,1.55388,0.636052,21.4396,45.3692,1,3.29691,0.00432978,0.479475,0,9299.04,3011.92,30,3863,3863,0,2,0.0666667,3000,900,3001,1.29957,0.269996,30211,9863,4663.19
data/selected-PB25/PB24/normalized-PB11/OPT-LIN/heinz/normalized-opm2-z9-s14.fzn,2.38867,2.38885,1,0,0,0,17.2051,17.214,0,0,0.00147941,0.00147941,0,100781,100781,4355,4355,1.00414,2,2,1,100681,0,23.1079,302043,240512,100681,0,0,0,0,0,100681,4357,0,0,0,0,0,1,1,0,0,0,0,0,0,0,0,1,0.0181169,9.93236e-06,-6.93923,469023,4277.55,469023,66,0,0,2,0,0,0,0,0,0,0,0,55.1972,109.648,107.685,0.141497,64.7961,65.9772,1,1.93577,0.00310573,0.00310573,34836,25130.4,4374.84,63,469023,469023,0,2,0.031746,39192,34848,4357,16.9933,0.0432753,240494,477735,469185
data/selected-PB25/PB24/normalized-PB11/OPT-LIN/heinz/normalized-protfold.fzn,11.1746,11.1774,1.00002,0,0,0,2.50088,2.50185,0,0,2.13555,2.13555,0,6299.49,6299.56,882,882,1.04892,3,3,1,2113,0,1.15087,6339,23617.9,2113.05,0,0,0,0,0,2113,1836,0,0,0,0,0,1,1,0,0,0,0,0,0,0,0,1,0.0777571,0.000473261,-2.06466,121,58.6009,121,44.9533,0,0,2,0,0,0,0,0,0,0,0,12.8606,2.06481,0.261345,0.44668,1.28135,10.1236,1,2.67577,0.00669099,0.355,13665,6473.2,1841.92,22,121,121,0,2,0.0909091,15500,1910,1836,9.48257,0.868907,23612,3791,479.829
data/selected-PB25/PB24/normalized-PB11/OPT-LIN/heinz/normalized-macrophage.fzn,3.49921,3.50225,1,0,0,0,8.02219,8.06592,0,0,0.00412969,0.00412969,0,5025.45,5025.46,1583,1592.63,1.00608,3,3,1,3165,0,1.39982,9495,11084.6,3165.01,0,0,0,0,0,3165,2261,0,0,0,0,0,1,1,0,0,0,0,0,0,0,0,1,0.204153,0.000315956,-0.795732,1583,586.46,1583,47.5399,0,0,2,0,0,0,0,0,0,0,0,4.89828,2.69925,1.26217,1.00014,12.3151,26.3606,1,1.85572,0.00556617,0.751261,1582,4483.68,2270.63,72,1583,1583,0,2,0.0277778,3842,24,2261,1.70986,0.714376,11075,6103,2853.77
data/selected-PB25/PB24/normalized-PB11/OPT-LIN/heinz/normalized-neos-1616732.fzn,2.0995,2.10283,1.00002,0,0,0,2.07616,2.17925,0,0,0.00620406,0.00620406,-1.77636e-15,2006.65,2006.7,201,207.651,1.03309,2,2,1,2000,0,9.95025,6000,4205.65,2000.03,0,0,0,0,0,2000,201,0,0,0,0,0,1,1,0,0,0,0,0,0,0,0,1,0.0478685,0.0005,-4.44766,201,67.223,201,14.1436,0,0,2,0,0,0,0,0,0,0,0,20.8905,2.99005,1.09908,0.214075,4.6822,12.835,1,4.03831,0.0452246,0.0452246,200,872.154,207.651,33,201,201,0,2,0.0606061,400,2,201,2,0.1005,4199,601,220.916
data/selected-PB25/PB24/normalized-PB11/OPT-LIN/heinz/normalized-bnatt350.fzn,4.21038,4.21038,1,0,0,0,0,0,0,0,0.96952,0.96952,0,7286.87,7286.87,8,8,1,2,2,1,3546,0,2,10638,14930,3546,0,0,0,0,0,3546,1773,0,0,0,0,0,1,1,0,0,0,0,0,0,0,0,46,5.46269,0.0129724,3.32157,2,1,0.0434783,0,0,0,2,0,0,0,0,0,0,0,0,8.42076,2,0.432595,1.34355,0,0,0,1.63338,0,0.686037,0,4367.84,1773,84,2,1,0,2,0.0238095,1773,1605,1773,1.90525,0.5,14930,3546,766.991
data/selected-PB25/PB24/normalized-PB11/OPT-LIN/heinz/normalized-neos-538867.fzn,3.88984,3.9011,1.00002,0,0,0,5.00482,5.08816,0,0,0.238745,0.238745,0,1938.85,1938.87,667,680.19,1.01977,3,3,1,1171,0,1.47667,3513,4568.19,1171.02,0,0,0,0,0,1171,793,0,0,0,0,0,1,1,0,0,0,0,0,0,0,0,1,0.174094,0.000853971,-0.707195,18685,731.028,18685,28.1425,0,0,2,0,0,0,0,0,0,0,0,5.74401,25.5599,24.3286,1.16786,25.9404,27.2551,1,1.56257,0.0139634,1.3175,828,1464.22,806.19,31,18685,18685,0,2,0.0645161,1620,48,793,2.1034,0.677199,4555,20269,19292.6
data/selected-PB25/PB24/normalized-PB11/OPT-LIN/kullmann/normalized-sbox_4_shg.fzn,11.3361,11.3619,1.00017,0,0,0,0.841506,0.871291,0,0,3.90657,3.90657,0,805.902,805.961,148,154.209,1.04196,2,2,1,241,0,1.62838,723,2738.21,241.042,0,0,0,0,0,241,148,0,0,0,0,0,1,1,0,0,0,0,0,0,0,0,1,0.0541728,0.00414938,-2.63211,148,49.5566,148,12.1266,0,0,2,0,0,0,0,0,0,0,0,18.4595,2.98649,1.11897,0.359341,4.00412,10.7983,1,1.1104,0.0584275,0.0584275,1825,608.146,154.209,33,148,148,0,2,0.0606061,1972,230,148,14.8784,0.614108,2732,442,165.608
data/selected-PB25/PB25/normalized-PB25/OPT-NLC/sakai/QPLIB-PB-PB25-20250422/instances/normalized-QPLIB_3877.fzn,3.83712,3.84345,1,0,0,0,10.6596,10.7055,0,0,0.73953,0.73953,0,2266.65,2266.65,1609,1618.76,1.00607,2,2,1,1541,0,0.709811,4623,5922.76,1541.01,0,0,0,0,0,1541,2171,0,0,0,0,0,1,1,0,0,0,0,0,0,0,0,1,0.367157,0.000648929,-1.72363,1733,619.52,1733,46.5924,0,0,2,0,0,0,0,0,0,0,0,2.72363,2.79733,1.63227,0.367157,13.2751,22.7669,1541,1.3916,0.00576992,0.572847,1540,2914.38,2180.76,5,1733,1733,0,2,0.4,630,0,2171,0.290189,1.40883,5913,6073,3543.67
data/selected-PB25/PB25/normalized-PB25/OPT-NLC/sakai/QPLIB-PB-PB25-20250422/instances/normalized-QPLIB_5881.fzn,3.0888,12.012,3.54906,0,0,0,11.46,15.0512,0,0,1.00055,6.54568,1.87674,5261.01,12404.3,2244,11456.2,5.10526,2,2.58496,1.29248,4009,0,0.970937,12027,48156.3,14228.2,0,0,0,0,0,4009,4129,0,0,0,0,0,1,1,0,0,0,0,0,0,0,0,1,0.333441,0.000249439,-0.364972,113911,1459.56,113911,64.2404,0,0,2,0,0,0,0,0,0,0,0,2.99903,78.0448,52.3176,1.82633,22.7047,33.8738,4009,0.632856,5.65705,5.66639,4008,4754.48,21509.5,47,113911,113911,0,2,0.0425532,120,0,4129,0.0290627,1.02993,12383,322247,216020
data/selected-PB25/PB25/normalized-PB25/OPT-NLC/sakai/QPLIB-PB-PB25-20250422/instances/normalized-QPLIB_2017.fzn,3.04492,14.2979,4.27824,0,0,0,7.16519,8.39253,0.233741,0,1.07365,7.99643,2.52544,9216.34,23248.9,1750,9208.45,7.54859,2,2,1,7035,0,1,21105,100586,30097.4,0,0,0,0,0,7035,7035,0,0,0,0,0,1,1,0,0,0,0,0,0,0,0,1,0.328416,0.000142146,-0.361494,90943,379.375,90943,81.6989,0,0,2,0,0,0,0,0,0,0,0,3.04492,239.718,125.601,1.8578,4.63134,8.67844,6783,0.512725,7.06624,6.69318,10689,8071.86,46276.2,58,90943,90943,0,2,0.0344828,4159,2233,7035,0.9086,1,21421,1.68641e+06,883604
data/selected-PB25/PB25/normalized-PB25/DEC-LIN/koops/normalized-mat10_8_triangular.fzn,3.77244,3.77244,1,0,0,0,0.37488,0.37488,0,0,2.22275,2.22275,0,46011.8,46011.8,10,10,1,2,2,1,25189,0,8.44135,75567,95024,25189,0,0,0,0,0,25189,2984,0,0,0,0,0,1,1,0,0,0,0,0,0,0,0,0,0,0,0,0,0,0,0,0,0,1,0,0,0,0,0,0,0,0,31.8445,2,0.226282,1.37205,0,0,0,1.81665,0,0,0,11436.8,2984,159,2,0.333333,0,2,0.0125786,2984,176,2984,1.05898,0.118464,95024,5968,675.226
data/selected-PB25/PB25/normalized-PB25/DEC-LIN/koops/normalized-mat12_11_identity_complement.fzn,2.37347,2.37347,1,0,0,0,0,0,0,0,1.02976,1.02976,0,61779.9,61779.9,11,11,1,2,2,1,50832,0,32.0909,152496,120648,50832,0,0,0,0,0,50832,1584,0,0,0,0,0,1,1,0,0,0,0,0,0,0,0,0,0,0,0,0,0,0,0,0,0,1,0,0,0,0,0,0,0,0,76.1667,2,0.0279648,0.355457,0,0,0,0.413817,0,0,132,9812.5,1584,166,2,0.0294118,0,2,0.0120482,1716,35,1584,1.10543,0.0311615,120648,3168,44.2962
data/selected-PB25/PB25/normalized-PB25/DEC-LIN/koops/normalized-mat99_identity_complement.fzn,2.50451,2.50451,1,0,0,0,0,0,0,0,1.14699,1.14699,-1.77636e-15,16724,16724,9,9,1,2,2,1,12969,0,17.7901,38907,32481,12969,0,0,0,0,0,12969,729,0,0,0,0,0,1,1,0,0,0,0,0,0,0,0,0,0,0,0,0,0,0,0,0,0,1,0,0,0,0,0,0,0,0,44.5556,2,0.0490746,0.415667,0,0,0,0.503258,0,0,0,3935.25,729,97,2,0.0526316,0,2,0.0206186,729,33,729,1.04527,0.056211,32481,1458,35.7754
data/selected-PB25/PB25/normalized-PB25/DEC-LIN/koops/normalized-mat10_9identity_complement.fzn,2.45228,2.45228,1,0,0,0,0,0,0,0,1.10929,1.10929,0,25019.9,25019.9,9,9,1,2,2,1,19855,0,22.0611,59565,48690,19855,0,0,0,0,0,19855,900,0,0,0,0,0,1,1,0,0,0,0,0,0,0,0,0,0,0,0,0,0,0,0,0,0,1,0,0,0,0,0,0,0,0,54.1,2,0.0399928,0.393416,0,0,0,0.468996,0,0,0,5118.65,900,118,2,0.0425532,0,2,0.0169492,900,42,900,1.04667,0.0453286,48690,1800,35.9935
data/selected-PB25/PB25/normalized-PB25/DEC-LIN/koops/normalized-mat11_9_triangular.fzn,3.79516,3.79516,1,0,0,0,0.372636,0.372636,0,0,2.24644,2.24644,-1.77636e-15,74941,74941,11,11,1,2,2,1,40924,0,9.22335,122772,155313,40924,0,0,0,0,0,40924,4437,0,0,0,0,0,1,1,0,0,0,0,0,0,0,0,0,0,0,0,0,0,0,0,0,0,1,0,0,0,0,0,0,0,0,35.0041,2,0.23218,1.45445,0,0,0,1.73285,0,0,1980,16993.2,4437,192,2,0.333333,0,2,0.0104167,6417,199,4437,1.4911,0.10842,155313,8874,1030.18
data/selected-PB25/PB25/normalized-PB25/DEC-LIN/koops/normalized-mat11_11_identity_complement.fzn,2.40943,2.40943,1,0,0,0,0,0,0,0,1.06898,1.06898,-1.77636e-15,44123.9,44123.9,11,11,1,2,2,1,35706,0,26.8264,107118,86031,35706,0,0,0,0,0,35706,1331,0,0,0,0,0,1,1,0,0,0,0,0,0,0,0,0,0,0,0,0,0,0,0,0,0,1,0,0,0,0,0,0,0,0,64.6364,2,0.0331874,0.373557,0,0,0,0.439497,0,0,121,7921.68,1331,141,2,0.0350877,0,2,0.0141844,1452,44,1331,1.12397,0.0372766,86031,2662,44.1725
data/selected-PB25/PB25/normalized-PB25/DEC-LIN/koops/normalized-mat15_15_identity_complement.fzn,2.29469,2.29469,1,0,0,0,0,0,0,0,0.921077,0.921077,0,200948,200948,15,15,1,2,2,1,171690,0,50.8711,515070,393975,171690,0,0,0,0,0,171690,3375,0,0,0,0,0,1,1,0,0,0,0,0,0,0,0,0,0,0,0,0,0,0,0,0,0,1,0,0,0,0,0,0,0,0,116.733,2,0.0179725,0.311944,0,0,0,0.353359,1.77636e-15,1.77636e-15,225,23031.8,3375,253,2,0.0186916,0,2,0.00790514,3600,48,3375,1.08089,0.0196575,393975,6750,60.6572
data/selected-PB25/PB25/normalized-PB25/DEC-LIN/koops/normalized-mat11_10_triangular.fzn,3.79567,3.79567,1,0,0,0,0.372586,0.372586,0,0,2.24562,2.24562,0,83256.7,83256.7,11,11,1,2,2,1,45465,0,9.22211,136395,172570,45465,0,0,0,0,0,45465,4930,0,0,0,0,0,1,1,0,0,0,0,0,0,0,0,0,0,0,0,0,0,0,0,0,0,1,0,0,0,0,0,0,0,0,35.0041,2,0.23218,1.45445,0,0,0,1.73285,0,0,2200,18881.4,4930,192,2,0.333333,0,2,0.0104167,7130,200,4930,1.48682,0.108435,172570,9860,1144.65
data/selected-PB25/PB25/normalized-PB25/DEC-LIN/koops/normalized-mat98_identity_complement.fzn,2.50429,2.50429,1,0,0,0,0,0,0,0,1.14779,1.14779,1.77636e-15,14867.4,14867.4,8,8,1,2,2,1,11529,0,17.7917,34587,28872,11529,0,0,0,0,0,11529,648,0,0,0,0,0,1,1,0,0,0,0,0,0,0,0,0,0,0,0,0,0,0,0,0,0,1,0,0,0,0,0,0,0,0,44.5556,2,0.0490746,0.415667,0,0,0,0.503258,0,0,0,3498,648,97,2,0.0526316,0,2,0.0206186,648,32,648,1.04938,0.0562061,28872,1296,31.8003
data/selected-PB25/PB25/normalized-PB25/DEC-LIN/wallon/normalized-FRB-45-21-3-mgd_c18.fzn,2.16447,2.16447,1,0,0,0,1.60044,1.60044,0,0,0.370719,0.370719,0,50120.4,50120.4,195,195,1,2,2,1,47918,0,11.6475,143754,103717,47918,0,0,0,0,0,47918,4114,0,0,0,0,0,1,1,0,0,0,0,0,0,0,0,0,0,0,0,0,0,0,0,0,0,1,0,0,0,0,0,0,0,0,25.2107,2,0.774964,1.73489,0,0,0,2.23822,0,0.777494,5014,9457.76,4114,187,2,1,0,2,0.0106952,9128,2670,4114,2.86777,0.085855,103717,8228,3188.2
data/selected-PB25/PB25/normalized-PB25/DEC-LIN/wallon/normalized-PoolBallTriangle-07_c24.fzn,10.1747,10.1747,1,0,0,0,0.816396,0.816396,0,0,3.03435,3.03435,0,1937.83,1937.83,32,32,1,2,2,1,681,0,0.506696,2043,6929,681,0,0,0,0,0,681,1344,0,0,0,0,0,1,1,0,0,0,0,0,0,0,0,0,0,0,0,0,0,0,0,0,0,1,0,0,0,0,0,0,0,0,5.15551,2,0.526144,0.671923,0,0,0,2.07849,0,0.835116,4270,2829.54,1344,13,2,1,0,2,0.153846,5614,345,1344,4.43378,1.97357,6929,2688,707.138
data/selected-PB25/PB25/normalized-PB25/OPT-LIN/wallon/normalized-Clique-c0125-9_c24.fzn,2.15736,2.16495,1.00006,0,0,0,2.02048,2.11672,0,0,0.0140404,0.0140404,0,793.977,794.044,126,131.977,1.04744,2,2,1,788,0,6.25397,2364,1705.98,788.047,0,0,0,0,0,788,126,0,0,0,0,0,1,1,0,0,0,0,0,0,0,0,1,0.0741176,0.00126904,-3.22544,126,42.2234,126,11.1833,0,0,2,0,0,0,0,0,0,0,0,13.4921,2.98413,1.15929,0.287056,3.68617,9.60548,1,3.86135,0.0667796,0.0667796,0,463.118,131.977,23,126,126,0,2,0.0869565,125,3,126,1.01587,0.159898,1700,376,146.07
data/selected-PB25/PB25/normalized-PB25/OPT-LIN/wallon/normalized-Charlotte-06-2_c24.fzn,3.37482,3.3775,1.00001,0,0,0,1.1087,1.1467,0,0,1.90442,1.90442,0,7887.87,7887.95,217,230.184,1.06076,2,2,1,4933,0,1.30675,14799,16661.2,4933.06,0,0,0,0,0,4933,3775,0,0,0,0,0,1,1,0,0,0,0,0,0,0,0,1,0.226754,0.000202716,-0.656268,18612,2685.79,18612,61.433,0,0,2,0,0,0,0,0,0,0,0,4.41007,6.9298,5.68318,1.17825,43.7028,53.2925,1,2.14364,0.00352974,0.589442,1392,6218.77,3788.18,33,18612,18612,0,2,0.0606061,5166,250,3775,1.4347,0.765254,16648,26160,21454
data/selected-PB25/PB25/normalized-PB25/OPT-LIN/sakai/PB25-bnn-verification-20250419/instances/normalized-bnn_mnist_rot_8_label1_adversarial_norm_2.fzn,363.332,363.351,1.00003,0,0,0,0.873466,0.873492,0,0,2.15163,2.16095,0,8453.52,8453.56,773,794.249,1.02749,9,9,1,1082,0,0.847298,3246,393146,1082.03,0,0,0,0,0,1082,1277,0,0,0,0,0,1,1,0,0,0,0,0,0,0,0,1,0.00324833,0.000924214,-2.50234,4.98449e+06,1276.35,4.98449e+06,0,0,0,2,0,0,0,0,0,0,0,0,307.85,3905.28,3903.3,0.398328,0,0,1,1.73956,0.00920961,0.046153,42994,10241.2,1298.25,401,4.98449e+06,4.98449e+06,0,2,0.00498753,44270,82802,1277,99.5082,1.18022,393125,4.98705e+06,4.98451e+06
data/selected-PB25/PB25/normalized-PB25/OPT-LIN/sakai/PB25-bnn-verification-20250419/instances/normalized-bnn_mnist_back_image_32_label3_adversarial_norm_inf.fzn,197.744,197.747,1.00002,0,0,0,1.50814,1.50812,0,0,2.15922,2.15922,0,9431.56,9431.62,785,785,1.04464,2,2,1,2021,0,1.4025,6063,399648,2021.04,0,0,0,0,0,2021,1441,0,0,0,0,0,1,1,0,0,0,0,0,0,0,0,1,0.00360574,0.000494805,-1.86535,201,94.0088,201,38.271,0,0,2,0,0,0,0,0,0,0,0,277.336,2.1381,0.18701,0.53416,2.43027,28.2953,1,2.38375,0.00828248,0.184106,201000,10769.1,1447.65,401,201,201,0,2,0.00498753,202440,397273,1441,416.178,0.713013,399641,3081,269.481
data/selected-PB25/PB25/normalized-PB25/OPT-LIN/sakai/PB25-bnn-verification-20250419/instances/normalized-bnn_mnist_rot_8_label1_adversarial_norm_0.fzn,363.332,363.34,1.00001,0,0,0,0.873466,0.873477,0,0,2.15163,2.16095,0,8453.52,8453.53,773,781.753,1.01132,9,9,1,1082,0,0.847298,3246,393134,1082.01,0,0,0,0,0,1082,1277,0,0,0,0,0,1,1,0,0,0,0,0,0,0,0,1,0.00324833,0.000924214,-2.50234,863,322.709,863,35.7231,0,0,2,0,0,0,0,0,0,0,0,307.85,2.67424,0.691162,0.398328,9.00563,34.9045,1,1.73956,0.00920961,0.046153,42994,10241.2,1285.75,401,863,863,0,2,0.00498753,44270,82802,1277,99.5082,1.18022,393125,3415,882.614
data/selected-PB25/PB25/normalized-PB25/OPT-LIN/sakai/PB25-bnn-verification-20250419/instances/normalized-bnn_mnist_7_label9_adversarial_norm_inf.fzn,186.419,186.422,1.00002,0,0,0,1.40739,1.40736,0,0,2.1884,2.1884,0,9245.21,9245.27,684,684,1.04484,2,2,1,1925,0,1.43016,5775,358863,1925.04,0,0,0,0,0,1925,1346,0,0,0,0,0,1,1,0,0,0,0,0,0,0,0,1,0.00375081,0.000519481,-1.76489,255,116.547,255,36.8764,0,0,2,0,0,0,0,0,0,0,0,266.609,2.18796,0.253954,0.564481,3.13335,27.2813,1,2.45192,0.00879392,0.324985,43156,9841.99,1352.99,401,255,255,0,2,0.00498753,44501,83207,1346,94.8796,0.699221,358856,2945,341.822
data/selected-PB25/PB25/normalized-PB25/OPT-LIN/sakai/PB25-bnn-verification-20250419/instances/normalized-bnn_mnist_rot_16_label5_adversarial_norm_0.fzn,363.332,363.34,1.00001,0,0,0,0.87347,0.873476,0,0,2.15758,2.1669,0,8453.5,8453.52,773,781.825,1.01142,9,9,1,1082,0,0.847298,3246,393134,1082.01,0,0,0,0,0,1082,1277,0,0,0,0,0,1,1,0,0,0,0,0,0,0,0,1,0.00324833,0.000924214,-2.50234,907,334.848,907,35.7453,0,0,2,0,0,0,0,0,0,0,0,307.85,2.70869,0.725618,0.398328,9.33964,34.946,1,1.73956,0.00920961,0.046153,43004,10241.2,1285.82,401,907,907,0,2,0.00498753,44280,82812,1277,99.5239,1.18022,393125,3459,926.614
data/selected-PB25/PB25/normalized-PB25/OPT-LIN/sakai/PB25-bnn-verification-20250419/instances/normalized-bnn_mnist_back_image_32_label3_adversarial_norm_1.fzn,365.518,365.532,1.00002,0,0,0,0.883744,0.883758,0,0,2.14837,2.15762,0,8502.96,8502.99,785,799.748,1.01879,9,9,1,1090,0,0.843001,3270,398430,1090.02,0,0,0,0,0,1090,1293,0,0,0,0,0,1,1,0,0,0,0,0,0,0,0,1,0.00324536,0.000917431,-2.48937,55048,1235.03,55048,35.9444,0,0,2,0,0,0,0,0,0,0,0,308.132,44.5723,42.5933,0.400404,34.3315,35.928,1,1.73623,0.00910955,0.0744658,200067,10338,1307.75,401,55048,55048,0,2,0.00498753,201359,397268,1293,462.975,1.18624,398415,57632,55073.1
data/selected-PB25/PB25/normalized-PB25/OPT-LIN/sakai/PB25-bnn-verification-20250419/instances/normalized-bnn_mnist_rot_16_label5_adversarial_norm_inf.fzn,195.246,195.249,1.00002,0,0,0,1.50424,1.50421,0,0,2.15702,2.15702,0,9389.3,9389.36,773,773,1.04157,2,2,1,2020,0,1.39889,6060,394403,2020.04,0,0,0,0,0,2020,1444,0,0,0,0,0,1,1,0,0,0,0,0,0,0,0,1,0.00366129,0.00049505,-1.81306,253,116.385,253,38.2506,0,0,2,0,0,0,0,0,0,0,0,273.127,2.17382,0.232088,0.549536,3.01655,28.5808,1,2.36958,0.00826735,0.279118,43171,10670,1450.98,401,253,253,0,2,0.00498753,44614,82818,1444,88.2493,0.714851,394396,3139,335.135
data/selected-PB25/PB25/normalized-PB25/OPT-LIN/sakai/PB25-bnn-verification-20250419/instances/normalized-bnn_mnist_back_image_73_label5_adversarial_norm_inf.fzn,196.881,196.884,1.00002,0,0,0,1.51284,1.5128,0,0,2.15415,2.15415,0,9440.6,9440.66,785,785,1.0434,2,2,1,2030,0,1.4,6090,399675,2030.04,0,0,0,0,0,2030,1450,0,0,0,0,0,1,1,0,0,0,0,0,0,0,0,1,0.00362801,0.000492611,-1.84019,232,107.476,232,38.3069,0,0,2,0,0,0,0,0,0,0,0,275.633,2.15862,0.207938,0.54145,2.77955,29.2528,1,2.38761,0.00823727,0.13788,201055,10795.3,1456.86,401,232,232,0,2,0.00498753,202504,397319,1450,413.671,0.714286,399668,3130,301.51
data/selected-PB25/PB25/normalized-PB25/OPT-LIN/sakai/PB25-bnn-verification-20250419/instances/normalized-bnn_mnist_rot_16_label5_adversarial_norm_1.fzn,363.332,363.345,1.00002,0,0,0,0.87347,0.873485,0,0,2.15758,2.1669,0,8453.5,8453.53,773,787.501,1.01876,9,9,1,1082,0,0.847298,3246,393140,1082.02,0,0,0,0,0,1082,1277,0,0,0,0,0,1,1,0,0,0,0,0,0,0,0,1,0.00324833,0.000924214,-2.50234,46386,1210.41,46386,35.7211,0,0,2,0,0,0,0,0,0,0,0,307.85,38.3226,36.3396,0.398328,33.8569,35.706,1,1.73956,0.00920961,0.046153,43004,10241.2,1291.5,401,46386,46386,0,2,0.00498753,44280,82812,1277,99.5239,1.18022,393125,48938,46405.6
data/selected-PB25/PB25/normalized-PB25/OPT-LIN/sakai/PB25-bnn-verification-20250419/instances/normalized-bnn_mnist_back_image_73_label5_adversarial_norm_1.fzn,365.518,365.532,1.00002,0,0,0,0.883744,0.883758,0,0,2.14757,2.15682,0,8502.91,8502.94,785,799.859,1.01893,9,9,1,1090,0,0.843001,3270,398430,1090.02,0,0,0,0,0,1090,1293,0,0,0,0,0,1,1,0,0,0,0,0,0,0,0,1,0.00324536,0.000917431,-2.48937,59445,1239.14,59445,35.9444,0,0,2,0,0,0,0,0,0,0,0,308.132,47.9729,45.9939,0.400404,34.4459,35.9292,1,1.73623,0.00910955,0.0744658,200113,10338,1307.86,401,59445,59445,0,2,0.00498753,201405,397314,1293,463.046,1.18624,398415,62029,59470.1
data/selected-PB25/PB25/normalized-PB25/DEC-LIN/koops/normalized-mat10_8_triangular.fzn,3.77244,3.77244,1,0,0,0,0.37488,0.37488,0,0,2.22275,2.22275,0,46011.8,46011.8,10,10,1,2,2,1,25189,0,8.44135,75567,95024,25189,0,0,0,0,0,25189,2984,0,0,0,0,0,1,1,0,0,0,0,0,0,0,0,0,0,0,0,0,0,0,0,0,0,1,0,0,0,0,0,0,0,0,31.8445,2,0.226282,1.37205,0,0,0,1.81665,0,0,0,11436.8,2984,159,2,0.333333,0,2,0.0125786,2984,176,2984,1.05898,0.118464,95024,5968,675.226
